Actual,Predicted,Probability_Repeat_Customer
0,0,0.04233715881768671
0,0,0.04449353866804278
0,0,0.04352891871653653
0,0,0.04311156407891577
0,0,0.044982757416988935
0,0,0.044164392327847406
0,0,0.05368730155272839
0,0,0.04396582993310178
0,0,0.044303413669790084
0,0,0.03833585688475433
0,0,0.05367031281102159
0,0,0.039414065080782434
1,0,0.04513387145131785
0,0,0.052372967372246775
0,0,0.04244340649066178
0,0,0.04195243910381619
0,0,0.04357354496878439
0,0,0.04223942955104685
0,0,0.045229454333382386
0,0,0.044489133890288995
0,0,0.06117431050705629
0,0,0.044086210163551715
0,0,0.043052121692735514
0,0,0.039045891975963164
0,0,0.04494328273703401
0,0,0.025875385514980257
0,0,0.0427083471947158
0,0,0.042895998260145
0,0,0.041587813569749936
0,0,0.053166564639400574
0,0,0.0447722959755927
0,0,0.045494596060466214
0,0,0.0457520720977866
0,0,0.042517331643843755
0,0,0.04019238004406472
0,0,0.0448178679495278
0,0,0.0404345334186784
0,0,0.0447288674060952
0,0,0.044170527065933045
0,0,0.041826188841624916
0,0,0.044164284906107215
0,0,0.05833644338900845
0,0,0.04609857854624318
0,0,0.03985350965852437
0,0,0.048097121085909134
0,0,0.04493404592716652
0,0,0.04542461508596838
0,0,0.0453364675010098
0,0,0.044097313185474454
0,0,0.044422070387051635
1,1,0.9999999999999962
1,0,0.04418435422379619
0,0,0.04416679957258506
0,0,0.043352095372831606
0,0,0.04079100289594102
1,0,0.02719192400683891
0,0,0.04246997114129359
0,0,0.04359621342117672
0,0,0.04475038119127107
0,0,0.034975141078898826
0,0,0.044658520021575415
0,0,0.04526377271794203
0,0,0.04190589629285268
0,0,0.04320717809701613
0,0,0.04388195500663907
1,0,0.043742181793063
0,0,0.04438948348959514
0,0,0.03920843879100191
0,0,0.044585413192961235
0,0,0.040293261291349525
0,0,0.04158090441727502
1,0,0.043629001248493775
0,0,0.04304288359345232
0,0,0.04385767555984571
0,0,0.04263360243535742
0,0,0.04343814969173989
0,0,0.044757703024630016
0,0,0.04949563066009624
0,0,0.042538820386963674
0,0,0.037668361650457206
0,0,0.042426867087973344
0,0,0.045258157411296976
0,0,0.05201048981904801
0,0,0.04247490216114072
1,0,0.04374683249523782
0,0,0.044766629963170955
0,0,0.03188110357104791
0,0,0.04380143533410691
0,0,0.04453320411814254
0,0,0.04450018247850815
0,0,0.042544769377597644
0,0,0.044274655099579646
0,0,0.030684730119814412
1,0,0.06475429035656277
0,0,0.044587847885522315
0,0,0.04450824980516504
0,0,0.04313507433119254
0,0,0.04339716679082601
0,0,0.037330478984762785
0,0,0.045178443470067775
0,0,0.043231330026999866
1,1,0.9844532577167415
0,0,0.04476110718127639
0,0,0.044816301416587226
0,0,0.04109193957776327
0,0,0.04364964844305581
1,0,0.03904153501731165
0,0,0.043273436409328354
0,0,0.04382282388497889
0,0,0.04351823833477445
0,0,0.043357052154221476
1,0,0.04220610354941261
0,0,0.04612386263140539
0,0,0.036119119522412806
0,0,0.05398218759805135
0,0,0.03633209461927123
0,0,0.029732541985745275
0,0,0.04401243417996681
0,0,0.042986576974203564
0,0,0.05562185995687491
0,0,0.04445414781501534
0,0,0.04329966920116314
0,0,0.04531069163057543
0,0,0.044018939012252276
0,0,0.04529848577593255
0,0,0.04611282865271211
0,0,0.04544223161846453
0,0,0.04479544136872466
0,0,0.044383193902195764
0,0,0.05138065991419713
0,0,0.07443688536493695
0,0,0.043110634684381775
0,0,0.04747207586566586
0,0,0.04080427185498527
0,0,0.04441746215621745
0,0,0.04401356694943904
0,0,0.06488613252516943
0,0,0.04472039822728934
0,0,0.04385767555984571
0,0,0.045035040320601155
0,0,0.04434428168680734
0,0,0.04975103444209843
0,0,0.04422075173992467
0,0,0.03529815722964964
0,0,0.044994951746649345
0,0,0.050634168872915754
0,0,0.04501662237138128
0,0,0.0434967455731856
0,0,0.04614840127654131
0,0,0.044093323843022905
0,0,0.052541499166079
0,0,0.043286807732964144
0,0,0.04400052987585772
0,0,0.04422075173992467
0,0,0.04486827858670289
0,0,0.05434139555458708
0,0,0.04476101276224432
0,0,0.039483300033878226
0,0,0.04253976105426413
0,0,0.04468561859071687
0,0,0.05060912630696212
0,0,0.04372702735563691
0,0,0.0521818121591122
0,0,0.04473093818635749
0,0,0.04371304496789156
0,0,0.045760984209838866
0,0,0.04569993275038313
0,0,0.045180318100636295
0,0,0.04506650151219636
1,0,0.04345304838099676
0,0,0.04393857511207783
0,0,0.044535032396304526
0,0,0.05436402716597277
0,0,0.04520219358189588
0,0,0.045789581859752126
0,0,0.042085176428724815
0,0,0.04589284911350145
0,0,0.04075420337011726
0,0,0.04429029100378503
0,0,0.04355263026740029
0,0,0.05125850054913735
0,0,0.020068010241674074
0,0,0.043567834851415084
0,0,0.03727402102122966
0,0,0.041564407428534136
0,0,0.04357133569300802
0,0,0.04456339287999921
0,0,0.045090583165793716
0,0,0.04419499904883383
0,0,0.02948748723689206
0,0,0.04487744387115666
0,0,0.045296008464877864
0,0,0.04523074053896645
1,1,0.9851893559581455
0,0,0.04382700843174684
0,0,0.02862969687836039
1,0,0.046099661173256985
1,0,0.04038601856371775
1,1,0.9999999937808719
0,0,0.04471540326969723
0,0,0.04458430204803406
1,0,0.044678702372235764
0,0,0.0459699269618576
0,0,0.04386965534656285
0,0,0.04539710624908424
0,0,0.04458866941752561
0,0,0.045803149336145904
0,0,0.04367463223990455
0,0,0.044470823448658554
0,0,0.044827865537230116
1,0,0.04501798787826138
0,0,0.04476150736694306
0,0,0.04467166101829846
0,0,0.04254694808181111
0,0,0.04575716664500299
1,1,0.9850818821400474
0,0,0.04139717846719486
0,0,0.04179748676063036
0,0,0.045621656584032784
0,0,0.0415023918345871
0,0,0.04354829573052165
0,0,0.05174552493173731
0,0,0.04417716190286152
0,0,0.04466944037509651
0,0,0.044871153992308066
0,0,0.03804476524625369
0,0,0.04393526278137616
0,0,0.05297201051803832
0,0,0.044715638104563325
0,0,0.04518163908583302
0,0,0.044381655451304014
0,0,0.042814054002778094
1,0,0.044944709293924336
0,0,0.044870619212868376
0,0,0.041787519997058244
0,0,0.04300040324460515
0,0,0.03911157414755881
0,0,0.04351767945863535
0,0,0.044455167072577344
0,0,0.04517016592244151
0,0,0.045438277773805914
0,0,0.04586370486434011
0,0,0.04432883794174138
0,0,0.04591057606435862
0,0,0.03585646139057224
0,0,0.04453177210059668
0,0,0.04458286255880698
0,0,0.03435098555300724
0,0,0.04225214564183759
1,0,0.04347250746108574
0,0,0.04482497188475412
0,0,0.04558425221281695
0,0,0.043245058226715774
0,0,0.04396443328224282
0,0,0.044241052167807014
0,0,0.04094419587889013
0,0,0.04422066312422016
0,0,0.044798407163289374
0,0,0.04553447457479825
0,0,0.04526525251368025
0,0,0.04614585467660387
0,0,0.045269238807959473
0,0,0.043660364992289764
0,0,0.042961358228911874
0,0,0.04307665092327096
0,0,0.026714572697955668
0,0,0.04321668265489218
0,0,0.04549966255563878
0,0,0.04269582023575867
0,0,0.04409585945647137
0,0,0.04447356920832949
0,0,0.043034013061741344
0,0,0.04373760445170329
0,0,0.04108863378739734
0,0,0.04438367140908399
0,0,0.05173297735450666
0,0,0.04214080638319911
0,0,0.04358451452684125
0,0,0.044608395883448906
0,0,0.036462835971846935
0,0,0.04470438852021983
0,0,0.04270362226325131
0,0,0.04430765480767269
0,0,0.04613757425652844
0,0,0.04391606592589761
0,0,0.04401356694943904
0,0,0.03981340786117515
0,0,0.04506547946767938
0,0,0.04867957947166034
0,0,0.04422527048149709
0,0,0.04455553560290781
0,0,0.04122793679145246
0,0,0.042918110181734644
0,0,0.04522990009504815
1,0,0.04530277124577728
0,0,0.04377967274667562
0,0,0.04092227359547892
0,0,0.04447625455128523
0,0,0.044470823448658554
0,0,0.061344956607959425
0,0,0.04604988852332471
0,0,0.044830615510852836
0,0,0.05078275361212936
0,0,0.058659306195670925
0,0,0.030219798427904752
0,0,0.04328346889066523
0,0,0.04473699728061729
1,0,0.04053991062831633
0,0,0.04175541314471447
0,0,0.044125434765074995
0,0,0.042830399127578425
0,0,0.04481239708803761
0,0,0.04471300048422535
0,0,0.04250178379898996
0,0,0.04606449038875269
0,0,0.04235574198126032
0,0,0.04263363367356761
0,0,0.04434342924516318
0,0,0.045525284386000994
0,0,0.04538963504426025
0,0,0.045636672901303486
0,0,0.04504632474330118
0,0,0.044029275360066414
0,0,0.03879951179556841
0,0,0.04562798310744886
0,0,0.038915823093480593
0,0,0.04363564129648972
0,0,0.041763977447180765
1,1,1.0
0,0,0.04474871610410121
0,0,0.04201410966807726
0,0,0.04487757536389991
0,0,0.04618553070203738
0,0,0.04330244863913648
0,0,0.04331285157866513
0,0,0.043878570159593365
0,0,0.04160533634759406
0,0,0.044663016708142635
0,0,0.04613106577608514
0,0,0.04342895532358466
0,0,0.04463877779740501
0,0,0.03987266130546878
1,0,0.03847760292589192
0,0,0.045983586637560664
0,0,0.04399635688473965
0,0,0.04287803500143024
0,0,0.04437756611996408
0,0,0.04436082345679991
0,0,0.045144068435484686
0,0,0.045429856286833256
0,0,0.044612769172107256
0,0,0.04046468581776031
0,0,0.04537151997951313
0,0,0.043709269410279084
0,0,0.04423288745367209
0,0,0.044908161127487724
1,1,1.0
0,0,0.04374345358601987
0,0,0.045803149336145904
0,0,0.041119540978273125
0,0,0.03980580989410394
1,1,0.9847272111882269
0,0,0.0448861744186391
0,0,0.042661102353019745
0,0,0.04430705662382925
0,0,0.046025307044117926
0,0,0.04167092035423795
0,0,0.040629263595026305
0,0,0.03859754780539299
0,0,0.044008020771038346
0,0,0.0461473175602657
0,0,0.044468432924610876
0,0,0.044766082802847114
0,0,0.043902700689457036
0,0,0.04503832221140595
0,0,0.04384679247650774
0,0,0.04450018247850815
0,0,0.04118682583334055
0,0,0.04449652777547013
0,0,0.04418599550986155
0,0,0.045181479507899025
0,0,0.03682871371527897
0,0,0.04343735574684958
0,0,0.04426744876025912
0,0,0.040077751495775304
0,0,0.04490726074354269
0,0,0.044733722759583976
0,0,0.042041728478671714
0,0,0.04287346395136113
0,0,0.042721394365587806
0,0,0.042450080077362715
0,0,0.045362594770474454
0,0,0.0391155814458789
1,0,0.04577818445668903
0,0,0.04471358754671718
0,0,0.043646093341619084
0,0,0.04486953040430003
0,0,0.043477080198953307
0,0,0.03936057928712549
1,0,0.04385767555984571
0,0,0.04582335693448608
0,0,0.05208536429640947
0,0,0.042982394617463705
0,0,0.04596148684048816
0,0,0.06221638354114484
0,0,0.045012595520241616
0,0,0.04599978897101183
0,0,0.0451830725770965
0,0,0.034766154638515255
0,0,0.03967483820058073
0,0,0.04617750622648565
0,0,0.04497873454790933
0,0,0.04850746300552158
1,0,0.043117862829347174
0,0,0.045396228381693035
0,0,0.042118854030187246
0,0,0.03902746365666575
0,0,0.04474622676251875
0,0,0.04196803551049648
0,0,0.020109964835226913
1,0,0.0460037864520561
0,0,0.04371977421804719
0,0,0.04428855687215546
0,0,0.0451625167405869
0,0,0.04401520292479007
0,0,0.04182737713696601
0,0,0.04396140764701545
0,0,0.041395625846814346
0,0,0.044672411145376185
0,0,0.04547717101691946
0,0,0.04335994813747882
0,0,0.04826237155391786
0,0,0.04316570620777427
0,0,0.04320422587897636
0,0,0.044663016708142635
0,0,0.03818065950709006
0,0,0.044383193902195764
1,1,0.9999999926737067
0,0,0.044579118190541396
0,0,0.04365531833526886
0,0,0.044902253756797884
0,0,0.039985801948812606
0,0,0.026647668279096648
0,0,0.03910502143103241
0,0,0.044427112285436374
0,0,0.0462123791967774
0,0,0.04470120900866785
0,0,0.04438508102870281
0,0,0.0431877401805112
0,0,0.04202426534986898
0,0,0.04421535288857431
0,0,0.043007126414225286
0,0,0.04321523785687027
0,0,0.04459398333559957
0,0,0.02821063096220695
0,0,0.02797801328022393
0,0,0.044209955201502185
0,0,0.043606566349560956
1,0,0.04608089058448671
0,0,0.03837655369750591
0,0,0.04385767555984571
0,0,0.04539710624908424
0,0,0.045105803715779005
1,0,0.04420484822208088
0,0,0.04445268856115524
0,0,0.05281536405527362
0,0,0.04490699000263807
0,0,0.04264962829702238
0,0,0.04417602511753736
0,0,0.04473732925644307
1,1,1.0
0,0,0.04194257122853587
0,0,0.045453460399866
0,0,0.04311711749703069
0,0,0.03785159966200916
0,0,0.04093899974645063
0,0,0.042562864191883494
0,0,0.044986088902812
0,0,0.04437560019114601
0,0,0.03675185645516601
0,0,0.04108863378739734
0,0,0.043526242893314075
0,0,0.10998109083941422
0,0,0.04235884284206468
0,0,0.04340526011978935
0,0,0.045651008650493145
0,0,0.044688621087388095
0,0,0.044338561320840686
0,0,0.04462062254466366
0,0,0.04366499081294812
0,0,0.03540182779158037
0,0,0.04589585893823952
0,0,0.04264427209791096
0,0,0.04192579485013243
0,0,0.04394015551297563
1,1,1.0
0,0,0.044715561007839244
0,0,0.04435923707929908
0,0,0.04442906583674674
0,0,0.04134605170483568
0,0,0.07747014017203478
0,0,0.03268222910590883
0,0,0.04477613484950462
0,0,0.039179267272056215
0,0,0.04008828319783954
0,0,0.04514791712505464
0,0,0.042907413772250415
0,0,0.04494105401610004
0,0,0.043489613001343554
0,0,0.04391517287032549
0,0,0.04545153035801962
0,0,0.04374626521234387
0,0,0.044520845649926366
0,0,0.04531479492617388
0,0,0.04525164827330161
0,0,0.04383953261515937
0,0,0.07566844154904158
0,0,0.04374626521234387
0,0,0.0450663093849452
0,0,0.043575195569013285
0,0,0.04545153035801962
0,0,0.042986576974203564
0,0,0.04534093079658184
0,0,0.04497540467642464
0,0,0.041886827417159676
0,0,0.04485934114423149
0,0,0.04416223248480381
0,0,0.03536679575364442
0,0,0.04513387145131785
0,0,0.04032523706977842
0,0,0.04304701337406204
0,0,0.04460114591118869
0,0,0.044650480461088306
0,0,0.05273785330886585
1,0,0.04362518498565862
0,0,0.04507315114697317
0,0,0.04337985545151185
0,0,0.043598890688320686
0,0,0.04433948379913657
0,0,0.03404521338854678
0,0,0.045425080794055425
0,0,0.043797079641441986
0,0,0.042505244967244164
0,0,0.04418374315078112
0,0,0.04143251973547389
0,0,0.03943426554881814
0,0,0.04076686522703904
0,0,0.034716226320517615
0,0,0.041412110571420566
0,0,0.045820706948934455
0,0,0.04286415041660312
0,0,0.04460515228154085
0,0,0.04485387987247588
0,0,0.05448043787951304
1,1,0.9999999999999962
0,0,0.04143834439783587
0,0,0.04308522357616444
0,0,0.03852942265384097
0,0,0.03912050420924313
0,0,0.044912174560565024
0,0,0.04263658977173485
0,0,0.044944709293924336
0,0,0.052726425281841946
0,0,0.04385767555984571
0,0,0.044775225123079875
0,0,0.04314928141050066
0,0,0.04180614350270242
1,0,0.043837579736521415
0,0,0.04044451286769205
0,0,0.04521392304502617
0,0,0.045306520134480895
0,0,0.04513019389027106
0,0,0.04486959565943179
0,0,0.04494372581108131
1,0,0.04405700280688067
0,0,0.04166916905877579
0,0,0.04388017692807679
0,0,0.0441981693441374
0,0,0.04418596695942942
0,0,0.045924697500671026
0,0,0.045366935528705604
0,0,0.04483111945209818
0,0,0.04390891226005372
0,0,0.0519220859279852
0,0,0.044634869514463
0,0,0.04244384020457008
0,0,0.04272015252164312
0,0,0.04401356694943904
0,0,0.0441644703383764
0,0,0.04495206827345871
0,0,0.04508153256049804
0,0,0.042138791020579075
0,0,0.04590249469186626
0,0,0.04213028037777637
1,1,1.0
0,0,0.043212845784383606
0,0,0.04472074867870273
0,0,0.04302365924918579
0,0,0.04082004985340377
0,0,0.04460852601214872
0,0,0.03846007854142913
1,0,0.04560032056612222
0,0,0.050122562271862375
0,0,0.043587849213886525
0,0,0.04416444947375831
0,0,0.051571857361770765
0,0,0.0426276686413376
0,0,0.04146954205707126
0,0,0.04166294826861593
0,0,0.023637491448288632
0,0,0.043142329753015136
0,0,0.04241874668207148
0,0,0.04175286200185393
0,0,0.043850550020496405
1,1,0.9853756088830381
0,0,0.04210968833832636
0,0,0.04440555555427745
0,0,0.04118027103821192
0,0,0.052119186427734526
0,0,0.043037599283366944
0,0,0.04574593382090428
0,0,0.04405512898625473
0,0,0.05275302561284727
0,0,0.058619912462314634
0,0,0.04447509416529699
0,0,0.04402252576499938
0,0,0.044329238828992666
0,0,0.04453501617884354
1,1,1.0
0,0,0.04445345895411437
0,0,0.04486919489713503
0,0,0.0438521802144885
0,0,0.044299771472558244
0,0,0.045525284386000994
0,0,0.06179035147584603
0,0,0.04389666895903137
0,0,0.04489068680121132
0,0,0.04599289070236667
0,0,0.0449703853849636
0,0,0.04264962829702238
0,0,0.03859352767314066
0,0,0.04369900994613261
0,0,0.04380224577890396
0,0,0.04397582786755216
0,0,0.04385767555984571
0,0,0.039733466881387736
0,0,0.04446952058349347
0,0,0.04148374936514795
0,0,0.04374626521234387
0,0,0.04513387145131785
0,0,0.046052430082976534
0,0,0.0450775214526803
0,0,0.060147739566785624
0,0,0.044540400066154416
0,0,0.04375420045355698
0,0,0.0434619722008598
0,0,0.04501530906623969
0,0,0.044945435455597614
0,0,0.043400519831977874
1,0,0.04462702129642026
0,0,0.04485387987247588
0,0,0.045037129406496894
0,0,0.04030155028302976
0,0,0.04508732778328095
0,0,0.02973272425894613
0,0,0.04293244372687522
0,0,0.04545164138543686
0,0,0.04562798310744886
1,1,0.9999999999999962
0,0,0.04496672051763763
0,0,0.038257294285112056
0,0,0.04131902437080879
0,0,0.04357853721542842
0,0,0.041881550991200965
0,0,0.03911075034451175
0,0,0.04391728222301431
0,0,0.0512025306672601
0,0,0.04436555614648459
0,0,0.045628066150662436
0,0,0.0453797543440949
0,0,0.04310298654875554
0,0,0.045619262267170654
0,0,0.04279569662228432
0,0,0.04535001416416081
0,0,0.04345961507873941
0,0,0.04512891803448227
0,0,0.04339285827700999
0,0,0.044061374226812236
0,0,0.04443989206648471
0,0,0.045104065254290386
0,0,0.040999521330275866
0,0,0.044667383876438586
0,0,0.043639617469957266
0,0,0.04277888380770809
0,0,0.0440232216091626
0,0,0.04937546478935926
1,1,1.0
0,0,0.04415108413014423
0,0,0.04489401178870185
0,0,0.043803717654256606
0,0,0.043367962340232095
0,0,0.034471992983243424
0,0,0.04420170064306175
0,0,0.043826952641442284
0,0,0.0403573692945321
0,0,0.044479597979968435
0,0,0.043951896501139495
0,0,0.04132091733134158
0,0,0.043173940041849164
0,0,0.04551320578541128
0,0,0.04406065799219077
0,0,0.042633615777182214
0,0,0.040888722169781275
0,0,0.04487626592466246
0,0,0.04522113022659293
0,0,0.043562320290206034
0,0,0.042990866768358664
0,0,0.04331011907036664
0,0,0.0447722959755927
0,0,0.06836574493968225
0,0,0.0452308895435362
0,0,0.025503471225101527
0,0,0.061316973226691225
0,0,0.04488906670765345
0,0,0.04445345895411437
0,0,0.042923511087283386
0,0,0.04265466193592434
0,0,0.04549502575356481
0,0,0.03597567286743544
0,0,0.04614585467660387
0,0,0.042974439286422896
0,0,0.04412199091271401
0,0,0.043357052154221476
1,0,0.04328626754182522
0,0,0.04448341224300818
0,0,0.044465306672914484
0,0,0.038340542003890046
0,0,0.04415899754751856
0,0,0.04897962751206268
0,0,0.04358862125538977
0,0,0.0434116477703438
0,0,0.04529685007891689
0,0,0.043551893437986544
0,0,0.045421949247219276
0,0,0.0415099653198587
0,0,0.045349204120720486
0,0,0.043604509608840374
0,0,0.045183133452584893
0,0,0.042249335864843134
0,0,0.04296558222681265
1,1,0.9835673231268109
0,0,0.04256091114367547
0,0,0.04525197823824341
0,0,0.041151360886320376
0,0,0.053370902439019645
0,0,0.04368015623763635
0,0,0.04567473398638481
0,0,0.04575393110266184
0,0,0.04324815844835169
0,0,0.03528349422837073
0,0,0.041564953109096
0,0,0.05265106575651046
0,0,0.04537008051909618
0,0,0.04475519207589891
0,0,0.04447145626286665
0,0,0.04527267975285173
1,1,0.999999999994396
1,1,0.9999999999999962
0,0,0.044446294613925554
0,0,0.04157595513617099
0,0,0.03271164487998439
1,0,0.04471300048422535
0,0,0.044209955201502185
0,0,0.04265057651790095
1,0,0.044391184530399884
0,0,0.046596653199148366
0,0,0.05340099873710939
0,0,0.043587029927089314
0,0,0.045074957651697056
0,0,0.045086596622683495
0,0,0.042953363032221616
0,0,0.043629553840650204
0,0,0.04323495483653334
0,0,0.043300144100419054
0,0,0.04321302740245575
0,0,0.03219151085884703
0,0,0.038706884422607654
0,0,0.04317527438060049
0,0,0.04383361842985588
0,0,0.0382369121650283
0,0,0.04445727054145614
0,0,0.04493819357155347
0,0,0.04378495648510893
0,0,0.04452116259907688
0,0,0.044111540352193224
1,0,0.06549128995310619
0,0,0.0235555302544026
0,0,0.03924829644209789
0,0,0.055034461090469985
0,0,0.0452580582003932
0,0,0.0405255057006872
0,0,0.041785003420269994
0,0,0.049503175866193315
0,0,0.0451843905451003
0,0,0.034130749558038014
1,0,0.04529685007891689
1,0,0.0444226460263889
0,0,0.043860557780342035
0,0,0.04374854972268831
0,0,0.04504478846293335
0,0,0.04330978973837455
0,0,0.04429841452431588
0,0,0.04878854360759492
0,0,0.044389648857424316
0,0,0.0456033454332386
0,0,0.04333680375384806
0,0,0.043813475680109425
0,0,0.04854302499651508
0,0,0.04375561441232955
0,0,0.04283663313823115
0,0,0.04482278882767991
0,0,0.04562798310744886
0,0,0.044996708057617296
0,0,0.045148076316824916
0,0,0.04515193701921818
0,0,0.04438508102870281
0,0,0.045308973578334466
0,0,0.04169862309077545
0,0,0.04474983728580055
0,0,0.04418908788108137
0,0,0.04054543933132305
0,0,0.04575072165818138
0,0,0.04434531779850979
1,0,0.037858421742088935
0,0,0.04274761378019023
0,0,0.04306777505797364
0,0,0.055709062061397835
0,0,0.04167978421591933
0,0,0.04404039162221134
0,0,0.04188957133351653
0,0,0.045731428093030255
0,0,0.041515032702912624
0,0,0.04591203184839014
0,0,0.04405512898625473
0,0,0.04040155387661794
0,0,0.044380245935425125
0,0,0.044883562618264865
0,0,0.04323481019785862
0,0,0.04491008018934224
0,0,0.029610810717994436
0,0,0.04364481054168623
0,0,0.04385767555984571
0,0,0.04300720811482407
0,0,0.0395504324966997
0,0,0.044588409540929366
0,0,0.04258243451773496
0,0,0.04568751040895709
0,0,0.05233345621351162
0,0,0.04557344622714245
0,0,0.04508153256049804
0,0,0.041018726565407365
0,0,0.04452296083265689
0,0,0.044356183234800665
0,0,0.04350902845439338
0,0,0.04335787551329185
0,0,0.04238159226263144
0,0,0.041251849208163625
0,0,0.04313507433119254
0,0,0.04204661934343733
0,0,0.03547119667324175
0,0,0.044465149980030316
0,0,0.0390110069079443
0,0,0.045198017428478815
0,0,0.04516253805444321
0,0,0.04517927536923411
0,0,0.04524619178440143
0,0,0.05459730749540145
0,0,0.04482930976656903
1,0,0.045296528698104646
0,0,0.045803149336145904
0,0,0.042272506041479106
0,0,0.04390891226005372
0,0,0.04479260162739838
0,0,0.04521321773698557
0,0,0.04382513900311315
0,0,0.04496196437175004
0,0,0.05304455154574954
0,0,0.0432049647395913
0,0,0.042752173384241865
0,0,0.0453797543440949
0,0,0.04339866207813105
0,0,0.05201172030679875
0,0,0.04000816327799148
0,0,0.03434779224312578
0,0,0.044986518747093876
0,0,0.09639456233178764
0,0,0.03668287479616665
0,0,0.04626327310494362
0,0,0.052068048328752434
0,0,0.04385767555984571
0,0,0.04352083795933623
0,0,0.04460852601214872
0,0,0.03977014884902388
0,0,0.04479301094918576
0,0,0.04581660325649845
0,0,0.04486959565943179
0,0,0.04394301845199369
0,0,0.04126827637211691
0,0,0.06146599765202615
1,0,0.0435925829716994
0,0,0.043195947322247366
0,0,0.05291259617686017
0,0,0.04035021951425657
0,0,0.045285415499666304
0,0,0.04201522028272958
0,0,0.04208731539739248
0,0,0.04544512234489205
1,0,0.04469136836250319
0,0,0.04468263064846471
0,0,0.04549320342352455
0,0,0.04219346611223699
0,0,0.03990876747667634
0,0,0.044895436855186745
0,0,0.04442761453959987
0,0,0.0450274208239706
0,0,0.04339755500266338
0,0,0.04381148049100166
0,0,0.04386532748453307
0,0,0.043514969455417975
1,0,0.04548141437380986
0,0,0.0425364126593347
0,0,0.0460037864520561
0,0,0.0444237320073093
0,0,0.04422990883396302
0,0,0.041541051099858596
0,0,0.04461642285111422
0,0,0.031677910812238516
0,0,0.04424463393402264
0,0,0.04256582853232183
0,0,0.04529685007891689
0,0,0.04516276330313898
0,0,0.042794024137739445
0,0,0.0438441187287898
0,0,0.0459422413870827
0,0,0.04465612491038418
0,0,0.04580555771826768
0,0,0.046149430692355546
0,0,0.043324498697026564
0,0,0.04495086491290488
0,0,0.04294737853533297
0,0,0.044227208087760664
0,0,0.044422475804555404
0,0,0.045383041581132606
1,0,0.045132291990448506
0,0,0.045482091272084316
0,0,0.045307386281631154
0,0,0.03496715686530557
0,0,0.03707314140245106
0,0,0.042414310236667266
0,0,0.04348554309595038
0,0,0.043144426169339486
0,0,0.04476951149983166
0,0,0.03945219010922272
0,0,0.04406947683859558
0,0,0.046024564276259436
0,0,0.04294939578086062
0,0,0.044830707680674826
0,0,0.04385767555984571
0,0,0.060484030611484114
0,0,0.04543576849388542
0,0,0.04447356920832949
0,0,0.04136523845944426
0,0,0.04507168687378566
0,0,0.0405368455620171
0,0,0.05151066672965917
0,0,0.042767683988297236
0,0,0.022428262186405885
0,0,0.04510532615541359
0,0,0.044477532125881424
0,0,0.04183190090724883
0,0,0.043077168503441204
1,0,0.045689222592242014
0,0,0.0408739657339363
0,0,0.04144358145896016
0,0,0.045138839062009724
0,0,0.045255624538161274
0,0,0.04465694458210195
0,0,0.046228658239011726
0,0,0.05142587460396828
0,0,0.04474471686455133
0,0,0.05449622028060503
0,0,0.022598220685837864
0,0,0.06335772203734467
0,0,0.04438508102870281
0,0,0.043378020373248144
0,0,0.05224218889370755
0,0,0.04431905149562567
0,0,0.043943492311024505
0,0,0.04304485842614537
0,0,0.044177553741791414
0,0,0.0435101378392307
0,0,0.018464314652556907
0,0,0.04494490263875541
0,0,0.03783441424559667
0,0,0.04265779705488414
0,0,0.04406065799219077
0,0,0.04081289649241193
0,0,0.041471552785324155
0,0,0.04320717809701613
0,0,0.04087137988608259
0,0,0.04408511558804084
0,0,0.04497918528437655
0,0,0.043394048628414485
0,0,0.045267258333348714
0,0,0.04361523952483407
0,0,0.04200621025747807
0,0,0.03867915472400097
0,0,0.044756154995151204
0,0,0.04209913440021325
0,0,0.04450467996790248
0,0,0.041834667898120494
0,0,0.042084245371670596
0,0,0.0448006558882879
1,0,0.04514516269836374
0,0,0.046013633116789125
0,0,0.041018726565407365
0,0,0.04339578440754887
0,0,0.04555554034304362
0,0,0.041181733518396414
0,0,0.04199160568655883
1,0,0.042229759941335716
0,0,0.053031152497041975
0,0,0.042554575409957
1,0,0.04257207741560087
0,0,0.04526343784885866
0,0,0.04621330160041531
0,0,0.04116608792846097
0,0,0.043588936922104485
0,0,0.044140049528781186
1,0,0.0439799888768441
0,0,0.042471213489682066
0,0,0.045241717331849556
0,0,0.04470580784925222
0,0,0.042930840683145684
0,0,0.03985350965852437
0,0,0.03332989683542797
0,0,0.0441296423689851
0,0,0.029544894873466572
0,0,0.044307212988298206
0,0,0.04584512930624131
0,0,0.04401356694943904
0,0,0.0459188316065592
1,0,0.04506062342202326
0,0,0.04457981291667085
0,0,0.05066054161614228
0,0,0.04408442915975568
0,0,0.03890132885331679
0,0,0.04450824980516504
0,0,0.04566093662292068
0,0,0.05377669726351105
0,0,0.036419111850121706
0,0,0.043106764053735626
0,0,0.043364964909388716
0,0,0.03314875090888589
0,0,0.04371621400209536
0,0,0.044479152016699684
0,0,0.04384072830908926
0,0,0.04923714808795177
0,0,0.04490902897324948
0,0,0.04375423221013889
0,0,0.04466001081998231
0,0,0.033931334602647995
0,0,0.03760348655758984
0,0,0.035953629557719594
0,0,0.04369655480872966
0,0,0.04423121922770652
0,0,0.044680780464764605
0,0,0.04385767555984571
0,0,0.04332587620259662
0,0,0.045644429043330326
0,0,0.045070097546458805
0,0,0.04487966227184426
0,0,0.0412189033851855
0,0,0.04466164010591464
0,0,0.04242385499943545
0,0,0.04514352696681176
1,1,0.999999999999996
0,0,0.04420662335862942
0,0,0.042419126272065684
0,0,0.044784163233913064
0,0,0.04478646666482904
0,0,0.043424153952029435
0,0,0.04353343763652537
0,0,0.044734067861767327
0,0,0.04394867405479859
0,0,0.046621921644389615
0,0,0.0774819498805098
0,0,0.0445544105752153
0,0,0.045192774051988543
0,0,0.044982581451729745
0,0,0.043408336945073095
0,0,0.043432298124108044
0,0,0.03885935781000493
0,0,0.04518163908583302
0,0,0.041254302952393025
0,0,0.04585023777734611
0,0,0.0446550818761182
0,0,0.042315665671509246
0,0,0.04004554330444829
0,0,0.040451675868225706
0,0,0.04476556640006078
0,0,0.044389194759367055
0,0,0.04546522220568092
0,0,0.04511780060170676
0,0,0.04265255244878837
0,0,0.037210679079248306
0,0,0.04404578620732482
0,0,0.055084291245145585
0,0,0.04383191705989387
0,0,0.04365615568836959
0,0,0.05187328544472951
0,0,0.04345964689470566
0,0,0.05458601533568868
0,0,0.04329555187812398
0,0,0.04352604448644075
0,0,0.04098465667884299
0,0,0.04298665863136744
0,0,0.03868148717025512
0,0,0.04286384644013565
0,0,0.04380792550806084
0,0,0.04398533651248575
1,1,1.0
0,0,0.04450992602769839
0,0,0.04462301611084194
0,0,0.04473811832107879
0,0,0.04385767555984571
0,0,0.04496498202730307
0,0,0.041346475516288526
0,0,0.04494312423337639
0,0,0.043589621573189866
0,0,0.04209913440021325
0,0,0.04365071938376643
0,0,0.043099573851861785
0,0,0.04536993715579822
0,0,0.031149157166580316
0,0,0.07379715886901003
0,0,0.04324689915091456
0,0,0.0437964325470155
0,0,0.044313010795133
0,0,0.044039231477995065
0,0,0.04326793933902242
0,0,0.05316966411555052
0,0,0.04214678770981502
0,0,0.04025000473642504
0,0,0.04926432720157499
0,0,0.045101946771676976
0,0,0.0427716388562441
0,0,0.0434249183272261
0,0,0.04289461083372473
0,0,0.04379576823253653
0,0,0.053837939706760825
0,0,0.04340427178512736
0,0,0.03760313191920585
0,0,0.04026936788597207
0,0,0.043324498697026564
0,0,0.04281200774247433
0,0,0.045178443470067775
0,0,0.040505687480130295
0,0,0.05244571481507354
0,0,0.04475029462950059
0,0,0.04460358142276409
0,0,0.04458171582075188
0,0,0.04221236706205692
0,0,0.04253746679244313
0,0,0.03892767974021861
0,0,0.04485174711107917
0,0,0.04453722570252501
0,0,0.04450393279562715
0,0,0.053787950080525865
0,0,0.04572981661583781
0,0,0.04390891226005372
0,0,0.0452430369294351
0,0,0.045112611696796256
0,0,0.03975409397236164
0,0,0.053957203196518866
0,0,0.0526693922111455
0,0,0.04321590108069069
0,0,0.040730421770807844
0,0,0.06405422003769742
0,0,0.04382402903331895
0,0,0.04373466539490559
0,0,0.045240927863335466
0,0,0.042752722742157336
0,0,0.042693362050263264
0,0,0.04209084677235896
1,0,0.04308718908700837
0,0,0.044978821530751445
0,0,0.05516754125884975
0,0,0.044671433342279424
0,0,0.04443690523471797
0,0,0.040120483134073646
0,0,0.045650362701703355
0,0,0.04385767555984571
0,0,0.043138405075063
0,0,0.04412558264999381
0,0,0.043891136834722976
0,0,0.04087137988608259
0,0,0.04513944313560185
0,0,0.023698527702587555
0,0,0.04403746456862448
0,0,0.044313010795133
0,0,0.0439060779439644
0,0,0.043314615708912596
0,0,0.04504478846293335
0,0,0.0440121685852712
0,0,0.044785044895075586
0,0,0.042216662180482284
0,0,0.03687846858831287
0,0,0.04580808644049035
0,0,0.042607569509830065
0,0,0.04389251520485299
0,0,0.03855805022520648
0,0,0.04398091262108998
0,0,0.054855859209762256
0,0,0.044874683164484654
0,0,0.045154497635045025
0,0,0.04393971879347733
0,0,0.044103039151607876
0,0,0.04268304627580121
0,0,0.04418908788108137
0,0,0.04319635694526375
0,0,0.04363474902660327
0,0,0.050953283039126517
0,0,0.043886553720119695
1,1,0.9999999999941673
0,0,0.04462702129642026
0,0,0.03748258410359536
0,0,0.044603883034446144
0,0,0.038235072823500936
0,0,0.041444814917273996
0,0,0.041781775103996686
0,0,0.04285790852321155
1,0,0.04213335741255558
0,0,0.04385767555984571
0,0,0.0412963169698205
0,0,0.0401599018991801
0,0,0.05224788682703339
0,0,0.04340624053127087
1,0,0.03529065265596796
0,0,0.04416291454924465
0,0,0.04510205327794964
0,0,0.044101482403483244
0,0,0.04514100661369829
0,0,0.04272072274239056
0,0,0.043330971037395735
0,0,0.04524619178440143
0,0,0.04167497179903584
0,0,0.04420706637636451
0,0,0.04391467051715635
0,0,0.0427767335188515
0,0,0.04461642285111422
0,0,0.043070565250874715
0,0,0.045525284386000994
1,1,1.0
0,0,0.043903061090323034
0,0,0.046013471020142825
0,0,0.041597568486291675
0,0,0.04396296162031652
0,0,0.04528714952027798
0,0,0.04331770159219237
0,0,0.04455553560290781
0,0,0.04489401178870185
0,0,0.04438508102870281
1,0,0.041528756146901116
0,0,0.045024030275671145
0,0,0.04356921974151985
1,1,0.9999999999946816
0,0,0.04578052270284674
1,0,0.04495019274187268
0,0,0.04540402376345153
0,0,0.03923793875682373
0,0,0.045525549738240016
0,0,0.04119484870991089
0,0,0.05556328956235368
0,0,0.04327066171814304
0,0,0.06639450846296191
0,0,0.0445541045322923
0,0,0.04448979948796524
0,0,0.040923955966561336
0,0,0.05318545243668477
0,0,0.04323534166287834
0,0,0.0537804995073649
1,0,0.04379716003617709
0,0,0.03777664944922547
0,0,0.04478646666482904
0,0,0.04482770742151426
0,0,0.04569387997789142
0,0,0.04042653707545355
0,0,0.043957131053246425
0,0,0.04354121816701103
0,0,0.04487678634663407
0,0,0.04401820237025359
0,0,0.0383313279597321
0,0,0.0437608990534044
0,0,0.05168615431975631
0,0,0.04339294101067375
0,0,0.04486719071979685
0,0,0.04265988257086222
0,0,0.05102719910661446
1,1,0.9826965390956172
0,0,0.06178666996286205
0,0,0.04584054030482154
0,0,0.04114694322168561
0,0,0.04611481943862115
0,0,0.04052233752882403
0,0,0.04355263026740029
0,0,0.04385767555984571
0,0,0.043161053853944434
1,0,0.058914526510904806
0,0,0.04467227743564679
0,0,0.038692218811177494
0,0,0.04493925283100754
0,0,0.044033221922690775
0,0,0.04535719816839279
0,0,0.035116887803776045
0,0,0.03742479686990769
0,0,0.04495913579319282
0,0,0.045474236548010666
0,0,0.04399897657955335
0,0,0.04394712277123903
0,0,0.03157760167027542
0,0,0.04515621773696958
0,0,0.04525672137692569
0,0,0.045115236815261785
0,0,0.044663016708142635
0,0,0.04271829129280922
0,0,0.043372379636506586
0,0,0.0374941799905694
0,0,0.027936248890285398
0,0,0.04501627759070706
0,0,0.05112906027770854
0,0,0.04465511173742041
0,0,0.04452313142159701
0,0,0.04152462222436749
0,0,0.04417602511753736
0,0,0.04290418779685809
0,0,0.04280476926082736
0,0,0.044303413669790084
0,0,0.035948710810609935
0,0,0.02133811427860514
0,0,0.04310177416196217
0,0,0.04448514342034853
0,0,0.04479005238517589
0,0,0.045179947363611195
0,0,0.04534121141505368
0,0,0.0436185266371779
0,0,0.04342269432191949
0,0,0.03436061503638597
1,1,1.0
0,0,0.04375171287194026
0,0,0.04552384027987826
0,0,0.04446604001465216
0,0,0.04447773954854642
0,0,0.04312491678498569
1,1,1.0
0,0,0.040449766958019724
0,0,0.03969478303567899
0,0,0.043181279111907105
0,0,0.042567003964780026
0,0,0.043252655608997645
0,0,0.044440043056445194
0,0,0.04458705143234385
0,0,0.056839455237560926
0,0,0.04463718949086013
0,0,0.04283998730815358
0,0,0.0421345209165251
0,0,0.04470580784925222
0,0,0.043023847654899236
0,0,0.045334980658209546
0,0,0.0455705477278217
0,0,0.03842615929117444
0,0,0.044944709293924336
0,0,0.043424780233759105
0,0,0.039512535820410866
0,0,0.043981559904824725
0,0,0.03882194898939059
0,0,0.043768678336853925
0,0,0.0444384780109931
0,0,0.0452038482489567
0,0,0.04299654232702802
0,0,0.044010864382290064
0,0,0.043812208218667326
0,0,0.040701709054338384
0,0,0.04001472701545793
0,0,0.04495595544584337
0,0,0.061186807398133224
0,0,0.06686230159490476
0,0,0.0548604736604621
0,0,0.04300259510683618
0,0,0.04073618892903252
0,0,0.0440990549635014
0,0,0.039192753910452724
0,0,0.04472074867870273
0,0,0.044196120402458794
0,0,0.042489345875971654
0,0,0.044713608658628654
0,0,0.06159207923435236
0,0,0.04422075173992467
0,0,0.04422075173992467
0,0,0.043982084238322436
0,0,0.04302406462017197
0,0,0.04478045465436734
0,0,0.051649757516026996
0,0,0.045395649432501364
0,0,0.04163083405119247
0,0,0.04247213873049474
0,0,0.03663479466599204
0,0,0.043688292803607816
1,0,0.04150848933901555
0,0,0.04375690899826308
1,0,0.0438974509027672
0,0,0.04103306310472519
0,0,0.045228280665848636
0,0,0.04167934605568268
0,0,0.0445541045322923
0,0,0.04422485094495206
1,0,0.0433635703429445
0,0,0.04513085976098501
0,0,0.04241084151407114
0,0,0.045427504745083225
0,0,0.04454642145742303
0,0,0.04339842920670424
0,0,0.04385767555984571
0,0,0.033110868807760895
0,0,0.04504632474330118
0,0,0.04329864446084169
0,0,0.04333446871408157
0,0,0.06802069830859896
0,0,0.04512908801828721
0,0,0.044144850982169206
0,0,0.04367043513930621
0,0,0.04624347690938013
1,0,0.04485188802664791
0,0,0.02763423902967149
0,0,0.0443529535373637
0,0,0.043869463069754165
0,0,0.043395293288490636
0,0,0.04435157793855323
0,0,0.04023056653710447
0,0,0.04321523785687027
1,0,0.1987930343577608
0,0,0.04512225101206836
0,0,0.04360264856793687
0,0,0.04392486244196633
0,0,0.04600216584019627
0,0,0.041228046139684366
0,0,0.04315544301930966
0,0,0.04695360696974719
0,0,0.04482224982019075
0,0,0.043801037797309275
0,0,0.039998784997970396
0,0,0.05884653078124867
0,0,0.04352307080955634
0,0,0.04022723873323764
0,0,0.04586370486434011
0,0,0.04462002535986823
0,0,0.04312728545826481
0,0,0.049212751706631565
0,0,0.04592282239089605
0,0,0.054009669825739265
0,0,0.04379811657649746
0,0,0.042819781763593974
1,0,0.04224616550606799
1,0,0.0514985801628708
0,0,0.04513151038873661
0,0,0.042673378252018224
0,0,0.0438521143623116
1,0,0.04575913307765343
0,0,0.044016137571901384
0,0,0.04100639651661157
0,0,0.043807100668692714
1,1,1.0
0,0,0.04277301523740816
0,0,0.04336791173722036
0,0,0.04438948348959514
0,0,0.03299942977588646
0,0,0.04482478380930666
0,0,0.05728516019104831
0,0,0.0406115181609968
0,0,0.04501931798237741
0,0,0.03746692962571781
0,0,0.044395752958073076
0,0,0.04316746026799326
0,0,0.04189547535738767
0,0,0.04478576886919475
0,0,0.05233074335642784
0,0,0.04432116800345236
0,0,0.04393362629102981
0,0,0.04452135264859203
0,0,0.04523516568410835
0,0,0.045237384128645315
0,0,0.04565260081103227
0,0,0.044936521824933504
0,0,0.04454695255320132
1,1,1.0
0,0,0.045525284386000994
0,0,0.04523047756177531
0,0,0.05311645915136017
0,0,0.043688109279271345
0,0,0.03940868183851575
0,0,0.04563539723049827
0,0,0.04278239428101612
0,0,0.043839860439672085
0,0,0.03291128776742483
0,0,0.040218580645711564
0,0,0.052720385432394885
0,0,0.04517691080388772
0,0,0.039063816617391216
0,0,0.04596884723476178
0,0,0.04283364006715535
0,0,0.04218407584105925
0,0,0.04462531164052443
0,0,0.044016086514072635
0,0,0.0442793362412278
0,0,0.04455481178212316
0,0,0.04229573040273593
0,0,0.044474550402367696
0,0,0.03666383645421644
0,0,0.04502847187271671
0,0,0.04473811832107879
0,0,0.0358613949335918
1,1,0.9853698240682085
0,0,0.06302427585838244
0,0,0.04416098299578352
0,0,0.04337333492588118
0,0,0.042884641473417966
0,0,0.045293283351874616
0,0,0.04560032056612222
0,0,0.04530461258720226
0,0,0.04209655899171103
0,0,0.04341346368068826
0,0,0.04332784637785279
0,0,0.04127347924836027
0,0,0.044503535147149255
0,0,0.04321302740245575
0,0,0.044039231477995065
0,0,0.04379965175339212
0,0,0.04476101276224432
0,0,0.04562798310744886
0,0,0.04478140199362676
0,0,0.0533316544156995
0,0,0.03317580427003437
0,0,0.044828349172261334
0,0,0.044149121379291424
0,0,0.04311148619939897
0,0,0.04458248834550463
0,0,0.041746098580217786
1,0,0.04270697853888024
0,0,0.044670645398794166
0,0,0.04280517285796711
0,0,0.04092227359547892
0,0,0.0433167838129957
0,0,0.04422075173992467
0,0,0.04501598216510447
0,0,0.043477112958969624
0,0,0.04482928860259191
0,0,0.060814574851986374
0,0,0.04468561859071687
0,0,0.04540519064784033
0,0,0.04537462984495215
0,0,0.04526019476108207
0,0,0.045282407893958966
0,0,0.041921203672314285
0,0,0.03926668101924584
1,0,0.04354717439018521
0,0,0.044363697259175015
0,0,0.04280992218337094
0,0,0.023777371717779713
1,0,0.05225532063955437
0,0,0.04584340207624636
1,0,0.04145888713621934
0,0,0.025956798532599797
0,0,0.04445127689427423
0,0,0.04582197918545294
0,0,0.04268294685585512
0,0,0.04580552754332957
0,0,0.04527837976080985
0,0,0.04422998405407455
0,0,0.044425730563587194
0,0,0.06329690439369655
0,0,0.043699909269902776
0,0,0.04405840252988132
0,0,0.04404265446876331
0,0,0.0447945752712559
0,0,0.04177071485529945
0,0,0.0421687438057377
0,0,0.04014641094722575
1,0,0.04502894324129173
0,0,0.044219347097721254
0,0,0.04536263488746641
0,0,0.04385767555984571
0,0,0.04450483699732768
0,0,0.04546102026326884
0,0,0.045213956084581904
0,0,0.04375280721742413
0,0,0.039520855710632824
0,0,0.042745422912936426
0,0,0.025110239562798297
0,0,0.045125764030846734
0,0,0.043380457565859336
0,0,0.04547717101691946
0,0,0.05151979791844716
0,0,0.04396356676613792
0,0,0.04489506492634406
0,0,0.04321579856483204
0,0,0.04500211504808902
0,0,0.04339866207813105
0,0,0.043313552570504024
0,0,0.044749813092029626
0,0,0.04455955130603571
0,0,0.045041020090842536
0,0,0.04382680023222751
0,0,0.04572653712020333
0,0,0.0378602030298679
0,0,0.0506558623249905
0,0,0.04478810034783902
0,0,0.04522466124995891
0,0,0.044671433342279424
0,0,0.040434989040212595
0,0,0.040856199263477756
1,0,0.044126578581155075
0,0,0.042613569970750456
0,0,0.06275331150524589
0,0,0.052594326805640565
0,0,0.04529702349242927
0,0,0.043636446085372115
0,0,0.043094416435273064
0,0,0.044423630144610385
0,0,0.043783733202647515
0,0,0.03798571322676044
0,0,0.03730769865502118
0,0,0.043761773832682795
0,0,0.04373277992109125
0,0,0.08740751369823746
0,0,0.0427014443029685
0,0,0.04529926682359021
0,0,0.04401627135275644
0,0,0.04491776852569465
0,0,0.03958183466568094
0,0,0.045257678314329274
0,0,0.04397968384924126
0,0,0.043373488144694446
0,0,0.04287440416534234
0,0,0.04604870586985188
0,0,0.04427598295056896
0,0,0.0455378799712636
0,0,0.051618649463612845
0,0,0.05401815884025784
0,0,0.04392587159831254
0,0,0.03659392067966288
0,0,0.03858414952726597
0,0,0.04571263367164451
0,0,0.045207782660654054
0,0,0.044668849848664115
0,0,0.04403966054577925
0,0,0.0440048560424217
0,0,0.040715232673508246
0,0,0.10210706959616787
0,0,0.044668270284308656
0,0,0.042876671096394516
0,0,0.04347263906713773
0,0,0.04398889289375174
0,0,0.042693741316165476
0,0,0.044354815107062
0,0,0.04055343151205783
0,0,0.04506196611878361
0,0,0.05478610997873342
0,0,0.014902967532445284
1,0,0.037146369621718335
1,0,0.044539119342770286
0,0,0.05005834018171473
0,0,0.04538251729469321
1,0,0.03616007685375055
1,0,0.044985763593974624
0,0,0.045410206397546324
0,0,0.021712486894645448
0,0,0.041415852716452546
0,0,0.044784342346984904
0,0,0.04470023536975233
0,0,0.050944429729916405
0,0,0.04460561602715241
0,0,0.03993221381790804
0,0,0.04559593835351678
0,0,0.03877092139288538
0,0,0.044455167072577344
0,0,0.04324689915091456
0,0,0.04414486712939799
0,0,0.04439745727050577
0,0,0.04536854263105131
0,0,0.04472623878196741
0,0,0.03706745387447638
0,0,0.042214062171048096
0,0,0.04519060158483232
0,0,0.04504473626811313
0,0,0.04378588673231688
0,0,0.044469845110970824
0,0,0.04330065830285835
0,0,0.04402524679892821
0,0,0.04422075173992467
0,0,0.04560617929394001
0,0,0.04066164729049308
0,0,0.059067080265178144
0,0,0.04462702129642026
0,0,0.0563229974517938
0,0,0.045069196882613544
0,0,0.044668849848664115
0,0,0.041971005051941054
0,0,0.04535620608809905
0,0,0.04544587280738654
0,0,0.04417717806136271
0,0,0.04424923618920938
0,0,0.04363536216689655
1,0,0.044680201366331024
0,0,0.041475887604193774
0,0,0.042884641473417966
0,0,0.04122551668662889
0,0,0.0456397000645137
0,0,0.02266167951368461
0,0,0.044095183350526236
0,0,0.0433638322011665
0,0,0.04212986407211183
0,0,0.05598164801680443
0,0,0.04429900787265476
0,0,0.04487960520444169
0,0,0.045365149296024844
0,0,0.045525549738240016
1,0,0.04506706863984233
0,0,0.04515806323306915
0,0,0.015825178712609196
0,0,0.0529333687469764
0,0,0.04442421358447519
0,0,0.04468838454701491
0,0,0.04367916446011702
0,0,0.04457336419172722
0,0,0.045525284386000994
0,0,0.04062611363549934
0,0,0.04487807939750766
0,0,0.041346475516288526
1,1,0.999999991755747
0,0,0.045525284386000994
0,0,0.042035501696128026
0,0,0.04397733211789417
0,0,0.04504632474330118
1,1,1.0
0,0,0.044398437473145036
0,0,0.043539305196719474
0,0,0.042531782783021554
0,0,0.043613953928796474
1,1,1.0
1,0,0.042407607511286936
0,0,0.04173585210669052
0,0,0.04351970136487559
0,0,0.043736684517375814
0,0,0.03724787675372575
0,0,0.04107511706215516
0,0,0.04427897228634054
0,0,0.04111752697005011
0,0,0.044287295607901234
0,0,0.04295620448597619
0,0,0.04616465887237409
0,0,0.04476751129533492
0,0,0.043248167817053526
0,0,0.04337333492588118
0,0,0.04076487966401147
0,0,0.05306755167009199
0,0,0.042452129445240676
0,0,0.0443492256235138
0,0,0.043673489346566535
0,0,0.03983963430069099
1,1,0.9871914695782353
0,0,0.044766082802847114
0,0,0.03937237778852246
0,0,0.04505753440773538
0,0,0.04192091229749998
0,0,0.04310639706850639
1,1,0.9999872974540287
0,0,0.044668849848664115
0,0,0.04368015623763635
0,0,0.042156002971130035
0,0,0.04532603966446868
0,0,0.042461257458111676
0,0,0.04506706863984233
0,0,0.03978224929726144
0,0,0.035058227574984065
0,0,0.042597847660876806
0,0,0.04462531164052443
0,0,0.044044370754504965
0,0,0.04346020207819444
1,0,0.04320222917302824
1,1,0.9999891297078141
1,1,0.9999891348712943
0,0,0.04365589986913117
0,0,0.04373133098969859
0,0,0.04541427887959208
0,0,0.043019885346372404
0,0,0.044241052167807014
0,0,0.04516615617292031
0,0,0.04476110718127639
0,0,0.04472719831417249
0,0,0.041937735305730736
0,0,0.04422625575389714
0,0,0.04461739026329094
0,0,0.044203127049551386
0,0,0.0441114435386708
0,0,0.045718227888306054
0,0,0.0454544573426593
0,0,0.051496448476655694
0,0,0.04336074992491008
0,0,0.042830399127578425
0,0,0.04610437057682326
0,0,0.04522990009504815
0,0,0.04300720811482407
0,0,0.04170957821448552
0,0,0.04404624440549725
0,0,0.04127101816296721
0,0,0.04482880625499331
0,0,0.04514820856504923
0,0,0.04397790695093105
0,0,0.0355830235773107
0,0,0.04381302747148317
0,0,0.045212521386295425
0,0,0.05190491738304071
0,0,0.043654595023893836
0,0,0.04556356902718049
0,0,0.045962115306584915
0,0,0.04521197729355714
0,0,0.04542355039185944
0,0,0.04396084608874327
0,0,0.04194689071142987
0,0,0.04567778023456065
0,0,0.0431726102241951
0,0,0.045076515914794835
0,0,0.04483577200075695
0,0,0.0420721771208439
0,0,0.04304787446148085
1,0,0.044319787263485934
0,0,0.0436869845032657
0,0,0.04519294144394395
0,0,0.04515765073311177
0,0,0.045287486487620064
0,0,0.039809820655793575
0,0,0.03801236222405601
1,0,0.042094991189183174
0,0,0.04437576516893604
0,0,0.05095206606702759
0,0,0.04472299362193177
0,0,0.04487970088869443
0,0,0.042846466947775025
1,1,1.0
0,0,0.04369654514713487
0,0,0.04417573495112903
1,0,0.0440907828579191
0,0,0.042531782783021554
0,0,0.04545030423230056
0,0,0.04018437079022712
0,0,0.04033914050034336
0,0,0.044389194759367055
0,0,0.045658640666180826
0,0,0.04474119464067685
0,0,0.044741591248238496
0,0,0.038360673719030874
0,0,0.043763164605445166
0,0,0.032841163669544024
0,0,0.04325886126402033
0,0,0.029608058541008894
0,0,0.044048873851810035
1,1,1.0
0,0,0.04466637352007711
0,0,0.04328523214077059
0,0,0.043797032502313205
0,0,0.04574356670235828
0,0,0.049999906958962684
0,0,0.045580128802264155
0,0,0.03825019817664577
1,1,0.9999999999999962
0,0,0.040230868754611154
0,0,0.04257858157945651
0,0,0.042568560037708675
0,0,0.04417717806136271
1,1,0.9837763260512272
0,0,0.04495897723625739
0,0,0.04584683985826655
0,0,0.0443613793450713
0,0,0.045613435256518405
0,0,0.04421490945209576
0,0,0.04519377359743483
0,0,0.051564001317792256
0,0,0.04340010776404004
0,0,0.04590664586257444
0,0,0.041879877859823895
0,0,0.044060931996446076
0,0,0.03729140172613022
0,0,0.05572889289651622
0,0,0.06693107497538085
0,0,0.04454519926995092
0,0,0.04437703668106249
0,0,0.045438277773805914
0,0,0.040114455923471175
0,0,0.04130095882147785
0,0,0.04086005015490117
0,0,0.041521845592277784
0,0,0.04385767555984571
0,0,0.045565233172670534
0,0,0.044671433342279424
0,0,0.04554294294787115
0,0,0.05311916731374954
0,0,0.04217466180775934
0,0,0.040818360580450526
0,0,0.0447828236531527
0,0,0.04210489045614118
0,0,0.042461257458111676
0,0,0.04567929446381293
0,0,0.04590519024110548
0,0,0.04405229574174127
0,0,0.03545095982196093
0,0,0.03977298437007997
0,0,0.04396567746589051
0,0,0.04401667457711287
0,0,0.04178854405363949
0,0,0.04389383238735218
0,0,0.050796579852855045
0,0,0.04492805759384406
0,0,0.04279275918299859
0,0,0.041967563370104086
0,0,0.04461664298679407
0,0,0.039681825256597573
0,0,0.04303151002047421
0,0,0.04236332031572776
0,0,0.07136918242158766
0,0,0.04363692084641888
0,0,0.04234374162570003
0,0,0.04559887419349128
0,0,0.04481120219654895
0,0,0.045726095674483595
0,0,0.04535842155380977
0,0,0.04322314904361554
0,0,0.04366018157991538
0,0,0.04424663950513854
0,0,0.044726067180461175
0,0,0.04449122858929356
0,0,0.04458248834550463
0,0,0.04549176028653875
0,0,0.064721516101292
0,0,0.04241687475101494
0,0,0.045612268133696635
0,0,0.04514579943164156
0,0,0.0439701689311263
0,0,0.04448492999977743
0,0,0.04159442025463303
0,0,0.04938526773859847
0,0,0.041536296591423646
0,0,0.044532299366970035
0,0,0.0427767335188515
0,0,0.04459528662161801
0,0,0.03188775177585316
0,0,0.04221084580480561
0,0,0.043604214710814604
0,0,0.04898739509807456
0,0,0.04599979736754748
0,0,0.03821570506181651
0,0,0.044831435707001495
0,0,0.04572997776112415
0,0,0.04393970606797575
0,0,0.04511184820893693
0,0,0.0451193915317272
0,0,0.045767587541089956
0,0,0.04073864327332617
0,0,0.04239652421977627
0,0,0.04439060454625805
0,0,0.044187415101350616
0,0,0.043567834851415084
0,0,0.04395454435768495
0,0,0.04552384027987826
0,0,0.044871019987289186
0,0,0.03974844760920836
1,0,0.04441754336782604
0,0,0.04010684004408014
0,0,0.0435648882783073
0,0,0.042720440791418714
0,0,0.045058364185590324
0,0,0.05278936252017519
0,0,0.04331140371111188
0,0,0.04274782648011932
0,0,0.04526660584139172
0,0,0.043706659981032785
0,0,0.033261171798316135
0,0,0.045065638382492945
0,0,0.04397006470823653
0,0,0.04343458420533725
0,0,0.044391184530399884
0,0,0.04371524017353088
0,0,0.04538918778317185
0,0,0.04213400225638391
0,0,0.03872549101684986
0,0,0.06722073384955561
0,0,0.042917655663066885
0,0,0.04303703297321903
1,1,1.0
0,0,0.042859636833705736
0,0,0.043706659981032785
0,0,0.04309087329096048
0,0,0.04106922102006464
0,0,0.04346522422291023
0,0,0.03721820596256891
0,0,0.04452470113744475
0,0,0.04012528482436615
0,0,0.042272402110726186
0,0,0.0427126885065312
0,0,0.03667591707278734
1,1,0.9900839826164353
0,0,0.04299273997950002
0,0,0.041650718923365346
0,0,0.04566196867726576
0,0,0.04445486668895056
0,0,0.0416748956362945
1,0,0.040921875910702246
0,0,0.04283150577751
0,0,0.04341613122938204
0,0,0.04364348285431326
0,0,0.04154317560687979
0,0,0.054956445061916874
0,0,0.044024502608505156
0,0,0.03944582207770573
0,0,0.043579970280278844
0,0,0.04390246343395681
0,0,0.029369637793059455
0,0,0.04498334415625038
0,0,0.039422608961230406
0,0,0.04529917097572356
0,0,0.04504706893099717
0,0,0.04151216348904231
0,0,0.04188757417216864
0,0,0.042250275835328505
0,0,0.04431716704631114
0,0,0.04505117932072863
0,0,0.0529474296479606
0,0,0.044671433342279424
0,0,0.04545153035801962
0,0,0.04423252413084643
0,0,0.04559951702037843
0,0,0.04503649399409607
0,0,0.04155445255482926
0,0,0.04404368795082001
0,0,0.044413661333751395
0,0,0.04560032056612222
0,0,0.04418036302935068
0,0,0.04573769402445134
0,0,0.04546584669788187
0,0,0.04467225634233763
0,0,0.04214095280094607
0,0,0.044286713882893194
0,0,0.04441777759019334
0,0,0.044765527196062915
1,1,0.9999999919882084
0,0,0.045222092299377084
0,0,0.037958462956923
0,0,0.045282790530078706
0,0,0.04517992542191242
0,0,0.03985350965852437
0,0,0.03763135347344403
0,0,0.0433638322011665
0,0,0.04414320005458537
0,0,0.04326793933902242
0,0,0.04371147769818993
0,0,0.04445936381003144
0,0,0.04346482250497777
0,0,0.04256850311357633
0,0,0.043193314765555296
0,0,0.04351383572820002
0,0,0.04436827948327484
0,0,0.044739774240793354
0,0,0.054117531664560056
0,0,0.08065857438284725
0,0,0.042661663678094
0,0,0.044323140411705195
0,0,0.04460515228154085
1,0,0.04552367982633523
0,0,0.04788702961345482
0,0,0.043330971037395735
0,0,0.042175394463615935
0,0,0.04263886245487912
0,0,0.05579164169826453
0,0,0.044181391245822814
0,0,0.042061705728218234
0,0,0.04414724382164193
0,0,0.04333626105118414
0,0,0.04365461399394525
0,0,0.046052430082976534
0,0,0.036879233359385796
0,0,0.040221448529707216
0,0,0.03986398573868353
0,0,0.04574810929209164
0,0,0.05126209228381893
0,0,0.03381546480383952
0,0,0.05214772007693119
0,0,0.04447625455128523
0,0,0.04418295068429001
0,0,0.044906831620957426
0,0,0.043407773852336934
0,0,0.04236011022105079
0,0,0.042113077819573144
1,0,0.04422625575389714
0,0,0.04331687076977739
0,0,0.04391398963180064
0,0,0.04510846774055706
0,0,0.04196165635517961
0,0,0.03832496598935593
0,0,0.03964220260942867
0,0,0.042797170219479916
0,0,0.04336141342794142
0,0,0.0441663963806371
0,0,0.04343955363764053
0,0,0.04913306129834001
0,0,0.051462868064468
0,0,0.04402545079808733
0,0,0.04265341738877842
0,0,0.06151189162573267
0,0,0.04461626544635741
0,0,0.04526279429884863
0,0,0.04391398963180064
0,0,0.042209611642716575
0,0,0.041085273597369854
0,0,0.05144454647824833
0,0,0.04487678634663407
0,0,0.04355933062950263
0,0,0.04471431614334059
0,0,0.04072283179994554
0,0,0.04537351018777732
0,0,0.04487626592466246
0,0,0.04441395272135778
0,0,0.043843961986363846
1,1,1.0
0,0,0.03809544864821697
0,0,0.042703749427934416
0,0,0.04395566237182687
0,0,0.04248550390410223
0,0,0.04414214072600375
0,0,0.04165250237836146
0,0,0.03932102285733107
0,0,0.04541309518366771
0,0,0.043783916974482605
0,0,0.040489984046694946
0,0,0.03889446567423327
0,0,0.03962672368000033
0,0,0.03566511629632602
0,0,0.04455553560290781
1,1,1.0
0,0,0.045747387488537385
0,0,0.04450914080025774
0,0,0.044475005332967964
0,0,0.041383416295284366
0,0,0.044192778103508405
0,0,0.04309196303012494
1,1,1.0
0,0,0.03621039846709811
0,0,0.048618975672121124
0,0,0.0540741912483818
0,0,0.04137814514352288
0,0,0.04428812056586677
0,0,0.04510205327794964
0,0,0.04384915659801178
1,1,0.9999999999946942
0,0,0.042567003964780026
0,0,0.05012585314347225
0,0,0.04390381771152126
0,0,0.04641527984903578
1,1,1.0
0,0,0.043310593413220466
0,0,0.04438687834795848
0,0,0.04595258194797403
0,0,0.044109870372553484
0,0,0.044993324507812855
0,0,0.04508153256049804
1,1,0.9999891835423186
0,0,0.052720385432394885
1,1,1.0
0,0,0.04445345895411437
0,0,0.04403554146974956
0,0,0.043642095711394276
0,0,0.04385767555984571
0,0,0.04162127195185478
0,0,0.04486286170905951
0,0,0.044005557387348786
0,0,0.04676909971411427
0,0,0.04194015425624424
0,0,0.04526279429884863
0,0,0.046018440971450615
0,0,0.04315451272149876
0,0,0.04350426606918832
0,0,0.04340225288078289
0,0,0.04199656770070285
0,0,0.06479023770877036
0,0,0.052179231321048035
0,0,0.038414244267049355
0,0,0.04308522357616444
0,0,0.04404624440549725
0,0,0.04271117049050915
0,0,0.044797421341764544
0,0,0.04465694458210195
0,0,0.043106764053735626
1,0,0.04405700280688067
0,0,0.044128200133632924
0,0,0.04653751799801047
0,0,0.04470438852021983
0,0,0.045054810204267735
0,0,0.04495150731541278
0,0,0.04005386499398811
0,0,0.03906673335626321
0,0,0.04290325783015122
0,0,0.04332333256763068
0,0,0.0458214866692376
0,0,0.04351970136487559
0,0,0.05785102920862217
0,0,0.04568601260439429
0,0,0.05237751408644153
0,0,0.03790556429750816
0,0,0.045734602847110145
0,0,0.04408171209361611
0,0,0.045246319552762634
0,0,0.04389790267926451
0,0,0.04292413859328778
0,0,0.04321743259591077
0,0,0.039282097013909216
0,0,0.0412916380637752
0,0,0.03260841204303136
0,0,0.042976629884625105
0,0,0.0449096898912428
0,0,0.04198390264697155
0,0,0.04148640740392709
0,0,0.04479609495991937
0,0,0.05455036807963652
0,0,0.02556921167372858
0,0,0.046019995559588384
0,0,0.044512391306392826
0,0,0.04196820475631461
0,0,0.04245400713566137
0,0,0.0445764679409816
0,0,0.04464877749687881
0,0,0.045430016425424095
0,0,0.04378931944009195
0,0,0.044868079336747274
0,0,0.04347396046948378
0,0,0.04251249489429722
0,0,0.04225291578449244
0,0,0.04389790267926451
0,0,0.04458390371495369
1,0,0.04170726795139787
0,0,0.044570713386344496
0,0,0.07950405331977049
0,0,0.04314289284979294
0,0,0.04682560816254224
0,0,0.0456962954053403
0,0,0.04282023529210479
0,0,0.047295256769667296
0,0,0.04242252705113123
0,0,0.04411462398623576
0,0,0.04284113610481027
0,0,0.04519863188781916
0,0,0.033664829291967124
0,0,0.04435657942469866
0,0,0.04429173161160599
0,0,0.04465526648382473
1,0,0.04514516269836374
0,0,0.044652109415584895
0,0,0.031399556914086885
0,0,0.041869163183974864
0,0,0.04261510184255458
0,0,0.04536878576381525
0,0,0.043788692949693654
0,0,0.0388842867902398
0,0,0.045937547746918855
0,0,0.04296507182475746
0,0,0.04511472399207429
0,0,0.043453162637377946
0,0,0.05359289990249824
0,0,0.037457509033297205
0,0,0.040990844584003185
0,0,0.03918322797755509
0,0,0.04601853651734834
0,0,0.04431241490513285
0,0,0.04442042845448087
0,0,0.03143890633015839
0,0,0.04535145301817591
1,0,0.045258157411296976
0,0,0.04349294566344332
0,0,0.04450611705036585
1,1,0.9852231312178344
0,0,0.05054322691932244
0,0,0.044108544718986994
0,0,0.04221065750955109
0,0,0.04127600583588912
0,0,0.04271988420718913
0,0,0.045103209952718146
0,0,0.043462711227531446
0,0,0.04280589735976128
0,0,0.044620720693726704
0,0,0.044067602511884706
1,0,0.04023877752218529
0,0,0.044619303939884856
0,0,0.04449727618293853
1,0,0.04422625575389714
0,0,0.044657273472941156
0,0,0.04581263512979139
1,0,0.0445649247808433
0,0,0.04417356616115197
1,1,0.9999999924868396
0,0,0.036974140486291836
0,0,0.04180226985661931
0,0,0.04515122135836588
0,0,0.04473533587134709
0,0,0.04313338766318992
0,0,0.041018726565407365
0,0,0.04607423582311341
0,0,0.04424239719298318
0,0,0.04354148841889741
0,0,0.04058390517219658
0,0,0.041656575599181
0,0,0.04558790423806732
0,0,0.044736540205072624
0,0,0.023088662719516907
0,0,0.04399958219830161
0,0,0.04431436067526641
0,0,0.04484068177824248
0,0,0.0402011022486176
0,0,0.041528756146901116
0,0,0.04614585467660387
0,0,0.040094934033079295
0,0,0.04495311079854834
0,0,0.03949360060013959
0,0,0.039957959892720066
0,0,0.07669402915462266
0,0,0.04449054670344127
0,0,0.046099661173256985
1,0,0.04491403558603192
0,0,0.042140097146830285
0,0,0.04008768093106046
0,0,0.044033431330746844
0,0,0.044340114562557924
0,0,0.04600216584019627
1,0,0.04355586604909066
0,0,0.03982257249323412
1,0,0.04458698622667581
0,0,0.04478734864036087
0,0,0.0452308895435362
0,0,0.04321666933693579
0,0,0.04468561859071687
0,0,0.0457679127315601
0,0,0.04262904814598381
0,0,0.04535719816839279
1,0,0.04410353791117728
0,0,0.04281291530528785
0,0,0.044685137716639754
1,0,0.03443475416966562
0,0,0.04316570620777427
0,0,0.04833436005692458
0,0,0.03999325739455928
0,0,0.04527696613726992
0,0,0.05193764117111334
0,0,0.043699909269902776
0,0,0.02642925042693547
0,0,0.04385372856616455
0,0,0.044255351952728304
0,0,0.043839860439672085
0,0,0.039598249735127926
0,0,0.044548098708530305
0,0,0.04199195910851447
0,0,0.044417702065551366
0,0,0.045162318445150465
0,0,0.044684469333236485
0,0,0.029424295120367778
0,0,0.042975164884568845
0,0,0.04107447303419809
0,0,0.03951987947778554
0,0,0.0423786050482153
0,0,0.04272915200989918
0,0,0.041166929059925327
0,0,0.012758310159482675
0,0,0.045484870953133215
0,0,0.04011945372366576
0,0,0.044536715072155335
0,0,0.040658317114474124
1,1,1.0
0,0,0.041630373802431626
0,0,0.04240926252492431
0,0,0.044297633529256315
0,0,0.04848709015814235
0,0,0.04560894641756672
0,0,0.04389679744413355
0,0,0.04397253939888693
1,0,0.046140824613916005
0,0,0.043058748520543845
0,0,0.045937547746918855
0,0,0.03585232297646571
0,0,0.044470823448658554
0,0,0.04043669684224358
0,0,0.04320052121604261
0,0,0.042433365925300844
0,0,0.04478124403411254
0,0,0.045102957655990004
0,0,0.032199716932417105
0,0,0.053414524658394816
0,0,0.04355263026740029
1,0,0.039751833477902065
0,0,0.0429816013491503
0,0,0.042659122660472705
0,0,0.05221978797014187
0,0,0.04203681343703029
0,0,0.07728228107054176
0,0,0.044438497036717255
0,0,0.04473552358906701
0,0,0.04596148684048816
0,0,0.044663016708142635
0,0,0.04368154453503623
0,0,0.03768996594306239
0,0,0.01927608467846442
0,0,0.041514344076423175
0,0,0.045089399888908234
0,0,0.04405700280688067
0,0,0.04637707257815548
0,0,0.04340545839891817
0,0,0.048031451619655934
0,0,0.043211606785241205
0,0,0.02869677747632262
0,0,0.042389083177831
0,0,0.04315231280161145
1,0,0.045316757723711396
0,0,0.044623336606437115
0,0,0.04520971082785201
0,0,0.04377880135927135
0,0,0.04320717809701613
0,0,0.043917027955005634
0,0,0.044617350840510404
0,0,0.04393391996482959
0,0,0.042481589300617524
0,0,0.04553168105887544
0,0,0.0440821584890739
0,0,0.04554917659316787
0,0,0.0439373051392356
0,0,0.04514500351638115
0,0,0.04341613122938204
0,0,0.044878022332023225
0,0,0.043741763558906105
0,0,0.08471489957626481
0,0,0.06067668772538348
0,0,0.04228375107459298
0,0,0.041445701144172925
0,0,0.04389383238735218
0,0,0.04358923471119299
0,0,0.04345178153209646
0,0,0.04553181437717752
0,0,0.045093083140456486
0,0,0.044883238698442
0,0,0.04522757975614533
0,0,0.04406065799219077
0,0,0.046054812413076435
0,0,0.04332873358514239
0,0,0.04497145666519572
0,0,0.04425171002002203
0,0,0.04421731062929512
0,0,0.0539665100152501
0,0,0.03725856409218955
0,0,0.044704576384826646
0,0,0.04221694971488282
0,0,0.044663016708142635
0,0,0.05157650935382215
0,0,0.045254188580348305
0,0,0.042807863566415826
0,0,0.043783733202647515
0,0,0.041402099473122365
1,0,0.04048091977351062
0,0,0.05249185041356523
1,0,0.04412698445124957
0,0,0.042977948495241516
0,0,0.04287158358248287
1,0,0.04306659489699826
0,0,0.03871404937483598
0,0,0.04855399068507252
0,0,0.043984072691461484
0,0,0.04528376453663754
0,0,0.043575195569013285
0,0,0.04316994115580703
0,0,0.04496196437175004
0,0,0.0413077498391391
0,0,0.046013471020142825
0,0,0.05337609347137823
0,0,0.041870220501862294
0,0,0.05041742981219855
0,0,0.04313214721662172
0,0,0.04244519847082234
0,0,0.04283221795653129
0,0,0.04538890688188977
0,0,0.04101971377765776
0,0,0.04269154070664611
0,0,0.05237883334107217
0,0,0.04410353791117728
1,0,0.0430711984279987
0,0,0.037397740136078196
0,0,0.04482818177025643
0,0,0.04535277504218531
0,0,0.043761773832682795
0,0,0.04256738215809475
0,0,0.043191315245451126
0,0,0.04237268279182027
0,0,0.04190454275805009
0,0,0.09755670207279638
0,0,0.04422513865567483
0,0,0.04491624490340332
0,0,0.04556811956021694
0,0,0.06525398018673184
0,0,0.04418802319395164
0,0,0.04283293832069909
0,0,0.038703105779621744
0,0,0.04416444947375831
0,0,0.05221421302833602
1,0,0.045308973578334466
0,0,0.04549555820405994
0,0,0.04327703778390969
1,0,0.049834205859526144
0,0,0.04331285157866513
0,0,0.04287441168731716
0,0,0.05203160812027776
0,0,0.04426567669503254
0,0,0.04309167144227873
0,0,0.04118228666944405
0,0,0.04288316140249905
1,0,0.04521822588245107
0,0,0.04223257820756672
0,0,0.04584054030482154
0,0,0.05199673559514008
0,0,0.04439461080912764
0,0,0.04461642285111422
0,0,0.04319635694526375
0,0,0.045029522944839966
0,0,0.04404624440549725
0,0,0.04160001965169919
0,0,0.042392253039731584
0,0,0.044455167072577344
0,0,0.045024030275671145
0,0,0.03671821857500658
0,0,0.04210948028226909
0,0,0.04347652454608101
0,0,0.044585413192961235
0,0,0.04445407223140905
0,0,0.04347396046948378
0,0,0.04300140575679581
0,0,0.04460358142276409
0,0,0.044299008343812486
0,0,0.04478646666482904
0,0,0.04454642145742303
0,0,0.0425500584843982
0,0,0.0377798714292439
0,0,0.044110637855072986
0,0,0.039382315775014616
0,0,0.04553447457479825
0,0,0.0451768505563614
0,0,0.042476866744083734
0,0,0.04338415849937706
0,0,0.0455849005319889
0,0,0.05371026892386108
0,0,0.04405700280688067
0,0,0.045767587541089956
0,0,0.0445549445448221
0,0,0.05322184711522787
0,0,0.04423496160960026
1,0,0.062286885531988974
0,0,0.04567938996581529
0,0,0.04337435969924996
0,0,0.04586370486434011
0,0,0.04422075173992467
0,0,0.035058227574984065
0,0,0.04323796176172158
0,0,0.04487626592466246
0,0,0.03668318214609468
0,0,0.044810283472246124
0,0,0.037997473185250964
0,0,0.039642022315353506
0,0,0.0433638322011665
0,0,0.045395649432501364
0,0,0.04366379003845113
0,0,0.04105838557561909
0,0,0.041144064588304434
0,0,0.04560724320711884
0,0,0.04228126139953439
0,0,0.04582994352330643
0,0,0.04517242609976286
0,0,0.0438619321555357
0,0,0.034385552944697015
0,0,0.04479953465054635
0,0,0.04514579943164156
0,0,0.0436869845032657
0,0,0.04283221795653129
0,0,0.040903985046171494
0,0,0.04479167800648157
0,0,0.044181915697699525
0,0,0.04227563302889525
0,0,0.04325091216621498
0,0,0.04202468180906393
0,0,0.040996127313698956
0,0,0.04457125827015668
0,0,0.04426707707176759
0,0,0.04415242149804021
0,0,0.045130350205237375
0,0,0.0438148270728975
0,0,0.04462576178803732
0,0,0.052343519651674254
0,0,0.040408160649389395
0,0,0.04256715992290979
0,0,0.042272402110726186
0,0,0.044927116124706006
0,0,0.04314426885490407
0,0,0.04557435933065309
0,0,0.04736428592637888
0,0,0.052951451353976144
0,0,0.04482099830047809
0,0,0.04355857502571557
1,1,1.0
0,0,0.08657999989276535
0,0,0.04422075173992467
1,0,0.045045530499035494
0,0,0.044855940521809225
0,0,0.04565087215167406
0,0,0.05442441358719635
0,0,0.03489733590574596
0,0,0.03252463363191296
0,0,0.029876187338381856
0,0,0.014829527705821324
0,0,0.04406065799219077
0,0,0.0417944082782522
1,1,1.0
0,0,0.04493366192727584
0,0,0.0459699269618576
0,0,0.03963461320008317
1,0,0.05368018462466582
0,0,0.04390381771152126
0,0,0.04225042526208933
0,0,0.04441450132714797
0,0,0.043910462522857324
0,0,0.0448361236579508
0,0,0.04483045779618888
0,0,0.0455705477278217
0,0,0.042412509917954595
1,1,0.99999999999466
0,0,0.04470299939662785
0,0,0.045045530499035494
0,0,0.04413593770615201
0,0,0.0451362087850976
0,0,0.04497121363346674
0,0,0.04354677194932741
0,0,0.043870135536578016
0,0,0.04470438852021983
0,0,0.04382270730216291
0,0,0.04474871610410121
1,0,0.046455700940286476
1,0,0.04473567860107945
0,0,0.04517691080388772
0,0,0.0450845530580673
0,0,0.04544368066052031
0,0,0.04256991457766352
0,0,0.0448621473419067
0,0,0.044919977195898624
0,0,0.044988848537187286
0,0,0.04325046674703221
0,0,0.04475089742709165
0,0,0.04447625455128523
0,0,0.04408687868046507
0,0,0.03965971652435872
1,0,0.05275962462563602
0,0,0.04442080888239549
0,0,0.042043617397526184
0,0,0.044083388510418715
1,1,0.9843466799733958
0,0,0.02482941374691113
0,0,0.04255028901476996
1,0,0.045078105457771266
0,0,0.045379489801243025
0,0,0.044066312594796424
0,0,0.04468560225493979
0,0,0.040577486963041864
0,0,0.04474285066892386
0,0,0.04233627123333519
0,0,0.04100818547244638
0,0,0.043433207310823216
0,0,0.04292451883941651
0,0,0.043526242893314075
0,0,0.04215254163244302
0,0,0.04460239402217026
0,0,0.04331002664484994
0,0,0.042119139325028095
0,0,0.042722086212522235
0,0,0.036495180475534995
0,0,0.047499982569942326
0,0,0.042580550744611124
0,0,0.05165140386652874
0,0,0.044549631667307
0,0,0.04084868437390172
0,0,0.0553989724781502
0,0,0.04385767555984571
0,0,0.04297547053660159
0,0,0.04981955453000196
0,0,0.03678953254530555
0,0,0.04223257820756672
0,0,0.04963485008012845
0,0,0.044963497960353475
0,0,0.041941174524179024
0,0,0.04558393658920899
0,0,0.043318611793573755
0,0,0.04210963463783746
0,0,0.04267686026023609
0,0,0.04073618892903252
0,0,0.044446362399967375
0,0,0.04145363655970047
0,0,0.04542461508596838
0,0,0.04303703297321903
0,0,0.042511539610716534
0,0,0.045370678148565095
0,0,0.03810046461172463
0,0,0.036432577133808444
0,0,0.04490841546171885
0,0,0.04058412525496618
0,0,0.04391728222301431
0,0,0.04448897691369033
0,0,0.04024906114578521
0,0,0.04084851226857545
0,0,0.04421269874009529
1,1,0.9853319997980565
0,0,0.04307453957263177
0,0,0.043948904113023025
1,0,0.045564227813423015
1,0,0.04368015623763635
0,0,0.044980842377065795
1,0,0.04490793230277072
1,1,0.9999894289784346
0,0,0.04281255528260038
0,0,0.044944709293924336
0,0,0.052032557367536786
0,0,0.047776944167414404
0,0,0.04514978855660091
0,0,0.04470045869129725
0,0,0.04360528432331964
0,0,0.05348781140267949
1,0,0.04428888823895049
0,0,0.04450050417005542
1,1,0.9999999999999967
0,0,0.04435470832458561
0,0,0.0705709914418314
1,0,0.04475519207589891
0,0,0.04396239200132815
0,0,0.042600542753915616
0,0,0.044419258291856084
0,0,0.04504632474330118
0,0,0.04556843507953653
0,0,0.04522625576959808
0,0,0.044361463499086706
0,0,0.04215637767362349
0,0,0.043042215355346504
0,0,0.04308326393645427
0,0,0.045657791816547735
0,0,0.04617414491638602
0,0,0.043245058226715774
0,0,0.04445536518475414
0,0,0.044179688715930476
0,0,0.05276506728234733
0,0,0.045101946771676976
0,0,0.0321714476740977
1,1,1.0
0,0,0.04434133672183677
0,0,0.04438948348959514
0,0,0.03957056521545155
0,0,0.04462702129642026
0,0,0.04351831797714295
0,0,0.04281440998397738
0,0,0.045778534793093587
0,0,0.04373811094182752
0,0,0.06068023110906078
0,0,0.04235818475358553
0,0,0.04142101514649619
0,0,0.05504602042248355
0,0,0.04560609573692058
0,0,0.03618631074038302
0,0,0.042948488402406386
0,0,0.042290272932049226
0,0,0.0446550818761182
0,0,0.04552094478505158
1,0,0.04288448440419579
0,0,0.0445202284438012
0,0,0.04236118229781847
0,0,0.05370188357689221
0,0,0.029955968439691893
0,0,0.04374626521234387
0,0,0.04489460111610381
0,0,0.04310190502763247
0,0,0.04478472697517667
1,0,0.04434688275452197
0,0,0.04478646666482904
0,0,0.04526668880591721
1,0,0.04216593881280911
0,0,0.04385767555984571
0,0,0.04568149743247638
0,0,0.045680743265239236
0,0,0.03487974761223854
0,0,0.043419136671040116
0,0,0.04431319682290638
0,0,0.03980923342868916
0,0,0.04446720491674382
0,0,0.040904730973888234
1,1,0.9999999999999958
0,0,0.044816331790814186
0,0,0.04577256654136156
0,0,0.04404802091802398
0,0,0.04219533286593312
0,0,0.04405220180532002
0,0,0.04415246564271418
0,0,0.042015792418396335
0,0,0.044166665622923165
0,0,0.04447425084608696
0,0,0.04493964789448776
0,0,0.0404345334186784
1,0,0.055964086961808976
0,0,0.04528864348907319
0,0,0.04490159390403739
0,0,0.043442775234310185
0,0,0.06477363025679145
0,0,0.04478187628522835
0,0,0.037691734985033434
0,0,0.04304144165166627
0,0,0.043155305412354704
0,0,0.045688468303574134
0,0,0.04562798310744886
0,0,0.0426762756213184
0,0,0.044070611008522165
0,0,0.029533428721254595
0,0,0.03365048801548738
0,0,0.03919316729041914
0,0,0.04476404626452145
0,0,0.04218407584105925
0,0,0.03944335851296791
0,0,0.04086168827296844
0,0,0.043865253322871875
0,0,0.0461473175602657
0,0,0.0413124017595137
0,0,0.043381541128766736
0,0,0.04310858357078624
1,1,1.0
0,0,0.043968462504776824
0,0,0.04586505847861726
0,0,0.04375325783859829
0,0,0.04512991905159581
0,0,0.050515533439789956
0,0,0.04336141342794142
0,0,0.038826068122147964
0,0,0.07998588666683516
0,0,0.04399595665272781
0,0,0.0441493437574196
0,0,0.04230952544307765
0,0,0.04567778023456065
0,0,0.04435101405783308
0,0,0.05352176490616913
0,0,0.04515137121279901
0,0,0.04447124663510325
0,0,0.04263761275226467
0,0,0.04463410609965711
0,0,0.04596738973601705
0,0,0.04480698159325973
0,0,0.04348373458652518
0,0,0.041542867065700775
0,0,0.044906831620957426
0,0,0.04129755935656351
0,0,0.03943536561887708
0,0,0.042088267349718
0,0,0.045522826993187535
0,0,0.04424142836627596
0,0,0.04417895961076689
0,0,0.04321044626005526
0,0,0.04426473712541
0,0,0.04590249469186626
0,0,0.04077361606264802
0,0,0.04520887839480334
0,0,0.04551842831729026
0,0,0.04558886415572352
0,0,0.044846755450533
0,0,0.04407876831487881
0,0,0.04418551511633126
0,0,0.044617839517747886
0,0,0.04324117970411458
0,0,0.04446473328414229
0,0,0.04497121363346674
0,0,0.03666658912049392
0,0,0.04461445356098121
0,0,0.04551457424449788
0,0,0.0452054420695203
0,0,0.044295935907094956
0,0,0.07350720888904078
0,0,0.045632366172699786
0,0,0.03980165023584268
0,0,0.04147767873005736
0,0,0.04354145223322144
0,0,0.04409318432775984
0,0,0.043714670283690964
0,0,0.04490902897324948
1,0,0.04428507057932462
0,0,0.03503691276266551
0,0,0.04449352043456308
0,0,0.045680743265239236
0,0,0.040979024092586566
0,0,0.04582768967627369
0,0,0.04038744970016555
0,0,0.05296664415821178
0,0,0.04358862125538977
0,0,0.04247213873049474
1,1,1.0
0,0,0.04039472484457576
0,0,0.03913469096099583
0,0,0.04413632892893032
0,0,0.0447828236531527
0,0,0.036233830245446304
0,0,0.042797170219479916
0,0,0.04492805759384406
0,0,0.04063854952971805
1,0,0.045228280665848636
1,0,0.042918991927598855
0,0,0.02734725758167167
0,0,0.04364805405311873
0,0,0.04385767555984571
0,0,0.043735885365468824
0,0,0.04490159390403739
0,0,0.0452771584318506
1,1,1.0
0,0,0.04433467837166076
0,0,0.041346475516288526
0,0,0.04105992866894192
0,0,0.043814594945459806
0,0,0.04033066051989108
0,0,0.04281445971031191
0,0,0.044927587848383174
0,0,0.043245371255629154
0,0,0.037585750147860295
0,0,0.04245742576111908
0,0,0.04318421863172443
0,0,0.04210963463783746
0,0,0.04436859181227124
0,0,0.04421784734948226
0,0,0.048582245878740646
0,0,0.03921656179015628
0,0,0.046002327898937025
0,0,0.035788960393299235
0,0,0.0449159775983263
0,0,0.0439802381964952
0,0,0.038212756798566436
0,0,0.04582903565543672
0,0,0.03776932064290399
0,0,0.04102665875771953
0,0,0.037221548987522925
0,0,0.0447603432971059
0,0,0.04506706863984233
0,0,0.04560413454021926
0,0,0.04202121088323859
0,0,0.03959686330103759
1,0,0.044251233867113424
0,0,0.04563254032463596
0,0,0.04367516420389887
0,0,0.04297959413971234
0,0,0.044705880778163745
0,0,0.04493616120581345
0,0,0.03451245770159044
0,0,0.04271920497806128
0,0,0.044965104930683404
0,0,0.043915087849847816
0,0,0.04257524241739752
0,0,0.043885739582033095
0,0,0.03995538040438267
0,0,0.04163780229698208
0,0,0.038414893904148595
0,0,0.043788037094993446
0,0,0.052264266406638886
1,0,0.04401153455991682
0,0,0.04383495464202262
0,0,0.04436318555126601
0,0,0.043261798501832094
0,0,0.06230127739165495
0,0,0.04357670733945838
0,0,0.05264834259191371
0,0,0.044704576384826646
0,0,0.044830615510852836
0,0,0.039892036731895654
0,0,0.04421733825838424
0,0,0.044355405795426135
0,0,0.04205883572161731
0,0,0.043991355387507716
0,0,0.04450781231613144
0,0,0.042444639867634144
0,0,0.033097820791497735
0,0,0.04326677275020126
0,0,0.04374626521234387
0,0,0.054931105024393065
0,0,0.04548340093328293
0,0,0.04579227109660838
0,0,0.04277897234054227
1,0,0.03741296948592899
0,0,0.04396473050446004
0,0,0.04487594936837078
0,0,0.028189679212551257
0,0,0.045964124718096244
0,0,0.04157456694475699
0,0,0.043859025511863506
0,0,0.045387306900343836
0,0,0.05164424011418256
0,0,0.04871039660525
0,0,0.0460686555020898
0,0,0.045958334427200445
0,0,0.04262716240256511
0,0,0.04448445118479941
0,0,0.04347333264948445
0,0,0.039222725164114784
0,0,0.045937547746918855
0,0,0.04462301611084194
0,0,0.02196125669138345
0,0,0.044896444061492076
0,0,0.0425172210349435
0,0,0.041298229391053674
0,0,0.04310140886185257
0,0,0.04052094948259405
0,0,0.0445541045322923
0,0,0.04461642285111422
0,0,0.0440232216091626
0,0,0.051691055385405006
0,0,0.043637781218241654
0,0,0.0444074141529673
0,0,0.0453252300289298
0,0,0.06287473550618065
0,0,0.04312299015561241
0,0,0.04380298171068121
0,0,0.04225550607254038
0,0,0.045578255021078096
0,0,0.045525284386000994
0,0,0.023720478880916735
0,0,0.04165589388921456
0,0,0.042565499021256635
0,0,0.04398819421356588
0,0,0.04494137874480355
0,0,0.03719074421698881
0,0,0.044209955201502185
0,0,0.03653854707582372
0,0,0.04501798787826138
0,0,0.04108863378739734
0,0,0.04498624755085838
0,0,0.04515567490944933
0,0,0.03800878225275443
0,0,0.045194375550323136
0,0,0.040934782310565396
0,0,0.04383495464202262
0,0,0.03939449106159625
1,0,0.03984127408542934
0,0,0.05104403480638703
0,0,0.04482451914044927
0,0,0.04550259768757764
0,0,0.04502738483062134
0,0,0.0452054420695203
0,0,0.043527553966490655
0,0,0.04478357528824447
0,0,0.04179687028290432
0,0,0.04308522357616444
0,0,0.03455128216396874
0,0,0.04390538486564116
0,0,0.0385231870319747
0,0,0.04349701257795164
1,0,0.04535133152450202
0,0,0.04197503246159965
0,0,0.04542956138608458
0,0,0.045066813449492385
0,0,0.041926515363488855
0,0,0.04536321764554896
0,0,0.05439300266952936
1,1,1.0
1,0,0.044965670842414436
0,0,0.04369109305202495
0,0,0.04561763789328461
0,0,0.024468966128951084
1,0,0.04152016444715779
0,0,0.04313695454675426
0,0,0.045124384554536434
0,0,0.04327872156001606
0,0,0.041877808535722635
0,0,0.052959550961956085
1,0,0.041515032702912624
0,0,0.04419709670500252
0,0,0.04382557403371696
0,0,0.04361489367949216
0,0,0.04480068672865184
0,0,0.044736540205072624
0,0,0.04025581059350106
0,0,0.04309079078214678
0,0,0.045090533735312306
0,0,0.04127441901080184
1,0,0.04550735843179367
0,0,0.044369121155099424
0,0,0.03814820143566502
0,0,0.04484373681717403
0,0,0.04163083405119247
0,0,0.03920312253878696
0,0,0.042504001667570894
0,0,0.04465710212366518
0,0,0.04322090358815875
0,0,0.04044857388186646
1,0,0.044618458013911615
0,0,0.044719467851712554
0,0,0.04480052672673242
1,0,0.044226906481398126
0,0,0.044297633260935526
0,0,0.04394735556853175
1,0,0.0455705477278217
0,0,0.04375460472368638
0,0,0.04432218610794639
0,0,0.041600395986060995
0,0,0.044011035850131545
0,0,0.04400073544304635
0,0,0.04462560435187214
0,0,0.04226345100889796
0,0,0.0439407616968751
0,0,0.04320688280011419
0,0,0.04519658321200602
0,0,0.04425155384235882
0,0,0.04468561859071687
0,0,0.04397072591217342
0,0,0.05511386952720197
0,0,0.04522625576959808
0,0,0.04508031656337396
0,0,0.042325524379774306
0,0,0.04479696108539315
0,0,0.04516571100976205
0,0,0.04387923446644327
0,0,0.04555570090352303
0,0,0.04396582993310178
0,0,0.035168167519376715
0,0,0.06147461535487254
0,0,0.044223494095025455
0,0,0.042908981991737774
1,0,0.044398434089655874
0,0,0.043395293288490636
0,0,0.04386760488472075
0,0,0.04565473843365141
0,0,0.04001108591273455
0,0,0.04343281753600248
0,0,0.03987737596256558
0,0,0.04235935088774903
0,0,0.0436679708134767
0,0,0.04208251731695073
0,0,0.027899006421902246
0,0,0.043498596724491086
0,0,0.03608731995011981
0,0,0.053076073441470424
0,0,0.06842356468673066
0,0,0.04520400762860402
0,0,0.04502144380399112
0,0,0.041840243000571736
0,0,0.04519294144394395
0,0,0.06143823436169041
1,0,0.0434117852270903
0,0,0.04155355463063785
0,0,0.0441378148051623
0,0,0.043479558448542344
0,0,0.04299532433551554
0,0,0.045580128802264155
0,0,0.042262748131895574
0,0,0.02128839296723852
0,0,0.04204440638401674
0,0,0.04515765073311177
0,0,0.042100473756137416
0,0,0.04401356694943904
0,0,0.04487626592466246
0,0,0.04363583059593285
0,0,0.045194375550323136
0,0,0.044209955201502185
0,0,0.0447661397326641
0,0,0.04305384900765508
0,0,0.04562798310744886
0,0,0.04637341386902434
0,0,0.033795492149596894
0,0,0.0445941327834991
0,0,0.042609075874599216
0,0,0.04554217889991184
0,0,0.04156018123659725
0,0,0.046859922951959544
0,0,0.045412838127136666
0,0,0.043747809995434137
0,0,0.05322074246581059
0,0,0.04564142943185073
0,0,0.042963391505723
0,0,0.04998308269905234
0,0,0.04042067857057373
0,0,0.04244952886351635
0,0,0.044539517294379466
0,0,0.03699662670337104
0,0,0.04615138135755142
0,0,0.041914069382591235
0,0,0.04481343284094676
0,0,0.04466991428172532
0,0,0.04253329755800768
0,0,0.043364727453095483
0,0,0.04528376453663754
0,0,0.04315094056542367
0,0,0.04212388858360265
0,0,0.04296136937470342
0,0,0.04610518258922859
0,0,0.04528864348907319
0,0,0.03223505558248145
0,0,0.0441644703383764
0,0,0.04376240562762625
0,0,0.04407833364144956
0,0,0.04358256484989632
0,0,0.04490699000263807
0,0,0.04514659536027068
0,0,0.04512422544235535
1,0,0.044426102374012885
0,0,0.04546075791448853
0,0,0.04256158517161524
0,0,0.04839876085903237
0,0,0.04481390745587976
0,0,0.04549555820405994
0,0,0.04287818844551768
0,0,0.04261117127708676
0,0,0.045291698576990246
0,0,0.04533630767651297
0,0,0.03367206064755458
0,0,0.044750090494454706
0,0,0.050359543864515334
0,0,0.044521771474410256
1,0,0.04493013887318761
0,0,0.04577256654136156
0,0,0.053742718763864654
0,0,0.04504796745817014
0,0,0.044830707680674826
0,0,0.04094245159693318
0,0,0.05062991316558997
1,0,0.04555738689161459
0,0,0.04525402903215944
0,0,0.04480701462066435
0,0,0.039689531803117344
0,0,0.043777445417610986
0,0,0.04173282036601468
0,0,0.04434133672183677
0,0,0.04532969992878166
0,0,0.044704576384826646
0,0,0.03776918643944936
0,0,0.04474598516184329
0,0,0.04518163881241075
0,0,0.04501798787826138
0,0,0.04236361437244304
0,0,0.0445764679409816
0,0,0.042239231848940115
0,0,0.03908423537352062
0,0,0.044250636141672864
0,0,0.044395752958073076
0,0,0.040202750068429216
0,0,0.04221236706205692
0,0,0.04420468721973035
0,0,0.044233084281450466
0,0,0.053491523175905976
0,0,0.04448553894782838
0,0,0.0447828236531527
0,0,0.0440121685852712
0,0,0.0445541045322923
0,0,0.04518163881241075
0,0,0.04490793230277072
1,1,0.9999890789249447
0,0,0.044670645398794166
0,0,0.04137447613982626
0,0,0.04369655480872966
0,0,0.0438411430341438
0,0,0.04444968465579053
0,0,0.020493859549264366
0,0,0.04312011600314322
0,0,0.04599978897101183
0,0,0.04266187219465128
0,0,0.044933503455952026
0,0,0.047479759799356674
1,0,0.044668849848664115
0,0,0.04606703271538504
0,0,0.04404802091802398
0,0,0.044893807300641915
0,0,0.04479884348600012
0,0,0.041781775103996686
0,0,0.044291188298747675
0,0,0.038785781408100684
0,0,0.05257743890346154
0,0,0.074523875391573
0,0,0.043066269040446206
0,0,0.043736684517375814
0,0,0.044870084167877355
0,0,0.04306659489699826
0,0,0.043962169917484174
0,0,0.042791554872355544
0,0,0.03706031817491035
0,0,0.04291766293195221
0,0,0.043971873744417564
0,0,0.043129688800661495
0,0,0.04347163892755239
0,0,0.029888587661466695
0,0,0.03302099894920458
0,0,0.04601239318929817
0,0,0.03237179026678284
1,0,0.043058872689448635
0,0,0.04009330020845747
0,0,0.04453123934914359
0,0,0.043304854693186956
0,0,0.04028249438144313
0,0,0.04562569366132662
0,0,0.04433780762024219
0,0,0.044807766027584024
0,0,0.04428123380103045
0,0,0.04119248897192526
0,0,0.043314897766341856
0,0,0.0431112332303361
0,0,0.04404802091802398
0,0,0.04191615483185808
0,0,0.04404876877431018
0,0,0.04530842265733002
0,0,0.03794032360300994
0,0,0.054301299401903924
0,0,0.045874309076830974
0,0,0.037731098437839464
0,0,0.04511760895194373
0,0,0.0461473175602657
0,0,0.042126022292570835
0,0,0.04270144723447419
0,0,0.04368812526706982
0,0,0.04440554709426189
0,0,0.04499910693988191
0,0,0.04456408737249428
1,0,0.03673690176410432
1,0,0.052246536721681426
0,0,0.040085308714117605
0,0,0.04206699556486326
0,0,0.043211753126298526
0,0,0.040551389218870394
0,0,0.044091743834731426
0,0,0.04453877499693775
0,0,0.04311449446318798
0,0,0.04589225882973014
0,0,0.04352083795933623
0,0,0.03700076101906737
0,0,0.04447296014716888
0,0,0.04130147271793262
1,0,0.04389790267926451
1,0,0.04585966099404827
1,0,0.045510153091126763
0,0,0.042613800829903806
0,0,0.04108863378739734
0,0,0.04498624755085838
0,0,0.05121365934915049
0,0,0.04170270444275702
0,0,0.04441886102374862
1,1,0.999988990048075
0,0,0.0455035768209644
0,0,0.046483205888060625
1,0,0.04514659536027068
0,0,0.043701457154290316
0,0,0.04364110475861983
0,0,0.04379650406046775
0,0,0.04534105157462742
1,0,0.044671433342279424
1,1,0.9852381969836175
0,0,0.04410252056425946
0,0,0.05257595290104427
0,0,0.04592136628118473
0,0,0.04386937478868902
0,0,0.03251120433049022
0,0,0.045145994013685666
0,0,0.04442148697402577
0,0,0.0344480232903664
0,0,0.061786888927285816
0,0,0.03891317333253063
0,0,0.044663228015290185
0,0,0.04121447676599582
0,0,0.04228050903707327
0,0,0.044617162238299944
0,0,0.042640219132241926
0,0,0.04547862139516011
0,0,0.04278826081434754
0,0,0.04447592313522232
0,0,0.04252802775864119
0,0,0.04546766522060288
0,0,0.042269738148165995
0,0,0.04542355039185944
1,0,0.046052430082976534
0,0,0.04520219358189588
0,0,0.043291305165265234
0,0,0.04333413623234597
0,0,0.04552640760981234
0,0,0.042412007414275796
0,0,0.04417716190286152
0,0,0.042120549090861936
0,0,0.04585417175319779
0,0,0.04310340473867995
0,0,0.04520400762860402
0,0,0.043014388193610816
0,0,0.04234101647577813
0,0,0.04418080640302045
0,0,0.06234514492716514
0,0,0.04562092487734547
0,0,0.042643778952443666
0,0,0.0527009477094188
0,0,0.04535863723951034
0,0,0.04566373595203769
0,0,0.044205799848501585
1,0,0.05270588551461097
0,0,0.04024245011105151
0,0,0.04340639386105072
0,0,0.041397022182155
0,0,0.0452308895435362
0,0,0.04488641216213642
0,0,0.03967956020895723
0,0,0.04514022830554978
0,0,0.04965534759443104
0,0,0.04397549370616697
0,0,0.04388450618794538
0,0,0.03936712435609533
0,0,0.041967563370104086
0,0,0.04280753586237862
0,0,0.044944709293924336
0,0,0.043424780233759105
0,0,0.042073004977483765
0,0,0.0446550818761182
0,0,0.03238298971448026
0,0,0.044468432924610876
0,0,0.03871253273643155
0,0,0.041628781899514786
0,0,0.046084453397910875
0,0,0.043011920436415156
0,0,0.04141797774862016
0,0,0.04513618430949863
0,0,0.04305699572410531
0,0,0.03159775714249396
0,0,0.03895578805540642
0,0,0.044618458013911615
0,0,0.04094615936634955
1,0,0.04603351010209489
1,0,0.04829381604232681
1,0,0.04315544301930966
0,0,0.04403728071860294
0,0,0.042767683988297236
0,0,0.042742959134299686
0,0,0.03769754954733922
0,0,0.040542599815611646
0,0,0.04242102420788595
0,0,0.04405700280688067
0,0,0.04351035548587525
0,0,0.0443202481798785
0,0,0.04433027433701099
0,0,0.045101951577501735
0,0,0.04306741298854677
0,0,0.04170479130947283
0,0,0.04497793020644913
0,0,0.04241041776965618
0,0,0.04808310984981338
0,0,0.04423754854379214
0,0,0.04269154070664611
0,0,0.04331809276321782
0,0,0.041516721705933346
0,0,0.04245220177624055
0,0,0.04269582023575867
0,0,0.04487960520444169
0,0,0.043824784154160586
0,0,0.04490902897324948
0,0,0.04570615347248539
0,0,0.04292829162231447
0,0,0.045625676305090825
0,0,0.04114298418284461
0,0,0.043369781135699566
0,0,0.044287376860808594
0,0,0.04177784177088014
0,0,0.04190577402484458
0,0,0.04521031298296308
0,0,0.03601654447782164
1,0,0.04487516598251708
0,0,0.03971176014081684
0,0,0.042266310800994134
0,0,0.04545797071086462
0,0,0.04239406975344637
1,0,0.045373190290560805
0,0,0.040994452064326205
0,0,0.04491301820238036
0,0,0.038813300366566515
0,0,0.046034750571178104
0,0,0.04852049745005456
0,0,0.044827865537230116
0,0,0.04316994115580703
0,0,0.043948064682316594
0,0,0.04366713077867719
0,0,0.042760985481303186
0,0,0.044704576384826646
0,0,0.04148374936514795
1,0,0.043755747172414455
0,0,0.04505863517763438
0,0,0.04334912113942577
0,0,0.05302534205802054
0,0,0.05335330699360134
0,0,0.03178258775043868
0,0,0.04448492999977743
0,0,0.041821015808733215
0,0,0.036587938542916136
0,0,0.04011851213741632
0,0,0.04314323939609126
0,0,0.04371524017353088
0,0,0.04103321280191241
0,0,0.047410553442986614
0,0,0.045100474877965945
0,0,0.04505338031759989
0,0,0.03962543785822125
0,0,0.04317426647841481
0,0,0.044885241372419206
0,0,0.03641550225289118
0,0,0.03177846323565991
0,0,0.0424600153880384
1,0,0.04297152914217426
0,0,0.04491074898777561
0,0,0.04148395002640416
0,0,0.04529032914814521
0,0,0.04368154453503623
0,0,0.04136762309320919
1,0,0.044303413669790084
0,0,0.045649311653886075
0,0,0.04465710212366518
1,0,0.043793022942574825
0,0,0.044247492126572356
0,0,0.05274521330292235
0,0,0.0529474296479606
0,0,0.034775342251177184
0,0,0.053748646331316124
0,0,0.044554787346843136
0,0,0.0444166923580968
0,0,0.04223942955104685
0,0,0.043419866458395205
0,0,0.04358419317619314
0,0,0.04372055615307253
0,0,0.0435752852754963
0,0,0.04462702129642026
1,1,0.9999896388865709
0,0,0.044641090420284475
0,0,0.04485898254267936
0,0,0.043734799761950466
0,0,0.0417175740645076
0,0,0.030788744750140686
0,0,0.04383014559243153
0,0,0.04340592639074356
0,0,0.041247446572163206
0,0,0.04430847141653337
0,0,0.04618797929002815
0,0,0.0646544894488101
0,0,0.041967563370104086
0,0,0.05309858213542492
0,0,0.04468561859071687
0,0,0.04445555956882823
0,0,0.0444536173607934
0,0,0.04249640220159333
0,0,0.04323781961972556
0,0,0.04386524255612938
0,0,0.042983478786506144
1,0,0.041515032702912624
0,0,0.05370538279867956
0,0,0.044663016708142635
0,0,0.04406538774497072
0,0,0.04399486790698657
0,0,0.05415672832202844
0,0,0.04406859222694912
0,0,0.045738680409480204
0,0,0.048393917386880154
0,0,0.04490590254048918
0,0,0.03451193869416215
0,0,0.04462063885779554
0,0,0.04252132274438316
0,0,0.04976940375500533
0,0,0.04573218966684662
0,0,0.04315580243230504
0,0,0.0358979446340286
0,0,0.02572484652572696
0,0,0.04538919980357964
0,0,0.044581769472468086
0,0,0.0439771236399545
0,0,0.0402011022486176
0,0,0.04508140077120444
0,0,0.04218823096917469
0,0,0.05304699369652701
0,0,0.045273232464382585
0,0,0.052729559298547835
0,0,0.043721726754139954
0,0,0.04377225564540989
1,0,0.04214187315393052
0,0,0.044824731586082966
0,0,0.04380033956260097
0,0,0.04240725431067143
0,0,0.0443346510130722
0,0,0.0426002748987713
1,0,0.04259079903076513
0,0,0.03425756020257986
0,0,0.043258218793928396
0,0,0.043526242893314075
1,0,0.04200621025747807
0,0,0.0420614824801129
0,0,0.04150536188943524
0,0,0.04498624755085838
0,0,0.05253503480726852
0,0,0.080314570989191
0,0,0.04299654232702802
0,0,0.044923556955990374
0,0,0.02602391098461468
0,0,0.04237677648054456
0,0,0.045065638382492945
0,0,0.0458057191176433
0,0,0.045044895113230156
0,0,0.0437312386434307
0,0,0.04226932768920327
0,0,0.044663016708142635
0,0,0.04236376605709767
1,0,0.04379161036722359
0,0,0.04511954128551076
1,0,0.04285668408229575
0,0,0.04504823098398088
0,0,0.042568560037708675
0,0,0.04338454792774108
0,0,0.0446388128157203
0,0,0.044863729680705934
0,0,0.04337086735521058
0,0,0.04328770635042088
0,0,0.04252784208200912
0,0,0.041056751519712845
0,0,0.049782071175540406
0,0,0.03343963388294961
0,0,0.04101920361980188
0,0,0.04420807490858494
0,0,0.04593108002919274
0,0,0.04516189896360406
0,0,0.044658520021575415
0,0,0.059054049754185274
0,0,0.0431769769023278
0,0,0.045012595520241616
0,0,0.04446457638963292
0,0,0.04352470557789442
0,0,0.04371448665361394
0,0,0.04606465265645185
0,0,0.044909124650925246
0,0,0.04336936603775416
0,0,0.04320966762426137
0,0,0.03872660682865665
0,0,0.04385767555984571
0,0,0.04198024672795375
0,0,0.04333843726378915
0,0,0.04393305402248988
0,0,0.042735654442271204
0,0,0.04572143516254324
1,0,0.039805138937171934
0,0,0.045937547746918855
0,0,0.04441670860013878
0,0,0.04106088574598934
0,0,0.04344972619119423
0,0,0.04536321764554896
0,0,0.04282089997836406
0,0,0.0440545871010616
0,0,0.041383416295284366
0,0,0.0426718182593682
1,0,0.04462818206097768
0,0,0.04596148684048816
0,0,0.04458698622667581
0,0,0.045692710895256776
0,0,0.0519765542794909
0,0,0.042832398046488265
0,0,0.030969567626041514
0,0,0.043751324637175966
0,0,0.043940075134072255
0,0,0.044052636232928835
1,1,0.9999999999999962
0,0,0.04096966851505705
0,0,0.04268103147808525
0,0,0.05504428291987151
0,0,0.041890291251574355
0,0,0.04283355678688525
0,0,0.04099727673863144
0,0,0.039020019510758855
1,0,0.045065956213721885
0,0,0.05061365091107185
0,0,0.04404436330357302
0,0,0.044537120198150995
0,0,0.03919352815397366
0,0,0.04320717809701613
0,0,0.043929869991424925
0,0,0.04105992866894192
0,0,0.04430142488265231
0,0,0.043835221956471826
0,0,0.04135692059994344
0,0,0.042346046596303484
0,0,0.04498767540726705
0,0,0.0432732301895479
0,0,0.04443486503357576
0,0,0.04517834442563705
0,0,0.04523025166700072
0,0,0.043170093688544124
0,0,0.052836400759505284
0,0,0.04502260131979834
0,0,0.05088862405696183
0,0,0.03746192769136566
0,0,0.04489632429544508
0,0,0.03923340851652627
0,0,0.0430425505554255
0,0,0.04499701953458667
0,0,0.0435741177531204
0,0,0.04461070163732215
0,0,0.04426594651451161
0,0,0.04349728084460188
0,0,0.04422075173992467
0,0,0.04514742670072666
0,0,0.04347538905631069
0,0,0.035562708592626606
0,0,0.04457125827015668
0,0,0.044356854502674244
1,0,0.043734799761950466
0,0,0.04559271448469924
0,0,0.03944771788363422
0,0,0.045155342381632164
0,0,0.04559685188614731
0,0,0.04475195977265521
0,0,0.044853642498445076
0,0,0.04310639706850639
0,0,0.04572508693597768
0,0,0.04422075173992467
0,0,0.04230842231532353
0,0,0.02991645019065569
0,0,0.055204094342587856
0,0,0.04143481961201461
0,0,0.04073235332771686
1,0,0.04442421358447519
0,0,0.04231672859346784
0,0,0.04193538285479748
0,0,0.050619260702371244
0,0,0.04579098599070156
0,0,0.04471300048422535
0,0,0.03308583768164301
0,0,0.04364557056648964
0,0,0.044739033121604786
0,0,0.04048965634999776
0,0,0.040600775321864804
0,0,0.04347652454608101
0,0,0.042438703346841106
0,0,0.043259925295689554
0,0,0.040067187622618704
0,0,0.045246151144625664
0,0,0.045044895113230156
0,0,0.04498837215675257
0,0,0.0443346510130722
0,0,0.044664418186232194
0,0,0.04355810572705798
0,0,0.04420215061995929
0,0,0.04403016955576404
0,0,0.04398375456131736
0,0,0.04423422246713154
0,0,0.043883112001895576
0,0,0.032865583886486326
0,0,0.04919370852604084
0,0,0.04539366369052266
0,0,0.040887418839508326
0,0,0.04273906394177139
0,0,0.04256715992290979
0,0,0.044325665595835805
0,0,0.04518607871169653
0,0,0.03664263562964209
0,0,0.04353727451802012
0,0,0.035283535746159236
0,0,0.04542091779621704
0,0,0.04584712722332722
0,0,0.04441137618527253
0,0,0.042931081375762514
0,0,0.04072283179994554
1,1,0.999999999999996
0,0,0.04074002773339315
0,0,0.04385767555984571
0,0,0.05030299684951091
0,0,0.0716813837312563
0,0,0.04356921974151985
0,0,0.042037112004988476
0,0,0.03642123034471052
0,0,0.04595686466210321
1,0,0.044928934633020674
0,0,0.04493909714678173
0,0,0.04405663750351067
0,0,0.04437017377730971
0,0,0.04586370486434011
0,0,0.033168321738539064
0,0,0.044532832610403986
0,0,0.0380972327518656
0,0,0.04046349422869736
0,0,0.03768032032677776
0,0,0.044621884701779815
0,0,0.04399958219830161
0,0,0.04337518377587761
0,0,0.044816489868288685
0,0,0.053228236959549785
0,0,0.04069082299353824
0,0,0.04504796745817014
0,0,0.04452466980095076
0,0,0.043343132268615296
0,0,0.042009875715378904
0,0,0.04382841695385369
0,0,0.04319635694526375
1,0,0.05345819924043309
0,0,0.044383193902195764
0,0,0.042586041728387806
0,0,0.04174908046242217
0,0,0.04306789760840574
0,0,0.03539479688072207
0,0,0.041998303853915536
0,0,0.04453749431810306
0,0,0.0453467909134724
0,0,0.04296491808370589
1,0,0.04750864424366429
0,0,0.05150029690383536
0,0,0.06275080666328392
0,0,0.04007746963905177
0,0,0.04382333873198992
0,0,0.04331841092125653
1,0,0.04405700280688067
0,0,0.04304701337406204
0,0,0.05067283024357381
0,0,0.0451625167405869
0,0,0.0426204383399853
0,0,0.04504343864188656
0,0,0.044704576384826646
0,0,0.037199074112368224
0,0,0.04369383690685116
0,0,0.04345989777400955
1,0,0.04269582023575867
0,0,0.04398544076990903
0,0,0.04578052270284674
0,0,0.04471206208285178
0,0,0.041223853895379
0,0,0.04417398557291491
0,0,0.05084423313308374
0,0,0.043672548126281165
0,0,0.04250414929123921
0,0,0.04496499846040616
0,0,0.044553494074411316
0,0,0.042924122351773786
0,0,0.042335334866776014
0,0,0.05574572314939893
0,0,0.05217607861513925
1,0,0.05265594331498626
0,0,0.02141634209270501
0,0,0.04255842062344511
1,0,0.04385767555984571
0,0,0.044864285833197036
0,0,0.04494344151327298
0,0,0.04242031337732838
0,0,0.043243375438873896
0,0,0.05980148705689473
0,0,0.044513544482253045
0,0,0.04560182048474977
0,0,0.04458071240683498
0,0,0.04502260131979834
0,0,0.044009595836536984
0,0,0.04515635000791405
0,0,0.04457981291667085
0,0,0.042333341953615426
0,0,0.04493202099584432
0,0,0.04483346676850326
0,0,0.04373529454764947
0,0,0.04504691878812909
0,0,0.039860634892987336
0,0,0.042492969232655955
0,0,0.04508568637582253
0,0,0.045460414736327
0,0,0.05461692419235711
0,0,0.04463960301201138
0,0,0.04604988852332471
0,0,0.045527640747879856
0,0,0.04302232728557773
0,0,0.06487588084097255
0,0,0.04436230200737182
0,0,0.02931770427172865
0,0,0.041995111289115775
0,0,0.04308220964219112
0,0,0.0416533199794381
0,0,0.04462702129642026
0,0,0.04498624755085838
0,0,0.043444702775635315
0,0,0.04501941669461258
0,0,0.03579593997367973
0,0,0.04457254292856201
1,0,0.044902281793765625
0,0,0.04521457075034454
0,0,0.0447031570930615
1,1,1.0
0,0,0.044650195142828954
0,0,0.043617867625283746
0,0,0.042322568348345274
0,0,0.04385388340420104
0,0,0.04698337151085233
0,0,0.043058872689448635
0,0,0.04356921974151985
0,0,0.04498719945033255
0,0,0.04369613252820509
0,0,0.0446072434213127
0,0,0.04433016457273344
0,0,0.05309014600004639
0,0,0.04569372117773923
0,0,0.033786265342620726
0,0,0.04378514807209941
0,0,0.07015674308907607
0,0,0.04099699214259194
0,0,0.04436134216900347
0,0,0.04338374949175329
0,0,0.04488282818013538
0,0,0.05099261802785723
0,0,0.0427953994407761
0,0,0.03871404937483598
0,0,0.04344828985999266
0,0,0.05180450434315344
0,0,0.044318967418334895
0,0,0.04376161930497932
0,0,0.04162936076656542
0,0,0.0459188316065592
0,0,0.04381630562626004
0,0,0.028381175112764702
0,0,0.04480376714884003
0,0,0.042144617270682166
0,0,0.04102782193552855
0,0,0.04232879350493141
0,0,0.020480523680076305
1,0,0.04489432115021716
0,0,0.04594062283891283
0,0,0.04089460433982376
0,0,0.04560277819555553
0,0,0.043076400513050506
0,0,0.045198791249945296
0,0,0.062086344588671925
0,0,0.041574243881217374
0,0,0.04421555496507891
0,0,0.0417618541948357
0,0,0.04570998512399192
0,0,0.04489575354248215
0,0,0.07333408302635344
0,0,0.04456416008100107
0,0,0.04502686754273958
0,0,0.0447246638585134
0,0,0.052721776706867236
0,0,0.04562798310744886
0,0,0.03826238352266085
0,0,0.044570079225620576
0,0,0.044877919132172865
0,0,0.04038277373000411
1,0,0.04423405765152089
0,0,0.046117364408658185
0,0,0.05367769310384077
0,0,0.03768032032677776
0,0,0.05125850054913735
0,0,0.046056386103731736
0,0,0.040972403782481785
0,0,0.03402409687588812
0,0,0.044785044895075586
0,0,0.04528520138840997
0,0,0.043703477746181746
0,0,0.042320357655611276
1,1,0.9999893590239198
0,0,0.044668849848664115
0,0,0.04290346694797431
0,0,0.04439461080912764
0,0,0.04414553252311742
0,0,0.04256831433312664
0,0,0.04445784688495586
0,0,0.027980764231217876
0,0,0.041877579176646584
0,0,0.04301560965300305
0,0,0.04427382289286529
0,0,0.044321830190126935
0,0,0.042150017498948915
0,0,0.043719166672478306
0,0,0.04422625575389714
0,0,0.04263525936582921
0,0,0.04337656281991489
0,0,0.04262716240256511
0,0,0.04393284038287408
0,0,0.04219189131211231
0,0,0.04459954644764712
0,0,0.04397591132382909
0,0,0.04599979736754748
0,0,0.04007881822067649
0,0,0.04342700268463936
0,0,0.04360564818196393
0,0,0.04526454031146192
0,0,0.04115372648664798
0,0,0.04350419773158624
0,0,0.044381784339726435
0,0,0.04549159994067598
0,0,0.04615952261020983
0,0,0.04217987600988187
0,0,0.041860518581231076
0,0,0.050113109082478666
0,0,0.042024766864563586
0,0,0.04404964528769455
0,0,0.03368949726783578
0,0,0.04476616939372593
0,0,0.05413363294779497
0,0,0.04641713928906912
0,0,0.04498719143574615
0,0,0.04549395464216913
0,0,0.040434989040212595
0,0,0.037420310796621954
0,0,0.043813475680109425
0,0,0.04504478846293335
0,0,0.04416780191095735
1,0,0.04439704517267019
0,0,0.055336828044463875
0,0,0.04535561126342337
0,0,0.04398562548582202
0,0,0.04385769160685165
0,0,0.043146369317000964
0,0,0.04361542275702146
0,0,0.044663016708142635
0,0,0.045488706398732676
0,0,0.04529900520749936
0,0,0.043962788388865554
0,0,0.043535421068317585
0,0,0.04480324105199219
0,0,0.04359560007139036
0,0,0.0460473499689153
0,0,0.04295081177304616
0,0,0.05042810916765243
0,0,0.044219347097721254
0,0,0.04350917111305921
0,0,0.041755072597148724
0,0,0.04463123825781103
0,0,0.04336791173722036
0,0,0.0362918931408395
0,0,0.043127437847079376
0,0,0.05273967539408204
0,0,0.04535986066189802
0,0,0.04236118229781847
0,0,0.04308215403101888
0,0,0.03895107019884957
0,0,0.04501798787826138
0,0,0.04494312423337639
0,0,0.04598032052463687
0,0,0.03759900232546299
0,0,0.04479767507824531
0,0,0.04470409531628622
0,0,0.044469845110970824
0,0,0.04495031560673189
0,0,0.04564819297599862
0,0,0.043573091463808535
0,0,0.0317264727594895
0,0,0.053283495332612195
0,0,0.04532353345972632
0,0,0.04615138135755142
0,0,0.04413928902440463
0,0,0.040582610099536794
0,0,0.04131585771481135
0,0,0.04408279913138545
0,0,0.04368558005395424
0,0,0.04206264819056329
0,0,0.04450452293900552
0,0,0.05208520843324637
0,0,0.04271298970196054
0,0,0.04432129969639152
0,0,0.043396069683481996
0,0,0.0449159775983263
1,0,0.04363142295573092
0,0,0.043962788388865554
0,0,0.040241166761213774
0,0,0.045429856286833256
0,0,0.04499701953458667
0,0,0.046047245961301275
0,0,0.046119476235480225
0,0,0.04581025997977309
0,0,0.04309836293979328
0,0,0.042610633417054546
0,0,0.030488444639991598
0,0,0.04220401526779522
0,0,0.03600355894311881
0,0,0.041173701194430985
0,0,0.044423921863629486
0,0,0.043425240412202484
0,0,0.04528931765447178
0,0,0.03358777895101721
0,0,0.04199367917465499
0,0,0.04525946940487629
0,0,0.05455417721520487
1,1,1.0
0,0,0.044671433342279424
0,0,0.042576433111459124
0,0,0.041058349795026594
0,0,0.044598594419013406
0,0,0.043644183360244004
0,0,0.04315601055559216
0,0,0.041841694337853286
0,0,0.043818011093314436
0,0,0.04453867254082996
0,0,0.044262952956936316
0,0,0.0445764679409816
0,0,0.03891478451286415
0,0,0.042692800326714096
0,0,0.044176210329202575
0,0,0.0402011022486176
0,0,0.04468717865812818
0,0,0.04175286200185393
1,0,0.04253145352380395
0,0,0.04318057720126
1,1,1.0
0,0,0.045101946771676976
0,0,0.049322123115386356
0,0,0.04140264210275188
0,0,0.030907824060651425
0,0,0.05562634659349494
0,0,0.04517691080388772
0,0,0.026015849266336846
0,0,0.04198817976584267
0,0,0.04382372195853698
0,0,0.04336791173722036
0,0,0.04521695047821459
0,0,0.04444819547098072
0,0,0.04371097783352513
0,0,0.043058872689448635
0,0,0.04522625576959808
0,0,0.04363823044428789
0,0,0.04464119310098508
0,0,0.043413181273751406
0,0,0.05205638137619882
0,0,0.04397753758169017
0,0,0.04441746215621745
0,0,0.04450494839633192
0,0,0.04341501777196725
0,0,0.0458918165581233
0,0,0.04283881768517634
0,0,0.04401960091730079
0,0,0.04342839171223465
0,0,0.04489209645281486
0,0,0.03542682234654497
0,0,0.04327117465867434
0,0,0.042975164884568845
0,0,0.04515039276979667
0,0,0.04285568413383476
0,0,0.044559079529100945
1,0,0.04114137457835399
0,0,0.044823445803289355
0,0,0.03812856332153496
0,0,0.043655318599876716
0,0,0.04315652773151218
0,0,0.04422075173992467
0,0,0.04436082345679991
0,0,0.04466146901108887
0,0,0.044308794823213614
0,0,0.042651164404788604
0,0,0.04221096693028979
0,0,0.04064195025110779
0,0,0.03559775608941743
0,0,0.04385767555984571
0,0,0.039420352899958155
0,0,0.0451193915317272
0,0,0.05249575338056037
0,0,0.044997774867750966
0,0,0.04397914311582297
0,0,0.04263743702805034
0,0,0.038703105779621744
0,0,0.04298128883406631
0,0,0.04458272910459867
0,0,0.04446301899084632
0,0,0.04523394567247569
0,0,0.04255235859611718
0,0,0.04498701853499811
0,0,0.042789224057788164
0,0,0.043243375438873896
0,0,0.03929674683480522
0,0,0.04510205327794964
0,0,0.038815718442239855
0,0,0.044921307689943554
0,0,0.04385767555984571
1,0,0.0429374551866757
0,0,0.04462560435187214
0,0,0.02416842619928514
1,0,0.04450609325174656
0,0,0.04399536248330206
0,0,0.038705703537176596
0,0,0.04083083913290631
0,0,0.044105953153854474
0,0,0.04603589150068122
0,0,0.04438988862351041
0,0,0.044073278651498626
0,0,0.044752152327162946
0,0,0.04505436608676567
0,0,0.039685424199470715
0,0,0.04221947677382931
0,0,0.04528376453663754
0,0,0.04386826134482939
0,0,0.05336971104434511
0,0,0.04164217868111404
0,0,0.040471979606132955
0,0,0.04612960338269461
0,0,0.04032446455425443
0,0,0.05339317057715081
0,0,0.041092285502738
0,0,0.04355857502571557
0,0,0.044206558415775955
0,0,0.044539119342770286
0,0,0.043461448813011436
0,0,0.04067067416206731
0,0,0.04359197804724932
0,0,0.042431335885152105
0,0,0.042041487032052294
0,0,0.03555887621998061
0,0,0.04223487101072477
0,0,0.034955973394830635
1,0,0.04490159390403739
0,0,0.044892011339471585
0,0,0.04522426166412337
0,0,0.04219407600218983
0,0,0.052124746115322036
0,0,0.043121982765181754
0,0,0.04311415405450329
0,0,0.03549161893978831
0,0,0.044973837828457965
0,0,0.04445414781501534
0,0,0.04076686522703904
0,0,0.046130253329865964
0,0,0.042031139785159814
0,0,0.04450494839633192
0,0,0.03473651559343818
0,0,0.045872854431407734
0,0,0.04333546061881444
0,0,0.04231500305097288
0,0,0.04598032052463687
0,0,0.045212521386295425
0,0,0.04331687954776932
0,0,0.043777549541176644
0,0,0.040397915039928685
0,0,0.04210281146257195
0,0,0.049725015510013744
0,0,0.04351845031382286
0,0,0.04514414988025825
0,0,0.04262191846280308
0,0,0.04846201896170144
0,0,0.04190519884163792
0,0,0.04378389615186793
0,0,0.04479609495991937
0,0,0.04472233954854292
0,0,0.04447766697447494
0,0,0.04570982627055035
0,0,0.044812882065738135
0,0,0.041841694337853286
0,0,0.04485934114423149
0,0,0.03700627280196615
0,0,0.04316515435479237
0,0,0.043613953928796474
0,0,0.04507342586246153
0,0,0.03610942547391939
0,0,0.045182644501373874
0,0,0.04319635694526375
0,0,0.04839181374503568
0,0,0.03730066072447527
0,0,0.042158809198299695
0,0,0.0383591841287593
0,0,0.04486935035057285
0,0,0.04319635694526375
0,0,0.043613953928796474
0,0,0.04072016125404602
0,0,0.04556567313955628
0,0,0.04410213682039273
0,0,0.043083236984046376
0,0,0.045086596622683495
0,0,0.044979521230120306
0,0,0.04347652454608101
0,0,0.04369956278385265
0,0,0.0447389414684218
0,0,0.04171479567493141
0,0,0.04199837773761546
0,0,0.045024030275671145
0,0,0.04065717032170529
0,0,0.044689949470452704
0,0,0.04637341386902434
0,0,0.018839131695815286
0,0,0.04588664832078731
0,0,0.042405152952528266
1,0,0.04545182871380109
0,0,0.04410197644206539
0,0,0.04019551456790578
0,0,0.044240390994965934
0,0,0.0530731847369379
1,1,1.0
1,1,1.0
0,0,0.043303459199825534
0,0,0.04400998089301178
0,0,0.0442007505176039
0,0,0.06273210043547485
0,0,0.044926293438142924
0,0,0.04535133152450202
0,0,0.04495225760770974
0,0,0.04367239389925423
0,0,0.04289037052698277
0,0,0.04201113246456893
0,0,0.041869845354752064
0,0,0.04542091779621704
0,0,0.04248610135517058
0,0,0.044671433342279424
0,0,0.04486385204874325
0,0,0.04530528697903573
1,0,0.043850704847824856
0,0,0.042720540623380335
1,0,0.054404533459599363
0,0,0.04524512349646726
0,0,0.044250240919667325
0,0,0.03994598952686068
0,0,0.05207194882717081
0,0,0.04526279429884863
0,0,0.04251877296536162
0,0,0.041663200051540554
0,0,0.04105593111997865
0,0,0.042830219045649896
0,0,0.04385767555984571
0,0,0.053671379341444427
0,0,0.04432454218802465
0,0,0.044470855970494515
1,0,0.052521181131173975
0,0,0.0415023918345871
0,0,0.04242677925153749
0,0,0.04303130877759375
0,0,0.04333169028675076
0,0,0.04616465887237409
0,0,0.05221039571931226
0,0,0.04087558219730186
0,0,0.04504632474330118
0,0,0.044307657575964304
1,0,0.04349687758355712
0,0,0.04410139401575896
0,0,0.04547717101691946
0,0,0.04263669311986027
0,0,0.044704576384826646
0,0,0.044113463925417484
0,0,0.053529269877933515
0,0,0.03823665475407021
0,0,0.04197264512194318
0,0,0.04504478846293335
0,0,0.02806549463369408
0,0,0.03661728488165438
0,0,0.10340541181463178
0,0,0.044183217261951395
0,0,0.042399133670963006
0,0,0.04538746689608108
0,0,0.03732511752412421
0,0,0.045265198699529066
0,0,0.04385767555984571
0,0,0.0435247215086164
0,0,0.043500725324487455
0,0,0.04422075173992467
0,0,0.040689974067811274
0,0,0.04584986355151464
0,0,0.04231408393148636
0,0,0.042097870946263556
0,0,0.043047194326519524
1,0,0.04436284723320587
0,0,0.04510990753476074
0,0,0.04430332962079041
1,0,0.04292366278836738
0,0,0.04410369923957669
0,0,0.05208777794753277
0,0,0.043346513060915304
0,0,0.04326199615525335
0,0,0.050368935835270495
0,0,0.04336852956944965
0,0,0.04373110762178735
1,1,0.9999855375247511
0,0,0.044978821530751445
0,0,0.04094156696315224
0,0,0.045250156708918174
0,0,0.04386561570561446
0,0,0.044931463426419536
0,0,0.04469452304157923
0,0,0.03782791491128377
0,0,0.04271979780755336
0,0,0.04301560965300305
0,0,0.04453070714310054
0,0,0.0440121685852712
0,0,0.04417621530856851
0,0,0.0444040431538245
0,0,0.03682010734178058
0,0,0.04423494044526255
0,0,0.046028664113297896
0,0,0.041679369303691
0,0,0.042589973072333906
0,0,0.04336141342794142
0,0,0.04320311299802639
0,0,0.04028752331808629
0,0,0.04458248834550463
0,0,0.04346173178315544
0,0,0.04106387672898038
0,0,0.0448072026250534
0,0,0.04333436724964951
0,0,0.037945315015549215
0,0,0.0927497205394853
1,0,0.04270458890504892
0,0,0.044427389473284035
0,0,0.042407762911282974
0,0,0.04546766522060288
0,0,0.044658520021575415
0,0,0.04423593873044529
0,0,0.044998447716786676
0,0,0.04387181758923805
0,0,0.039138610296389584
0,0,0.04342269432191949
0,0,0.044877973123610054
0,0,0.04360831855702668
0,0,0.04561875516505923
0,0,0.04475563665330398
0,0,0.043648758558002175
0,0,0.043642284837600694
0,0,0.05495989730901104
0,0,0.04360816454647963
0,0,0.04553847734778839
0,0,0.045680743265239236
0,0,0.04031383029256928
0,0,0.04326964957850674
0,0,0.04524941779817903
0,0,0.04233147679507253
0,0,0.039131041550311184
0,0,0.044963497960353475
0,0,0.047246774274100505
0,0,0.04410369923957669
0,0,0.04104468037916976
0,0,0.03641228169067777
0,0,0.04497324750989975
1,0,0.04385767555984571
0,0,0.04536365548006149
0,0,0.05279197759347925
0,0,0.045086596622683495
0,0,0.0008244743203328781
0,0,0.04466261770467106
0,0,0.045550210817781586
0,0,0.03638492757038373
0,0,0.01134596239246026
0,0,0.05054978770339647
0,0,0.043831249491958234
0,0,0.03458468103856824
0,0,0.04356921974151985
0,0,0.04399958219830161
0,0,0.0433316744234804
0,0,0.0438974509027672
0,0,0.054098179527665664
0,0,0.043410580439388065
0,0,0.04450664490786112
0,0,0.04394015551297563
0,0,0.053301509789470645
0,0,0.04553447457479825
0,0,0.039941459989946
0,0,0.04476811260879931
0,0,0.05724974063853101
0,0,0.04560039203939713
1,0,0.04524619178440143
0,0,0.04322685259338612
0,0,0.04604842857908966
0,0,0.04221236706205692
0,0,0.04520887839480334
0,0,0.04524160135209988
0,0,0.04396443301584745
1,0,0.04373573092499932
0,0,0.04475029462950059
0,0,0.039359180690704446
0,0,0.04238414323748077
0,0,0.043234676114614456
0,0,0.04434172994939681
0,0,0.045109306926771724
1,0,0.04493928786832943
0,0,0.041486143773850945
1,1,0.9999891917342287
1,1,1.0
0,0,0.04474732369228106
0,0,0.05216318301951628
0,0,0.04540534814471723
0,0,0.04015160058061321
0,0,0.043797932611945915
0,0,0.04559604971683874
0,0,0.062083512297849676
0,0,0.04067067416206731
0,0,0.042248429659341516
0,0,0.05249979978690365
1,0,0.045212433559279064
0,0,0.04361497349068282
0,0,0.04325493134458071
0,0,0.04545030423230056
0,0,0.04501011343620807
0,0,0.03709440751281871
0,0,0.04364759162125075
0,0,0.04381989900485552
1,0,0.045680743265239236
0,0,0.04325243457544597
0,0,0.0459962447710795
0,0,0.042984498895254734
0,0,0.044042128503043836
0,0,0.0517653714577335
0,0,0.04604842857908966
0,0,0.04373310698383745
0,0,0.04534550639509444
0,0,0.04279185659906376
0,0,0.04031711676728627
0,0,0.04366767644160113
0,0,0.03997834832151896
0,0,0.03919782320547083
0,0,0.043814594945459806
0,0,0.043387632614324066
0,0,0.04452116259907688
0,0,0.04364805405311873
0,0,0.043287951923266996
0,0,0.044205799848501585
0,0,0.04486959565943179
0,0,0.043413181273751406
0,0,0.04452178300619885
0,0,0.043402834507609254
0,0,0.03994902193140845
0,0,0.039712360582831494
0,0,0.04401520292479007
0,0,0.042645352932853965
0,0,0.045379649770733964
0,0,0.04481390745587976
0,0,0.044116282836412855
0,0,0.052444159179160434
0,0,0.03914805667180883
0,0,0.04490567694159137
0,0,0.042072992320290784
0,0,0.03938266955037133
0,0,0.04479698871589694
0,0,0.04498560494755457
0,0,0.04304004973257491
0,0,0.04317566280408333
0,0,0.04352470557789442
0,0,0.04301024657367178
0,0,0.0449366930350588
0,0,0.04556626774445452
0,0,0.04586505847861726
0,0,0.043183930074889736
0,0,0.032319386945346563
0,0,0.040828131640293815
0,0,0.043256016531894606
0,0,0.04276343224081622
0,0,0.06142075226884124
0,0,0.03831951621122424
0,0,0.0426762756213184
0,0,0.045708918928865305
0,0,0.0407381282912382
0,0,0.04566986546518998
0,0,0.04405691920380248
0,0,0.04497137223152424
0,0,0.040543812105358984
0,0,0.044540557215738595
0,0,0.03867915472400097
1,1,0.9999999999999962
0,0,0.04506499469864912
0,0,0.046803680161967544
0,0,0.05229453797126307
0,0,0.041469418021629074
0,0,0.04514579943164156
0,0,0.041785738482208755
0,0,0.041196591250603494
0,0,0.04558717304686196
0,0,0.04498040779098259
0,0,0.04497543754989599
0,0,0.04277680637821253
0,0,0.0440312605464993
0,0,0.04363692084641888
0,0,0.0455284836195433
0,0,0.04381405147390745
0,0,0.0443603624067074
0,0,0.03919947758331522
0,0,0.044512410973569554
1,0,0.04025667332906368
0,0,0.04237954776744331
0,0,0.04526760494517183
0,0,0.052448456836690714
0,0,0.04372040149927448
0,0,0.040437496784448614
0,0,0.045642028727857525
0,0,0.04130147271793262
0,0,0.0427126885065312
0,0,0.043058872689448635
0,0,0.04508283150519079
0,0,0.043794697501117946
0,0,0.04355758003671125
0,0,0.04018329898300715
0,0,0.044633313975576266
0,0,0.03983646106047202
0,0,0.045197571966156855
0,0,0.04119778378273071
0,0,0.04508662717145585
1,0,0.04422075173992467
0,0,0.04485444383436211
0,0,0.04510715250156321
0,0,0.04587851295849344
0,0,0.044869571403955366
0,0,0.042864728490851364
0,0,0.042628420466386215
0,0,0.040923697016532444
1,0,0.03379456021739018
0,0,0.042516201072638364
0,0,0.042273897149079045
0,0,0.04514659536027068
0,0,0.04347652454608101
0,0,0.04444172007860789
0,0,0.04355883216142159
0,0,0.04471369379275654
0,0,0.04514659536027068
0,0,0.04351998741835614
0,0,0.045348187357217754
0,0,0.04325493134458071
0,0,0.040539188932145045
0,0,0.04385767555984571
0,0,0.04122834456833908
0,0,0.041167926671180376
0,0,0.043625551530520286
0,0,0.04574972138299707
0,0,0.04402868606307302
0,0,0.045306050069090546
0,0,0.044299008343812486
0,0,0.044207935047030675
0,0,0.04280992218337094
0,0,0.04275327738842175
0,0,0.04588632497968603
0,0,0.043907837948824205
1,0,0.07374133830751058
0,0,0.05272530584478486
0,0,0.04464105777977109
1,0,0.0454244578002625
1,0,0.04181271474465212
0,0,0.04433467837166076
0,0,0.04522218041792327
0,0,0.03641276930157199
0,0,0.04190577402484458
0,0,0.041576107620945435
0,0,0.041737829912199084
0,0,0.04284800257013975
0,0,0.03981833837489977
0,0,0.05602765760396333
0,0,0.04275070433466631
0,0,0.04488584501447663
0,0,0.042865209955489925
0,0,0.04578404271918894
0,0,0.039422608961230406
0,0,0.043660380705761524
0,0,0.04444050821066815
0,0,0.04347849151623536
0,0,0.04371935865658025
0,0,0.044314005085788595
0,0,0.05289689846749962
0,0,0.04140560000912457
0,0,0.06580185514069109
0,0,0.041135279194115394
0,0,0.0443258126345431
0,0,0.04596132491869219
0,0,0.046023753615211764
0,0,0.044663016708142635
0,0,0.04167004612959702
0,0,0.04309167144227873
0,0,0.043526242893314075
0,0,0.0453388400210249
0,0,0.04220874369679719
0,0,0.044546088253591146
0,0,0.0430715996275014
0,0,0.04139573435714622
0,0,0.04049570527805703
0,0,0.04399486790698657
0,0,0.0425043582419624
1,0,0.045197731324722795
0,0,0.044180031830070805
0,0,0.0447321127676634
0,0,0.03933900163193545
0,0,0.041723604648125655
0,0,0.04416813773371616
0,0,0.04556811956021694
0,0,0.04463123825781103
0,0,0.04440378430327635
0,0,0.045461894705716224
0,0,0.04201550779287278
0,0,0.04499627332546877
0,0,0.0440126817306833
0,0,0.04452454404119754
0,0,0.04500195634672134
0,0,0.049365667790445183
0,0,0.04261295974752834
0,0,0.04423593873044529
1,1,1.0
0,0,0.043850550020496405
0,0,0.04533312130557191
0,0,0.04582805710672675
0,0,0.042737216664456644
0,0,0.038429512801235875
0,0,0.043605002987739394
0,0,0.04267646713256583
0,0,0.04548961020154078
0,0,0.04193256298252881
0,0,0.04498624755085838
0,0,0.17612346983355237
0,0,0.044689949470452704
0,0,0.040660231096867706
0,0,0.038447148772497566
0,0,0.04166004031228164
0,0,0.04386524255612938
0,0,0.043462842471244864
0,0,0.042879712131703454
0,0,0.04461577678555487
0,0,0.05067658041894887
0,0,0.04522625576959808
0,0,0.044879923766221554
0,0,0.04396570936890436
0,0,0.051527582997276763
1,1,0.9999891439788123
0,0,0.042240676420112235
0,0,0.043573876878505995
0,0,0.04464123546397157
0,0,0.04243291203003929
0,0,0.05222336372925697
0,0,0.04528864348907319
0,0,0.043270582508503415
0,0,0.0446485333388322
0,0,0.04567474406447966
0,0,0.0445541045322923
0,0,0.042375359427497754
0,0,0.04522625576959808
0,0,0.045671196953506105
0,0,0.044827865537230116
0,0,0.04098658856859347
0,0,0.054250934965133876
0,0,0.04295095995787557
0,0,0.04330447388085658
0,0,0.04338688977729584
0,0,0.04754575333397333
0,0,0.0409325936242472
1,1,1.0
0,0,0.03788124937443911
1,0,0.045086596622683495
0,0,0.053228236959549785
0,0,0.04422075173992467
0,0,0.044414638833852924
0,0,0.045515552890503644
0,0,0.04535620608809905
0,0,0.037210679079248306
0,0,0.04493345453436707
0,0,0.04390914017966336
0,0,0.0450378132390809
0,0,0.04324689915091456
0,0,0.04482099830047809
0,0,0.04098846901596402
0,0,0.04314139807913115
0,0,0.04028554206326809
0,0,0.04422075173992467
0,0,0.044618458013911615
0,0,0.04559736250272698
0,0,0.03784837965082569
0,0,0.048866980350149455
0,0,0.04292685603306743
0,0,0.0439802778166639
0,0,0.04470294560584427
0,0,0.04258928873336588
0,0,0.04482928860259191
0,0,0.05224762375896147
0,0,0.04323268103130869
0,0,0.04440755184205299
0,0,0.05958523629922889
0,0,0.04487626592466246
0,0,0.045350642950255635
0,0,0.04285519911334591
0,0,0.051432909262272924
0,0,0.06302427585838244
1,0,0.045731428093030255
0,0,0.04553652084187307
0,0,0.04326529441082377
0,0,0.04022857644915727
0,0,0.04505210680359168
0,0,0.04488364327071293
0,0,0.05274646163469302
0,0,0.04320974026753733
0,0,0.04507611647842038
0,0,0.043365107783735486
0,0,0.024210196598271054
0,0,0.04613198663520019
0,0,0.043156727293517105
0,0,0.04544747475519291
0,0,0.04431299432084268
0,0,0.042620900653928456
0,0,0.04531069163057543
0,0,0.04340439313197552
0,0,0.03733113076759577
0,0,0.04217466180775934
0,0,0.03994902193140845
0,0,0.04360411430643882
0,0,0.0436679708134767
0,0,0.060210566018603265
0,0,0.04266742223719881
0,0,0.0442895945093952
0,0,0.04188468993705676
0,0,0.0458214866692376
0,0,0.042907465499523324
0,0,0.04453410576317978
0,0,0.05172703390899046
0,0,0.04493396566600317
0,0,0.04382252323905699
0,0,0.04381148049100166
0,0,0.06111878417587628
0,0,0.041451274742085396
0,0,0.045701576185864456
0,0,0.05569821449157957
0,0,0.05173384479745328
1,0,0.04385306068127127
0,0,0.0542368372474196
0,0,0.044540400066154416
0,0,0.04326176682415605
0,0,0.04389383238735218
0,0,0.043108110614006295
0,0,0.04362518498565862
0,0,0.042734300604739074
0,0,0.043584917300605375
0,0,0.044810283472246124
0,0,0.04355719045855441
0,0,0.04431319682290638
0,0,0.04195972993988951
0,0,0.04401375177802946
0,0,0.044938160724023575
0,0,0.04321126696080629
0,0,0.03974431036624942
0,0,0.0407373890052494
0,0,0.033681375169822364
0,0,0.042729528317556574
0,0,0.045065638382492945
0,0,0.04292685603306743
0,0,0.05113178398053464
0,0,0.04126573542157125
0,0,0.04447485118215204
0,0,0.04446162435229591
0,0,0.04616211141871386
0,0,0.04183883133944253
0,0,0.04140166695207497
0,0,0.05749259149660088
0,0,0.04505879406945169
0,0,0.04562798310744886
0,0,0.04417895961076689
0,0,0.044469845110970824
0,0,0.043431458840559684
0,0,0.04174824747364331
0,0,0.021613257965405835
0,0,0.04579679871143947
0,0,0.04462560435187214
0,0,0.045886486649965565
0,0,0.04330638459494571
0,0,0.03378203288246381
0,0,0.03579608692297832
0,0,0.043828948502859656
0,0,0.03500422212353603
0,0,0.03956455298704979
0,0,0.04246855856401021
1,0,0.04585653308817897
0,0,0.039886086992969215
1,1,0.999999992143937
0,0,0.03996799241780296
0,0,0.04328122638234619
0,0,0.04440835092412
0,0,0.04501941669461258
0,0,0.035581153978251984
0,0,0.044359833163524244
0,0,0.041346475516288526
0,0,0.043640589426258085
0,0,0.052647506793523376
0,0,0.04372939871279155
0,0,0.044971812761617797
0,0,0.044202363824027785
0,0,0.032607685504477374
0,0,0.049917592193153906
0,0,0.04108863378739734
0,0,0.04258249984623253
0,0,0.05278808946670605
0,0,0.04552094478505158
0,0,0.04439318020212786
0,0,0.043868467126218204
0,0,0.04448112367279472
0,0,0.04412473421834506
0,0,0.045368476336773655
0,0,0.04514659536027068
0,0,0.044466302258267906
0,0,0.04425704532627775
0,0,0.04265210451743232
0,0,0.044303413669790084
0,0,0.044196120402458794
0,0,0.02567147097053667
0,0,0.045961830122180726
0,0,0.04459322182807536
1,0,0.04383491020410713
0,0,0.04076686522703904
1,1,0.9999999999999962
0,0,0.04517862408547005
0,0,0.04356921974151985
0,0,0.09148689753946958
0,0,0.04506706863984233
0,0,0.04273555738372739
0,0,0.04402929676871873
0,0,0.043421420768473294
0,0,0.04258859243786922
0,0,0.043431985793954575
1,1,0.983019206159259
0,0,0.042279576302570926
0,0,0.04219732085520444
0,0,0.04336671519047611
0,0,0.04514659536027068
0,0,0.04434133672183677
0,0,0.042997338809609646
0,0,0.04458248834550463
0,0,0.045886486649965565
0,0,0.04532076921931184
0,0,0.04575984976668021
0,0,0.043713531856253
0,0,0.042220959966833504
0,0,0.043473179093994355
0,0,0.06128292433360015
1,0,0.044628751745901134
0,0,0.04425704532627775
0,0,0.04401205118386682
0,0,0.044203710757268574
0,0,0.03610458991527325
0,0,0.04342624681962066
0,0,0.04514579943164156
0,0,0.04435567140646215
1,0,0.04489845757244939
0,0,0.04205882479968666
0,0,0.049395882235148514
0,0,0.04345050882156312
0,0,0.04448814086600748
0,0,0.04483214216902373
0,0,0.05392470152713265
0,0,0.05148770277592674
0,0,0.041339321007485996
0,0,0.043132150176363446
0,0,0.04433311382634932
0,0,0.04409585945647137
0,0,0.043853646666169734
0,0,0.044323140411705195
0,0,0.041891803831073895
0,0,0.04118301069957562
0,0,0.04087800389214663
0,0,0.044704576384826646
0,0,0.04182932579551441
0,0,0.03949295707278569
0,0,0.04265208433541869
0,0,0.04214187315393052
0,0,0.04981988738556338
0,0,0.04343955363764053
0,0,0.043545483368029034
0,0,0.04340439313197552
0,0,0.04432809358465322
0,0,0.04422108747628577
0,0,0.04181243207858346
0,0,0.03505559676917225
0,0,0.04450609325174656
0,0,0.05400144369653363
0,0,0.044509234035709826
0,0,0.04071587410890528
0,0,0.04465620524563324
0,0,0.04427964021601577
0,0,0.044149121379291424
0,0,0.039083120385731265
0,0,0.043511023032893226
0,0,0.04505082262551016
0,0,0.0387211055045721
0,0,0.04307533743502741
0,0,0.043052121692735514
0,0,0.045345898096290964
0,0,0.03967466324025267
0,0,0.041369185906469735
0,0,0.04552094478505158
0,0,0.04387702097107963
0,0,0.04385767555984571
0,0,0.04538428911962082
0,0,0.04500233699712069
0,0,0.038810815532136445
0,0,0.0445941327834991
0,0,0.03737681430265287
0,0,0.046210751592599034
0,0,0.0462123791967774
0,0,0.023854205672887274
0,0,0.03569795284236902
0,0,0.045876682635715545
0,0,0.040736472419450484
0,0,0.04522314189141172
1,1,1.0
0,0,0.04294161861827687
0,0,0.04519665717715378
0,0,0.0439149050907148
0,0,0.029718482727749365
0,0,0.04407762252264688
0,0,0.04112308315697817
0,0,0.044877919132172865
0,0,0.03521600421956243
1,1,0.9999891749050863
0,0,0.04577095368406938
0,0,0.045818202658417795
0,0,0.04562569366132662
0,0,0.04285704740116895
0,0,0.042015338756343855
0,0,0.04068465562603365
0,0,0.04221352194762936
0,0,0.04437417828191896
0,0,0.04422625575389714
0,0,0.041493919820006706
0,0,0.04555714597208783
0,0,0.044099940158432105
0,0,0.044764699762677336
0,0,0.04499174370389368
0,0,0.04545182871380109
0,0,0.04450824980516504
0,0,0.044598594419013406
0,0,0.04270176758553407
0,0,0.04465833737263579
0,0,0.04290794381771315
0,0,0.04023954415544538
0,0,0.05435398862866365
0,0,0.030735859694281466
0,0,0.04460515228154085
0,0,0.04299208030890607
0,0,0.04405700280688067
0,0,0.04406599389724118
0,0,0.043447591160740026
0,0,0.04295881471294715
0,0,0.049855429180395976
0,0,0.04404776874589793
0,0,0.044944709293924336
0,0,0.04358792924206185
0,0,0.04288371583192255
0,0,0.044698640213915335
0,0,0.04335803152616537
0,0,0.04231784324006376
0,0,0.043407773852336934
0,0,0.04385056606501476
0,0,0.04316994115580703
0,0,0.0460037864520561
0,0,0.040391384656116094
1,0,0.04104201548189222
0,0,0.04504737621249542
0,0,0.04129391322714702
0,0,0.04484450581777069
1,0,0.0441525422178239
0,0,0.044303413669790084
0,0,0.04508296329846946
1,0,0.04488278908364563
0,0,0.04517047943658115
0,0,0.04449982492840242
0,0,0.044361131273879396
0,0,0.04191075194602092
0,0,0.04425766181808106
0,0,0.04187740619347063
0,0,0.04471992176348355
0,0,0.03893539938980954
0,0,0.04279275918299859
0,0,0.04514659536027068
0,0,0.05352176490616913
0,0,0.043127437847079376
0,0,0.04278432060576584
0,0,0.040367582506320214
0,0,0.03653315317219445
0,0,0.04418435422379619
0,0,0.04053300766932415
0,0,0.0434083733587726
0,0,0.04358614658200604
0,0,0.0519220859279852
0,0,0.06377433020254164
0,0,0.03194135768010548
0,0,0.053665658203756766
0,0,0.04152569659940436
0,0,0.05441139036613527
0,0,0.03849522632082451
0,0,0.04380069549140107
1,0,0.044830615510852836
0,0,0.05325951705450519
0,0,0.043229797447077556
0,0,0.04297547053660159
0,0,0.04356921974151985
0,0,0.04438508102870281
0,0,0.043110634684381775
0,0,0.04450609325174656
0,0,0.04400695555113356
0,0,0.0439799888768441
0,0,0.04300764418249165
0,0,0.04292168397154497
0,0,0.04937865863710158
0,0,0.051040563482219324
0,0,0.04094615936634955
0,0,0.04468390958566044
0,0,0.04224533426122255
0,0,0.043185855149885835
0,0,0.03841967787680378
0,0,0.04116744394084315
0,0,0.04514516269836374
0,0,0.04438948348959514
0,0,0.043170871771208354
1,0,0.04076686522703904
1,1,0.9999999999941847
0,0,0.0437312386434307
0,0,0.04490699000263807
0,0,0.043729694418733825
0,0,0.039106786485969706
0,0,0.04355529003645577
0,0,0.04276021203949857
0,0,0.04342269432191949
0,0,0.03711579617384219
0,0,0.042098646053987394
0,0,0.042176052478276174
0,0,0.04472882516854735
0,0,0.04423593873044529
0,0,0.04520971082785201
0,0,0.042986576974203564
0,0,0.0420214718600897
0,0,0.03703179918547535
0,0,0.03937568536424532
0,0,0.04506783751164942
0,0,0.04420305766489351
0,0,0.045474838596958944
0,0,0.044606759952646104
1,1,0.9999999922646953
0,0,0.045228280665848636
0,0,0.04521944260082346
0,0,0.042409034601461434
0,0,0.04328104851606529
0,0,0.04613269070937404
0,0,0.03996177245855168
0,0,0.04530970051922132
0,0,0.04236376605709767
0,0,0.040374073072091725
0,0,0.044145411756331014
0,0,0.0505212479656547
0,0,0.04085644637880565
0,0,0.04040781999510408
0,0,0.052170871228908
0,0,0.0443116033582485
0,0,0.04336791173722036
0,0,0.045185919392271144
0,0,0.044892579449395266
0,0,0.04434133672183677
1,0,0.04136027170302829
0,0,0.038234630443500936
0,0,0.04604842857908966
0,0,0.045523110067193555
0,0,0.04319635694526375
0,0,0.04462544691623642
0,0,0.04511317786597857
0,0,0.04596490676134163
0,0,0.04837713180672497
0,0,0.040077751495775304
0,0,0.04470023536975233
0,0,0.04075367604931909
0,0,0.043082311791639634
0,0,0.0434619722008598
0,0,0.0454595415845693
0,0,0.05432302343607727
0,0,0.043818705989932275
0,0,0.05185787158801843
0,0,0.045565233172670534
0,0,0.04024312813037423
0,0,0.04559304133678827
0,0,0.04525739508965881
0,0,0.04167497179903584
1,0,0.058570489585856214
0,0,0.042338276234773
0,0,0.045508111736183764
0,0,0.03711094084973389
0,0,0.03727874190149896
0,0,0.04560794139112795
0,0,0.05293707129302028
0,0,0.04284767005350312
0,0,0.040208762290780894
0,0,0.04514659536027068
0,0,0.044960206818054314
0,0,0.04378480721772713
1,0,0.04454677095101634
0,0,0.043353781936866134
0,0,0.04478472697517667
0,0,0.04459068211275453
0,0,0.04510205327794964
0,0,0.041767309294281414
0,0,0.04441991443010345
0,0,0.04384697964342059
0,0,0.04394146769642721
0,0,0.04596623140436245
0,0,0.04509969380123839
0,0,0.044562515108972786
0,0,0.04368015623763635
0,0,0.04584054030482154
0,0,0.04301479157887509
0,0,0.044649062806502667
1,0,0.04484756868221618
0,0,0.03877092139288538
0,0,0.044652109415584895
0,0,0.06589836852633507
0,0,0.04258455987219837
0,0,0.04055009618650052
0,0,0.05160765036758058
0,0,0.04498767540726705
0,0,0.03933501497432986
0,0,0.04541894759262921
0,0,0.04068915720505552
0,0,0.04441137618527253
0,0,0.023467507324146937
0,0,0.04313370261847378
0,0,0.04422075173992467
0,0,0.054265540355861674
0,0,0.04096971080415341
0,0,0.04473593929582004
0,0,0.04230020059213875
0,0,0.041934714714444425
0,0,0.045937547746918855
0,0,0.04050256998923721
0,0,0.044980842377065795
1,1,0.9999999924179467
0,0,0.057851747473183855
0,0,0.04439060454625805
0,0,0.044665705404218964
0,0,0.023366375433337912
0,0,0.04558661148106267
0,0,0.04472066421826026
0,0,0.04358419317619314
0,0,0.04263418358861959
0,0,0.041130265982651355
0,0,0.04612960338269461
0,0,0.044816331790814186
0,0,0.042374642856063266
0,0,0.01899420148138959
0,0,0.04303336885461865
0,0,0.054260680313213114
0,0,0.04430332962079041
0,0,0.05402197970915288
0,0,0.04402868606307302
0,0,0.04284767005350312
0,0,0.04521031298296308
0,0,0.011464285978347756
0,0,0.044026768767881724
0,0,0.042893098430421946
1,1,0.9999999999955702
0,0,0.04376171538587525
0,0,0.04472318735182095
0,0,0.04260715975565922
0,0,0.044766343937490335
0,0,0.035924526595041216
0,0,0.0446835433449204
0,0,0.043526242893314075
1,0,0.04414486712939799
1,1,1.0
0,0,0.045345352200344906
0,0,0.044852684889985034
0,0,0.04234784550978946
0,0,0.04315373129570301
0,0,0.04421578817160638
0,0,0.04468561859071687
0,0,0.03995376725931521
0,0,0.04528473091232949
0,0,0.04070894898957959
0,0,0.04285722759084807
0,0,0.052452129324755604
0,0,0.04382841695385369
1,1,0.9853065429470167
0,0,0.043026386378181264
0,0,0.04455267947914342
1,0,0.044451942221136284
0,0,0.039574482695741056
0,0,0.043335869723527196
0,0,0.040397663098133856
0,0,0.043803717654256606
0,0,0.04498496824252013
0,0,0.03955710324043733
0,0,0.040745762299038556
0,0,0.04502688399739331
0,0,0.044073278651498626
0,0,0.04298004148450645
0,0,0.04457254292856201
1,0,0.0446706804409401
0,0,0.09568660973321498
0,0,0.04501788916901145
0,0,0.04274320807868219
0,0,0.040015772772271335
0,0,0.05100399024416527
0,0,0.04385767555984571
0,0,0.04179748676063036
0,0,0.04256744720621878
0,0,0.04477417493589861
0,0,0.06739142745119336
1,0,0.03854701364328051
0,0,0.043929869991424925
0,0,0.04514500351638115
0,0,0.03796105818339335
0,0,0.045619477882415736
0,0,0.0412695658385523
0,0,0.044827865537230116
0,0,0.04494860749704194
0,0,0.04498624755085838
0,0,0.04486286170905951
0,0,0.039862443310009654
0,0,0.043783448497331214
0,0,0.04360518617888277
0,0,0.045463497191389105
0,0,0.04597886267964926
0,0,0.038496056968482024
0,0,0.044521373673968245
0,0,0.04252184434336395
0,0,0.04429098143745901
0,0,0.054127364952623255
0,0,0.048793178496701964
0,0,0.0430676143926756
0,0,0.04601853651734834
0,0,0.04486377887423487
0,0,0.04474895601435603
1,0,0.04394553717670672
0,0,0.045037734170701636
0,0,0.04489797957249837
0,0,0.044889755030706156
0,0,0.04031383029256928
0,0,0.04505463767427558
0,0,0.04428888823895049
0,0,0.0381447488706065
0,0,0.03485712415619209
0,0,0.04524060885656671
0,0,0.03775424931856828
0,0,0.04268850037030283
0,0,0.03793325982788895
0,0,0.046002327898937025
0,0,0.04267468067426714
0,0,0.04446189144969117
0,0,0.04310140886185257
0,0,0.04184947248597097
0,0,0.036267715120971156
0,0,0.04596049609198484
0,0,0.04386827766137032
0,0,0.036842041207615375
0,0,0.04484722159010618
0,0,0.041943217758296375
0,0,0.043685832442720146
0,0,0.04382252323905699
0,0,0.04429729096386759
0,0,0.04338357479594994
0,0,0.04429729096386759
0,0,0.04544368066052031
0,0,0.053224515193173325
0,0,0.051637309201590376
0,0,0.04383222110962662
1,1,0.999999999997611
0,0,0.04604988852332471
0,0,0.0344782460824768
1,0,0.04434133672183677
0,0,0.043441749579478994
0,0,0.04390461115602978
0,0,0.04385767555984571
0,0,0.04422895644463611
1,0,0.045454334479719104
0,0,0.049766260374032034
0,0,0.03160052798279734
0,0,0.04212630698541075
0,0,0.044420700865953976
0,0,0.044658520021575415
0,0,0.04234453650936651
0,0,0.023540986234397432
0,0,0.04290368169604864
0,0,0.04510205327794964
0,0,0.04281872179606069
0,0,0.045230361145041156
0,0,0.046004347381049096
0,0,0.035149474849669224
0,0,0.04536669881475303
0,0,0.05110684028439088
0,0,0.04418372745997793
0,0,0.04392447589231561
0,0,0.045638003468180706
0,0,0.043318611793573755
0,0,0.05376468968846708
0,0,0.044260036816100065
0,0,0.033009112192081545
0,0,0.037552300153122116
0,0,0.04503765187859983
0,0,0.045298427372474186
0,0,0.04221236706205692
0,0,0.044751257719259294
0,0,0.04261438823244679
0,0,0.04420559060536214
0,0,0.04209350219984695
0,0,0.04082097948306514
1,0,0.04478472697517667
0,0,0.04519294144394395
0,0,0.04152278321751397
0,0,0.04398758130258363
1,0,0.042080501081012044
0,0,0.05226625271054601
0,0,0.03806446079684172
0,0,0.045890474758428
0,0,0.04491471031812891
0,0,0.045387243412490244
0,0,0.04222340433396692
0,0,0.041327210041238654
0,0,0.04446631160929283
0,0,0.038547360216135265
0,0,0.06672519383339773
0,0,0.0399605710903666
0,0,0.04408493887533996
0,0,0.05265124374000012
0,0,0.04482928860259191
0,0,0.045086053973780016
0,0,0.04422513865567483
0,0,0.046019995559588384
0,0,0.03903395229155298
0,0,0.04466307045312631
0,0,0.04393875629015598
1,0,0.044799255249693616
0,0,0.044944709293924336
0,0,0.04499581050469001
0,0,0.04553447457479825
0,0,0.038575467196674186
0,0,0.052783470275537356
0,0,0.04540641526615255
0,0,0.04367516420389887
0,0,0.045365094746317766
0,0,0.0437312386434307
0,0,0.04346522422291023
0,0,0.0380775387274002
0,0,0.04304144165166627
0,0,0.044040573805885
0,0,0.0473355201253733
0,0,0.0419836744043097
0,0,0.04335445453008862
0,0,0.04389511916085285
0,0,0.044500877727257235
1,0,0.04439060454625805
0,0,0.04412413368358806
0,0,0.04141183752138839
0,0,0.0425181822794892
0,0,0.04391685657047504
0,0,0.04422029181038515
0,0,0.042917482499571113
0,0,0.042915334005540956
0,0,0.04610703154599691
0,0,0.041834517381032145
0,0,0.04613198663520019
0,0,0.043785579986743706
0,0,0.04244168916416159
1,0,0.04346463987672164
0,0,0.04473451176358815
0,0,0.044539119342770286
0,0,0.043761095209443705
0,0,0.04487966227184426
0,0,0.04439461080912764
0,0,0.04504632474330118
0,0,0.03896531675798823
0,0,0.043143417774327925
0,0,0.04358535763187408
0,0,0.04378861784388672
0,0,0.04315525952628366
0,0,0.044383193902195764
0,0,0.0335822806792722
0,0,0.0446207101586744
0,0,0.04433731579050281
0,0,0.045882984264857415
0,0,0.04329905301976474
0,0,0.042733730210849606
0,0,0.04144077606993256
0,0,0.045421038777192606
0,0,0.05456739518344705
0,0,0.044986677396584754
0,0,0.042276004229746936
0,0,0.04054294434773638
0,0,0.062074484692603085
0,0,0.04304219230425258
0,0,0.04606719499160736
0,0,0.04414456101106846
0,0,0.03880002049687666
0,0,0.04296124809253923
0,0,0.045145434807320355
0,0,0.0443401959078751
0,0,0.041601568230121594
0,0,0.052789827803163075
0,0,0.04506783751164942
0,0,0.04252483671962844
0,0,0.041514344076423175
0,0,0.03533295535562623
0,0,0.04498048114675875
1,1,0.9853106363711895
0,0,0.04385372856616455
0,0,0.04613594073935987
0,0,0.04476101276224432
1,0,0.044338658878266025
0,0,0.05252077489713965
0,0,0.039746516960631875
0,0,0.04509969380123839
0,0,0.04357464635854737
1,0,0.04493758754729331
0,0,0.044391184530399884
0,0,0.030798449791616687
0,0,0.043526242893314075
0,0,0.04868577044842836
0,0,0.05371225302645603
0,0,0.045066583854524125
0,0,0.04585023777734611
0,0,0.04518088081233605
0,0,0.04596884723476178
0,0,0.04482928860259191
0,0,0.03616178538404757
0,0,0.023230095623614482
1,1,0.9999999999999962
0,0,0.042118972783177756
0,0,0.03642764342449582
0,0,0.04552003270068519
0,0,0.03455745310939279
0,0,0.04179234369254633
0,0,0.04385330924950997
0,0,0.04594238535398752
1,0,0.030656545140320537
0,0,0.039652372849976525
0,0,0.04369365182971005
0,0,0.043424153952029435
0,0,0.04495086491290488
0,0,0.03348742690698915
0,0,0.036137356904341035
0,0,0.04514950906682223
0,0,0.043648862054066984
0,0,0.04548141437380986
0,0,0.04387753334587754
0,0,0.04127682141674952
0,0,0.04536365548006149
0,0,0.036914807206544754
0,0,0.043931437032918436
0,0,0.03669409687754259
0,0,0.043667012125721105
0,0,0.036934837185360815
0,0,0.04420764771085184
0,0,0.04485641119542753
1,0,0.0450771850823548
0,0,0.04188019231702088
0,0,0.04139687823746852
0,0,0.044075675650025785
0,0,0.04313346300995542
0,0,0.044439875547217074
0,0,0.04175576179598773
0,0,0.04560413454021926
0,0,0.034331754715901996
0,0,0.04426742784924406
0,0,0.04482928860259191
0,0,0.04118301069957562
0,0,0.044999437136079554
0,0,0.04500408165954793
0,0,0.043298888569361586
0,0,0.0388046262450113
0,0,0.04219694258169646
0,0,0.039968267119835116
0,0,0.028809396427590287
0,0,0.04309633769961752
0,0,0.04385767555984571
0,0,0.03676482580968164
0,0,0.042786471518537754
0,0,0.042182498478526155
0,0,0.04212388858360265
0,0,0.04400740565234381
0,0,0.04537081730349065
0,0,0.045886486649965565
0,0,0.04354008106452762
0,0,0.04467786768864651
0,0,0.04596728478195932
0,0,0.04484352162443145
0,0,0.04454980554423432
0,0,0.041579252432535456
0,0,0.04328948290629788
0,0,0.045059065682393984
0,0,0.04378588673231688
0,0,0.045635064603403955
0,0,0.044285970200362075
0,0,0.04525964185398922
0,0,0.04454496684745804
0,0,0.01877279703147215
0,0,0.0403573692945321
1,0,0.04380298171068121
0,0,0.044470855970494515
0,0,0.0448057502705731
0,0,0.04097640306343157
1,0,0.045621656584032784
0,0,0.043444702775635315
0,0,0.0445541045322923
0,0,0.040725256349598005
0,0,0.04405039263650434
0,0,0.04385767555984571
0,0,0.03978570498737941
0,0,0.04435105183481598
0,0,0.043655685386367965
0,0,0.04471992176348355
0,0,0.06589073850955222
0,0,0.04447766697447494
0,0,0.04390891226005372
0,0,0.04514659536027068
0,0,0.021659428138888156
0,0,0.044877973123610054
0,0,0.043549030576992206
0,0,0.04057675568539454
0,0,0.044745226293248855
0,0,0.015900737821294992
0,0,0.03968699257596526
0,0,0.03980306152328891
0,0,0.04363846194450888
0,0,0.040644209857907114
0,0,0.04522578243334912
0,0,0.043351363500139774
0,0,0.042583947248276584
0,0,0.04130973002179308
0,0,0.04514880079834358
0,0,0.042981365897748376
0,0,0.04248985995732067
0,0,0.03825964360287866
0,0,0.05311073633447392
1,0,0.04329524015403144
0,0,0.031888254593861014
0,0,0.04521351047261055
0,0,0.04462301611084194
0,0,0.04374824622680098
0,0,0.04450393279562715
0,0,0.04468838454701491
0,0,0.04162798485396122
0,0,0.04239302037798669
0,0,0.04542910607623737
0,0,0.044196830315210676
0,0,0.04308522357616444
0,0,0.04549800415407102
0,0,0.04465583173781215
0,0,0.04265286820872941
0,0,0.04306428591331216
0,0,0.044747107982732064
0,0,0.04495853531960201
0,0,0.04594284890404206
0,0,0.045029284685099154
0,0,0.04331842975183674
0,0,0.04463420184782258
0,0,0.04514022830554978
0,0,0.045031766952376685
0,0,0.04511082717522419
0,0,0.045651008650493145
0,0,0.044139372776571824
1,0,0.04514516269836374
0,0,0.04258114225840736
0,0,0.04401512073711247
0,0,0.045159988966803455
0,0,0.0447076930675689
0,0,0.047859149323052505
0,0,0.04439060454625805
0,0,0.04441613276515871
0,0,0.0443609003765008
0,0,0.04386533049227947
0,0,0.03708965019830279
0,0,0.05508684740806714
0,0,0.044365218892368774
0,0,0.044906831620957426
0,0,0.04553181437717752
0,0,0.04389251520485299
0,0,0.04055660201219417
0,0,0.04526199641875379
1,0,0.043365107783735486
1,1,0.9999999999947333
0,0,0.04522757975614533
0,0,0.04493758754729331
0,0,0.04497506122546161
1,0,0.042514423818500464
0,0,0.04404624440549725
0,0,0.043580980509667896
0,0,0.04293339106969221
0,0,0.04537425413490766
1,1,0.984848844879017
0,0,0.044497841225563065
0,0,0.044410501043815824
0,0,0.04526377788740825
0,0,0.044981395119387285
0,0,0.044091743834731426
0,0,0.043764733714564054
0,0,0.04353800115487267
1,1,1.0
0,0,0.044457089287861636
1,1,1.0
0,0,0.0442548194526901
0,0,0.04463908718280808
1,0,0.034649950992842314
0,0,0.03947235314869085
0,0,0.045314818033491605
0,0,0.04429763218132281
0,0,0.043261510767879825
0,0,0.04434133672183677
0,0,0.041673642138174496
0,0,0.04517607413285113
0,0,0.04319568373008665
1,1,1.0
0,0,0.04509452184789833
0,0,0.04134441395904037
0,0,0.043519621720090544
0,0,0.04311766120082137
0,0,0.04074471347891653
0,0,0.06284486380480549
0,0,0.0426606363022816
0,0,0.04496339149370215
0,0,0.04471190435647483
1,1,0.9999892624795941
0,0,0.043337218554251364
0,0,0.041980395241561747
0,0,0.04903248985895062
0,0,0.0436050189465116
0,0,0.03952705223155851
0,0,0.044238741443266824
0,0,0.04438508102870281
0,0,0.053696558638713414
0,0,0.04395583584283509
0,0,0.04527731805771762
0,0,0.043935182411011686
0,0,0.044918912488138105
0,0,0.043425679665819256
0,0,0.0444166923580968
0,0,0.04432311947560262
0,0,0.04474887395425284
0,0,0.04380224577890396
0,0,0.04546037426195138
0,0,0.04027029382744521
0,0,0.0455705477278217
0,0,0.04422075173992467
0,0,0.04445127689427423
0,0,0.04214216574115728
0,0,0.044994746548132424
0,0,0.0449799451257068
0,0,0.04226346467832488
0,0,0.0390985981435196
0,0,0.04483111945209818
0,0,0.044234986217287706
0,0,0.04501798787826138
0,0,0.04407095358159946
0,0,0.045841993974784084
0,0,0.04365265300121751
0,0,0.04355472486021382
0,0,0.04523573483372015
0,0,0.0427611387846595
0,0,0.04037617408901984
0,0,0.04537830890381487
0,0,0.0455851655224941
0,0,0.042800222520974734
0,0,0.04471829045092089
0,0,0.043514166804997104
0,0,0.042095145493974674
0,0,0.04400979909672392
0,0,0.045370003452109064
0,0,0.044897717706078734
0,0,0.021190503675651853
0,0,0.044079553352852366
0,0,0.044507530377719956
0,0,0.045290869530934696
0,0,0.05428888711873146
0,0,0.043327823180716166
0,0,0.04334686850699042
0,0,0.044374246231845396
0,0,0.04139687823746852
0,0,0.04611000375516306
0,0,0.04388407802426525
0,0,0.04465393057837769
0,0,0.0441964093515808
0,0,0.04073864327332617
0,0,0.05309741090873672
0,0,0.044663016708142635
0,0,0.04468561859071687
0,0,0.03772390967419462
0,0,0.04363692084641888
0,0,0.04368856392666065
0,0,0.040764285183813725
0,0,0.04385385599179563
0,0,0.04438988862351041
0,0,0.04199160568655883
0,0,0.044445146486096564
0,0,0.05374939562935998
0,0,0.03298811204355569
0,0,0.04514950906682223
0,0,0.04345690826365679
0,0,0.0430027991727313
0,0,0.0431752205637896
0,0,0.045029522944839966
0,0,0.0449773205911414
0,0,0.04461815630827616
0,0,0.04385767555984571
0,0,0.04143127156733319
0,0,0.04486919489713503
0,0,0.04766094302406102
0,0,0.045525284386000994
0,0,0.04077585983509192
0,0,0.04450609325174656
0,0,0.037608778512790715
0,0,0.044217544791635505
1,1,0.9999999999999962
0,0,0.04450824980516504
0,0,0.04386049071068182
0,0,0.04131318070719567
0,0,0.044664418186232194
0,0,0.04263852850451815
0,0,0.045054810204267735
0,0,0.03480025875778213
0,0,0.04376516002989731
0,0,0.04613929940286513
0,0,0.043940075134072255
0,0,0.04507137463156305
0,0,0.04385767555984571
0,0,0.03749663186478316
0,0,0.042560600184790874
0,0,0.04276253024781078
0,0,0.03706344560860702
0,0,0.04564982192756214
0,0,0.03654138341580566
0,0,0.04522990009504815
1,1,0.9999893090046461
0,0,0.04330272573555136
0,0,0.042093151500326886
0,0,0.04487678634663407
0,0,0.043526242893314075
0,0,0.04422895644463611
0,0,0.04575366935502018
0,0,0.044016571926929926
0,0,0.043477112958969624
0,0,0.045767106374210456
0,0,0.03977666541566366
0,0,0.039809422356838056
0,0,0.04572459255871482
0,0,0.044904455959626596
0,0,0.0446700150535448
0,0,0.03804171453673283
0,0,0.04472751107701114
0,0,0.048642713493021
0,0,0.03397073990091093
0,0,0.04358862125538977
0,0,0.04539708966556781
0,0,0.04461642285111422
0,0,0.04545153035801962
0,0,0.0443722189186869
0,0,0.04404624440549725
0,0,0.04440779170034646
0,0,0.04283491938183495
0,0,0.054585435571621946
0,0,0.04453123934914359
0,0,0.039759276697502344
0,0,0.03535661992994603
0,0,0.04512397880716498
0,0,0.045230361145041156
0,0,0.04513387145131785
0,0,0.040250917253657946
0,0,0.044820826967783965
1,0,0.04234503824899024
0,0,0.04454642145742303
0,0,0.04210604542296342
0,0,0.04526764284473815
0,0,0.042835514271134106
0,0,0.04513816421296225
0,0,0.03978395502799399
0,0,0.03925445197469895
0,0,0.0439492250159197
0,0,0.042558911333086105
0,0,0.045113336941045315
1,0,0.044679722249785135
0,0,0.0451759148470314
0,0,0.03455745310939279
0,0,0.04489235828798951
0,0,0.04450609325174656
0,0,0.045332068660193625
1,0,0.04553447457479825
0,0,0.044338658878266025
0,0,0.04305570547758798
0,0,0.0438897745640972
0,0,0.045395649432501364
0,0,0.04426345344122286
0,0,0.05312264336893911
0,0,0.04303813907595732
0,0,0.04391117548738404
0,0,0.04500408165954793
0,0,0.04517691080388772
0,0,0.043381541128766736
0,0,0.04925571143351686
1,1,1.0
0,0,0.04406065799219077
0,0,0.04134872841629429
0,0,0.04491316730341687
0,0,0.04478357528824447
0,0,0.039225984618113656
0,0,0.0420760370174209
0,0,0.044241052167807014
0,0,0.039878512669016264
0,0,0.04494914343430509
0,0,0.044085748813735476
0,0,0.04386561570561446
0,0,0.04533296915089632
0,0,0.04500195634672134
0,0,0.044733722759583976
0,0,0.042608893756372924
0,0,0.0336837782659982
0,0,0.027684514893179454
0,0,0.04654951549953015
0,0,0.041881742614632365
0,0,0.04462301611084194
0,0,0.042990904685230355
0,0,0.053641611416722794
0,0,0.04053300766932415
0,0,0.04358236579859255
0,0,0.04498349519274521
0,0,0.044218314328816975
0,0,0.0406853796092296
0,0,0.044098125490675225
0,0,0.04609890331073942
0,0,0.042683772976965434
0,0,0.043185855149885835
0,0,0.045803149336145904
0,0,0.04496196437175004
0,0,0.043037053590222356
0,0,0.04391728222301431
0,0,0.043865866882771935
0,0,0.04600503189727304
0,0,0.04501627759070706
1,0,0.04439254845001479
0,0,0.044139372776571824
0,0,0.04191615483185808
0,0,0.044343642149501414
0,0,0.03645566251189763
0,0,0.04555738689161459
0,0,0.03472430228635666
0,0,0.04456840118554269
0,0,0.04445345895411437
0,0,0.04342407752350579
0,0,0.04229573040273593
0,0,0.04457122567832081
0,0,0.05229450004104455
0,0,0.04205999462400756
1,0,0.048783617400527356
0,0,0.04262904814598381
0,0,0.043463440782443075
0,0,0.04385767555984571
0,0,0.04959726597659354
0,0,0.043443092346141306
0,0,0.04243929563423176
0,0,0.04542461508596838
0,0,0.04535719816839279
0,0,0.04508890402806361
0,0,0.07009166318433926
0,0,0.04327703778390969
0,0,0.04409237150359937
0,0,0.038338413060226194
0,0,0.05125850054913735
0,0,0.044821834440822494
0,0,0.033567508325557355
0,0,0.044228467112403705
0,0,0.04407857180356153
0,0,0.04385767555984571
0,0,0.04352861202911388
0,0,0.043170556294963934
0,0,0.03615463475067793
0,0,0.03283023453997717
0,0,0.04521031298296308
0,0,0.04156392438772331
0,0,0.04428664160607069
0,0,0.04422075173992467
0,0,0.043902479496597674
0,0,0.04290000459311579
0,0,0.044528724231898055
0,0,0.041293444868579575
0,0,0.04385767555984571
0,0,0.044532724807780984
0,0,0.043587849213886525
0,0,0.04613106577608514
1,1,0.9829367163864894
0,0,0.02705783110537456
0,0,0.0322879253570891
0,0,0.04496339149370215
0,0,0.042293722156414734
0,0,0.04291730691175278
0,0,0.0443401959078751
0,0,0.042419875875349816
0,0,0.044841791089225945
0,0,0.044888589147453875
0,0,0.04356582701994351
0,0,0.043248167817053526
0,0,0.044827865537230116
0,0,0.045953229521143564
0,0,0.04325046674703221
0,0,0.026926849262950605
0,0,0.04544512234489205
0,0,0.036041088771649715
0,0,0.0415496266113596
0,0,0.04470438852021983
0,0,0.03854347153925548
0,0,0.04347652454608101
0,0,0.04506706863984233
0,0,0.04189788922241887
0,0,0.04297240845951574
0,0,0.03694101453655051
0,0,0.04137408380043058
0,0,0.042324696165462534
0,0,0.05194538220546829
0,0,0.04163925264076257
0,0,0.044944709293924336
1,1,1.0
0,0,0.04529167720506969
0,0,0.042979107582781485
0,0,0.044870084167877355
1,1,0.9999999931043888
0,0,0.04336123121448774
0,0,0.04389774769294162
0,0,0.04049627097079676
0,0,0.04354955224844697
0,0,0.039793180175665535
0,0,0.04561607847725212
0,0,0.04545153035801962
0,0,0.03010990207373139
0,0,0.04596148684048816
0,0,0.03744734478020877
0,0,0.045102957655990004
0,0,0.044680780464764605
0,0,0.04318262012326256
1,0,0.044199729347423763
0,0,0.04255064959343236
0,0,0.044980948883092065
1,1,0.9852432043230246
0,0,0.042975164884568845
0,0,0.043927347436990345
0,0,0.04455412082223955
0,0,0.04149589902516382
0,0,0.040634149584666816
0,0,0.04385767555984571
0,0,0.033386361963690166
0,0,0.04315805262947401
0,0,0.0437312386434307
0,0,0.045451629624258395
0,0,0.04431154939208355
0,0,0.04236501643411237
0,0,0.04472659929429257
0,0,0.03397434037673603
0,0,0.04410034747572469
0,0,0.04550249028051122
1,1,0.9863521540477359
0,0,0.045230361145041156
0,0,0.04374129211173862
0,0,0.05103256510385902
0,0,0.050857651745909886
0,0,0.04325545631704729
0,0,0.043872774012649614
0,0,0.04442167621110366
0,0,0.04559887419349128
0,0,0.0454087657681432
0,0,0.04717525462418032
0,0,0.04461649421151806
1,1,1.0
0,0,0.04315231280161145
0,0,0.04291730691175278
0,0,0.04581660325649845
0,0,0.05033853842986556
0,0,0.04458945082057066
0,0,0.04397469877313162
0,0,0.04332216455292728
0,0,0.045601234182357085
0,0,0.05134502808742717
0,0,0.04177708954897402
0,0,0.04336791173722036
0,0,0.043783733202647515
0,0,0.04438508102870281
0,0,0.04306865625614444
0,0,0.0429724271464442
0,0,0.044857364436559306
0,0,0.04478734864036087
1,0,0.04562790534732549
0,0,0.042399133670963006
0,0,0.04496922634071423
0,0,0.05559531796237002
0,0,0.04008751189801845
0,0,0.04376869435278744
1,1,1.0
0,0,0.024352890661398965
0,0,0.04504149878411015
0,0,0.04064727621992778
0,0,0.05218251874256984
0,0,0.044841630947397244
0,0,0.04574546957543757
0,0,0.04512422544235535
0,0,0.04437141741575121
0,0,0.04398422796854424
0,0,0.043227650183604416
0,0,0.04509441989071164
0,0,0.043919096689310703
0,0,0.04551954327510643
0,0,0.04395056459021879
0,0,0.044658075137395045
0,0,0.0433348832303937
0,0,0.043883112001895576
0,0,0.05301524740429016
0,0,0.04438039578183563
0,0,0.045315837534413574
0,0,0.04071592174914443
0,0,0.04462702129642026
1,1,0.985143633293416
0,0,0.04611282865271211
0,0,0.035276718150896905
0,0,0.04415839656798243
0,0,0.04458038201296694
0,0,0.044001641561801794
0,0,0.04493758754729331
0,0,0.03447432834287967
0,0,0.04321718470180843
0,0,0.044848276210653716
0,0,0.03674571263558041
0,0,0.04352188637020788
0,0,0.04386777307796022
0,0,0.04318642306806618
0,0,0.055758882878019965
0,0,0.053841188912586456
0,0,0.031162989450580842
0,0,0.04578458040886988
0,0,0.04440755184205299
0,0,0.04611282865271211
0,0,0.04403375282241148
0,0,0.04596195624936102
0,0,0.04414670388189478
0,0,0.04567661988449303
0,0,0.040397915039928685
0,0,0.04316570620777427
0,0,0.04462576178803732
0,0,0.04360831855702668
0,0,0.04250414929123921
0,0,0.045381028390803185
0,0,0.04358419317619314
0,0,0.04280006477187785
0,0,0.04513387145131785
0,0,0.043112356679322825
0,0,0.044287376860808594
0,0,0.04570532617543155
0,0,0.043226122937652114
0,0,0.04402545079808733
0,0,0.046019995559588384
0,0,0.04552619657057624
0,0,0.04067067416206731
0,0,0.04453177400103022
1,0,0.04494490263875541
0,0,0.045889019625055046
1,1,0.9999895701571417
0,0,0.0461081114865792
0,0,0.03781788176345234
0,0,0.043391813558355204
0,0,0.04547717101691946
0,0,0.042698302208806216
0,0,0.04462031049434457
0,0,0.05037704128222845
0,0,0.0423052471362795
0,0,0.04456290850880253
0,0,0.03483780353725336
0,0,0.04438423061204158
0,0,0.04148563572401281
0,0,0.04437823012600867
0,0,0.04264495552677904
0,0,0.0392487883086673
0,0,0.044383193902195764
0,0,0.045872854431407734
0,0,0.04404308175295992
0,0,0.04504632474330118
0,0,0.045285415499666304
1,0,0.042424090445491794
0,0,0.04615381979938386
0,0,0.05168048680282151
0,0,0.044555385936291284
0,0,0.045093943064072294
0,0,0.04514659536027068
0,0,0.04430332962079041
0,0,0.02531175429347314
0,0,0.04353408400816814
0,0,0.043110634684381775
0,0,0.051040563482219324
0,0,0.0430135182922295
0,0,0.04425301853278765
0,0,0.044800115018106434
0,0,0.051786463788978505
0,0,0.04480605038724733
0,0,0.04370762555897469
0,0,0.044936197129672964
0,0,0.038945853385795
0,0,0.05478610997873342
0,0,0.062373685253390536
0,0,0.045759688521177296
0,0,0.04544707702893591
0,0,0.04329284682385973
0,0,0.04262023600774132
0,0,0.04156392438772331
0,0,0.043605002987739394
0,0,0.045054810204267735
0,0,0.03992601362066042
0,0,0.04514659536027068
0,0,0.04610518258922859
0,0,0.044598594419013406
0,0,0.04347652454608101
0,0,0.05454874006272191
0,0,0.044846755450533
1,1,0.9847705289587588
0,0,0.04503765187859983
0,0,0.05418763316153279
0,0,0.04589284911350145
0,0,0.04385767555984571
0,0,0.03981370683263296
0,0,0.03747688686713632
0,0,0.03805029345806028
0,0,0.04116075265362496
0,0,0.04541886463710974
1,0,0.04297300222321847
0,0,0.04367737024710067
0,0,0.0456333876840181
1,0,0.04460239402217026
0,0,0.05172408549614556
0,0,0.04396798872659961
0,0,0.046047083751959275
0,0,0.04025145096981137
0,0,0.03357224793187575
0,0,0.03705833610423104
0,0,0.04360145169177501
0,0,0.0452799760846205
0,0,0.04366396880568443
0,0,0.04401985789814624
0,0,0.04179748676063036
0,0,0.043612302262498064
0,0,0.04402868606307302
0,0,0.037011894752645776
0,0,0.05303570951459729
0,0,0.04244952886351635
0,0,0.04486016744362841
0,0,0.04560039203939713
0,0,0.04319141770585261
0,0,0.04877316116317188
1,0,0.041937433183906796
0,0,0.045076515914794835
0,0,0.03281905888540587
0,0,0.04340704425900764
1,1,0.9999999921663688
0,0,0.04567929446381293
0,0,0.04289735980806958
0,0,0.04160501458954463
0,0,0.03877056230495147
0,0,0.04557477989243771
0,0,0.043929661728144366
0,0,0.045726095674483595
0,0,0.04429103475551169
0,0,0.04422075173992467
0,0,0.04113128054221613
0,0,0.04404802091802398
0,0,0.044469845110970824
0,0,0.04548368550493747
0,0,0.04186086922772461
0,0,0.043387632614324066
0,0,0.03781063866617898
0,0,0.04072907853981874
0,0,0.044562515108972786
0,0,0.04176390151830787
1,0,0.044998447716786676
0,0,0.0393492820036951
0,0,0.04471206208285178
0,0,0.04601599673799827
0,0,0.03007974563582504
0,0,0.04538550353179605
0,0,0.045920287639767444
0,0,0.04349740231091807
0,0,0.04363425439143158
0,0,0.04372786121954402
0,0,0.04508153256049804
0,0,0.04393547106999012
0,0,0.04385767555984571
0,0,0.050841573478984096
0,0,0.04006042457627997
0,0,0.04485833655618587
0,0,0.05189668443071712
0,0,0.03927267479217046
0,0,0.045914152815414846
0,0,0.04532423861466506
0,0,0.04411681858893728
0,0,0.042722086212522235
0,0,0.044704576384826646
0,0,0.040888722169781275
0,0,0.04389679744413355
0,0,0.04214602012759685
0,0,0.04575998372103801
0,0,0.04402635471596238
0,0,0.05340887264238228
0,0,0.04540308557552357
0,0,0.04332668512070618
0,0,0.04568568449108381
0,0,0.04401356694943904
0,0,0.0457451786408637
0,0,0.045214158792761215
0,0,0.044499357552601496
0,0,0.04347426950794356
0,0,0.04242369954308362
0,0,0.04368154453503623
0,0,0.04504516664634207
0,0,0.04154977875135723
0,0,0.04485387987247588
1,0,0.04590519024110548
1,0,0.042014114159354986
0,0,0.04455412082223955
0,0,0.043978669494329645
1,1,0.9849417542404995
0,0,0.04465511173742041
0,0,0.04411327869742389
1,1,0.9999891500412613
0,0,0.04343244524912277
0,0,0.05604708603425458
0,0,0.04389884826737704
0,0,0.04301489456172914
0,0,0.04549159994067598
0,0,0.04304270817754721
0,0,0.04415839656798243
0,0,0.042962135406328775
0,0,0.03205168042556177
0,0,0.04525688093415679
0,0,0.05276168863185098
0,0,0.03200111265961511
0,0,0.03530867712380078
0,0,0.04603458840372913
0,0,0.055360429461216255
0,0,0.0442170040318515
0,0,0.04491720380505938
0,0,0.06141268709182746
0,0,0.04609712554639785
0,0,0.04437283694034947
0,0,0.04500195634672134
0,0,0.0452771584318506
0,0,0.03921612052515364
0,0,0.04354223763148565
0,0,0.04479117967201974
0,0,0.03948464667727468
0,0,0.04136018325867035
0,0,0.04464995097739237
0,0,0.04251890863283233
0,0,0.04358769527233593
0,0,0.0514742217640257
0,0,0.04162274496264728
0,0,0.044790509776847884
0,0,0.044012013214091004
0,0,0.04368672078276041
0,0,0.044342072573924245
0,0,0.04400457465969825
0,0,0.045132291990448506
0,0,0.043578927909740765
0,0,0.04458272910459867
0,0,0.0454544573426593
0,0,0.051571832249167573
0,0,0.04043317479321675
0,0,0.04208893750519094
1,0,0.0388440739176147
0,0,0.040255241455448405
0,0,0.040997975651941694
0,0,0.048906813304688074
0,0,0.04457254292856201
0,0,0.05515813810914794
0,0,0.044821662761098814
0,0,0.044827865537230116
0,0,0.03575475209135076
0,0,0.0412151678756802
0,0,0.043670419157685866
0,0,0.04253752192690089
0,0,0.04435005918178846
0,0,0.044617839517747886
0,0,0.04233298191300423
0,0,0.04418143528114101
0,0,0.0443202481798785
0,0,0.04380961663429939
0,0,0.044828135823489296
0,0,0.05375622088517418
1,1,0.9999870347203306
0,0,0.04467369579285384
0,0,0.04432883794174138
0,0,0.05298920065155726
0,0,0.04440741888822795
0,0,0.042080249777683945
0,0,0.045515552890503644
0,0,0.05061771591811879
0,0,0.05185130785768409
0,0,0.036546277488646764
0,0,0.04440555555427745
0,0,0.04468561859071687
0,0,0.04153802940150711
0,0,0.043139100800048756
0,0,0.04153393965728641
0,0,0.041501829879055596
0,0,0.05002719473622676
0,0,0.0518895826521386
0,0,0.043759209715428585
0,0,0.045145994013685666
0,0,0.043318611793573755
0,0,0.04349752125068472
0,0,0.043875574170980494
0,0,0.044184826590040374
1,0,0.04214488959919027
0,0,0.04438508102870281
0,0,0.04586370486434011
0,0,0.04408311256544716
0,0,0.043865095101821995
0,0,0.04578052270284674
0,0,0.04325761275395695
0,0,0.04495913579319282
0,0,0.04417750560517993
0,0,0.042412007414275796
0,0,0.053643786323468716
0,0,0.04417606214548329
0,0,0.04447796655269398
0,0,0.04584054030482154
0,0,0.04492542835146619
0,0,0.04448979948796524
0,0,0.04279185659906376
0,0,0.04476567412533017
0,0,0.04383721209427626
0,0,0.04508679878683417
0,0,0.04411778481282154
0,0,0.04388056458084744
0,0,0.03952350743361083
0,0,0.04611282865271211
0,0,0.04409993478334779
0,0,0.043799327219205826
0,0,0.042108482725124526
0,0,0.045453460399866
0,0,0.04453283057190705
0,0,0.04237144319806782
0,0,0.04233352003879622
0,0,0.04262766083282701
0,0,0.04510348463641962
0,0,0.041173704025566235
0,0,0.038328185545293963
1,1,0.9999890258960635
0,0,0.04474054937617074
0,0,0.043253480707871356
0,0,0.04494328273703401
0,0,0.045234524859847004
0,0,0.0419532061972568
0,0,0.045035064661308785
0,0,0.045937229794845144
0,0,0.043019835131242676
0,0,0.04103488637431044
0,0,0.042026617366331696
1,0,0.045229454333382386
0,0,0.07447741274104387
0,0,0.04505579600324337
0,0,0.04501798787826138
0,0,0.043762642160877704
1,0,0.0451544615449181
0,0,0.049401736293434785
0,0,0.04174087379606639
0,0,0.04227717530994576
0,0,0.043923559172137625
0,0,0.04556910225445061
0,0,0.041754083391285314
0,0,0.051167244995543495
0,0,0.04276732889717603
0,0,0.042861877118039494
1,0,0.06411170243462358
0,0,0.04355857502571557
0,0,0.044546088253591146
0,0,0.04611335753535513
0,0,0.045029145159120175
0,0,0.03217323247344093
0,0,0.04489506492634406
0,0,0.04382274438420768
0,0,0.046531562781331234
0,0,0.05172444133013813
0,0,0.04525926285018464
0,0,0.030442820739891782
0,0,0.04399468315404652
0,0,0.044649062806502667
1,0,0.044084549767408665
0,0,0.044536715072155335
1,1,1.0
0,0,0.04256715992290979
0,0,0.04483388361409795
0,0,0.04396582993310178
0,0,0.029132799094895214
0,0,0.04360488429610471
0,0,0.0439799888768441
1,0,0.044916007214847134
0,0,0.044328207062798115
0,0,0.04472994281095675
0,0,0.04596738973601705
0,0,0.045055171112260164
0,0,0.04432494405294031
0,0,0.04393109716924997
0,0,0.044984016799668604
0,0,0.04594592560370327
1,0,0.03610558232784205
0,0,0.051778886207810855
0,0,0.044718480893221745
0,0,0.04090326752517072
0,0,0.050252485754539035
0,0,0.04379716003617709
0,0,0.04369655480872966
1,0,0.048963882173561096
0,0,0.04585653308817897
0,0,0.043761095209443705
0,0,0.04473309156593099
0,0,0.04508180430403643
0,0,0.04416251980697684
0,0,0.043889465450892916
0,0,0.043518943432163844
0,0,0.03972606358571848
0,0,0.04139019308350885
0,0,0.04059486717330848
0,0,0.050106310566591095
0,0,0.04134605170483568
0,0,0.04389099471935174
0,0,0.052833324019405464
0,0,0.043058872689448635
1,1,0.9999999999999953
0,0,0.04458038201296694
0,0,0.04324689915091456
0,0,0.04489460111610381
0,0,0.04545164138543686
0,0,0.04414368928931046
0,0,0.038703105779621744
0,0,0.044934326268332644
0,0,0.04364619683165277
0,0,0.04416787992723062
0,0,0.0411942239268691
0,0,0.041815116705175806
0,0,0.04596738973601705
0,0,0.041807248605926356
0,0,0.04242660079142185
0,0,0.044992125234768074
1,0,0.05125850054913735
0,0,0.04421664117300942
0,0,0.04396467454690091
0,0,0.03753115556746088
0,0,0.0427116106036402
0,0,0.042639981890250186
1,0,0.04381148049100166
0,0,0.04056780989527429
0,0,0.05142548672575469
0,0,0.03915586070799701
0,0,0.04324608512599519
0,0,0.04237375517270312
0,0,0.0446700150535448
0,0,0.030864707177480535
0,0,0.04059530038084808
0,0,0.048306879130742435
0,0,0.04236084886518603
0,0,0.043323942593394706
1,0,0.045197571966156855
0,0,0.04323495483653334
0,0,0.04505120058451987
0,0,0.04385767555984571
0,0,0.04622719290179096
0,0,0.060289815593190195
1,0,0.045198664916730004
0,0,0.0411429996573195
0,0,0.039422608961230406
0,0,0.04483884714107718
0,0,0.04090704922673287
0,0,0.045368476336773655
1,0,0.044358128538068205
0,0,0.044287376860808594
0,0,0.043642132241426414
0,0,0.04192254274257173
0,0,0.04519294144394395
0,0,0.04252027633020936
0,0,0.046116064868662626
1,0,0.10420173811302885
0,0,0.04522722838823898
0,0,0.04478472697517667
0,0,0.04471190435647483
0,0,0.043837300313585875
0,0,0.05278992020792453
0,0,0.036708273961045514
0,0,0.043659389934989815
0,0,0.04021208738983446
0,0,0.04385767555984571
0,0,0.04439060454625805
0,0,0.05239666099291642
0,0,0.04407762252264688
1,0,0.04513185601027176
0,0,0.04498788536929822
1,0,0.044658520021575415
0,0,0.0466120859827047
0,0,0.05498686031546194
0,0,0.043828136647621
0,0,0.04503069711455136
0,0,0.03618863019295619
1,0,0.05353637964507349
0,0,0.04493883552947138
0,0,0.04471366927441841
0,0,0.046099661173256985
0,0,0.045668122981217286
0,0,0.045826442388052474
0,0,0.04479260162739838
0,0,0.05262954622522018
0,0,0.04481709180876331
0,0,0.042673482209293866
0,0,0.03712246140940269
0,0,0.04498767540726705
0,0,0.0445764679409816
0,0,0.04995455247856854
1,0,0.040397915039928685
0,0,0.04445912842666113
0,0,0.043716364707019686
0,0,0.0454770184017914
0,0,0.04212630698541075
0,0,0.04352662922169088
0,0,0.04351998741835614
1,0,0.04488562258602983
0,0,0.04587177687469318
0,0,0.04549030978445074
0,0,0.04414486712939799
0,0,0.0440121685852712
0,0,0.0443904205753855
0,0,0.044280605118376226
0,0,0.0411942239268691
0,0,0.044986088902812
0,0,0.04185915858504338
0,0,0.04455245516412519
0,0,0.044290178298392276
0,0,0.04399559827406366
1,1,0.9849049464568701
0,0,0.04352921611425689
0,0,0.06075496030311715
0,0,0.04290512112728693
0,0,0.09823695203703434
0,0,0.04331427511106836
0,0,0.044812882065738135
0,0,0.027307838484780394
0,0,0.04333568761255081
0,0,0.04510348463641962
0,0,0.036261936430886245
0,0,0.050251380369345934
0,0,0.04385767555984571
1,0,0.040273430480741106
0,0,0.04364805405311873
0,0,0.04591203184839014
0,0,0.04514978855660091
0,0,0.05023251592584547
0,0,0.043269496709916415
0,0,0.04441754336782604
0,0,0.04423897739979557
0,0,0.07218002726468688
0,0,0.04075378487597335
0,0,0.04463420184782258
0,0,0.04378386437474189
0,0,0.043335869723527196
0,0,0.06720753720584047
0,0,0.0388352152871916
0,0,0.04366018157991538
0,0,0.04084491790694983
0,0,0.043794697501117946
0,0,0.04336513126285764
0,0,0.044062487379153595
0,0,0.04384502344184065
0,0,0.04498624755085838
0,0,0.045872854431407734
0,0,0.04393526278137616
0,0,0.04490159390403739
0,0,0.04510715250156321
0,0,0.044347725729186334
0,0,0.04474871610410121
0,0,0.04580922487969884
0,0,0.042820786201396885
0,0,0.053942358236671796
0,0,0.04514659536027068
0,0,0.04401133062227217
0,0,0.043141560653287725
0,0,0.03975406718727227
0,0,0.04522138321984852
0,0,0.04156063815980187
0,0,0.045258157411296976
0,0,0.041863587272853636
0,0,0.04780887384448632
0,0,0.04220534750469765
0,0,0.04037452458577654
0,0,0.04391616507527137
0,0,0.04405118115588405
0,0,0.04546766522060288
0,0,0.04319788509704767
0,0,0.04058587720206859
0,0,0.06686581608535459
0,0,0.044388996862748886
0,0,0.044641196159446984
0,0,0.03734529760685628
0,0,0.04553168105887544
0,0,0.044821960385549586
0,0,0.045708918928865305
1,0,0.04529685007891689
0,0,0.04423330706292672
0,0,0.03131681760358972
0,0,0.04151301202497879
0,0,0.035658608198341255
0,0,0.044826848921966866
0,0,0.04503765187859983
0,0,0.03798120200956803
0,0,0.04358419317619314
0,0,0.043655685386367965
0,0,0.04385372856616455
0,0,0.04191004705733293
0,0,0.04402033663867392
0,0,0.04414893600849087
0,0,0.04513387145131785
0,0,0.050375562601250624
1,0,0.04603859163420727
0,0,0.044815669112411805
0,0,0.04479005238517589
0,0,0.043268819828170275
0,0,0.044188482535696016
0,0,0.04302522036471039
0,0,0.03763575538479475
0,0,0.04446457638963292
0,0,0.04368154453503623
0,0,0.043350563929403355
0,0,0.044691661486868754
0,0,0.04598242791743235
0,0,0.04433311382634932
0,0,0.045274116269583574
0,0,0.043478415260006335
0,0,0.04336455779282986
0,0,0.03489538717736878
0,0,0.04039361421683798
0,0,0.04319620432392007
0,0,0.04493213840801345
0,0,0.044663016708142635
0,0,0.0443166220874277
0,0,0.04439359314435587
0,0,0.0519765542794909
0,0,0.055003489471563104
0,0,0.04460256965634881
0,0,0.041291414058478186
0,0,0.044791931711957035
0,0,0.04401356694943904
0,0,0.04389790267926451
0,0,0.04488071003364301
0,0,0.044115066730628046
0,0,0.04549959580364075
0,0,0.044944709293924336
0,0,0.04490841546171885
0,0,0.04473309156593099
0,0,0.04363846194450888
0,0,0.049160192940965415
0,0,0.044874879295949056
0,0,0.04541944843154087
0,0,0.053643786323468716
0,0,0.037044037054749734
0,0,0.044909692967235265
0,0,0.042188936795502834
0,0,0.04378389615186793
0,0,0.0453364675010098
0,0,0.043012646638965535
0,0,0.039974448018752724
0,0,0.0635054808673919
0,0,0.04440554709426189
0,0,0.04145025003312163
0,0,0.04381764300548218
0,0,0.039572719152660654
0,0,0.04322353576910513
0,0,0.06180070496991659
0,0,0.03895036948935238
0,0,0.04538993764053022
0,0,0.04391398963180064
0,0,0.05248517480361243
1,1,0.9849075337373165
0,0,0.04529685007891689
0,0,0.04381105968871435
0,0,0.045230361145041156
0,0,0.061108224824396186
0,0,0.04405700280688067
0,0,0.05053289917681126
0,0,0.03629133337453866
1,1,0.9999999999999973
0,0,0.029502599627337932
0,0,0.04473811832107879
1,1,0.9999999999956701
0,0,0.044511670323022466
0,0,0.04365063651645211
0,0,0.046099661173256985
0,0,0.0528270681326607
0,0,0.04321590108069069
1,0,0.0437312386434307
0,0,0.04400998089301178
1,0,0.0520130477562649
0,0,0.04462234861322804
0,0,0.05056498375473762
0,0,0.044167697508828485
0,0,0.05029982215685873
0,0,0.04408952589133238
0,0,0.044374246231845396
0,0,0.04506722755999534
0,0,0.043358667083904276
1,0,0.04405813679772428
0,0,0.04601995530993466
0,0,0.04432727359297545
0,0,0.04212209335883753
0,0,0.046006556872547545
0,0,0.04305735770989444
0,0,0.041486143773850945
0,0,0.04419233461525215
0,0,0.044389194759367055
0,0,0.044395890612682
0,0,0.042319379038202924
0,0,0.03724988705393938
0,0,0.03500202077427202
0,0,0.04439461080912764
0,0,0.044912174560565024
0,0,0.044993324507812855
0,0,0.03973859847638675
0,0,0.10937732461828989
0,0,0.04458667378835724
1,0,0.04385076327829899
0,0,0.04604870586985188
0,0,0.04076478956813636
0,0,0.04434855453130262
0,0,0.04098203749765613
0,0,0.05934676226476536
0,0,0.0445566240691808
0,0,0.042178259511274956
1,1,1.0
0,0,0.04467948405235834
0,0,0.04321483999368491
0,0,0.041018726565407365
0,0,0.04356921974151985
0,0,0.043705324096893074
0,0,0.04445828817336658
0,0,0.03291128776742483
0,0,0.044401499639372226
0,0,0.04377592673656855
0,0,0.04432809358465322
0,0,0.04280778608419253
0,0,0.0435405369641212
0,0,0.03804852488357753
0,0,0.044641090420284475
0,0,0.04422625575389714
0,0,0.04401356694943904
0,0,0.0442423115683094
0,0,0.041828170097174815
0,0,0.04497793020644913
0,0,0.03875358033109684
0,0,0.044877969022911295
0,0,0.04072178790401279
0,0,0.043187780044923414
0,0,0.03690184087119561
0,0,0.0490700717704648
0,0,0.04220666985407227
0,0,0.04447356920832949
0,0,0.04294306582032847
0,0,0.03978012528063576
1,0,0.04249431764441885
1,0,0.04428323946951958
0,0,0.052109793794310064
0,0,0.03937834331187744
0,0,0.04203970640568262
0,0,0.04454776176278344
0,0,0.04295081177304616
0,0,0.04321397327627481
0,0,0.04528162381582072
0,0,0.04371743181450773
0,0,0.043601112601777646
0,0,0.04190092442664932
0,0,0.04423409277213192
0,0,0.03993221381790804
0,0,0.044197189317036145
0,0,0.043698352841534255
0,0,0.04448999157799833
0,0,0.052244231248414465
0,0,0.0328322442416493
0,0,0.04470438852021983
0,0,0.044617090534390905
0,0,0.042079426799684405
0,0,0.04479698871589694
0,0,0.044469845110970824
1,1,1.0
0,0,0.04297485536361514
0,0,0.040395196361546905
0,0,0.04452179928487932
0,0,0.026926849262950605
0,0,0.044713902945236375
0,0,0.04384317426550104
0,0,0.042986576974203564
0,0,0.03922705063748001
0,0,0.04335689899083759
0,0,0.04271298970196054
0,0,0.042007193239332725
0,0,0.03901053827780872
0,0,0.04416098299578352
0,0,0.044253373923616036
0,0,0.04584291220044193
0,0,0.01341993210898964
0,0,0.04506062342202326
0,0,0.09129343894546761
0,0,0.05322325296682733
0,0,0.04443506475256018
0,0,0.04395998761014174
0,0,0.04535075857401441
0,0,0.041805543185415614
0,0,0.04969261567508551
0,0,0.043258972391187825
0,0,0.04442151946145892
0,0,0.02213621208403964
0,0,0.043748313262120496
0,0,0.052425563412771985
1,1,0.9999891014939801
0,0,0.0442822373995671
0,0,0.03905560130360872
0,0,0.052087880293961566
0,0,0.04161546880047202
0,0,0.04521752202511017
0,0,0.033276728760456085
0,0,0.04320717809701613
0,0,0.04177268243717037
0,0,0.04368015623763635
0,0,0.04421175444996907
1,0,0.04440755184205299
0,0,0.04294597019136553
1,0,0.044689949470452704
0,0,0.04887479042747678
0,0,0.04393918931290468
1,1,0.9999892850241523
0,0,0.053601829569413124
0,0,0.043271025419024216
0,0,0.04521163652489025
0,0,0.04385372856616455
0,0,0.044495130505335774
1,0,0.04170270444275702
0,0,0.04402077264614098
0,0,0.04100631343400325
0,0,0.04357635480970819
0,0,0.03361818241711505
0,0,0.045212521386295425
0,0,0.045251845700461986
1,0,0.04382365134476297
0,0,0.0447092293535608
0,0,0.044286713882893194
0,0,0.04324689915091456
0,0,0.0455705477278217
0,0,0.04399486790698657
0,0,0.05205044608396082
0,0,0.04091364879012134
0,0,0.040077751495775304
0,0,0.04615606194160827
0,0,0.04329702730588198
0,0,0.04459595352918769
0,0,0.04457227132740565
0,0,0.045466863901083614
0,0,0.05362816315137589
0,0,0.045625676305090825
0,0,0.04055082967372666
0,0,0.044063964237177414
0,0,0.04465583173781215
0,0,0.0403028052538882
0,0,0.04551886647046883
0,0,0.049690758191081555
0,0,0.04272782941407653
0,0,0.044204820939903626
0,0,0.041024769671216835
0,0,0.0447337578488943
0,0,0.04601745570359758
0,0,0.042897974181677
0,0,0.04434133672183677
0,0,0.04255008992232206
0,0,0.044525957926446896
0,0,0.03589191865941259
0,0,0.044470823448658554
0,0,0.043172894099234624
0,0,0.04427481135499753
0,0,0.04594194681580618
0,0,0.040769821602595
0,0,0.04331121872682123
0,0,0.045937547746918855
0,0,0.04369205777213064
0,0,0.04345286938432254
0,0,0.044949438169829145
0,0,0.04105165231821315
0,0,0.03411270228116941
0,0,0.04301560965300305
0,0,0.04263364570974056
0,0,0.039131041550311184
0,0,0.04544368066052031
0,0,0.04596738973601705
0,0,0.04495086491290488
0,0,0.04307652966150371
0,0,0.03775229327015078
1,0,0.04501941669461258
0,0,0.041116373057063976
0,0,0.044245928829361555
0,0,0.0441344074300535
0,0,0.04510688088543989
0,0,0.05921475764194849
0,0,0.053686994303735976
0,0,0.04458608016384976
0,0,0.044578836433662235
0,0,0.04547862139516011
0,0,0.043505940700570615
0,0,0.04580169683883588
0,0,0.04491738369710103
0,0,0.04565478872921942
0,0,0.04685326617110176
0,0,0.03881691570150874
0,0,0.04541267804621777
0,0,0.04031219994125125
0,0,0.04473390808662918
0,0,0.04592938989107631
0,0,0.04606611309022463
0,0,0.0434619722008598
0,0,0.0449237734761338
0,0,0.04330504328833908
0,0,0.04358328037379201
0,0,0.040108309951075005
0,0,0.04394700319115472
0,0,0.044298406423920085
0,0,0.039845553362264856
0,0,0.04460578216257421
0,0,0.04320717809701613
0,0,0.04415772425733802
0,0,0.04331770159219237
0,0,0.043567834851415084
0,0,0.04407779148399594
0,0,0.04205298227033758
0,0,0.042829381790078926
0,0,0.04503784080508406
1,0,0.0381439769892239
0,0,0.04520872182072183
0,0,0.04420505840859519
0,0,0.04236102647791572
0,0,0.013953883528622323
1,1,0.9853679467136993
0,0,0.049631000063019515
0,0,0.04546766522060288
0,0,0.04205282811331537
0,0,0.046002327898937025
0,0,0.03271519148697376
0,0,0.04076686522703904
0,0,0.051338852056270645
0,0,0.04565350708826092
1,0,0.04445414781501534
0,0,0.04406065799219077
0,0,0.045438277773805914
1,1,0.9852011538665918
0,0,0.04448700797409194
1,0,0.04151788909274247
0,0,0.045968592707976506
0,0,0.04521834400709505
0,0,0.07003615923900182
1,0,0.033968556738931864
0,0,0.04339704036884894
0,0,0.045619477882415736
0,0,0.05200702539163151
0,0,0.043334666684478385
0,0,0.04316714942453637
1,0,0.04437193529594404
1,1,0.9999999999944811
0,0,0.043122261456402224
0,0,0.045120608806127775
0,0,0.039476989535463074
0,0,0.045731428093030255
0,0,0.04394622743783332
0,0,0.04478124403411254
0,0,0.04610518258922859
0,0,0.04108863378739734
1,0,0.04414756307968135
1,1,0.983880846871867
0,0,0.03633579591224004
0,0,0.046847843539687004
0,0,0.04265734653358676
0,0,0.04562798310744886
0,0,0.043939313294095075
0,0,0.05266445763479288
0,0,0.04172278808795117
0,0,0.04470438852021983
0,0,0.044942140783585605
0,0,0.04572129185483597
0,0,0.044202363824027785
0,0,0.05131689263772311
0,0,0.04439060454625805
0,0,0.04404221651061625
0,0,0.04054818090990107
0,0,0.04375583023014337
0,0,0.045254188580348305
0,0,0.04488906670765345
0,0,0.040950265469026456
0,0,0.044489133890288995
0,0,0.03892860768899448
0,0,0.04557935347368865
0,0,0.04482513196988072
0,0,0.04574882073613988
0,0,0.04404257028653137
0,0,0.0459699269618576
0,0,0.05176394707084026
0,0,0.04310140886185257
0,0,0.05324735143612421
0,0,0.04591968200175036
0,0,0.03970029601579187
0,0,0.04294161861827687
0,0,0.04546275129415799
0,0,0.04120336899540391
0,0,0.04258928873336588
0,0,0.04484071005002563
0,0,0.04060538702618514
0,0,0.04369410066835112
0,0,0.04139106712989745
0,0,0.04490902897324948
0,0,0.04606508278087528
0,0,0.04093136869514437
0,0,0.04408795044851458
0,0,0.04299546145526978
0,0,0.04332434564343321
0,0,0.04590664586257444
0,0,0.04509781830473184
0,0,0.044209955201502185
0,0,0.044973851456689064
0,0,0.03889697168652943
0,0,0.05237671083967651
0,0,0.040666818661163076
0,0,0.045872854431407734
0,0,0.04554917659316787
1,0,0.04385767555984571
0,0,0.04369109305202495
0,0,0.04358862125538977
0,0,0.04365879393048141
0,0,0.042047405750502476
0,0,0.04434133672183677
0,0,0.04536292771466253
0,0,0.045016896552614434
0,0,0.04212185436444145
0,0,0.04454561695451515
0,0,0.044048777169486616
0,0,0.04449727618293853
0,0,0.04307423638570376
0,0,0.05339019862350022
0,0,0.039043048278648934
0,0,0.04504263662818274
0,0,0.043880617764612696
0,0,0.044860923388701755
0,0,0.04504632474330118
0,0,0.04258495219089709
0,0,0.03815724603473385
0,0,0.04452654807863593
0,0,0.04416291454924465
1,0,0.04450713269859449
0,0,0.042676709392508894
0,0,0.04437376855288993
0,0,0.04502946473231311
0,0,0.04450494839633192
0,0,0.04505986228210733
0,0,0.04298665863136744
0,0,0.036670488664889776
0,0,0.04778319165107793
0,0,0.044860923388701755
0,0,0.043776214397128865
0,0,0.0457476342372248
0,0,0.037377839236385005
0,0,0.04319691142121618
0,0,0.040666548013511404
0,0,0.0515890077816849
0,0,0.0448052489889694
0,0,0.044293260678272
0,0,0.045113505151229756
0,0,0.04149199016090333
0,0,0.045571840051037635
0,0,0.04379965175339212
0,0,0.04533447311461662
0,0,0.039942490226690476
0,0,0.04059617623036934
0,0,0.009955292075756713
1,0,0.04440794840380139
0,0,0.04426413949414833
0,0,0.042633615777182214
0,0,0.02721178752764517
0,0,0.038653900892930096
0,0,0.041863442675461146
0,0,0.04303151002047421
0,0,0.0432941752930556
0,0,0.05133814999254044
0,0,0.04399565701886633
0,0,0.04278432060576584
0,0,0.04298554290736974
0,0,0.04287193858099163
0,0,0.042613022195066685
0,0,0.05371177569886695
0,0,0.0438024297607422
0,0,0.04497121363346674
0,0,0.04127252656622869
0,0,0.043719166672478306
0,0,0.042272402110726186
0,0,0.042281410931044115
0,0,0.04170479130947283
0,0,0.043858532397874905
0,0,0.043904394638073475
0,0,0.04503765187859983
0,0,0.04386532748453307
0,0,0.0440933533460099
0,0,0.03817901831447417
0,0,0.04374626521234387
0,0,0.03529702554087677
0,0,0.04108863378739734
0,0,0.044061374226812236
1,1,0.9999854483456911
1,1,0.9846353969247885
0,0,0.04428812056586677
0,0,0.04413593770615201
0,0,0.0455646129256141
0,0,0.044311789380387365
1,0,0.04443092198785895
0,0,0.04417560265926653
0,0,0.045016896552614434
0,0,0.038840341932250604
0,0,0.04545182871380109
0,0,0.04353369987538617
0,0,0.04528376453663754
0,0,0.041795386909714106
0,0,0.04128714079363763
0,0,0.04367516420389887
0,0,0.04458654372042824
0,0,0.045105803715779005
0,0,0.03946499377545678
0,0,0.05371780459790057
0,0,0.0450775214526803
0,0,0.04093928033410066
0,0,0.04544352047605671
0,0,0.04094615936634955
0,0,0.04366701459113944
0,0,0.05121176109463912
0,0,0.04452466980095076
0,0,0.04585545875678462
0,0,0.04409120454246205
0,0,0.04450469624062078
0,0,0.04504826308378024
0,0,0.044007529277578145
0,0,0.042908696695873355
0,0,0.041804897465809975
0,0,0.03761370457693944
0,0,0.0433503696584401
0,0,0.049608161585508036
0,0,0.0451385789481032
0,0,0.04307191901242761
0,0,0.04422625575389714
0,0,0.04422936792996976
0,0,0.03149532928895874
0,0,0.04343031983853738
0,0,0.04355408118343854
1,0,0.05836562193890889
0,0,0.04331033265596233
0,0,0.042875712448258795
0,0,0.04447637767200407
0,0,0.04463420184782258
0,0,0.04482671306437929
0,0,0.04015421377627075
0,0,0.0429483366175208
0,0,0.04125504244371542
0,0,0.04498767540726705
0,0,0.045306050069090546
0,0,0.041887780534859524
0,0,0.04484352162443145
0,0,0.041628660404907654
0,0,0.04463345233236915
0,0,0.037158404866930624
0,0,0.044704576384826646
0,0,0.05364163343184087
0,0,0.023424450269073145
0,0,0.04455768968980861
0,0,0.0457737725981417
0,0,0.04520538116539839
0,0,0.03977730303188043
0,0,0.04506062342202326
0,0,0.04462744249970391
0,0,0.044365008929663205
0,0,0.04403472200819064
0,0,0.04318013221187246
0,0,0.04527875471464449
0,0,0.04718342562540721
0,0,0.04464105777977109
0,0,0.04323527168901268
0,0,0.04496312583923139
0,0,0.04526119855205697
0,0,0.040564131520811814
0,0,0.04008127473353639
0,0,0.043352095372831606
0,0,0.043807457316768376
0,0,0.043715079936152076
0,0,0.05765836820167056
0,0,0.04422625575389714
1,0,0.04346482250497777
1,1,0.98456907583562
0,0,0.045065638382492945
0,0,0.043273253621175095
0,0,0.038813300366566515
1,1,0.9999999925679368
0,0,0.04536365548006149
0,0,0.04286904514352172
0,0,0.045016488776242494
0,0,0.04347677114142179
0,0,0.04325493134458071
0,0,0.05422208820072734
0,0,0.04838841286240688
0,0,0.04235884284206468
0,0,0.04388791797061605
0,0,0.043827972278101805
0,0,0.03563553468940112
0,0,0.04422564715950397
0,0,0.04379789588642142
0,0,0.051760722142850484
0,0,0.043138405075063
0,0,0.042982185132212226
0,0,0.04388237478563679
0,0,0.04146954205707126
0,0,0.0437659051080818
1,1,0.9842393720235214
0,0,0.041460498300795436
0,0,0.04506248859268385
0,0,0.04072782468044983
1,1,1.0
1,1,0.9834036892473481
0,0,0.04471829045092089
0,0,0.04255276264569378
0,0,0.042249335864843134
1,1,0.9852085375103775
1,0,0.04267879207889336
0,0,0.04389773163195252
0,0,0.04198442113819609
0,0,0.051958698686438536
0,0,0.038455043766739784
0,0,0.044262464952801665
0,0,0.04281152260521446
0,0,0.044733915648751975
0,0,0.043473226832170066
0,0,0.043601112601777646
0,0,0.041826188841624916
0,0,0.04337089811529035
0,0,0.045325070242167545
0,0,0.04501035159929072
0,0,0.04070210189021965
0,0,0.07285736998040668
1,0,0.04401356694943904
0,0,0.04492154334977602
0,0,0.040747813965705704
0,0,0.05719830695876304
0,0,0.052247319947472205
0,0,0.04301112664767356
0,0,0.04501876760664571
0,0,0.044816331790814186
0,0,0.04478461715672531
0,0,0.05562533144140644
0,0,0.042947255721694964
1,0,0.04390307989734778
0,0,0.0797548383619671
0,0,0.044618458013911615
1,1,0.9848306198748121
0,0,0.044525470892275494
0,0,0.044891822995961596
0,0,0.04347677114142179
0,0,0.04068012887853512
0,0,0.044265574838049375
0,0,0.043400626275957165
0,0,0.05030215060448965
0,0,0.043879803660409104
0,0,0.04457254292856201
0,0,0.04282460720283636
0,0,0.04411573996646088
0,0,0.044878237682547104
0,0,0.04531823806614319
0,0,0.04438948348959514
1,0,0.04430332962079041
0,0,0.04314032294255166
0,0,0.04563700553955988
0,0,0.043149905294468854
0,0,0.04195897010079833
0,0,0.043966383847356426
0,0,0.045220267165035286
0,0,0.045310278491223946
1,1,0.9864678159542727
0,0,0.03664537753307026
0,0,0.051637309201590376
0,0,0.04202322793687647
0,0,0.044892330601426916
0,0,0.04084633619061915
0,0,0.041026087912632965
0,0,0.04395056459021879
0,0,0.03729837658879104
0,0,0.03849670793375484
0,0,0.04210979188662134
0,0,0.042734847195407724
0,0,0.04570730820685615
0,0,0.04458171582075188
0,0,0.04541260291362044
0,0,0.04597095258838182
0,0,0.05133363394982774
0,0,0.04096542249202221
0,0,0.0543358225633501
0,0,0.04170615658004516
0,0,0.04419233461525215
0,0,0.045322566917177384
0,0,0.04466985746855728
0,0,0.044944709293924336
0,0,0.05234315330818099
0,0,0.04369769581101663
0,0,0.045457696807814224
0,0,0.04513151038873661
0,0,0.04556567313955628
0,0,0.044721074683007025
1,0,0.04564559694972433
0,0,0.043245524042838365
0,0,0.04402362019803565
0,0,0.04155428554518087
0,0,0.04236501643411237
0,0,0.04560439200227907
0,0,0.04155229573586272
0,0,0.04326348501274999
0,0,0.045134316315492355
0,0,0.04424144454719563
0,0,0.03990273630111867
1,0,0.04356921974151985
0,0,0.044418272914548654
0,0,0.04217140219562505
0,0,0.04422075173992467
0,0,0.04378117526609209
0,0,0.042609075874599216
0,0,0.044507116425026826
0,0,0.04587851295849344
0,0,0.04399455137941899
0,0,0.04527072744811775
0,0,0.04517277944597377
0,0,0.053686994303735976
0,0,0.043311044309858354
1,1,0.9841980100219025
0,0,0.04280079212910157
0,0,0.04278239428101612
0,0,0.06374867146455593
0,0,0.04283386199654076
0,0,0.04442516693852672
0,0,0.04384583492186362
0,0,0.05029564401483991
0,0,0.043579211345756035
0,0,0.036041153914208694
0,0,0.04425139874375938
0,0,0.036575978234687535
0,0,0.03747688686713632
0,0,0.03930683146902485
0,0,0.044704576384826646
0,0,0.04508283150519079
0,0,0.08216338220801189
0,0,0.044285970200362075
0,0,0.03306204096602093
1,0,0.03527366607356398
0,0,0.03906337731402319
0,0,0.03925286031804589
0,0,0.043843961986363846
0,0,0.04393820605800144
0,0,0.04397964892132895
0,0,0.045618843326493075
0,0,0.04339753978347539
0,0,0.044547789654580804
0,0,0.04554060246522334
0,0,0.0447031570930615
0,0,0.0431319425645816
0,0,0.04106725156772335
0,0,0.04611282865271211
0,0,0.10359738949604604
0,0,0.0274722127212503
0,0,0.04349159552373066
0,0,0.04331528527556068
0,0,0.043761773832682795
0,0,0.03995264960083277
0,0,0.04442280000467278
0,0,0.06794535293839206
0,0,0.043502894429688396
0,0,0.04355974148735569
0,0,0.044797461934814084
0,0,0.042282485879336966
0,0,0.04445037373012779
0,0,0.04388785882488775
0,0,0.04320644875838435
0,0,0.03979696975670945
0,0,0.045213956084581904
0,0,0.04281150692385017
0,0,0.04432619796593343
0,0,0.04505645321397798
0,0,0.04368997286496543
0,0,0.04207480122313477
0,0,0.0446455170878583
0,0,0.06092471339979988
0,0,0.04514516269836374
0,0,0.04540330913340999
0,0,0.04309059262662448
0,0,0.05454514901597178
0,0,0.04200221148621958
0,0,0.04422075173992467
0,0,0.04156465172131233
0,0,0.04352373854277914
0,0,0.038033044495312036
0,0,0.04498837215675257
0,0,0.06253541150062963
0,0,0.04083226319518654
0,0,0.04135853289969691
0,0,0.04173403794950146
0,0,0.04360280542142325
0,0,0.05303414338424565
1,0,0.04374683249523782
0,0,0.04407833364144956
0,0,0.040793099983051515
0,0,0.044520845649926366
0,0,0.04596148684048816
0,0,0.04525977441352231
0,0,0.04092973703371983
0,0,0.043735140109170845
0,0,0.04098033021811059
0,0,0.044321830190126935
0,0,0.04381294431015646
0,0,0.043890311505740666
0,0,0.04476150736694306
1,0,0.04464541439767672
0,0,0.05328330310748394
0,0,0.044440156125466236
1,1,1.0
0,0,0.04203726706555006
0,0,0.04456052405691565
0,0,0.044012353408259736
0,0,0.04256564951332107
0,0,0.044828135823489296
0,0,0.04064068796301358
0,0,0.01588791729790178
0,0,0.0454147748989691
0,0,0.043453813440839185
0,0,0.042371233905935876
0,0,0.05347697002630606
0,0,0.045289477321172965
0,0,0.04138739000896079
0,0,0.037406180058206284
0,0,0.04188019231702088
0,0,0.0387273187549798
0,0,0.04393189898432108
0,0,0.04541267804621777
0,0,0.044391455079372824
0,0,0.04549972903247457
0,0,0.04289622868351192
0,0,0.04478646666482904
0,0,0.03758291127396285
0,0,0.04582994352330643
0,0,0.043168627262035644
0,0,0.04176688621258723
0,0,0.05053168361287728
0,0,0.04390549764865871
0,0,0.04538427910256678
0,0,0.04289888054074764
0,0,0.04081301071015693
0,0,0.04221654355162962
0,0,0.04385767555984571
1,0,0.03624965088509191
0,0,0.04499701953458667
0,0,0.04469693549883518
0,0,0.04312840766117173
0,0,0.04362067740212891
0,0,0.01623246264704161
0,0,0.0656243452401444
0,0,0.0447389414684218
0,0,0.0442793362412278
0,0,0.04226735769757547
1,0,0.04305418403312916
0,0,0.04445345895411437
0,0,0.04479894651253959
0,0,0.05268953599041481
0,0,0.04461550017684322
0,0,0.044196402953377435
0,0,0.046099661173256985
0,0,0.045438277773805914
0,0,0.04323050896241314
0,0,0.05688410664455534
0,0,0.04397996534661028
1,0,0.0426024011040533
0,0,0.04134106472223322
0,0,0.0451625167405869
0,0,0.04128477107819099
0,0,0.05262954622522018
0,0,0.03967480904047469
0,0,0.050808392203776476
0,0,0.04501798787826138
0,0,0.04238110829300184
0,0,0.043705220473069
0,0,0.041636605851074135
0,0,0.04472623878196741
0,0,0.04487099573107897
0,0,0.043904394638073475
0,0,0.03860642428560886
0,0,0.0355643804871725
0,0,0.051800172475506806
0,0,0.04421965923675562
0,0,0.03967741678554549
0,0,0.04524984941843495
0,0,0.09894920989236766
0,0,0.04432883794174138
0,0,0.04501798787826138
0,0,0.03447994436298756
0,0,0.04143825788109042
0,0,0.04526939558169576
0,0,0.041690978139079286
0,0,0.0451830725770965
0,0,0.04503583397653925
0,0,0.043477112958969624
1,0,0.042286094640289165
0,0,0.044476882289645414
0,0,0.04484430666842802
0,0,0.0446689205436274
0,0,0.043357052154221476
0,0,0.043735124104954004
0,0,0.044267508799242086
0,0,0.04516092436186941
0,0,0.04311531342363889
0,0,0.04489460111610381
0,0,0.044620720693726704
0,0,0.0452250932658612
0,0,0.04529685007891689
0,0,0.04158642175343012
0,0,0.044204820939903626
0,0,0.04514173098713424
0,0,0.04069279103887125
0,0,0.01681089449963956
0,0,0.045429856286833256
0,0,0.045347228871346255
0,0,0.04498767540726705
0,0,0.05478610997873342
0,0,0.045216769990471625
0,0,0.05373759463172979
0,0,0.045606456894484726
0,0,0.043940922522213134
0,0,0.038158283573436196
0,0,0.06729012161988629
0,0,0.06200444248149592
0,0,0.04266583640600267
0,0,0.04527837976080985
1,0,0.04444050821066815
0,0,0.04021061383888079
0,0,0.058274131620324146
0,0,0.04513067932750973
0,0,0.04517140415695503
0,0,0.044260036816100065
0,0,0.04480068672865184
0,0,0.04522466124995891
0,0,0.044219347097721254
0,0,0.02282897576934756
0,0,0.04309633769961752
0,0,0.03176218585561483
0,0,0.04500354338439667
0,0,0.04536321764554896
0,0,0.045261358124324504
0,0,0.044457287066889055
0,0,0.04431465825240217
0,0,0.04413739101316842
0,0,0.04191208647068441
0,0,0.044865521490472474
0,0,0.04511476864069495
0,0,0.045538436390760696
0,0,0.04392447589231561
0,0,0.0368855102967688
0,0,0.0433315541292598
0,0,0.04767437303917826
0,0,0.0438974509027672
0,0,0.0323757803836687
0,0,0.04431905149562567
0,0,0.05322372619717842
0,0,0.043865095101821995
0,0,0.04415229297745037
0,0,0.04500294385344031
0,0,0.04244591261463244
0,0,0.04355406524245979
0,0,0.04534105157462742
0,0,0.04292366278836738
0,0,0.04386561570561446
0,0,0.04340225288078289
0,0,0.044072136153318356
0,0,0.04431905149562567
0,0,0.03979829436042791
0,0,0.09418403926327822
0,0,0.04450393279562715
1,0,0.04221931197768117
0,0,0.0438671645099122
0,0,0.04223981141488879
0,0,0.05024338331675602
0,0,0.042835314879834996
0,0,0.04343495286870357
0,0,0.0437964325470155
0,0,0.044261797878205125
0,0,0.045383041581132606
0,0,0.04420764771085184
0,0,0.044669991171382095
0,0,0.04381315831022818
0,0,0.04316529132804341
0,0,0.043794697501117946
0,0,0.04266436231278674
0,0,0.044481464276243526
1,0,0.047056014516214016
0,0,0.05244935740403426
0,0,0.04444819208387601
0,0,0.044196423832393306
0,0,0.04226848412462308
0,0,0.042728563096038424
0,0,0.035834723027329214
0,0,0.0429155606622203
0,0,0.04330283307109831
0,0,0.05278131434898528
0,0,0.043785287595497074
0,0,0.04538919980357964
0,0,0.043315992914479934
0,0,0.04210314230534673
0,0,0.031956280010070746
0,0,0.044649225694472966
0,0,0.0141796583692191
0,0,0.0459443069319887
0,0,0.04282556985932848
0,0,0.0450753763638203
1,1,0.9852136368913555
0,0,0.044333804896613954
0,0,0.041650718923365346
0,0,0.04455463014939294
0,0,0.04500050578796051
0,0,0.04413699648850358
0,0,0.04551886647046883
0,0,0.0583833710543109
0,0,0.04533614585246018
0,0,0.043797976017153274
0,0,0.04169026378822192
0,0,0.04422936792996976
0,0,0.044468194244731314
0,0,0.044892330601426916
0,0,0.040546297712565314
0,0,0.019854285719003814
0,0,0.03986297697497659
0,0,0.04213731592690427
0,0,0.03615336344841659
0,0,0.04450824980516504
0,0,0.04420027461990791
1,0,0.044139372776571824
0,0,0.04343902288475652
0,0,0.04204997121179916
1,0,0.04422625575389714
0,0,0.045052008987069965
0,0,0.044704576384826646
0,0,0.042908696695873355
0,0,0.04562798310744886
0,0,0.04275537923683404
0,0,0.038148819769579505
0,0,0.03498511011630516
0,0,0.040819990550529255
0,0,0.03947646045644696
1,1,1.0
0,0,0.04584054030482154
0,0,0.03897764220658594
0,0,0.04518163881241075
0,0,0.041346614490480174
1,0,0.056025117478527446
0,0,0.04324559469741771
0,0,0.04221236706205692
0,0,0.044684469333236485
0,0,0.04379828451551544
0,0,0.04363410029346649
0,0,0.04202174137460275
0,0,0.04467095261371557
0,0,0.04316196927389046
0,0,0.05246557335683701
0,0,0.0481124412324189
0,0,0.07223999585831833
0,0,0.043670770083513645
0,0,0.04555554034304362
0,0,0.04071731643828596
0,0,0.040798180603941095
0,0,0.04022591984351769
0,0,0.04316529132804341
0,0,0.04478357528824447
0,0,0.04062650881479775
0,0,0.04476900556160699
0,0,0.04357938446172736
0,0,0.04279324085049898
0,0,0.040259860161708294
0,0,0.04362367460206024
0,0,0.043311988799352406
0,0,0.044405216928113646
0,0,0.04584054030482154
0,0,0.03904403898712928
0,0,0.04375070900454208
1,0,0.0452098178501411
0,0,0.046040780351395916
0,0,0.042754486868710875
0,0,0.04449291707890088
0,0,0.04498624755085838
0,0,0.05106296001377408
0,0,0.04422226094958392
0,0,0.042882815278556544
0,0,0.03434567906303135
0,0,0.04075051380286353
0,0,0.04525999557620438
1,1,0.9999999999941598
0,0,0.05293707129302028
0,0,0.044871019987289186
0,0,0.05247517141450208
0,0,0.04533402982267627
1,0,0.05995886894051365
0,0,0.04283355678688525
0,0,0.05247748399714984
0,0,0.04545497930905711
0,0,0.04339157596171358
0,0,0.0442151159745272
0,0,0.03994467121249607
0,0,0.04373628927374407
0,0,0.04560397381719246
0,0,0.04389228268472302
0,0,0.05079413104574419
0,0,0.042741669720695145
0,0,0.04107819288042843
0,0,0.0554967970604549
0,0,0.04556567313955628
0,0,0.04930711809691626
0,0,0.042242998669834345
0,0,0.04506650151219636
0,0,0.0412499356942788
0,0,0.042412007414275796
1,0,0.04390326428327167
0,0,0.04514332272108759
0,0,0.0426204383399853
0,0,0.043117807238059
0,0,0.04452296083265689
0,0,0.044673482057345025
1,1,0.9999874788100045
0,0,0.045383041581132606
0,0,0.04617821096175434
0,0,0.040345668602736535
0,0,0.03313939625701058
0,0,0.04344447345117057
0,0,0.043151508045164794
0,0,0.04162558496947048
0,0,0.04537136003731873
0,0,0.04460358142276409
0,0,0.04385767555984571
0,0,0.05028157671333569
0,0,0.04433358318441437
0,0,0.04556567313955628
0,0,0.04384915659801178
0,0,0.04272359644528827
0,0,0.042047074679221495
1,0,0.10736895693184832
0,0,0.043429039445651345
0,0,0.044573413081725737
0,0,0.044305035948598595
1,0,0.04345465419675283
0,0,0.043007126414225286
0,0,0.04555578125448463
1,0,0.04175567254275489
0,0,0.040543662572836606
0,0,0.044949438169829145
0,0,0.04338357479594994
0,0,0.04511785795768315
0,0,0.0458713585878272
0,0,0.0449572311609725
0,0,0.04431319682290638
0,0,0.04515685461879529
0,0,0.04179748676063036
0,0,0.0357345289927941
0,0,0.044039231477995065
0,0,0.04286624354024893
1,1,0.9846805592684315
0,0,0.04292533893747923
0,0,0.0428354819729127
0,0,0.053368953849731414
1,0,0.04494137874480355
0,0,0.039520855710632824
0,0,0.044979201994680876
0,0,0.04467028443256644
0,0,0.04111481410799147
0,0,0.04422075173992467
0,0,0.044617839517747886
0,0,0.04407419875608871
0,0,0.04055009618650052
0,0,0.04483214216902373
0,0,0.05439820801292885
0,0,0.04133281476291348
0,0,0.04360667367546025
0,0,0.0956918379200956
0,0,0.04204286509443294
0,0,0.045188990031199645
0,0,0.043343786125798124
0,0,0.0444975030126781
0,0,0.04303870513896689
0,0,0.05569821449157957
0,0,0.039117447642897124
0,0,0.044704576384826646
0,0,0.044006253242284146
0,0,0.04384371340382017
0,0,0.045285415499666304
0,0,0.03895567733131521
0,0,0.04253145352380395
1,0,0.045134316315492355
0,0,0.04551707959712233
0,0,0.039478546075149695
0,0,0.046019995559588384
0,0,0.04549603928312355
0,0,0.04175700680957992
0,0,0.04160113880542539
0,0,0.0459699269618576
0,0,0.043245524042838365
0,0,0.04450609325174656
1,1,1.0
0,0,0.04286241774743878
0,0,0.026029536360864965
0,0,0.045549206399012714
0,0,0.045148076316824916
0,0,0.042766323436569546
0,0,0.04501941669461258
0,0,0.04428812056586677
0,0,0.04435005918178846
0,0,0.044087071527646446
0,0,0.04427881939171396
0,0,0.04175789649587624
0,0,0.043037599283366944
0,0,0.042946487256405465
0,0,0.044358128538068205
0,0,0.044470855970494515
0,0,0.04392513068505492
0,0,0.04171729959480523
0,0,0.04613106577608514
0,0,0.04497322285593813
0,0,0.04416780191095735
0,0,0.04214053163443415
0,0,0.044537868171343156
0,0,0.01911001831355862
0,0,0.05051060637151652
0,0,0.04448897691369033
0,0,0.05089084113080737
0,0,0.03911628625579024
0,0,0.04120609242590025
0,0,0.04390774498087763
0,0,0.04489575354248215
0,0,0.04564082597626313
0,0,0.04485934114423149
0,0,0.04603859163420727
1,0,0.04436819531692976
0,0,0.04385767555984571
1,0,0.044019937811444976
1,0,0.046140824613916005
0,0,0.0426898585566118
0,0,0.040628168177011925
0,0,0.0452120732392667
1,0,0.0435498338412202
0,0,0.04479953465054635
0,0,0.04461642285111422
0,0,0.039906662033881775
0,0,0.044704576384826646
0,0,0.041395286714669556
0,0,0.04347677114142179
0,0,0.0405576275871701
0,0,0.043110634684381775
0,0,0.044208120517036334
0,0,0.042797170219479916
0,0,0.04423757220546157
0,0,0.0533316544156995
0,0,0.042498827034935946
0,0,0.04581967349943661
0,0,0.03682010734178058
0,0,0.059747832884784136
0,0,0.0445764679409816
0,0,0.043143417774327925
1,0,0.045613435256518405
0,0,0.045269238807959473
0,0,0.04278239428101612
0,0,0.02443141515190836
0,0,0.041630373802431626
0,0,0.043859195611645106
0,0,0.045130481165254956
0,0,0.04389511916085285
0,0,0.033340865306962585
0,0,0.045135508961637816
0,0,0.04560032056612222
0,0,0.04494924986880701
0,0,0.0418117929690968
0,0,0.04466454030649851
0,0,0.044179161058690235
1,0,0.04253942726019015
0,0,0.04341011431864664
0,0,0.04573663619207659
0,0,0.045012595520241616
0,0,0.04519750653012486
0,0,0.045680743265239236
0,0,0.04592136628118473
0,0,0.04394668438163811
0,0,0.04169739863765935
1,0,0.04251890863283233
0,0,0.040874284521089
0,0,0.04374045346545435
0,0,0.04468429339164024
0,0,0.048333340918137825
0,0,0.030808140895647974
0,0,0.04529399157390706
0,0,0.04037181346301607
0,0,0.04616357479279374
0,0,0.043865335172389955
1,0,0.04556567313955628
0,0,0.0440707960656177
0,0,0.04227741901425727
0,0,0.045113884297077224
0,0,0.05788046633893346
0,0,0.043991048607762574
0,0,0.04534345993497173
1,1,1.0
0,0,0.04479712755626728
0,0,0.040595730354649404
0,0,0.04475005300789019
0,0,0.0428659033678449
0,0,0.045197571966156855
0,0,0.044506487872354075
0,0,0.04022119400893514
0,0,0.04430142488265231
0,0,0.042578413560064164
0,0,0.04526279429884863
0,0,0.04422075173992467
0,0,0.04355109172775669
1,0,0.03997671390725814
0,0,0.04459702099487709
0,0,0.04496339149370215
0,0,0.04411159924466349
0,0,0.04142808705685076
0,0,0.043332690658393604
0,0,0.04440337127065661
0,0,0.04553447457479825
0,0,0.04467728413402019
0,0,0.04519294144394395
0,0,0.042724103190378684
0,0,0.041397821325970696
0,0,0.04811090313588824
0,0,0.04495595544584337
0,0,0.044769574164123485
0,0,0.044671433342279424
1,1,1.0
0,0,0.03997560750228364
1,1,0.9833626171345052
0,0,0.045707469276625175
1,0,0.0396965743382027
0,0,0.04536376001831646
0,0,0.045059065682393984
1,0,0.053452967596637035
0,0,0.052298670715377915
0,0,0.04398375456131736
0,0,0.04317563942291494
0,0,0.044000685208365316
0,0,0.042019542172326424
0,0,0.04301103214060644
0,0,0.043567834851415084
0,0,0.044557210128198965
0,0,0.04497121363346674
0,0,0.04341933964536795
0,0,0.0416157705407339
0,0,0.04418372227747886
0,0,0.04391467051715635
0,0,0.04481318741458643
0,0,0.04494914343430509
0,0,0.04493758754729331
0,0,0.03854538864171488
0,0,0.04142637478210705
0,0,0.04518752409997267
0,0,0.04352367209975822
0,0,0.04460358142276409
0,0,0.026194986031600562
0,0,0.042232292828202365
0,0,0.04384966124284055
0,0,0.05114298268483173
1,0,0.04302232728557773
0,0,0.04384915659801178
0,0,0.040255630407906
0,0,0.04340439313197552
0,0,0.0436700332766033
1,0,0.04372939871279155
0,0,0.03539479688072207
0,0,0.04524941779817903
0,0,0.04370313769875633
0,0,0.04435351210261735
0,0,0.03970029601579187
0,0,0.04435661963683062
1,0,0.06509489619878486
1,0,0.06187988551941649
0,0,0.04536881602244023
0,0,0.04517623259258341
0,0,0.05025450300127732
0,0,0.01673323576131237
0,0,0.04490159390403739
0,0,0.0418991850189695
0,0,0.043016969972256805
0,0,0.04487818061687088
0,0,0.045525284386000994
0,0,0.043184329313916345
0,0,0.04549176028653875
0,0,0.042382972888195335
0,0,0.045525284386000994
1,0,0.044585570493951836
0,0,0.04469475110038714
0,0,0.021525684552960722
0,0,0.04245685915656169
0,0,0.04414214072600375
1,0,0.04500163092854822
0,0,0.04280686751774378
0,0,0.047668715357951634
0,0,0.044085381602640514
1,0,0.04184367981525772
0,0,0.050407303321826316
0,0,0.04174824747364331
0,0,0.0421329542758993
0,0,0.04002980709771027
0,0,0.04116744394084315
0,0,0.03936712435609533
0,0,0.0414495322783674
0,0,0.04450467996790248
0,0,0.04151114565976671
1,0,0.03535107023882522
0,0,0.052934109872098144
0,0,0.04393115308603617
0,0,0.05275329252039592
0,0,0.0411942239268691
1,0,0.044670645398794166
0,0,0.04466482230929788
0,0,0.04372906701027278
0,0,0.04347677114142179
0,0,0.044609706026258154
0,0,0.045221388037797086
0,0,0.03981448918301598
0,0,0.045708918928865305
0,0,0.04440794840380139
0,0,0.040795569095073606
0,0,0.04428812056586677
0,0,0.04406852774452136
1,0,0.04458914176313185
0,0,0.04465571718976507
0,0,0.045200225533168464
0,0,0.04364481054168623
0,0,0.04527008883904819
0,0,0.04482928860259191
0,0,0.04117698708937767
0,0,0.04539495807423871
0,0,0.04511173343852638
0,0,0.04314243572622271
0,0,0.03772718115196809
0,0,0.04508354366464103
0,0,0.04421487710877412
0,0,0.039222725164114784
0,0,0.044876494595607455
0,0,0.04331528527556068
0,0,0.04361317680462706
0,0,0.04362105408532643
0,0,0.04440852413760597
1,0,0.04105043684045846
0,0,0.0419163853489532
0,0,0.04519980674998834
0,0,0.027857032744570916
0,0,0.050403037205090526
0,0,0.04359386165155213
0,0,0.01813814546773254
0,0,0.041316682833695245
0,0,0.045365094746317766
0,0,0.04527837976080985
0,0,0.045630549366485605
0,0,0.03810156816348138
0,0,0.04407694198178165
0,0,0.04903687050732589
1,1,0.9809176043310317
0,0,0.043708072738624495
0,0,0.044480917660444284
0,0,0.04516314243018796
0,0,0.044308794823213614
0,0,0.040435471279622305
0,0,0.020330572860063033
0,0,0.04041425015643424
0,0,0.022556211643683304
0,0,0.04382850014320287
0,0,0.04772578364048226
0,0,0.07347004232778369
0,0,0.05279934790843677
0,0,0.04546029227383726
0,0,0.045800462348198734
0,0,0.03817148160056145
0,0,0.04412810368939974
0,0,0.04429370040872923
0,0,0.04467166101829846
0,0,0.04237141479614634
0,0,0.03870353792858652
0,0,0.044517651321692185
1,1,1.0
1,1,1.0
0,0,0.04330523260792433
0,0,0.04369109305202495
0,0,0.040659310320112975
0,0,0.04584054030482154
0,0,0.044645365162065756
0,0,0.042158809198299695
0,0,0.045383041581132606
0,0,0.03487876333480637
0,0,0.041126051501082866
0,0,0.04494977965615048
0,0,0.043541380518714146
0,0,0.04292168397154497
0,0,0.0336146746941451
1,0,0.03987407500626539
0,0,0.05133296525796024
0,0,0.04484510333712528
0,0,0.04486409732895397
0,0,0.04435336578855439
0,0,0.0443401959078751
0,0,0.0448641707755487
0,0,0.04516383894945614
0,0,0.043449908759633005
0,0,0.05266445763479288
0,0,0.045628066150662436
0,0,0.0453958408944523
0,0,0.045157705045175314
0,0,0.041435889234758716
0,0,0.05164747551539564
0,0,0.04518163881241075
0,0,0.04324689915091456
1,0,0.044207204080276105
0,0,0.04139019308350885
0,0,0.044439875547217074
0,0,0.043454900673682226
0,0,0.04503752810158419
0,0,0.04449565735806818
0,0,0.04558661148106267
0,0,0.05192039453931288
0,0,0.05470367943120729
0,0,0.043997349565379054
0,0,0.05243347438483905
0,0,0.04276790305374172
0,0,0.04235188569238428
0,0,0.04440935875862294
0,0,0.04135853289969691
0,0,0.045066572600635256
0,0,0.04476110718127639
0,0,0.043298888569361586
0,0,0.043348900955617
0,0,0.04474942091409248
0,0,0.0442692455190029
0,0,0.04215254163244302
0,0,0.04339716679082601
0,0,0.042752173384241865
0,0,0.046053352320272876
0,0,0.03603349804895237
0,0,0.04052577569575722
0,0,0.04239562962306421
0,0,0.04148770471285344
0,0,0.04510205327794964
0,0,0.04474285066892386
0,0,0.06668119211302061
0,0,0.040845109361240986
0,0,0.035262495764729986
0,0,0.0431350713712592
0,0,0.04482770742151426
0,0,0.045246319552762634
0,0,0.049103360310204944
0,0,0.043407773852336934
0,0,0.039494839555550866
0,0,0.04413133391231056
0,0,0.04437283694034947
0,0,0.04530122380690751
0,0,0.05537131434094459
0,0,0.04505002110485084
0,0,0.044860923388701755
0,0,0.04414347817452767
0,0,0.029054899673858547
0,0,0.04309457423877475
0,0,0.05153677336443191
0,0,0.045295704740769986
1,0,0.04211560594242892
0,0,0.0432062671667127
0,0,0.043223559839586784
0,0,0.03602420960124196
0,0,0.04321257583154521
0,0,0.043365333996167876
0,0,0.04468647757345534
0,0,0.04498190882876328
0,0,0.060000103059531296
0,0,0.05428888711873146
0,0,0.044027532119489794
0,0,0.026859931437143977
0,0,0.05455417721520487
0,0,0.044663228015290185
0,0,0.04258876660839731
0,0,0.04456420047254287
0,0,0.04037995438578187
0,0,0.044579118190541396
0,0,0.04412413368358806
0,0,0.04579103399130031
0,0,0.044589263687185736
0,0,0.04422075173992467
0,0,0.0455400488621434
0,0,0.04431820228541591
0,0,0.042685930851564816
0,0,0.04506062342202326
0,0,0.05245763553936459
0,0,0.0432062671667127
0,0,0.0450378132390809
0,0,0.0452947204913493
0,0,0.044618458013911615
0,0,0.043127437847079376
0,0,0.04480605038724733
1,0,0.039642022315353506
0,0,0.04564691109393116
0,0,0.044250192367720584
0,0,0.04335511979365136
0,0,0.04552226444970211
0,0,0.04504737621249542
0,0,0.04487626592466246
0,0,0.04463756441214114
0,0,0.04422469485769631
0,0,0.0431765935372606
0,0,0.04555554034304362
0,0,0.04254572361828134
0,0,0.04385767555984571
1,0,0.03482805444410289
0,0,0.05934076333730595
0,0,0.0444981252739989
0,0,0.04472623878196741
0,0,0.04422075173992467
0,0,0.04326191966667202
0,0,0.04259899051179403
0,0,0.04539508382493193
0,0,0.04518730630201746
0,0,0.04329424391099222
0,0,0.02790940352627668
0,0,0.04457071813820594
0,0,0.04472719831417249
0,0,0.04459054884033319
0,0,0.04213697684901503
0,0,0.04015058207939603
0,0,0.041863587272853636
0,0,0.04400695555113356
0,0,0.045024030275671145
0,0,0.03455745310939279
0,0,0.04245482221166065
0,0,0.04970073117087263
0,0,0.044771248173847734
0,0,0.045099402659623845
0,0,0.04186220645495436
0,0,0.04177434087516073
0,0,0.0536960001713271
0,0,0.06517967091297208
0,0,0.043313603112959655
0,0,0.05195805858178901
0,0,0.044502074347601145
1,0,0.041164479343956326
0,0,0.04386532748453307
0,0,0.043642284837600694
0,0,0.04459560801388443
0,0,0.04025612045059919
0,0,0.04378345316910554
0,0,0.04353943566987285
1,0,0.03971391142543497
0,0,0.04577834576424024
0,0,0.04425153765791297
0,0,0.044251612913104754
0,0,0.06123229542658629
0,0,0.04309650576505479
1,0,0.06632035974952308
0,0,0.04450452293900552
0,0,0.04341221329228098
0,0,0.04405855503689266
0,0,0.050561152767489764
0,0,0.04562798310744886
0,0,0.037088704142252404
0,0,0.046117364408658185
0,0,0.04525555812721346
0,0,0.04558951095330883
0,0,0.04139851443265467
0,0,0.04475519207589891
0,0,0.04516571100976205
0,0,0.04445414781501534
0,0,0.04396508837684626
0,0,0.044470823448658554
0,0,0.04347652454608101
0,0,0.04266454465753062
0,0,0.04549395464216913
0,0,0.04248717835913095
0,0,0.04133630381407599
0,0,0.04106451752437959
0,0,0.04368300887268125
0,0,0.03794348914756768
1,0,0.029417593855502137
0,0,0.04139434457055244
0,0,0.04417761366448744
1,0,0.045242673346196305
0,0,0.04422564715950397
0,0,0.04527970313630545
0,0,0.04003291617028962
0,0,0.04468838454701491
0,0,0.041648043239433476
0,0,0.052214050483392956
1,0,0.05334718746016213
0,0,0.042960236835064655
0,0,0.045385486952316575
0,0,0.046036210102685694
1,0,0.04339617532151021
1,0,0.04484260785928663
0,0,0.045144002180500714
0,0,0.04478045465436734
0,0,0.04450609325174656
0,0,0.03374211860276291
0,0,0.044720079516818834
0,0,0.043219893084007435
0,0,0.04438948348959514
0,0,0.043077168503441204
0,0,0.04463123825781103
0,0,0.04097771568682466
0,0,0.045607683560259876
0,0,0.04357970744050657
0,0,0.044131257907003944
0,0,0.04324462580101959
0,0,0.04218598311388908
0,0,0.05169526090788161
0,0,0.04560413454021926
0,0,0.04194304662751768
0,0,0.1140125553919883
0,0,0.059304023778445715
0,0,0.04325046674703221
0,0,0.043405207620691666
0,0,0.044538534464142875
0,0,0.043314897766341856
0,0,0.0436869845032657
0,0,0.041349502836442315
0,0,0.0394052497067051
0,0,0.03568567083699198
0,0,0.04462031049434457
0,0,0.04504478846293335
0,0,0.04413819595009087
0,0,0.044468432924610876
0,0,0.045070754955958414
0,0,0.04434714628649665
1,1,1.0
0,0,0.042986148975625846
0,0,0.044728935873733236
0,0,0.05101606314348695
0,0,0.04488403753027108
0,0,0.045410206397546324
0,0,0.04211931179100918
0,0,0.04161546880047202
0,0,0.04158599194624183
0,0,0.050052460024354824
0,0,0.04425075718299104
0,0,0.03189285279037883
0,0,0.044916007214847134
0,0,0.04316570620777427
0,0,0.0461961056094178
0,0,0.0482980636895148
0,0,0.044856521519493806
0,0,0.04466146901108887
0,0,0.043348900955617
0,0,0.044093323843022905
0,0,0.042832747640474116
0,0,0.0452799760846205
0,0,0.04267501939683804
0,0,0.041928494445643574
0,0,0.046096954756422344
0,0,0.043814887788979406
0,0,0.045029145159120175
0,0,0.04434291944991287
0,0,0.04270848076725049
0,0,0.06346353645280776
1,1,1.0
0,0,0.04275070433466631
1,1,0.9999999999946299
0,0,0.0425491259797966
0,0,0.042521501585237695
0,0,0.032382553565628414
0,0,0.04460329530348503
0,0,0.04473920320503666
0,0,0.043305562169416036
0,0,0.044187684198159584
0,0,0.043854541871882965
0,0,0.0392487883086673
0,0,0.04511623211678933
0,0,0.04363692084641888
0,0,0.04545164138543686
0,0,0.041928524544329236
0,0,0.045254705531373
0,0,0.04237870301294374
0,0,0.04466016837185699
0,0,0.04301851713202686
0,0,0.042816245810767956
0,0,0.045680743265239236
0,0,0.044916007214847134
0,0,0.04471358754671718
0,0,0.04299409398280887
1,0,0.042956933456406006
0,0,0.04195980685516814
0,0,0.045622151913660584
0,0,0.04549320342352455
0,0,0.04296109882530487
0,0,0.05076436399621526
0,0,0.042019542172326424
0,0,0.044183201101343376
0,0,0.036338532234315955
0,0,0.04461719594919486
0,0,0.04337632166046671
0,0,0.042855791330051345
0,0,0.042856843995951716
0,0,0.04242677925153749
0,0,0.04424314321013106
0,0,0.04113352429238136
0,0,0.041881742614632365
0,0,0.04592282239089605
0,0,0.04486941314804584
0,0,0.04396072607033211
0,0,0.04521326364612709
0,0,0.044203127049551386
0,0,0.04189652440826471
0,0,0.04434133672183677
0,0,0.04393702390236782
0,0,0.04437223514522124
1,1,0.9999999999999969
0,0,0.042492969232655955
1,0,0.045123065437278585
0,0,0.04479609495991937
0,0,0.04328590101128248
0,0,0.045431457696934685
0,0,0.043860998091869274
0,0,0.03845827495264659
0,0,0.0439389114146109
0,0,0.043369781135699566
0,0,0.04335157298534878
0,0,0.041018726565407365
0,0,0.04380072654237147
0,0,0.04385767555984571
0,0,0.04440300322873578
0,0,0.03587815790903665
0,0,0.04479554745634801
0,0,0.04604302869514921
0,0,0.03963697624834105
1,0,0.045085006794428215
0,0,0.04049778082229659
0,0,0.04239302037798669
1,0,0.04046139319186062
0,0,0.04562798310744886
0,0,0.04196345145389257
0,0,0.038487503819985974
0,0,0.04499174370389368
0,0,0.042736115863687134
0,0,0.042789372627812704
0,0,0.041937284815632046
0,0,0.044338787647615986
0,0,0.044985391569551
0,0,0.04068371645904782
0,0,0.044641350589576544
0,0,0.050061418163246364
0,0,0.055206141787841806
0,0,0.043473226832170066
0,0,0.04514659536027068
0,0,0.04422621464192342
0,0,0.04135692059994344
0,0,0.04385767555984571
0,0,0.04298004148450645
0,0,0.0430865938166022
0,0,0.043365107783735486
0,0,0.04361542275702146
0,0,0.06777156920180685
0,0,0.04452786216974578
0,0,0.05468566535414029
0,0,0.043856702736249135
0,0,0.044317568173205465
0,0,0.0436332080536531
0,0,0.04254345541464018
0,0,0.04592282239089605
0,0,0.04541947684316551
0,0,0.039795618436730726
0,0,0.04626123269463555
0,0,0.05285143269905018
0,0,0.044196133538193176
0,0,0.05129345485768734
0,0,0.0574540139464294
0,0,0.042131536067249946
1,0,0.04369383690685116
0,0,0.045551816267948825
1,0,0.04241661822582082
0,0,0.04550234935813994
0,0,0.043983887981769366
0,0,0.03392371561571391
0,0,0.04363825499968247
1,0,0.044736313303674995
0,0,0.04265870377286738
0,0,0.03686257297397375
0,0,0.050703908359090506
0,0,0.04433183878676342
0,0,0.04521614531452557
0,0,0.04192274453349535
0,0,0.05319196503031457
0,0,0.0426967642200015
0,0,0.053614596876257324
0,0,0.04126573542157125
0,0,0.04486659319157762
0,0,0.04500684172790582
0,0,0.045859545041369694
0,0,0.04570883519262733
0,0,0.026869049186700956
0,0,0.05261543295990433
0,0,0.044540557215738595
0,0,0.04497199258985508
0,0,0.044704576384826646
0,0,0.04340065427775691
0,0,0.0455851655224941
0,0,0.04335803152616537
0,0,0.032779740776761726
0,0,0.04373822897762362
0,0,0.041093812531865365
0,0,0.04266794945015663
0,0,0.045171019613966995
1,0,0.04200006772962751
0,0,0.041346475516288526
0,0,0.044743647938256303
0,0,0.04310567757795726
0,0,0.04316189216275073
0,0,0.04236376605709767
0,0,0.04495404491708257
0,0,0.044178113228440063
0,0,0.044175758581263935
0,0,0.04282432512263437
0,0,0.04446143217550401
0,0,0.03731516531474597
0,0,0.04322090358815875
0,0,0.04532455818314095
0,0,0.045045027073473104
0,0,0.04487072547016954
0,0,0.06226469722967021
0,0,0.040752759789600516
0,0,0.04329727927342689
0,0,0.03252717518130435
0,0,0.034201280999543324
0,0,0.04415776080092814
0,0,0.04385767555984571
0,0,0.011305551324276793
0,0,0.045427905418004705
0,0,0.043795118153445646
0,0,0.0385642041856106
0,0,0.04412339260513291
0,0,0.044866486943602325
0,0,0.04497543754989599
0,0,0.044702787910121736
0,0,0.053377481738996445
0,0,0.04486959565943179
0,0,0.043719166672478306
0,0,0.04304416618367195
0,0,0.0436341831308204
0,0,0.043669542190435874
0,0,0.042910500172741686
0,0,0.04481397775441977
0,0,0.04597138453717423
0,0,0.04417151527954852
0,0,0.051819938545865515
0,0,0.04439290672896095
0,0,0.04530197269441771
0,0,0.04494860749704194
0,0,0.04440180441384152
0,0,0.04274179954185249
0,0,0.045279398480818765
0,0,0.043678680667851036
0,0,0.04440795713321117
0,0,0.04334620098653098
0,0,0.04478646666482904
0,0,0.045410206397546324
0,0,0.044055623069644924
0,0,0.045348187357217754
0,0,0.045101894240791196
0,0,0.041335676782369234
0,0,0.04137594079339837
0,0,0.04453706856414726
0,0,0.04228415333702929
0,0,0.04424298982574139
0,0,0.04312310944081911
0,0,0.03411906906173082
0,0,0.045550526219016854
0,0,0.05202829193629554
0,0,0.0436310167793943
0,0,0.0429916193956064
0,0,0.07312816690569059
0,0,0.04319773056052742
0,0,0.026602768190447924
0,0,0.04108344285102259
0,0,0.04184646616010532
0,0,0.09926759110485345
0,0,0.04385767555984571
0,0,0.044415281781199495
0,0,0.043800750919566436
0,0,0.04405512898625473
0,0,0.044846850591326835
0,0,0.04205882479968666
0,0,0.045211145441176055
0,0,0.04316529132804341
0,0,0.04128687667449881
0,0,0.045456528638306085
0,0,0.04586208895001321
0,0,0.04545456242880868
0,0,0.041514344076423175
0,0,0.04328648900292502
0,0,0.04519809139586261
0,0,0.04468719499445458
0,0,0.051688891234551795
0,0,0.043252440248415375
0,0,0.04520839215625868
0,0,0.0407292477357973
0,0,0.04601853651734834
0,0,0.0446040451528064
0,0,0.04360388025379612
0,0,0.04299319567341437
0,0,0.044832288691204335
0,0,0.043666376120359146
0,0,0.043719166672478306
0,0,0.04247256506946245
0,0,0.04194496757148841
0,0,0.04553847734778839
0,0,0.05005391895527519
0,0,0.044209955201502185
0,0,0.04401356694943904
0,0,0.045525284386000994
0,0,0.040707894848393295
0,0,0.045101946771676976
0,0,0.041930329879414543
0,0,0.03812975799697614
0,0,0.04457163714554914
0,0,0.03816077219534027
0,0,0.041144991085772645
0,0,0.04519252169142407
0,0,0.044912174560565024
0,0,0.03471577296680838
0,0,0.039532905274257284
0,0,0.045431457696934685
0,0,0.04429164393972713
0,0,0.044609706026258154
0,0,0.044731941144675734
0,0,0.044670645398794166
0,0,0.04515296327060041
0,0,0.04288184805632085
0,0,0.04333568761255081
0,0,0.04417047220278432
0,0,0.04186871154445054
0,0,0.04382274678692302
0,0,0.07579578781677274
0,0,0.04338107867937683
0,0,0.04463278468593715
0,0,0.04514148426078716
0,0,0.04516082535402915
0,0,0.045514043554935116
0,0,0.04438988862351041
0,0,0.04277164434228675
0,0,0.04313507433119254
0,0,0.04298004148450645
0,0,0.0449373138263721
0,0,0.04572540919535476
0,0,0.04315544301930966
0,0,0.04329555187812398
0,0,0.043843961986363846
0,0,0.04977270885160285
0,0,0.04441339099672563
0,0,0.04396640462270646
1,1,0.9833856687335352
0,0,0.044846685102989545
0,0,0.04584060870624785
0,0,0.04796666143091458
0,0,0.04475231018886792
0,0,0.043200524180264356
0,0,0.04367516420389887
0,0,0.044492637806087476
0,0,0.04495086491290488
0,0,0.043871630321165755
0,0,0.043079847608170206
0,0,0.042014311880423115
0,0,0.045688959458491274
0,0,0.045161083597334076
0,0,0.042014908389358174
1,0,0.044559079529100945
0,0,0.044619303939884856
0,0,0.04410221472602945
0,0,0.02998462496439248
0,0,0.04278986242488065
0,0,0.043569598660412455
0,0,0.04484795786296315
0,0,0.04546909558906973
0,0,0.045076806915637264
0,0,0.04482770742151426
0,0,0.044044845050959895
0,0,0.04479894651253959
0,0,0.04510871491405731
0,0,0.043610317215389216
0,0,0.04107289080046368
0,0,0.02451834349821436
0,0,0.04363692084641888
0,0,0.04386561570561446
0,0,0.04237588253928081
0,0,0.04823292579972249
0,0,0.0460037864520561
0,0,0.04394596617875266
0,0,0.04400979909672392
0,0,0.045363495564273326
0,0,0.04287440416534234
0,0,0.044870084167877355
0,0,0.04389774769294162
0,0,0.045620314668222105
0,0,0.04344790711147281
0,0,0.0445541045322923
0,0,0.0533457240099826
0,0,0.04404624440549725
0,0,0.046096954756422344
0,0,0.04136817161559441
0,0,0.04427382289286529
0,0,0.029686133704872518
0,0,0.04372599775892041
1,1,0.9850002736639978
0,0,0.04118197087417741
0,0,0.04477308562805552
0,0,0.03053418197593637
0,0,0.04500163092854822
0,0,0.04365288430986384
0,0,0.0452219026365882
0,0,0.04507342586246153
0,0,0.04470409531628622
0,0,0.04749989629616377
0,0,0.045022442549591105
0,0,0.04489755805657522
0,0,0.04096777441137224
1,0,0.03823960260559312
0,0,0.043319224196351216
0,0,0.04365071938376643
0,0,0.039175522772212514
0,0,0.0446689205436274
0,0,0.0445541045322923
0,0,0.04363851451291735
0,0,0.043369168249365195
0,0,0.03678298948269175
0,0,0.044383193902195764
0,0,0.04385767555984571
0,0,0.04578826094884874
0,0,0.04551292325350971
0,0,0.04452296083265689
0,0,0.03887474553147064
0,0,0.044372091878746335
0,0,0.044996860850341804
0,0,0.044634869514463
0,0,0.044428923005499596
0,0,0.04160230999104063
0,0,0.04344790883294405
0,0,0.04166916905877579
0,0,0.0456333876840181
0,0,0.051832730163830124
0,0,0.04443455327685052
0,0,0.04407857180356153
0,0,0.04473336130751938
0,0,0.04493616120581345
0,0,0.035232885346084666
0,0,0.03540182779158037
0,0,0.04498560494755457
0,0,0.0426130323403601
0,0,0.04429074663596144
0,0,0.046022942967753964
0,0,0.043160764519543475
0,0,0.04483111945209818
0,0,0.04324050027848084
1,0,0.05108401110814162
0,0,0.03966746480659897
0,0,0.051880499467780526
0,0,0.042651164404788604
0,0,0.04487626592466246
0,0,0.04295685479527966
0,0,0.044476592610184315
0,0,0.04459080872881609
0,0,0.03897208241945835
0,0,0.04229881898773974
0,0,0.0516575520246506
0,0,0.04098846901596402
0,0,0.04465809622432116
1,0,0.044986518747093876
0,0,0.044425607917637736
0,0,0.03930493438930411
0,0,0.04288261175652081
0,0,0.04483111945209818
0,0,0.04046804704360104
0,0,0.04380072654237147
0,0,0.04371977421804719
0,0,0.04153795322585468
0,0,0.038481574118329774
0,0,0.044464627943504094
0,0,0.04461118677387633
0,0,0.04458286255880698
0,0,0.040345690515994605
0,0,0.04382633158286278
0,0,0.04422075173992467
0,0,0.052452129324755604
0,0,0.040557815953530994
1,0,0.043463440782443075
0,0,0.04410507254830578
0,0,0.0415019094832824
0,0,0.04541294277333895
0,0,0.045431457696934685
0,0,0.03714508538130954
0,0,0.04312491678498569
0,0,0.03618863019295619
0,0,0.04434406587161758
0,0,0.044467951501095275
0,0,0.045621661442589306
0,0,0.035491549367491264
0,0,0.043052972696154906
0,0,0.045972305229682896
0,0,0.033985713811430375
0,0,0.044959664251588864
0,0,0.05185130785768409
0,0,0.04543618555844757
0,0,0.04422249816803073
0,0,0.04495412733572063
0,0,0.043999131906829775
0,0,0.04474598516184329
0,0,0.04405700280688067
0,0,0.03523199566591875
0,0,0.04546275129415799
0,0,0.04266512165600896
0,0,0.05276413251303927
0,0,0.03361963030987137
0,0,0.0342600501132022
0,0,0.040229902875583735
0,0,0.04480068672865184
0,0,0.04325243457544597
0,0,0.045737811215042355
1,0,0.04385767555984571
1,0,0.04524896668541806
0,0,0.04450175264523181
0,0,0.04566288346954449
0,0,0.04554694331220361
0,0,0.045328204395664075
0,0,0.037193680048254595
0,0,0.04326647706442125
0,0,0.031770026185444014
0,0,0.045309254008407795
0,0,0.045928521438999066
1,1,0.9999894048717546
0,0,0.04301456901508959
0,0,0.045912256045067934
1,0,0.04240791287036652
0,0,0.05318879969514111
0,0,0.044211294341857554
0,0,0.044070611008522165
0,0,0.04448333939071821
0,0,0.03977014884902388
0,0,0.04263886245487912
0,0,0.04352921611425689
0,0,0.04462544691623642
0,0,0.04506062342202326
0,0,0.04445555956882823
0,0,0.043485209507790876
0,0,0.0355969598427187
0,0,0.04339704036884894
0,0,0.0455705477278217
0,0,0.04462338507424089
0,0,0.04450766361731413
0,0,0.043343132268615296
0,0,0.043751324637175966
0,0,0.03779047611536595
0,0,0.04505453861576689
1,0,0.04514659536027068
0,0,0.04051696401995019
0,0,0.045194375550323136
0,0,0.04453696306012816
0,0,0.04603443197878715
0,0,0.04494823035822892
0,0,0.03500693372587161
0,0,0.07911734989478753
0,0,0.04506899616396125
0,0,0.04203131600782945
0,0,0.045642028727857525
0,0,0.0409636742781026
1,1,0.9999999999999969
0,0,0.04366993272759187
0,0,0.04018455559390576
0,0,0.04487642420360631
0,0,0.04489856799506733
0,0,0.035758145503799535
0,0,0.0423569142636735
0,0,0.0445202284438012
0,0,0.03823411952301266
0,0,0.04455463014939294
0,0,0.04406852774452136
1,0,0.04422075173992467
0,0,0.047038989634054555
0,0,0.044354518750336074
0,0,0.043365107783735486
0,0,0.04206407156823305
0,0,0.04038488228428492
0,0,0.044113463925417484
0,0,0.045565233172670534
0,0,0.04338432750173529
0,0,0.04487807939750766
0,0,0.03854310462190861
0,0,0.04270663501194971
0,0,0.05543772543744781
0,0,0.04396072607033211
0,0,0.04213615344688172
0,0,0.04859960274361628
0,0,0.04426257637173682
0,0,0.04470569855839954
0,0,0.04390891226005372
0,0,0.03908687175462479
1,1,0.9758248180397884
0,0,0.04494644361405086
0,0,0.04482099830047809
0,0,0.04405299062249943
0,0,0.042609075874599216
0,0,0.04266583640600267
0,0,0.04345782152067388
0,0,0.044617090534390905
0,0,0.042835909774380995
0,0,0.04480840402675898
0,0,0.04499688551665107
0,0,0.04553143257828722
0,0,0.04441754336782604
0,0,0.04495086491290488
0,0,0.04489424963809781
0,0,0.04461265438690876
0,0,0.04385767555984571
0,0,0.04352772947955453
0,0,0.044357178246110816
0,0,0.036297601310072466
0,0,0.043591082106319255
0,0,0.04406065799219077
0,0,0.04874032532598392
0,0,0.04544368066052031
0,0,0.04272619219525025
1,1,0.9999895595282016
0,0,0.032979600762048436
0,0,0.04982461624676238
0,0,0.042736842574658034
0,0,0.04412595320527983
0,0,0.03481942481115481
0,0,0.04429900787265476
0,0,0.04659942981113091
0,0,0.044470823448658554
0,0,0.04095185414296668
0,0,0.04041313345238396
0,0,0.044891822995961596
0,0,0.04194496757148841
1,0,0.052339883217468804
0,0,0.044095864498713604
0,0,0.04366056904283348
0,0,0.043318213021760005
1,0,0.04227470084779241
0,0,0.045708918928865305
0,0,0.045152813411133204
0,0,0.03673085512595468
0,0,0.04543744133250127
0,0,0.04450228214889187
0,0,0.044295935907094956
0,0,0.04305008052812157
0,0,0.043017566614714085
0,0,0.04417895961076689
0,0,0.04514516269836374
0,0,0.038197606121188055
0,0,0.10475720199876636
0,0,0.03549289479639462
0,0,0.04441647816828442
0,0,0.039222725164114784
0,0,0.0415430148005202
0,0,0.04573199135729544
0,0,0.04483214216902373
0,0,0.04455553560290781
0,0,0.041504146569080455
1,0,0.0444046634934036
0,0,0.04606719499160736
0,0,0.04445994465074843
0,0,0.04081980638585116
0,0,0.042564577240738956
0,0,0.04194496757148841
0,0,0.04490288736428115
0,0,0.04404423138699712
1,0,0.04469498767288255
0,0,0.04253055432460525
1,0,0.04338155132032852
0,0,0.04468719499445458
0,0,0.04483324526916284
0,0,0.044237249902245104
0,0,0.04041313345238396
0,0,0.05268434482344881
0,0,0.04392552755685146
0,0,0.04439060454625805
0,0,0.044205397263724945
0,0,0.04510269293318402
0,0,0.046099661173256985
0,0,0.03969902899871151
0,0,0.04339578440754887
0,0,0.042363746005481887
1,0,0.044646559638819194
0,0,0.04358328037379201
1,0,0.04302901276323114
0,0,0.045291698576990246
0,0,0.04388973482067531
0,0,0.04492218911919845
0,0,0.04389790267926451
0,0,0.04488166301812795
0,0,0.04310140886185257
0,0,0.0427716388562441
0,0,0.04477609086395376
1,0,0.03970029601579187
0,0,0.04466294357545614
1,0,0.060211485178461296
0,0,0.04401813601353547
0,0,0.042510934419744656
0,0,0.04574593382090428
0,0,0.04319635694526375
0,0,0.04082767177731325
0,0,0.045364366958926
0,0,0.042832215016449716
0,0,0.043473226832170066
0,0,0.044053573851324405
0,0,0.044689949470452704
1,0,0.051637309201590376
0,0,0.04553347332770238
0,0,0.028625344870284185
0,0,0.04532353345972632
0,0,0.044033431330746844
0,0,0.045800462348198734
0,0,0.04538502791836629
0,0,0.041956206716601656
0,0,0.04440204728537271
0,0,0.044815081043834255
0,0,0.02065173434647582
0,0,0.04593150631151973
0,0,0.04498845463536146
0,0,0.04329241195763847
0,0,0.042221353339672224
0,0,0.051269185339957855
0,0,0.043899297579664175
0,0,0.04337404347015738
0,0,0.04116028227608967
0,0,0.04188957133351653
0,0,0.042080196113087456
0,0,0.06068243600729749
0,0,0.04273073363464595
0,0,0.04484795786296315
0,0,0.04320220023934727
0,0,0.044650480461088306
0,0,0.04555554034304362
0,0,0.04405512898625473
0,0,0.10936946316282066
0,0,0.04374626521234387
0,0,0.05210781310947969
0,0,0.04289888054074764
0,0,0.0425944195993593
0,0,0.045019955150670095
0,0,0.04424107756056186
0,0,0.04453177210059668
0,0,0.04413928902440463
0,0,0.04557344622714245
0,0,0.04524683924234974
0,0,0.04435896698624284
0,0,0.044900168651303675
0,0,0.04218085547107013
0,0,0.042703871904760195
0,0,0.046055357121818914
0,0,0.037674179695890764
0,0,0.05018859873721057
0,0,0.04490726074354269
0,0,0.04510990753476074
0,0,0.06633413310006171
0,0,0.03857560415019397
0,0,0.04406343634913426
0,0,0.044931463426419536
0,0,0.04116593688288677
1,0,0.04498767540726705
0,0,0.045054810204267735
0,0,0.045199359963559525
0,0,0.04473451176358815
0,0,0.04294161861827687
0,0,0.04455327607442647
1,1,0.9999999925554266
0,0,0.03702563126860078
0,0,0.03684787259582515
0,0,0.028167078772205777
0,0,0.042598655290594235
0,0,0.04501941669461258
0,0,0.04224252743698903
0,0,0.046099661173256985
0,0,0.04424907469288155
0,0,0.0445541045322923
0,0,0.03846089402311567
0,0,0.04310140886185257
0,0,0.0483395885272569
0,0,0.04338834170885038
0,0,0.04585545875678462
1,0,0.04038277373000411
1,0,0.045181479507899025
0,0,0.05013778929962532
0,0,0.04299025788323731
0,0,0.04304701337406204
0,0,0.05013778929962532
0,0,0.0426370000550411
0,0,0.039971526596803406
0,0,0.04566187383625611
1,0,0.045613435256518405
0,0,0.04007761348064501
0,0,0.04519487492381203
0,0,0.04198201052481973
0,0,0.042658648488339335
0,0,0.04310140886185257
1,1,1.0
0,0,0.04425877632643653
0,0,0.02984185254467571
0,0,0.04338231987356345
0,0,0.042445757602316496
0,0,0.044803901233676835
0,0,0.04357717656524419
0,0,0.04596428664928067
0,0,0.044746295255484514
0,0,0.05226861630317108
0,0,0.043058872689448635
1,1,0.9999999924210662
0,0,0.04381817910512004
0,0,0.04489834270307322
0,0,0.03853332272202579
0,0,0.04304517762169965
0,0,0.04549395464216913
0,0,0.04523056626591342
0,0,0.04341055031352468
0,0,0.04457125827015668
0,0,0.024856843590634232
0,0,0.047857555125727536
0,0,0.051769788081424246
0,0,0.044860923388701755
0,0,0.039785775957236515
0,0,0.041492202975204076
0,0,0.04229651092114643
0,0,0.04492050152234547
0,0,0.05226703350994291
0,0,0.04351167466351751
0,0,0.04429305077203711
0,0,0.042065938764913456
0,0,0.043849017819877024
0,0,0.041173701194430985
0,0,0.04223976207011327
0,0,0.04474574833205938
0,0,0.04100754771851639
0,0,0.04570211997709158
0,0,0.08531066729986989
0,0,0.043915240149679645
0,0,0.04039262036894823
0,0,0.045383041581132606
0,0,0.04237832351146023
0,0,0.04498767540726705
0,0,0.04455553560290781
1,1,0.9999999999947973
0,0,0.038052469186744375
0,0,0.03901107056144068
0,0,0.0439060779439644
0,0,0.04193111996857133
0,0,0.04533790594563186
1,0,0.043755747172414455
0,0,0.037230332741170324
0,0,0.044700284392398086
0,0,0.04608417610301657
0,0,0.04489398717613472
0,0,0.044749263062101856
0,0,0.03950150856787699
0,0,0.04469939077283075
0,0,0.046009359294440236
0,0,0.05990396655999197
0,0,0.044592988554374026
0,0,0.04469769481416551
0,0,0.04142545766953383
0,0,0.04489235828798951
0,0,0.04335211587107556
0,0,0.04453770505907203
0,0,0.044656687115255965
0,0,0.044857364436559306
0,0,0.06441303786171464
0,0,0.04428887953186164
0,0,0.044786675731837325
0,0,0.04601853651734834
1,0,0.040038590170285576
0,0,0.0418232290989504
0,0,0.04259316275279647
0,0,0.04529685007891689
0,0,0.04414581779165024
0,0,0.03986235091986402
0,0,0.04543766021160383
0,0,0.04464023532762837
0,0,0.04505117932072863
0,0,0.030073012245124122
0,0,0.04303912016811435
0,0,0.04016953793220502
0,0,0.043699480428678585
0,0,0.03985350965852437
0,0,0.041982159044394056
0,0,0.03965797375549592
0,0,0.045102212315642404
0,0,0.044392783497262146
0,0,0.03892851516669293
0,0,0.040686457779724836
0,0,0.044359933268306645
0,0,0.04414893600849087
0,0,0.02397382746056467
0,0,0.04484373681717403
0,0,0.042819852013496584
0,0,0.045658762250057446
0,0,0.03961309957393335
0,0,0.042767683988297236
0,0,0.053549098625650327
0,0,0.045057143364220995
0,0,0.04535719816839279
0,0,0.05205204706656236
0,0,0.044062487379153595
0,0,0.044832959453313045
0,0,0.041320771050134875
0,0,0.04379207485689669
0,0,0.04415567239433986
0,0,0.05082779748968843
0,0,0.044658520021575415
0,0,0.043667012125721105
0,0,0.03820468376317815
0,0,0.04495119586656447
1,0,0.04076686522703904
0,0,0.045103533461411535
0,0,0.043823283211721985
0,0,0.04438968774753876
0,0,0.04602972363307474
0,0,0.04223487101072477
0,0,0.04552003270068519
0,0,0.042154661021628806
0,0,0.04349692806651649
0,0,0.045365094746317766
0,0,0.04449727618293853
0,0,0.051941289822099265
0,0,0.04563539723049827
1,0,0.04551223565641828
0,0,0.04230505992866353
0,0,0.043862391873386454
0,0,0.04458955644312586
0,0,0.03945189584960937
0,0,0.0431686746808741
0,0,0.04146271918467581
0,0,0.04424985318511237
0,0,0.044311789380387365
0,0,0.043392934787726684
0,0,0.03935223027927275
0,0,0.04422669121101471
0,0,0.05619847678165464
0,0,0.038196265596086805
0,0,0.04290386181275236
0,0,0.0378721150611674
0,0,0.04586536932695393
0,0,0.03785159966200916
0,0,0.04443610072113353
0,0,0.08458010437242948
1,0,0.043798052471704485
0,0,0.039627230292326426
0,0,0.04431047502178732
0,0,0.04518593590229868
0,0,0.05414663726701897
0,0,0.04544863924339092
0,0,0.04438508102870281
0,0,0.05217434076533236
0,0,0.0457724576230204
0,0,0.045002727587395444
0,0,0.042892298811800234
0,0,0.04894416512812919
0,0,0.04299035135502377
0,0,0.043511960402860476
0,0,0.04470541630959462
0,0,0.04479554745634801
0,0,0.04030815735842126
0,0,0.04514451793235219
0,0,0.04540188073602031
0,0,0.04281582172493186
1,0,0.04220297792989259
0,0,0.04212630698541075
0,0,0.042153309328206795
0,0,0.04295081177304616
0,0,0.045525549738240016
0,0,0.041499767642529224
1,1,1.0
1,0,0.04354334437437519
0,0,0.044998906518670445
0,0,0.04436919078832341
0,0,0.04289047204529206
0,0,0.04339750801091372
0,0,0.04501788916901145
0,0,0.04259729987682091
0,0,0.04562798310744886
0,0,0.044786894691161254
0,0,0.04524220391183899
0,0,0.04425301853278765
0,0,0.04358473784996485
0,0,0.03301090355225801
0,0,0.04546932194519872
0,0,0.04544707702893591
0,0,0.043186924779324704
0,0,0.044113936174827915
0,0,0.04497121363346674
0,0,0.04436930740749037
0,0,0.04439461080912764
0,0,0.03755491994708727
0,0,0.045518588753206454
0,0,0.045686528133812764
0,0,0.04422715120403365
0,0,0.04214602012759685
0,0,0.04347484933736715
0,0,0.04489461472145285
0,0,0.04239489622209211
0,0,0.042076768035237744
0,0,0.04323560278176605
0,0,0.04581660325649845
0,0,0.036268329826506115
0,0,0.09148683168454652
0,0,0.07487649445387369
0,0,0.04619502370765363
0,0,0.05286448343061311
0,0,0.04472232626373027
0,0,0.0455705477278217
0,0,0.03366700398674997
1,0,0.04363932208081503
0,0,0.04370790512970091
0,0,0.021926991376611152
0,0,0.04495066750302137
0,0,0.04007954114317598
0,0,0.05506162844319632
0,0,0.043275211478334595
0,0,0.04497121363346674
0,0,0.019623183765790572
0,0,0.04314323939609126
0,0,0.04438988862351041
0,0,0.04509594384744153
0,0,0.04482928860259191
0,0,0.041842347373608306
0,0,0.04235308108527981
0,0,0.04222120401119722
0,0,0.043567834851415084
0,0,0.04198024672795375
0,0,0.04500815541542743
0,0,0.04489976790057115
0,0,0.04345588487297208
0,0,0.035423526980231795
0,0,0.05154546913303729
0,0,0.04572683085884528
0,0,0.04313695454675426
0,0,0.045022442549591105
0,0,0.05883580025999542
0,0,0.04616357479279374
0,0,0.04455929036744281
0,0,0.04264427209791096
0,0,0.04422990883396302
0,0,0.04528520138840997
0,0,0.04535001416416081
0,0,0.044743044143782475
0,0,0.045708071137498786
0,0,0.04502755726117362
0,0,0.04396072607033211
0,0,0.042810845385077824
0,0,0.04494914343430509
0,0,0.044339904713148505
0,0,0.044234986217287706
0,0,0.044110637855072986
0,0,0.04385767555984571
0,0,0.04325493134458071
0,0,0.04376259445566164
0,0,0.044456735724856186
0,0,0.05320451329874373
0,0,0.04425704532627775
0,0,0.04464863800703277
0,0,0.03996524457018574
0,0,0.04572508693597768
1,0,0.043686566507969905
0,0,0.044339928427026075
0,0,0.04456169708964783
0,0,0.04243706946147693
0,0,0.044906831620957426
0,0,0.04448396932654349
0,0,0.04317830059094263
0,0,0.04438988862351041
0,0,0.0457451786408637
0,0,0.04536823215839524
0,0,0.04533630767651297
0,0,0.04368083406330923
0,0,0.044398434089655874
0,0,0.05286937702518826
0,0,0.044067036638677747
0,0,0.04278890373811467
0,0,0.04637341386902434
0,0,0.04364086885228776
0,0,0.05162337460583578
0,0,0.035325725648837195
0,0,0.04520400762860402
0,0,0.04422625575389714
0,0,0.04399958219830161
0,0,0.04496056282959065
0,0,0.043020063237524706
0,0,0.044982581451729745
0,0,0.04526036804091675
0,0,0.04405577227405562
1,1,0.9849028556689672
0,0,0.04520887839480334
0,0,0.03862701973989705
0,0,0.045550526219016854
1,0,0.04367516420389887
0,0,0.035568949998687545
0,0,0.04478461715672531
0,0,0.04239581152251039
0,0,0.043191315245451126
1,0,0.04514022830554978
0,0,0.04368015623763635
0,0,0.04524488387620461
0,0,0.04075838790961939
0,0,0.04417606214548329
0,0,0.044299277414725
0,0,0.04987694441963998
0,0,0.04387734906305967
0,0,0.04445555956882823
0,0,0.045080082851166006
0,0,0.05867974133490776
0,0,0.04191702630990647
1,0,0.04404608865269809
0,0,0.04095105102775861
0,0,0.04297814871156847
0,0,0.05284066267558285
0,0,0.06500436603507243
0,0,0.04380298171068121
0,0,0.04587133409422383
0,0,0.04077424714769026
0,0,0.04293220623402173
0,0,0.043413181273751406
0,0,0.043812208218667326
1,0,0.04498767540726705
0,0,0.09790423970044294
0,0,0.04422331799658164
0,0,0.04310190502763247
0,0,0.04275526960492176
0,0,0.04116502245781979
0,0,0.04242369954308362
0,0,0.02353899559650565
1,1,0.9999999999953657
0,0,0.039695496583888344
1,1,1.0
0,0,0.043764367121008806
0,0,0.04482770742151426
0,0,0.04256744720621878
0,0,0.042377316047724815
0,0,0.04256744720621878
0,0,0.07997623062521846
0,0,0.04583946347070032
0,0,0.045169046052601095
0,0,0.04450655601544949
0,0,0.04197884119732164
0,0,0.04372783388231056
0,0,0.045525284386000994
0,0,0.043740498749226496
0,0,0.10070530666914522
0,0,0.039010305766394915
0,0,0.04506783751164942
0,0,0.03877029266235541
0,0,0.040993739045364914
0,0,0.04486959565943179
0,0,0.04309196303012494
0,0,0.05344894044429581
1,1,1.0
0,0,0.044209955201502185
1,1,0.9808290091355988
1,1,0.9999849500941891
0,0,0.04414756307968135
0,0,0.04286138627355015
1,0,0.044932757978608906
0,0,0.04302232728557773
1,0,0.044285970200362075
0,0,0.04497264103517187
0,0,0.045306520134480895
0,0,0.04116875581407403
0,0,0.03871404937483598
0,0,0.045036222510797565
0,0,0.04385767555984571
0,0,0.04351387614371507
0,0,0.04358419317619314
0,0,0.03839437735856056
0,0,0.04412698445124957
0,0,0.04493687142939922
0,0,0.042469404445735305
1,0,0.04351970136487559
0,0,0.036508956338225776
0,0,0.06171640651375117
0,0,0.04484953972478393
0,0,0.04472500651031255
0,0,0.04208731539739248
0,0,0.03831673338444888
0,0,0.042357995573051734
0,0,0.04008346084000903
0,0,0.04592136628118473
0,0,0.04385767555984571
0,0,0.04566184680906999
0,0,0.04256850311357633
1,1,1.0
0,0,0.04551707959712233
0,0,0.0437312386434307
0,0,0.04230020059213875
0,0,0.04488644784270133
0,0,0.04506706863984233
0,0,0.043661768403326924
0,0,0.04308313476871994
0,0,0.044570379127350464
0,0,0.040903966589869396
0,0,0.05475860918770272
0,0,0.04458171582075188
0,0,0.044704975745604496
0,0,0.04896497807840451
0,0,0.04515296327060041
0,0,0.04296507182475746
0,0,0.0436510569128015
0,0,0.04384474303427062
0,0,0.04439608745670551
1,0,0.04142618072091151
0,0,0.044335446814322006
0,0,0.04446751790971835
0,0,0.045453460399866
0,0,0.036130768397219216
0,0,0.04501941669461258
0,0,0.04115558791943239
0,0,0.0518867266633716
0,0,0.0437395911619061
0,0,0.04442175296237806
0,0,0.036223773625802765
0,0,0.044855940521809225
0,0,0.04222523012553933
0,0,0.041460966512647204
0,0,0.04458248834550463
0,0,0.04295935100113125
0,0,0.04390891226005372
0,0,0.031714477061839365
0,0,0.04504289580314695
0,0,0.044737359579653524
0,0,0.03532031835656362
0,0,0.04438948348959514
0,0,0.07209909133879612
0,0,0.04118012781483006
0,0,0.05125850054913735
0,0,0.04447509416529699
0,0,0.04174536284368154
0,0,0.03669707931579371
0,0,0.04372055615307253
0,0,0.04236062384244164
0,0,0.044618458013911615
0,0,0.04297463109658567
0,0,0.04385767555984571
0,0,0.04108531920938527
0,0,0.04384510666126471
0,0,0.02804239853873004
1,0,0.045525284386000994
0,0,0.0448208975480108
0,0,0.04391570542317831
0,0,0.04568133929986435
0,0,0.04429098143745901
0,0,0.04293266142686638
1,1,0.9999999999946549
0,0,0.050986249114696486
0,0,0.04394852191064993
0,0,0.04507895206936192
0,0,0.04557225795553014
1,0,0.04423265597766441
0,0,0.03978173037093177
0,0,0.046099661173256985
0,0,0.044127794520212586
0,0,0.04404624440549725
0,0,0.04402819086263712
0,0,0.04498788536929822
0,0,0.05180109047859603
1,0,0.05201212266701057
0,0,0.04384474303427062
0,0,0.04369654514713487
0,0,0.0409062019128156
0,0,0.07524040592030844
0,0,0.04587851295849344
0,0,0.048519715873581164
1,1,0.9999894681276409
0,0,0.04534951950770822
0,0,0.04521244767001485
1,1,0.9999999999946916
0,0,0.04409955368009247
0,0,0.04610703154599691
0,0,0.045628506695243806
0,0,0.04407821775179503
0,0,0.04412811129066791
0,0,0.046099661173256985
0,0,0.04540308557552357
0,0,0.04466817176508391
0,0,0.034169274537895145
0,0,0.05299593414579338
0,0,0.044048615765848814
0,0,0.04486959565943179
0,0,0.03996105493954891
0,0,0.06145588801832986
0,0,0.05334211767597468
0,0,0.041457193223138664
0,0,0.051451832038872554
0,0,0.05458258521716978
0,0,0.03424363420753761
0,0,0.07028141316220719
0,0,0.0436545980178505
0,0,0.04183399458904906
0,0,0.04329973201414913
0,0,0.04414346478629035
0,0,0.04482928860259191
0,0,0.05371388359318344
0,0,0.08707044566296267
0,0,0.042906206379534434
0,0,0.046605104946832315
0,0,0.04156553646513363
0,0,0.044389194759367055
0,0,0.04359389129958835
0,0,0.04584054030482154
0,0,0.04151947059748737
0,0,0.052192934774037684
0,0,0.040313024980767886
0,0,0.03578896182785666
0,0,0.05292396240752935
1,0,0.028082779046885116
0,0,0.04422990883396302
0,0,0.04450824980516504
0,0,0.046218890158994747
0,0,0.044870267026203337
0,0,0.043140698433504175
0,0,0.04396656848692079
0,0,0.04544034836727011
0,0,0.04320886738608519
0,0,0.044827383204224615
1,0,0.04490841546171885
0,0,0.04462862156095641
0,0,0.04318553660585049
0,0,0.04521930251352886
0,0,0.04396689969927585
0,0,0.04278239428101612
0,0,0.04466754145310783
0,0,0.044828206143301526
0,0,0.044857364436559306
0,0,0.04429184938438248
0,0,0.04203474857331185
0,0,0.049864876432882975
0,0,0.06508413793406594
0,0,0.04499348318017415
0,0,0.03894507369039792
0,0,0.044438497036717255
0,0,0.04206469798554917
0,0,0.04336791173722036
0,0,0.04348330352755566
0,0,0.045074527002268744
0,0,0.041615818553291106
0,0,0.04495275005256653
0,0,0.028325909460481673
0,0,0.04475263388862633
0,0,0.04882900074138196
0,0,0.04239415992190095
0,0,0.043637104500843536
0,0,0.04546102026326884
0,0,0.04591203184839014
0,0,0.032212399796611384
0,0,0.045128153251465714
0,0,0.05383070665788673
1,1,1.0
0,0,0.03955883636288954
0,0,0.044857364436559306
0,0,0.042698302208806216
0,0,0.04464877749687881
0,0,0.044383193902195764
0,0,0.04510666126101299
1,0,0.044381784339726435
0,0,0.039284260581532296
0,0,0.05379470188308783
1,0,0.044061374226812236
0,0,0.044668849848664115
0,0,0.04418300448527333
0,0,0.05217751371861618
0,0,0.04173177944455296
0,0,0.04482836426069392
0,0,0.042572264259246435
0,0,0.04401356694943904
0,0,0.04265506209807036
0,0,0.04186419286317469
0,0,0.04431420428674224
0,0,0.045110652723255755
0,0,0.04024332076808988
0,0,0.041153899822744984
0,0,0.04364805405311873
0,0,0.03295158289645028
0,0,0.03715637188790073
0,0,0.043342163400696083
1,0,0.03862033821794296
0,0,0.04319084873503355
0,0,0.043973920474282155
0,0,0.04041132613231714
0,0,0.044265052472990146
0,0,0.045453460399866
0,0,0.04397591132382909
0,0,0.04405560312629944
0,0,0.04343421919212598
0,0,0.04404468956974029
0,0,0.043577309072755054
0,0,0.043978463759012106
0,0,0.043779843620363905
0,0,0.046019995559588384
0,0,0.04157427126094444
1,1,0.9999999999944533
0,0,0.04195243461884277
0,0,0.04004706310015183
0,0,0.045228464914803035
0,0,0.0437312386434307
0,0,0.04399856546177037
0,0,0.04382252323905699
0,0,0.042962844811148225
0,0,0.046047245961301275
0,0,0.044944709293924336
0,0,0.0516078763710937
0,0,0.037107514116410854
0,0,0.04500195634672134
0,0,0.03992171903639644
0,0,0.040230143837439857
0,0,0.044347988525671775
0,0,0.04346524919683494
0,0,0.045602768758121845
0,0,0.05260113908331194
1,0,0.04455435695488861
0,0,0.03955984719562356
0,0,0.051778099933715904
0,0,0.04439060454625805
0,0,0.04438948348959514
0,0,0.04120668362012382
0,0,0.04166294826861593
0,0,0.04144077606993256
0,0,0.03961114798871984
0,0,0.04028631410948444
1,0,0.044539119342770286
0,0,0.04482105564083408
0,0,0.045429856286833256
0,0,0.0439766047886626
0,0,0.04477762939012398
0,0,0.043066618221773004
0,0,0.04495957901617043
1,1,1.0
0,0,0.05201172030679875
0,0,0.04488404962857196
0,0,0.04261133428137197
0,0,0.04467004492436603
0,0,0.0437312386434307
0,0,0.04834549637184355
0,0,0.04576854703410188
0,0,0.04587851295849344
0,0,0.04502614012743428
0,0,0.04032523706977842
0,0,0.03993079814157628
0,0,0.04160773511535252
0,0,0.04274526372522498
0,0,0.043473071355394445
0,0,0.045465941499827404
0,0,0.045267258333348714
0,0,0.06308334193856431
0,0,0.04482998301420115
0,0,0.04422625575389714
1,0,0.04250103644779852
0,0,0.04326168466183407
0,0,0.039229141273821835
0,0,0.055116390065447385
1,1,0.999989086583151
0,0,0.04315231280161145
0,0,0.04394703126298349
0,0,0.04536263488746641
0,0,0.04144077606993256
1,0,0.045030983786059374
0,0,0.04518163881241075
0,0,0.04581660325649845
0,0,0.051650064446619764
0,0,0.0438974509027672
0,0,0.04269628091786248
0,0,0.04485954882695805
0,0,0.038306472560441444
0,0,0.05103468279005849
0,0,0.043537767440948956
0,0,0.04380072654237147
0,0,0.042442373447302555
0,0,0.04577111496736382
0,0,0.044916007214847134
1,0,0.044310172533673226
0,0,0.044941537242594934
0,0,0.04292413859328778
0,0,0.04388156266038593
0,0,0.044164284906107215
0,0,0.0434247750014936
0,0,0.04115765518306345
0,0,0.03984725559811198
0,0,0.04431319682290638
0,0,0.043245058226715774
0,0,0.03924872270430063
0,0,0.04561607847725212
0,0,0.045525284386000994
0,0,0.018040591499325777
0,0,0.06332344813381517
0,0,0.045307376280745215
0,0,0.04709416519693078
0,0,0.04397733211789417
0,0,0.04428812056586677
0,0,0.046139190987233916
0,0,0.04385767555984571
0,0,0.05092723069813948
0,0,0.04599979736754748
0,0,0.04485260046358938
0,0,0.045810456737495155
1,1,0.9853489444333698
0,0,0.04507168687378566
0,0,0.053008873209450115
0,0,0.046026480724468334
0,0,0.04484466658501468
0,0,0.04527158254566071
0,0,0.043575298898599624
0,0,0.04436664654328893
0,0,0.045368021884540456
0,0,0.044883562618264865
0,0,0.04008929037122037
0,0,0.04491472673372353
0,0,0.04165847317110529
1,0,0.04536704615181181
0,0,0.042439145569093444
0,0,0.04496919107539647
0,0,0.04465649971288236
0,0,0.044491793558699394
0,0,0.046099661173256985
0,0,0.04499701953458667
0,0,0.04494372581108131
0,0,0.04312913278228292
0,0,0.040474503221210364
0,0,0.04178323994364041
0,0,0.04484352162443145
0,0,0.04054940054227823
0,0,0.044795599375969504
0,0,0.0440121685852712
0,0,0.04601599673799827
0,0,0.042568560037708675
0,0,0.04473811832107879
1,0,0.04493851855258113
0,0,0.044687352637743885
0,0,0.045682949150540025
0,0,0.043843961986363846
0,0,0.03936586753615566
0,0,0.04447773954854642
0,0,0.04308522357616444
0,0,0.04136565764824194
0,0,0.04505117932072863
1,0,0.04299654232702802
0,0,0.044750724030869944
0,0,0.03911886112675563
0,0,0.045621661442589306
1,0,0.05456477371899933
0,0,0.02671227380311814
0,0,0.04528376453663754
0,0,0.04494372581108131
0,0,0.04484795786296315
0,0,0.044219347097721254
0,0,0.04514579943164156
0,0,0.04294226479104177
0,0,0.04357717656524419
0,0,0.041570922573682036
0,0,0.045080082851166006
0,0,0.04317524948021692
0,0,0.04348755528388437
0,0,0.040077751495775304
0,0,0.04969092411656002
0,0,0.04495011060219589
0,0,0.04539708966556781
0,0,0.04439060454625805
0,0,0.043761095209443705
0,0,0.040077751495775304
0,0,0.04417895961076689
0,0,0.04363846194450888
0,0,0.04478472697517667
0,0,0.04209098048654047
0,0,0.04469742527758245
0,0,0.04003168016036307
0,0,0.042925880591826705
0,0,0.04208382859761342
1,1,0.984373993678585
0,0,0.04492805759384406
0,0,0.04424298982574139
0,0,0.04385767555984571
0,0,0.044335446814322006
0,0,0.04438508102870281
0,0,0.04336494903448904
0,0,0.04258164830251334
0,0,0.04464105777977109
0,0,0.04274474473140515
0,0,0.06003356846883207
0,0,0.04585545875678462
0,0,0.04405700280688067
0,0,0.04335004453355432
0,0,0.04511780060170676
0,0,0.04378905780271342
0,0,0.041514344076423175
0,0,0.0451983188077872
0,0,0.03999671749380224
0,0,0.043183204074060774
0,0,0.04426198842141332
0,0,0.043742341524048794
0,0,0.04547717101691946
0,0,0.043952273367314124
0,0,0.04497245236931001
0,0,0.042249239349124855
0,0,0.04355969638219397
1,0,0.0436545980178505
0,0,0.04274761378019023
0,0,0.051648411111311306
0,0,0.05217751371861618
0,0,0.04474427116190303
0,0,0.04223487101072477
1,0,0.04190684221134811
0,0,0.04237268279182027
0,0,0.04153795322585468
0,0,0.0532487110653714
0,0,0.04400810428559788
0,0,0.037005232187830236
0,0,0.04547427834901943
0,0,0.04193914137712113
0,0,0.04333309121043824
0,0,0.033242244664380347
0,0,0.042678269297047114
0,0,0.044396047276092185
0,0,0.04519900621252034
0,0,0.04538918778317185
0,0,0.03936512764861456
0,0,0.04462702129642026
0,0,0.04422513865567483
1,0,0.04485934114423149
0,0,0.044926293438142924
0,0,0.045037313804220255
1,0,0.04385767555984571
0,0,0.04504561932020141
0,0,0.04637071245039421
0,0,0.055544302267262334
0,0,0.04507168687378566
0,0,0.04314144981413653
0,0,0.03936486115300534
0,0,0.03920347759630518
0,0,0.04420855088638092
0,0,0.04185821696226685
0,0,0.043887814601754484
0,0,0.04473926889375903
0,0,0.04298004148450645
1,1,0.999999992478584
0,0,0.04352083795933623
0,0,0.04246324510380306
0,0,0.043490493881090955
0,0,0.04347250746108574
0,0,0.04048010035744458
0,0,0.04563868036406433
0,0,0.04242952522440353
0,0,0.04496196437175004
0,0,0.045625676305090825
0,0,0.04264962829702238
0,0,0.04328164694662728
0,0,0.04484352162443145
1,1,1.0
1,1,0.9848977425560412
0,0,0.04504737621249542
0,0,0.041620311590411456
0,0,0.043927636046857316
0,0,0.04246563609739114
1,1,0.9999999999999962
0,0,0.04443313836626448
0,0,0.045306520134480895
0,0,0.040024585429682
0,0,0.04514659536027068
0,0,0.04506706863984233
0,0,0.04248821763810329
0,0,0.042273281375866965
0,0,0.04485813844093909
0,0,0.053192176216823046
0,0,0.043961488329526045
0,0,0.043711655715098316
0,0,0.043413181273751406
0,0,0.04259332985706162
0,0,0.04434152286300623
0,0,0.044196120402458794
0,0,0.041730037945947894
0,0,0.0509755939675256
0,0,0.044220339384004
0,0,0.04389243765263684
0,0,0.04181828743912446
1,1,0.9999999999945839
0,0,0.043221490736770014
0,0,0.044944709293924336
0,0,0.042820786201396885
0,0,0.03643230124330159
0,0,0.04399347010957045
0,0,0.045148076316824916
0,0,0.04003143506946033
0,0,0.04176272004435613
0,0,0.04248610135517058
0,0,0.04039492162853519
0,0,0.04240926252492431
0,0,0.04276435089131851
0,0,0.040669671109054464
0,0,0.04403788542847773
0,0,0.044468432924610876
0,0,0.043407773852336934
0,0,0.04497013030478254
1,0,0.041039299293056206
0,0,0.0399971172686243
0,0,0.04457013286398604
0,0,0.04329426735348303
0,0,0.044978821530751445
0,0,0.04445447670634386
0,0,0.04616211141871386
0,0,0.044812882065738135
0,0,0.0423569142636735
0,0,0.043044381343254674
0,0,0.04468738728333469
0,0,0.05287725477299305
0,0,0.04333546061881444
0,0,0.04517459732120405
0,0,0.044617090534390905
0,0,0.041683517961860886
0,0,0.04351954738923233
0,0,0.044581824822652195
0,0,0.030186862908449637
0,0,0.06126770179349865
0,0,0.04153014700882263
0,0,0.04502260131979834
0,0,0.04539548940929147
0,0,0.045068322655603864
0,0,0.044307121439102724
0,0,0.04424298982574139
0,0,0.04317524948021692
0,0,0.05250998212895567
0,0,0.042113269807534645
0,0,0.04478646666482904
0,0,0.04453021462795551
0,0,0.04498349519274521
0,0,0.042861383591567326
0,0,0.04313874731250254
0,0,0.045373256243383904
0,0,0.05617373607682452
0,0,0.04300601871275958
0,0,0.041003911433906345
0,0,0.04190154448766083
0,0,0.05234238393778653
0,0,0.04385806001567894
0,0,0.04613214912916478
0,0,0.03866910147237521
0,0,0.039798471420537045
0,0,0.045014619526576205
0,0,0.04488937836248197
0,0,0.04611282865271211
0,0,0.04342084625412626
0,0,0.041803513453804876
0,0,0.04282410618000003
0,0,0.04528864348907319
0,0,0.04334093143524963
0,0,0.04401356694943904
0,0,0.04320791700583872
1,0,0.04132223388450124
0,0,0.042525624594395246
0,0,0.04093951265663578
0,0,0.044283409182540624
0,0,0.03657393258891001
0,0,0.042546745428338986
1,0,0.045101894240791196
0,0,0.04482631266712177
0,0,0.045258157411296976
0,0,0.04094424314387481
0,0,0.04552003270068519
0,0,0.04422513865567483
0,0,0.04535986066189802
0,0,0.04526019476108207
0,0,0.044469845110970824
0,0,0.04309304227982131
0,0,0.04303547630493907
0,0,0.04517070155681042
0,0,0.0439835668374189
0,0,0.044856099963991876
0,0,0.044877919132172865
0,0,0.04277150333579368
0,0,0.044982482816457336
0,0,0.03396796602637356
0,0,0.0436910740668458
0,0,0.03483746337417667
0,0,0.05153677336443191
0,0,0.043186121188198916
0,0,0.0426760198134909
0,0,0.04448926429826479
0,0,0.04157510639752953
0,0,0.04412067889948882
0,0,0.04519103872580251
0,0,0.04134885121219611
0,0,0.04347952363616614
0,0,0.04354532956929173
0,0,0.04511681351019525
1,0,0.04537660305118835
0,0,0.041806774289143596
0,0,0.04422075173992467
0,0,0.044820826967783965
0,0,0.04589357596439316
1,0,0.044980896486495774
0,0,0.051786072079939516
0,0,0.042143398922493615
0,0,0.044684627237915504
0,0,0.039392223039294856
0,0,0.044368351887146905
0,0,0.04416251980697684
0,0,0.04362860759783871
0,0,0.04590664586257444
0,0,0.04580439776356782
0,0,0.04534265000304274
0,0,0.04253446213064195
0,0,0.026869049186700956
0,0,0.04400073544304635
0,0,0.044428188554614674
0,0,0.0413118644300465
0,0,0.04124613229925947
0,0,0.04587340148852853
0,0,0.04586370486434011
0,0,0.04415461688954298
0,0,0.04422513865567483
0,0,0.03541558876524579
1,1,0.984670766209136
0,0,0.05196427572462928
0,0,0.04520400762860402
0,0,0.043874025083390084
0,0,0.040862611626408786
0,0,0.04404624440549725
0,0,0.04519809139586261
0,0,0.04365882315600215
0,0,0.04423496160960026
0,0,0.042956447080890275
0,0,0.04229651092114643
0,0,0.04417668456371367
0,0,0.04514659536027068
0,0,0.04939593725900077
0,0,0.04528322024857827
0,0,0.045518588753206454
0,0,0.06301720499719075
0,0,0.045219399715109625
0,0,0.03976603946742439
0,0,0.04610112266330087
0,0,0.06600167012682204
0,0,0.04526279429884863
0,0,0.042425150790293756
0,0,0.04311711749703069
0,0,0.060000103059531296
0,0,0.04213028037777637
0,0,0.046154307502462494
0,0,0.04410455198988216
0,0,0.04408783560947737
0,0,0.045219399715109625
0,0,0.04516714429291498
0,0,0.04497112693685279
0,0,0.04511032374013084
0,0,0.04162652693197581
0,0,0.04606205643854489
0,0,0.04446911170939932
0,0,0.04222340433396692
0,0,0.04189557462393285
0,0,0.0404537027743181
0,0,0.042996642705409295
0,0,0.037934298561120926
0,0,0.04469475110038714
0,0,0.0370854194460796
0,0,0.03937121573848423
0,0,0.03876492677666059
0,0,0.04453177210059668
0,0,0.04296339419380229
0,0,0.044658520021575415
0,0,0.040391920156441344
0,0,0.04510487112585936
0,0,0.041331244109123755
0,0,0.044715638104563325
0,0,0.04565237580824492
0,0,0.04131348761601244
0,0,0.04488644784270133
0,0,0.04476884764376991
0,0,0.04126674755380903
0,0,0.045105290375712946
0,0,0.033693506466828754
0,0,0.04424423073761846
0,0,0.0444588171839283
0,0,0.044617090534390905
0,0,0.04505879406945169
0,0,0.040899825602935896
0,0,0.042925490644733486
0,0,0.04410165917943875
0,0,0.0447092293535608
0,0,0.04212496330171574
0,0,0.052891287061065564
0,0,0.04366809066935225
1,0,0.03959075777007684
0,0,0.042269738148165995
0,0,0.04278239428101612
0,0,0.04276335685375549
0,0,0.05239945355822134
0,0,0.0449159775983263
0,0,0.04376716488139977
0,0,0.05035111874319213
1,0,0.04320717809701613
0,0,0.04172203260612802
0,0,0.042266310800994134
0,0,0.044700670167299554
0,0,0.04579884855513787
0,0,0.043407773852336934
0,0,0.04571549069262999
0,0,0.04421887127692977
0,0,0.04509886329821764
0,0,0.0483299439361611
0,0,0.04392091678257313
0,0,0.044381655451304014
0,0,0.0520365418688488
0,0,0.04310624475068918
0,0,0.04349171424904027
0,0,0.04498191643083566
0,0,0.044993324507812855
0,0,0.054099052696652404
1,1,0.9999999921367276
0,0,0.05517310737011005
0,0,0.04385767555984571
1,0,0.04482451914044927
0,0,0.055052259049597194
0,0,0.0449181210676649
0,0,0.0420307886802026
0,0,0.050241206496634674
0,0,0.04466985746855728
0,0,0.044921414061633774
0,0,0.04167821311133504
0,0,0.04528676940161059
0,0,0.044093782512908304
1,1,0.9999999999947262
0,0,0.04498624755085838
0,0,0.051269290585264415
0,0,0.04457125827015668
0,0,0.04445558869237879
0,0,0.045466863901083614
0,0,0.04242539888210353
0,0,0.03716118682912023
0,0,0.044827865537230116
0,0,0.04174299577166362
0,0,0.04157585894654925
0,0,0.06861899132250114
0,0,0.044642031890536914
0,0,0.0447722959755927
0,0,0.050789214849128204
0,0,0.038855779829753134
0,0,0.0423237161616349
0,0,0.03839972514386531
0,0,0.04599889250685531
1,1,0.9999999999940625
0,0,0.04238983492749787
0,0,0.04164979941049566
0,0,0.03483327337151325
0,0,0.045478939162301446
0,0,0.04118346299896593
0,0,0.04507349140013114
0,0,0.04585653308817897
1,0,0.044358128538068205
0,0,0.04546766522060288
0,0,0.04428915144226376
0,0,0.04435105183481598
0,0,0.04500049345385875
0,0,0.0545253016343824
0,0,0.04418401491553406
0,0,0.04105188423546447
0,0,0.044809752182424216
0,0,0.04496770927216567
0,0,0.04064277025558638
0,0,0.0425048413488301
0,0,0.05064760170735163
0,0,0.04408398106204899
0,0,0.04441746215621745
0,0,0.0401904037612251
0,0,0.04225266408459795
1,0,0.04188999208045539
0,0,0.04423869458929302
0,0,0.04587851295849344
0,0,0.041562856368390286
0,0,0.04070865852439978
0,0,0.04198321709556621
1,1,0.9999999921125212
0,0,0.04527562319685565
0,0,0.0457571623425245
0,0,0.04414360169478378
0,0,0.044775881229309804
0,0,0.04430619142929311
0,0,0.03798846286115452
0,0,0.044738456982581824
0,0,0.04024245011105151
0,0,0.04336494903448904
0,0,0.042554396436179955
0,0,0.0399605710903666
0,0,0.05027864358513308
0,0,0.03996567378760226
0,0,0.04288261175652081
0,0,0.04156324412823515
0,0,0.043479558448542344
0,0,0.04304219230425258
0,0,0.044869036642491075
1,0,0.052813598924152876
0,0,0.04101301449222261
0,0,0.0410345205806931
0,0,0.041962247663294205
0,0,0.04422384737181705
1,0,0.04355406524245979
0,0,0.04236026836381514
0,0,0.05199666014303005
0,0,0.04968637819668148
0,0,0.04251433035433854
0,0,0.04408839125707658
0,0,0.04416912394535682
0,0,0.04241050770787247
0,0,0.041894894229731805
0,0,0.045580128802264155
0,0,0.04483935417565028
0,0,0.03830608107298094
0,0,0.04412332307254094
0,0,0.03986018210915391
0,0,0.04229336340208995
1,1,1.0
0,0,0.04369916733063293
0,0,0.045298845508801706
0,0,0.05112820784224492
0,0,0.04353944768620117
0,0,0.04085382379000822
0,0,0.043260266595691155
0,0,0.044957228831834575
0,0,0.04407857180356153
0,0,0.044639778785864545
1,0,0.046002327898937025
0,0,0.04391398963180064
0,0,0.04269628091786248
0,0,0.04500354338439667
0,0,0.04209098048654047
0,0,0.05420280266103577
0,0,0.04339753978347539
0,0,0.04458286255880698
1,1,0.9999999999999964
0,0,0.042547538236747486
0,0,0.043118165108074084
0,0,0.044634869514463
0,0,0.04494452416287284
0,0,0.04215637767362349
0,0,0.04248407954782337
0,0,0.04490265856517267
0,0,0.052382239648022265
0,0,0.04511780060170676
0,0,0.04510650220837358
0,0,0.044668849848664115
0,0,0.04510205327794964
0,0,0.041088874393057716
0,0,0.04596166819923366
0,0,0.08026333597644168
0,0,0.0443489623483734
0,0,0.03193801841042849
0,0,0.04137184387262262
0,0,0.04553915789637938
0,0,0.04153393965728641
1,0,0.04328773533877678
0,0,0.045134316315492355
0,0,0.04032500771574833
0,0,0.04425833753458994
0,0,0.04184219932704088
0,0,0.04413221972525882
0,0,0.04080350146530616
1,0,0.045076515914794835
0,0,0.03993221381790804
0,0,0.04337632166046671
0,0,0.04319773056052742
0,0,0.043230426856773384
0,0,0.04549555820405994
0,0,0.04385767555984571
0,0,0.042665882640819074
0,0,0.04223078616877902
0,0,0.052598424873160514
0,0,0.043695225619200015
0,0,0.042412007414275796
0,0,0.04256991457766352
0,0,0.014776528946961487
1,0,0.06391322446876434
0,0,0.04575072165818138
0,0,0.04271186576848196
0,0,0.04223942955104685
0,0,0.04097887896998823
0,0,0.042212935702851506
0,0,0.04508153256049804
0,0,0.044374246231845396
0,0,0.03950851911545645
0,0,0.044311789380387365
0,0,0.0427527778776581
0,0,0.042419875875349816
0,0,0.044418618064524094
0,0,0.044718448198770966
0,0,0.04504180712629943
0,0,0.043191315245451126
0,0,0.04257179107879736
0,0,0.04510650220837358
1,0,0.044061374226812236
0,0,0.044885241372419206
0,0,0.03946023250471252
0,0,0.04305147275701588
0,0,0.04385767555984571
0,0,0.044181544224214504
0,0,0.0452616309004419
1,0,0.04163083405119247
0,0,0.04465710212366518
0,0,0.039414006109770056
0,0,0.04354489526915049
0,0,0.04145912829907808
0,0,0.04553447457479825
0,0,0.04470239612501767
1,0,0.03421110623502124
1,0,0.04613757425652844
0,0,0.04385767555984571
0,0,0.03503304940143629
0,0,0.04147342029829517
0,0,0.0426990872220605
0,0,0.05367876220623775
0,0,0.0451572506117764
0,0,0.050380747156129474
0,0,0.037238724043667217
0,0,0.04450609325174656
0,0,0.04396391993934134
0,0,0.04311711749703069
0,0,0.04466408352778528
0,0,0.0397852834174135
0,0,0.04597938751015959
0,0,0.04546584669788187
0,0,0.0541535486311862
0,0,0.05262841640919127
0,0,0.045525284386000994
0,0,0.04506706863984233
0,0,0.03766141269163826
0,0,0.044331390929494015
0,0,0.04388423858674652
0,0,0.04450452293900552
0,0,0.04527875471464449
0,0,0.05312939871589932
0,0,0.044878237682547104
0,0,0.045254188580348305
0,0,0.04021520985636899
0,0,0.03365395759515231
0,0,0.027857032744570916
0,0,0.04102766623124987
0,0,0.04364005540020205
0,0,0.03953462128235362
1,0,0.04307561314357205
0,0,0.03547828947709596
0,0,0.05384327073234312
0,0,0.03598993876955656
0,0,0.0415903565993735
0,0,0.04223710748887928
0,0,0.044461383133348575
0,0,0.044890996140891246
1,0,0.04536263488746641
0,0,0.04585653308817897
0,0,0.039390554772256926
0,0,0.039437014201542095
0,0,0.044665705404218964
0,0,0.03706031817491035
0,0,0.04625401021059135
0,0,0.042420553732695085
0,0,0.04545126022680941
0,0,0.04446189144969117
0,0,0.044383514787317016
1,1,0.9844670593752104
0,0,0.054301299401903924
0,0,0.042984172786155884
0,0,0.043068653300563586
0,0,0.04217640474327214
0,0,0.04430001779669342
0,0,0.0396060028175027
1,1,0.984848844879017
0,0,0.039549544475318645
0,0,0.04436662795314675
0,0,0.04063631825956855
0,0,0.04193463816594774
1,1,0.9999894185835274
0,0,0.04379789588642142
0,0,0.043856378200521594
0,0,0.043554558076580985
0,0,0.04864879375596197
0,0,0.053083141702766554
0,0,0.044069395967029495
0,0,0.0430865938166022
0,0,0.05303414338424565
0,0,0.03872660682865665
0,0,0.04376114024838801
0,0,0.04408795044851458
0,0,0.03842263049826025
0,0,0.04538192497358563
0,0,0.044622934270897564
0,0,0.043661906880542244
0,0,0.0418294258102433
0,0,0.044785044895075586
0,0,0.04109460003800602
0,0,0.04011706655861318
0,0,0.037849677142500544
0,0,0.03770214987519456
0,0,0.04104743538139245
0,0,0.04332338285829472
0,0,0.044647178039810706
0,0,0.043891992623134826
0,0,0.045325070242167545
0,0,0.04506783751164942
0,0,0.04439461080912764
0,0,0.04352921611425689
0,0,0.04295618809337372
0,0,0.04377443206168431
0,0,0.042249335864843134
0,0,0.05026688902997724
1,1,0.9999999999948532
0,0,0.04482928860259191
0,0,0.03996945402593706
0,0,0.043426731454674364
0,0,0.038436435472836344
0,0,0.04282526267273132
0,0,0.04400697634477241
0,0,0.03680172279392823
0,0,0.044022943808739085
0,0,0.04412590202594692
0,0,0.043077010760806556
0,0,0.044813067295202715
0,0,0.04537351018777732
0,0,0.04569835402521592
0,0,0.03498511011630516
0,0,0.043788692949693654
0,0,0.051289124773062855
0,0,0.03965155991936182
0,0,0.04371524017353088
0,0,0.043338912434493344
0,0,0.04433459730453064
0,0,0.03967424164699481
0,0,0.04490159390403739
0,0,0.04478576886919475
0,0,0.04336494903448904
0,0,0.04320285206649846
0,0,0.04073815040860717
0,0,0.04543472014740064
0,0,0.04425766181808106
0,0,0.04389985069418488
0,0,0.04463603863286813
0,0,0.04287363412938312
0,0,0.04228799153138109
0,0,0.042810845385077824
0,0,0.04455649469668336
0,0,0.04584065774626987
0,0,0.03800912995850963
0,0,0.044584936131702606
0,0,0.04608488636165472
0,0,0.04373163470960682
0,0,0.042943246355440244
0,0,0.04385093909537689
0,0,0.04299758714011378
0,0,0.04369654514713487
0,0,0.044650691711697124
0,0,0.04518163881241075
1,1,0.9999999925722962
0,0,0.04454159769970553
0,0,0.0456699155003894
0,0,0.043845797490606145
0,0,0.02796167076899339
0,0,0.04347404003450284
0,0,0.04059938166233934
0,0,0.045017829123556334
0,0,0.04417716190286152
0,0,0.045250402485388586
0,0,0.04453265214817178
0,0,0.04267956437260313
0,0,0.04522565341220343
0,0,0.04478140199362676
0,0,0.04058755074875449
0,0,0.044080159762486984
0,0,0.041405046331349726
0,0,0.04510269293318402
0,0,0.04430332962079041
0,0,0.04217223469055388
0,0,0.045381028390803185
0,0,0.03833577223900144
0,0,0.04296507182475746
0,0,0.04545164138543686
0,0,0.045238489084183396
0,0,0.03720228613548254
0,0,0.04335761488169522
0,0,0.04466412972311421
0,0,0.04584054030482154
0,0,0.04360575470650781
0,0,0.041999801233478316
0,0,0.04405099617735771
1,0,0.04482077024302449
0,0,0.045065638382492945
0,0,0.044618458013911615
0,0,0.04467086790004094
0,0,0.043228689146905565
0,0,0.04527731805771762
0,0,0.04763904633196724
0,0,0.04199952371325676
0,0,0.05252445018392908
0,0,0.0447146316128441
1,0,0.05219693703536578
0,0,0.03397681290894912
0,0,0.042414310236667266
0,0,0.07761665322613104
0,0,0.045886486649965565
0,0,0.038954637371471736
0,0,0.0429374551866757
0,0,0.04225331518351753
0,0,0.045404519225146656
0,0,0.04373133098969859
0,0,0.043777445417610986
0,0,0.044848276210653716
0,0,0.044482870419430935
0,0,0.04601853651734834
0,0,0.03773047617789872
0,0,0.04209098048654047
0,0,0.041486618912832084
0,0,0.044406104330112266
0,0,0.045155342381632164
0,0,0.04316689719688731
0,0,0.04223942955104685
0,0,0.04389238941032105
0,0,0.041957273889613636
0,0,0.04533977031515517
0,0,0.06276539805795282
0,0,0.04406499349579715
0,0,0.04360249823715576
0,0,0.0430737750385301
0,0,0.060814574851986374
1,0,0.042836061179719685
0,0,0.0416727764627379
0,0,0.0514894770116696
0,0,0.04229651092114643
0,0,0.052298670715377915
0,0,0.04442251884878425
0,0,0.04384624300633242
0,0,0.04031383029256928
0,0,0.042591974605196
0,0,0.04406299577857763
0,0,0.04390891226005372
0,0,0.04233538050232115
0,0,0.04302240901375538
0,0,0.04550003516696156
0,0,0.04259899025330369
0,0,0.04491584880285947
0,0,0.04279263137262627
0,0,0.04398280722844315
0,0,0.044119105419208555
0,0,0.05360628481462119
0,0,0.04328161855730917
1,0,0.04385767555984571
0,0,0.045045530499035494
0,0,0.045585004863126846
0,0,0.04510990753476074
0,0,0.043847172163052964
1,0,0.04417716190286152
0,0,0.04577818445668903
0,0,0.04415839656798243
0,0,0.04341171053945034
0,0,0.03737056948382153
0,0,0.04221236706205692
0,0,0.04036702879119613
0,0,0.04069342360471386
0,0,0.04392595195242736
0,0,0.0437074180362372
0,0,0.04935803472088981
0,0,0.04489198159894819
0,0,0.044345981344425515
0,0,0.0452430369294351
0,0,0.041765907965720536
0,0,0.04406065799219077
1,0,0.04412558264999381
0,0,0.043555576049176356
0,0,0.05510391265783757
1,0,0.04327477975032981
0,0,0.03604366719580964
0,0,0.043688109279271345
0,0,0.04308109608006137
1,0,0.09582762536680235
0,0,0.04286289558594096
0,0,0.03399252867510257
0,0,0.04283368190070402
0,0,0.04417716190286152
0,0,0.04192830688668381
0,0,0.04497543754989599
0,0,0.04389406491531483
0,0,0.04828493040690903
0,0,0.04498767540726705
0,0,0.04370610645691511
0,0,0.044011035850131545
0,0,0.043004410424567825
0,0,0.04402874209835292
0,0,0.04999470039672351
1,0,0.04333628451539536
0,0,0.044701368672480576
0,0,0.03442077856002615
0,0,0.04500074999998358
0,0,0.04219004757492376
0,0,0.041485996933033994
0,0,0.04439060454625805
0,0,0.04391652257049511
0,0,0.04854926871399129
0,0,0.04158287519865394
0,0,0.043596486660226114
0,0,0.04457311275248265
0,0,0.04471358754671718
0,0,0.042133331028233516
0,0,0.04242788377749017
0,0,0.04363142295573092
0,0,0.04584275067631031
0,0,0.041014956688877474
0,0,0.042250580111514356
0,0,0.045109112222377075
0,0,0.04397331553027243
0,0,0.039499842940324596
0,0,0.04342824102412027
0,0,0.04485765859854633
0,0,0.04478576886919475
1,0,0.044923846743893193
0,0,0.04175167706097054
0,0,0.044690039939235864
0,0,0.042631355005723966
0,0,0.03868514401896222
0,0,0.04240725431067143
0,0,0.04264427209791096
0,0,0.043832849930264574
1,0,0.04036496775429101
0,0,0.044009574371931495
0,0,0.04456241260080079
0,0,0.044589263687185736
0,0,0.045566800770795314
0,0,0.04498719143574615
0,0,0.04347250746108574
0,0,0.04331093398342467
0,0,0.04395027884993691
0,0,0.04385767555984571
0,0,0.04610729122058196
0,0,0.04465872191884444
0,0,0.042949445656938236
0,0,0.042539450639392754
0,0,0.052175831970049255
0,0,0.044619146525438406
0,0,0.052527008430231
0,0,0.045541332945106816
0,0,0.03741039510682813
0,0,0.044061374226812236
0,0,0.04294939578086062
0,0,0.04477817907143364
0,0,0.04532666813393556
0,0,0.04481604546247429
1,0,0.04450824980516504
1,1,1.0
0,0,0.06783037130821593
0,0,0.046096954756422344
0,0,0.03846089402311567
0,0,0.0446331565140123
0,0,0.039933916852547095
0,0,0.04480684811477233
0,0,0.055067238521442734
0,0,0.04521938821802341
0,0,0.04553992189607437
0,0,0.04132479080746202
0,0,0.05087021780844384
1,0,0.045422263802604265
0,0,0.044251612913104754
0,0,0.04581759040743015
0,0,0.04428888823895049
0,0,0.04464083752925882
0,0,0.05022282481829399
0,0,0.045410206397546324
0,0,0.04422075173992467
0,0,0.04924345645715851
0,0,0.04493213840801345
0,0,0.04613756583606004
0,0,0.04235008118049889
0,0,0.04286973469583904
0,0,0.04526001521086486
0,0,0.043978669494329645
0,0,0.044704576384826646
0,0,0.04324689915091456
0,0,0.04509781830473184
0,0,0.04416444947375831
0,0,0.03958455469431177
0,0,0.04529685007891689
0,0,0.05199593927702191
0,0,0.04360575470650781
0,0,0.039727187696895504
0,0,0.043720939461881284
0,0,0.04295202036463979
0,0,0.04320735969234344
0,0,0.04503765187859983
0,0,0.042355238503077146
0,0,0.03044442887006851
0,0,0.04316849027867649
1,0,0.047447472344936285
0,0,0.04497401006361119
0,0,0.03681290655152972
0,0,0.04495815200952864
0,0,0.04103988255203124
0,0,0.0440954619244474
0,0,0.04812621203715877
0,0,0.04320285206649846
0,0,0.04533402982267627
0,0,0.045474838596958944
0,0,0.03867055009405067
0,0,0.04013673876468295
0,0,0.04172760265902189
0,0,0.05827683368310852
0,0,0.04405719665911746
0,0,0.04453706856414726
0,0,0.04445268856115524
0,0,0.04313299051959107
0,0,0.0457905919528033
0,0,0.04370783348939364
0,0,0.04522625576959808
0,0,0.0433037459451843
0,0,0.04333413623234597
0,0,0.04560894641756672
0,0,0.042233330598515736
0,0,0.04287803500143024
0,0,0.04468577622870523
0,0,0.043515378518056216
0,0,0.04160791028071685
0,0,0.04447468076958561
0,0,0.04296507182475746
0,0,0.043703421905713496
0,0,0.04408342667879306
0,0,0.04474841662439185
0,0,0.04203945347423003
0,0,0.04524488387620461
0,0,0.036161940986981896
0,0,0.04552003270068519
0,0,0.042638122106226355
0,0,0.04535986066189802
0,0,0.04478646666482904
0,0,0.04482265530431297
0,0,0.0448289680605509
0,0,0.03905238744748077
0,0,0.04223196391601423
0,0,0.04422485094495206
1,0,0.043414882686818215
0,0,0.04844566410299179
0,0,0.04488345291327773
0,0,0.04981955453000196
0,0,0.04058765785048367
0,0,0.045348448896024816
0,0,0.04361034640993906
0,0,0.04528376453663754
0,0,0.04288098621469815
0,0,0.03293138737369174
0,0,0.04376185390035188
0,0,0.044599324489200884
0,0,0.04511780060170676
0,0,0.044749813092029626
0,0,0.05147101452520357
0,0,0.041246017172153294
0,0,0.044620720693726704
0,0,0.04496196437175004
0,0,0.0453541722837484
0,0,0.040815414806228245
0,0,0.011520443363199032
0,0,0.04438508102870281
0,0,0.05777109494898317
0,0,0.039867259343789485
0,0,0.043106764053735626
0,0,0.04241503132875215
0,0,0.044892330601426916
0,0,0.04441746215621745
0,0,0.05134564939537666
0,0,0.042414310236667266
0,0,0.04046419841406162
0,0,0.044508058251196955
0,0,0.04471366927441841
0,0,0.04431663829457361
0,0,0.04447864479964112
1,0,0.043042702658300305
0,0,0.0445541045322923
0,0,0.0451064133297866
0,0,0.033770957635946515
0,0,0.039519108743588216
0,0,0.04410252056425946
0,0,0.05239277123952299
0,0,0.043023117332891554
0,0,0.04518163881241075
0,0,0.051866760881546785
0,0,0.044164284906107215
0,0,0.04454204962050735
0,0,0.04618032543999499
0,0,0.0437312386434307
1,0,0.04315404395507117
1,1,1.0
0,0,0.04333568761255081
0,0,0.043947197467536926
0,0,0.042264613429985595
0,0,0.04356345960841964
0,0,0.04489258225251562
0,0,0.04581377367661786
0,0,0.07646314643818017
0,0,0.04361821854778813
0,0,0.042855791330051345
0,0,0.04453838485197282
0,0,0.0486040801381615
0,0,0.0544823401151641
0,0,0.0436927119901217
0,0,0.045387306900343836
0,0,0.04470438852021983
0,0,0.04375700806994941
0,0,0.04412413368358806
0,0,0.04511662708453331
0,0,0.06784547518968288
0,0,0.04457981291667085
1,0,0.06134833486774657
0,0,0.03703734009760901
0,0,0.04423405765152089
0,0,0.04540308557552357
0,0,0.053467394736044234
0,0,0.0457021151103768
0,0,0.045967227794427225
1,0,0.045197571966156855
0,0,0.04515621773696958
0,0,0.022556211643683304
0,0,0.045658640666180826
0,0,0.044458750463132
0,0,0.04504632474330118
0,0,0.044665705404218964
0,0,0.04510348463641962
0,0,0.04475787447084918
0,0,0.04553447457479825
0,0,0.044468432924610876
0,0,0.0422739200634964
0,0,0.045250402485388586
1,0,0.04417222010399823
0,0,0.0419532061972568
0,0,0.042412007414275796
0,0,0.04221851669754429
0,0,0.05156480915094604
0,0,0.04523107511079534
0,0,0.04471300048422535
0,0,0.04020918932622975
0,0,0.044354518750336074
0,0,0.04530214543808531
0,0,0.04437823012600867
1,1,0.9848788497605363
0,0,0.04321523785687027
0,0,0.045415446014998744
0,0,0.026025145474243328
0,0,0.05146186171342714
0,0,0.04336459285063915
0,0,0.04060145111003663
0,0,0.042990974942504846
0,0,0.0431515323390365
0,0,0.04109514446215023
0,0,0.04246158353992714
0,0,0.028652643578086296
0,0,0.04389790267926451
0,0,0.04579243245141435
0,0,0.04513387145131785
0,0,0.04357811582376654
0,0,0.04380786038615241
0,0,0.035149474849669224
0,0,0.03378150098773748
0,0,0.04869480126248058
0,0,0.04502890662874247
0,0,0.044519321978226355
0,0,0.043753209806984834
0,0,0.04425974612342052
0,0,0.04311603010909042
0,0,0.041534068824154766
0,0,0.04449123353674357
0,0,0.037587216636419875
0,0,0.037489539029506205
0,0,0.04934988078744287
0,0,0.04513007818290421
0,0,0.04404577009466766
1,1,1.0
0,0,0.044489248030926305
0,0,0.0417873891791345
0,0,0.043675184847925964
0,0,0.044285404956459745
0,0,0.052080125325328186
0,0,0.0417545774193424
0,0,0.04507342586246153
0,0,0.03993079814157628
0,0,0.05820102340222417
0,0,0.04277764853106796
0,0,0.045953734639934234
0,0,0.04162624482885247
0,0,0.04514659536027068
0,0,0.04490464264351967
0,0,0.043160764519543475
0,0,0.05441519035572881
0,0,0.04482998301420115
1,0,0.04425301853278765
1,0,0.04405700280688067
0,0,0.044474393474830745
0,0,0.043761773832682795
0,0,0.03641688160734242
0,0,0.038133658800511956
0,0,0.04497121363346674
0,0,0.04372238906001494
0,0,0.03351379596171591
0,0,0.05149625637205834
0,0,0.03060434774808266
0,0,0.040578904987703245
0,0,0.04041313345238396
0,0,0.04444683804745829
0,0,0.04508202944193096
1,1,0.9852663246931509
0,0,0.04481604546247429
0,0,0.05460418794967465
0,0,0.04259961803582808
0,0,0.04022723873323764
0,0,0.038273402611216194
0,0,0.04962725485830032
0,0,0.04450609325174656
0,0,0.042571206511402504
0,0,0.043307444856748104
0,0,0.04496394882348902
0,0,0.03980906764801528
0,0,0.04439898846666091
0,0,0.041253676732058146
0,0,0.042414310236667266
0,0,0.04577111496736382
0,0,0.041781273683354846
0,0,0.044555649294112626
0,0,0.052934109872098144
0,0,0.044261797878205125
0,0,0.042042003962178866
0,0,0.0523934303308581
0,0,0.04494490263875541
0,0,0.043236110319288645
0,0,0.04576221768742718
0,0,0.042835909774380995
0,0,0.04491573704025101
0,0,0.043751324637175966
0,0,0.04395701077815897
0,0,0.04196723001663119
0,0,0.05115827315016864
0,0,0.044663016708142635
0,0,0.042009194889913656
0,0,0.04396009181024393
0,0,0.042374642856063266
0,0,0.03984999310943517
0,0,0.044203925653190035
1,0,0.04593108002919274
0,0,0.045557496848102515
0,0,0.04180052299416755
0,0,0.04460852601214872
0,0,0.04144915814002044
0,0,0.044368351887146905
0,0,0.04452213550416984
0,0,0.04498304009946173
0,0,0.04553447457479825
0,0,0.045012595520241616
0,0,0.04494093117536475
0,0,0.04399958219830161
0,0,0.04568488563129841
1,0,0.03929115638386214
0,0,0.04506783751164942
0,0,0.04508140077120444
1,0,0.04600470776220216
0,0,0.0447092293535608
0,0,0.03511783488116979
0,0,0.05261410664412764
0,0,0.042894561018471354
0,0,0.043524427125641946
0,0,0.04270415843950584
1,0,0.04264427209791096
0,0,0.04452928863607981
0,0,0.052266850590788415
0,0,0.04419832534210289
0,0,0.04264997594205241
0,0,0.044219347097721254
0,0,0.045515552890503644
0,0,0.04495086491290488
0,0,0.045644429043330326
0,0,0.044039231477995065
0,0,0.04363834715855921
0,0,0.04543987946663498
0,0,0.04527796180443444
0,0,0.04347747466563287
0,0,0.044812882065738135
0,0,0.042721394365587806
0,0,0.04396508837684626
0,0,0.04497745996410144
0,0,0.045308973578334466
0,0,0.04353369987538617
0,0,0.045199359963559525
0,0,0.03989321633607959
0,0,0.03250364879887899
0,0,0.04473336130751938
0,0,0.042846388479874715
0,0,0.04331147446845298
0,0,0.04508283150519079
0,0,0.04479767507824531
0,0,0.04384317426550104
0,0,0.04340439313197552
0,0,0.04140286136732837
0,0,0.040146148037273385
0,0,0.04576854703410188
0,0,0.04317078516437053
0,0,0.04217466180775934
0,0,0.04507838479923316
0,0,0.03750925785340389
0,0,0.04502857848620312
0,0,0.04461642285111422
0,0,0.045779041844303016
0,0,0.045014199159719916
0,0,0.04456339287999921
0,0,0.045680743265239236
0,0,0.04314142578731877
0,0,0.045622151913660584
0,0,0.044853745645091314
0,0,0.044469485015343216
0,0,0.04429058054005397
0,0,0.041473789196371756
0,0,0.04357326130381066
0,0,0.052453685718526405
0,0,0.0460149993418003
0,0,0.04281314530232375
1,0,0.05537002135840161
0,0,0.040669671109054464
0,0,0.04422075173992467
0,0,0.043153578818171695
0,0,0.04446247062782297
0,0,0.044986518747093876
0,0,0.04395932930778533
1,0,0.054258937065458535
0,0,0.037793178530015056
0,0,0.044986088902812
0,0,0.04462531164052443
0,0,0.05184767709510305
0,0,0.04409955368009247
0,0,0.04280778608419253
0,0,0.030248736894760927
0,0,0.04500247336189917
0,0,0.04142808705685076
0,0,0.044870619212868376
0,0,0.04489797957249837
1,0,0.04447215690921112
0,0,0.04479476663817532
0,0,0.0437964325470155
0,0,0.04421363125425498
0,0,0.04277193320349028
0,0,0.02681556928928744
0,0,0.04422485094495206
0,0,0.0391126411867253
0,0,0.05317473528428659
0,0,0.05340963827106694
0,0,0.046047245961301275
0,0,0.045622151913660584
0,0,0.0700015153402914
0,0,0.039284260581532296
0,0,0.0419163853489532
0,0,0.04500354338439667
0,0,0.04525434812907303
1,0,0.04078541007948187
0,0,0.044338787647615986
0,0,0.052184120016855386
0,0,0.04475269932519643
0,0,0.05125850054913735
0,0,0.043529704034064004
0,0,0.044668849848664115
0,0,0.04495595544584337
0,0,0.041077316117315105
0,0,0.044663016708142635
0,0,0.041519966859495945
0,0,0.0382096238944713
0,0,0.043766357791993483
1,0,0.04164067408178828
0,0,0.045886486649965565
0,0,0.04548952054661447
0,0,0.043782113783324465
1,1,0.9848315012991271
0,0,0.04382841695385369
0,0,0.04385767555984571
0,0,0.03527366607356398
0,0,0.0447872753136335
0,0,0.042158811498694826
0,0,0.042416024363909795
1,0,0.04610518258922859
0,0,0.05746871240908583
0,0,0.043404214390869764
0,0,0.04258070967375218
0,0,0.04326785525252635
0,0,0.04367719009758872
0,0,0.04348744916988832
0,0,0.0185623350479721
1,1,0.9869828673720782
0,0,0.060998549562539646
0,0,0.030219798427904752
0,0,0.04190537872896064
0,0,0.04490159390403739
0,0,0.04365724775283784
0,0,0.04429828491815264
0,0,0.025723582006863577
0,0,0.04385767555984571
0,0,0.0434632581597288
0,0,0.04161086148765093
0,0,0.0537542308008575
0,0,0.05505540192215931
0,0,0.04453177210059668
0,0,0.03637252339283108
0,0,0.04407821775179503
0,0,0.0326089416681932
0,0,0.04478646666482904
0,0,0.04324689915091456
0,0,0.04389383238735218
0,0,0.044510635658845735
0,0,0.044620720693726704
0,0,0.04380232591722963
0,0,0.04528162381582072
0,0,0.04236104711134844
1,0,0.044668849848664115
0,0,0.04772469041067978
0,0,0.04479767507824531
0,0,0.043514969455417975
0,0,0.04455553560290781
0,0,0.03850388305233791
0,0,0.044533046993292615
0,0,0.05025056112437499
0,0,0.04514178528095597
0,0,0.04296779173959608
0,0,0.04486393909144473
0,0,0.04546766522060288
0,0,0.041882416336191074
1,0,0.04164250345257306
0,0,0.04511674433712076
0,0,0.04416407861012966
0,0,0.044391455079372824
0,0,0.05159223289300181
0,0,0.03994902193140845
0,0,0.04538890688188977
0,0,0.04077928061425279
0,0,0.04283091094138877
0,0,0.04343989179160862
0,0,0.0457247536864744
0,0,0.04148709260632761
0,0,0.04372647151740365
0,0,0.04525977441352231
0,0,0.04501941669461258
0,0,0.04450282053732186
0,0,0.04231500305097288
0,0,0.02776150843923935
0,0,0.042804090046931066
0,0,0.04457294089496467
0,0,0.044122731968713594
0,0,0.0446700150535448
0,0,0.04536365548006149
0,0,0.04234990302873088
1,0,0.041473572423283936
0,0,0.02658824608651609
0,0,0.04406299577857763
0,0,0.044528001503683155
0,0,0.045365094746317766
0,0,0.044540557215738595
0,0,0.04463123825781103
0,0,0.045525284386000994
0,0,0.044287376860808594
0,0,0.042249239349124855
0,0,0.041750489926069466
0,0,0.04155157343468541
0,0,0.04209098048654047
0,0,0.04224120388249844
1,1,0.9853662376483537
0,0,0.04369109305202495
0,0,0.0444226460263889
0,0,0.046047245961301275
0,0,0.04504632474330118
0,0,0.045266036942921105
0,0,0.04022857644915727
0,0,0.043133550208520784
0,0,0.0686076179768661
1,0,0.045065638382492945
0,0,0.04540188073602031
1,0,0.04435367362186417
0,0,0.04320460947831269
0,0,0.04527731805771762
0,0,0.043426184030450225
0,0,0.044609706026258154
1,0,0.04437203603621219
0,0,0.03609944181526906
0,0,0.04497499417794322
0,0,0.042315665671509246
0,0,0.045074957651697056
0,0,0.06328184125034293
0,0,0.03746768668426384
0,0,0.04529008048831069
0,0,0.04507168687378566
1,0,0.04554917659316787
0,0,0.04215652678291156
0,0,0.045525284386000994
0,0,0.04495086491290488
0,0,0.043514969455417975
0,0,0.04985107175691587
0,0,0.041318088430234046
0,0,0.05289689846749962
0,0,0.04159483175173589
0,0,0.04311654682747982
0,0,0.04539025198477009
0,0,0.051614174008505244
0,0,0.0449799451257068
0,0,0.04328523214077059
0,0,0.04552003270068519
0,0,0.04441777759019334
0,0,0.04297418262336014
1,0,0.043519343832748345
0,0,0.03954447596037761
0,0,0.04012359300538468
0,0,0.04408929338523251
0,0,0.04024301365569756
0,0,0.045050579185109234
0,0,0.04385324486675781
0,0,0.046052430082976534
0,0,0.044848592580904206
0,0,0.04458654372042824
0,0,0.044671433342279424
0,0,0.043256543563684025
0,0,0.04160665806914023
0,0,0.046179837475300564
0,0,0.0453658802011252
0,0,0.0447722959755927
0,0,0.04367677984804555
0,0,0.05523411263234976
0,0,0.0452799760846205
0,0,0.04511780060170676
0,0,0.042133157290871005
0,0,0.04432494405294031
0,0,0.0454542971220178
0,0,0.04194163805865298
0,0,0.04265430611313323
0,0,0.04233147679507253
1,0,0.04575984976668021
0,0,0.044335446814322006
0,0,0.03185698114303287
1,1,0.9999999926170129
0,0,0.044191657098472725
0,0,0.041967563370104086
0,0,0.045365094746317766
0,0,0.0539503589068588
0,0,0.04186956736642202
0,0,0.04516872752871257
0,0,0.04444050821066815
0,0,0.044706311746912614
0,0,0.04354003325628061
1,0,0.04341695268105926
0,0,0.045731428093030255
0,0,0.044236094855548615
0,0,0.04304504665944151
0,0,0.04405512898625473
0,0,0.04303266410742923
0,0,0.05792887971705696
0,0,0.044333270278511167
0,0,0.044209955201502185
0,0,0.0436602265197414
0,0,0.04443194351335037
0,0,0.0449532141631691
0,0,0.041438918134440776
0,0,0.04239143911179675
0,0,0.04425450485429982
0,0,0.04416247410647133
0,0,0.04348465342155668
0,0,0.04537462984495215
0,0,0.04156471492195529
0,0,0.042918133499388174
0,0,0.04347411594929471
0,0,0.042529734542721576
0,0,0.0439109675747464
0,0,0.04098731651029025
0,0,0.04542605902912223
0,0,0.04158482065408427
0,0,0.04876692015355604
0,0,0.030432447036512603
0,0,0.04440717362106236
0,0,0.04205076345639827
0,0,0.0420894064520948
0,0,0.03819099474595039
0,0,0.04128598491917047
0,0,0.04015749584296772
1,1,0.9999915630695662
0,0,0.04429185410789138
0,0,0.0445541045322923
0,0,0.04562798310744886
0,0,0.04402965319735635
0,0,0.04405560312629944
0,0,0.030574065668795055
0,0,0.04606449038875269
0,0,0.04389790267926451
0,0,0.041018726565407365
0,0,0.04152325406462057
0,0,0.04209740576099094
0,0,0.04520600934858126
0,0,0.045467532081183565
0,0,0.044916040318836066
0,0,0.04475732741252527
0,0,0.04512397880716498
0,0,0.044170526798346564
0,0,0.043667012125721105
0,0,0.0436679708134767
0,0,0.04185484594147736
0,0,0.04355672117413479
0,0,0.034430208017707374
0,0,0.04113053442749959
0,0,0.04299599076536203
0,0,0.04514659536027068
0,0,0.0450845530580673
0,0,0.04397591132382909
0,0,0.045886486649965565
0,0,0.04528520138840997
0,0,0.0417427858841802
0,0,0.04527008883904819
0,0,0.04350700728520678
0,0,0.04245102988860249
0,0,0.04394058546493552
1,0,0.0362411351819794
0,0,0.036148053668490304
0,0,0.04498719143574615
0,0,0.06667704275054451
0,0,0.044427112285436374
0,0,0.055905418787062476
0,0,0.0424702515125285
0,0,0.04496312583923139
0,0,0.04401356694943904
0,0,0.0437312386434307
0,0,0.04448396932654349
0,0,0.04431319682290638
0,0,0.043017697236207096
0,0,0.03824661688381743
1,0,0.04463603863286813
0,0,0.04277854734551946
0,0,0.045228464914803035
0,0,0.028347317610800477
0,0,0.04199051978536644
0,0,0.04480701462066435
0,0,0.044094458598365374
0,0,0.044189886242805614
0,0,0.04484395017044168
0,0,0.0429816515216559
1,0,0.04540641526615255
0,0,0.040094214222995445
0,0,0.0414908716034378
0,0,0.045886486649965565
0,0,0.04420854812399497
1,1,0.9844670421628011
0,0,0.042173577174862566
0,0,0.041959855887226116
0,0,0.04386084322986478
0,0,0.045102212315642404
0,0,0.043761773832682795
0,0,0.040215330542484495
0,0,0.043845778842983164
0,0,0.044896198151585145
0,0,0.042497474656527603
0,0,0.04455553560290781
0,0,0.042572225592684816
0,0,0.04468445102517233
0,0,0.045468974486189716
1,0,0.043361757354436446
0,0,0.04522178216089337
0,0,0.04273106952016256
0,0,0.04283293832069909
1,0,0.04336141342794142
0,0,0.044521373673968245
0,0,0.04155568738197282
0,0,0.045072590671665545
0,0,0.044016086514072635
0,0,0.04427582972579782
0,0,0.04433295541682385
0,0,0.04434714601788987
0,0,0.04458654372042824
0,0,0.04559871348811781
0,0,0.04366459532278844
0,0,0.039824628012268166
0,0,0.046080719851756054
0,0,0.04446316775099378
0,0,0.039042678886346625
1,0,0.04432432470986039
0,0,0.06015276921186052
0,0,0.0406612968127568
1,1,0.9791004817283753
0,0,0.0445764679409816
0,0,0.04354717439018521
1,1,1.0
0,0,0.051650064446619764
0,0,0.04409651917478039
1,0,0.03642191884235274
0,0,0.03692838580940472
0,0,0.039800432466543405
0,0,0.040517198006887564
0,0,0.04592282239089605
0,0,0.04541427887959208
0,0,0.04447986253327099
1,0,0.04598596270990497
0,0,0.04061830835781566
0,0,0.04584054030482154
0,0,0.03152444766978175
0,0,0.04015493123509829
0,0,0.045338475704450834
0,0,0.0447677485059424
0,0,0.05359289327071735
0,0,0.04353805659409972
0,0,0.043082311791639634
0,0,0.04098846901596402
0,0,0.04381848306392361
0,0,0.0448451883657088
0,0,0.040500470420312136
0,0,0.0448423684965112
0,0,0.04497054117247858
0,0,0.043862391873386454
0,0,0.043012518920337625
0,0,0.043533942861194656
0,0,0.04498105511709305
0,0,0.052578998809174875
1,1,1.0
0,0,0.042753999090374244
0,0,0.04438508102870281
0,0,0.043650799257522646
0,0,0.060775639846670074
0,0,0.04117308243571377
0,0,0.043310786393243796
0,0,0.04457970391946009
0,0,0.03602831651870456
0,0,0.02471042010636308
0,0,0.04510205327794964
0,0,0.04405700280688067
0,0,0.0417082117437337
0,0,0.0390453338139298
1,1,0.9999999936306807
0,0,0.051586803208737944
0,0,0.04468669606583329
0,0,0.04313370261847378
0,0,0.04131595371427142
0,0,0.04585023777734611
0,0,0.04464119310098508
0,0,0.044704576384826646
0,0,0.05496114698618217
0,0,0.04378389615186793
0,0,0.045718227888306054
0,0,0.054377201712433286
0,0,0.04209098048654047
0,0,0.04154299404353248
0,0,0.044623387248603326
0,0,0.040861811694759054
0,0,0.04510249784332031
0,0,0.04304504665944151
0,0,0.04504478846293335
0,0,0.04498767540726705
0,0,0.045044575435693505
0,0,0.04412698445124957
0,0,0.044947558224738365
0,0,0.04190489220938017
0,0,0.0442327185983356
0,0,0.044686714104206895
0,0,0.04956325394430148
0,0,0.04281854535881762
0,0,0.044539517294379466
0,0,0.04480605038724733
0,0,0.043858532397874905
0,0,0.04227241482526206
0,0,0.045797391311293525
0,0,0.044136864307293196
0,0,0.0411318980659024
0,0,0.045291698576990246
0,0,0.04414181955552697
0,0,0.04436819531692976
0,0,0.03932424033593479
0,0,0.03980332904295285
0,0,0.04392247682159514
0,0,0.042264078885702716
0,0,0.05125850054913735
0,0,0.04279775676968592
0,0,0.039061997173314024
0,0,0.04385767555984571
0,0,0.04363485714760793
1,0,0.04212776041253285
0,0,0.04474772314612758
0,0,0.04050543093596493
0,0,0.044996708057617296
0,0,0.040346893101849024
0,0,0.045365094746317766
0,0,0.05199405479137068
0,0,0.04264029723938893
0,0,0.04215111989810161
0,0,0.04422075173992467
0,0,0.0448206688757294
0,0,0.045312821933406154
0,0,0.04253843594002695
0,0,0.04513191338327157
0,0,0.04458765321999777
0,0,0.042793779019536425
0,0,0.045213956084581904
0,0,0.0450300433456366
0,0,0.044823696676118026
0,0,0.04588854031499906
0,0,0.04346348579246343
0,0,0.04529008048831069
0,0,0.041505641622502434
0,0,0.04451411555258527
0,0,0.04441209413070755
0,0,0.044219347097721254
0,0,0.041051864778170126
1,0,0.044011035850131545
0,0,0.04132069525573093
1,1,0.9854000770016906
0,0,0.0429816013491503
0,0,0.06558054566344663
1,0,0.0448997812356156
0,0,0.04406065799219077
0,0,0.044785044895075586
0,0,0.04229207210344026
1,1,0.9999999925550007
0,0,0.03520103680917605
0,0,0.0426771960694206
0,0,0.04533630767651297
0,0,0.04455412082223955
0,0,0.04074471347891653
0,0,0.045453460399866
0,0,0.04610437057682326
0,0,0.03125761250920828
0,0,0.044636382812370104
0,0,0.04323632962372061
0,0,0.04207470129513343
0,0,0.04585023777734611
0,0,0.04505753440773538
0,0,0.045008698267073634
0,0,0.04336671519047611
0,0,0.043805434008544884
0,0,0.04427582972579782
0,0,0.05104032392208826
0,0,0.04164079179810132
1,0,0.04499479306935307
0,0,0.045408551101420516
0,0,0.044327430025482985
0,0,0.04513482632685402
0,0,0.044521373673968245
0,0,0.04422716305857449
0,0,0.04346175014623129
0,0,0.03706649891334292
0,0,0.044094458598365374
0,0,0.042704543274859175
0,0,0.044514195848035086
0,0,0.04608522791523505
0,0,0.07477321897555561
0,0,0.054971632401496676
0,0,0.04438508102870281
0,0,0.04556910225445061
0,0,0.045874309076830974
0,0,0.04365785327706573
0,0,0.05262760739604186
0,0,0.04387481333310838
0,0,0.045884338420780206
0,0,0.04190218158322058
0,0,0.04400998089301178
0,0,0.04765509329211996
0,0,0.04447789648734042
0,0,0.04136650527400262
1,0,0.04180842380557413
0,0,0.039762549058771954
0,0,0.04285704740116895
0,0,0.044149121379291424
0,0,0.038019759706534824
0,0,0.04385929296636854
0,0,0.04282030528294495
0,0,0.04379789588642142
0,0,0.045310002607890254
0,0,0.04496245630076543
0,0,0.04368812526706982
0,0,0.03593563117486652
0,0,0.04510348463641962
0,0,0.053037972544156785
0,0,0.04549800415407102
1,0,0.04154760876618206
0,0,0.04549159994067598
0,0,0.04586370486434011
0,0,0.04410375234258077
0,0,0.05392726950351737
0,0,0.03961164621426058
0,0,0.044728776116066585
0,0,0.05148494323989362
0,0,0.04223073850945617
0,0,0.03958637595770082
0,0,0.0427527958218306
0,0,0.04369109305202495
0,0,0.04438508102870281
1,1,0.9839456171076475
0,0,0.03241120012527158
0,0,0.043510269888398165
0,0,0.020790976356655246
0,0,0.04334145072685744
0,0,0.033006963841441125
0,0,0.03929555657182495
0,0,0.03514021535049731
0,0,0.04485934114423149
0,0,0.04465420224511003
0,0,0.042924487137250264
0,0,0.04509578483080856
0,0,0.04546584669788187
0,0,0.04035890814863269
0,0,0.04440719500162582
0,0,0.04570883519262733
0,0,0.04490958662199494
0,0,0.04435896698624284
0,0,0.0577285497071927
0,0,0.04321590108069069
0,0,0.04272584199721775
0,0,0.04383191705989387
0,0,0.04417560265926653
0,0,0.04250207157254159
0,0,0.04469738504156796
0,0,0.03859352767314066
0,0,0.04492645188523459
0,0,0.05172951132125866
0,0,0.04331525356049304
0,0,0.04321579856483204
0,0,0.045564227813423015
0,0,0.04475172264178805
0,0,0.03217323247344093
0,0,0.04422075173992467
0,0,0.04259993245044579
0,0,0.04275138606617589
0,0,0.04176530750197493
0,0,0.04492432293464988
0,0,0.04316428154191617
0,0,0.04315668048071499
1,0,0.044361131273879396
0,0,0.04468719499445458
0,0,0.06330535186484916
0,0,0.04375577358875527
0,0,0.043485911503784204
0,0,0.04450824980516504
0,0,0.04329978287404063
0,0,0.04509409273737981
1,0,0.06303462759099991
0,0,0.054920172962663424
0,0,0.044489833987528184
0,0,0.04048856367242956
0,0,0.03972783330861678
1,0,0.04491865638661888
0,0,0.04423167926564098
0,0,0.04478330525806134
0,0,0.04473760420069505
0,0,0.044704576384826646
0,0,0.04494010345833859
0,0,0.043553436318317575
0,0,0.035033207607114675
0,0,0.03355509013613679
0,0,0.04487788414044939
0,0,0.04394860699288117
0,0,0.06476639936694892
0,0,0.045197571966156855
0,0,0.04385767555984571
0,0,0.04637071245039421
0,0,0.03396659395870921
0,0,0.04188986985682184
0,0,0.045509692074914745
0,0,0.04353929390781093
0,0,0.04429098143745901
0,0,0.0446706804409401
0,0,0.04515312247932204
0,0,0.05320722569833426
0,0,0.04604988852332471
0,0,0.04148374936514795
0,0,0.042249239349124855
0,0,0.044860923388701755
0,0,0.06249934232321589
0,0,0.04507342586246153
0,0,0.04592136628118473
0,0,0.04113352429238136
0,0,0.04471955803421801
0,0,0.04465883429822974
0,0,0.05359663933800706
1,0,0.0441757834251561
0,0,0.041231137334406504
0,0,0.0385682508830597
0,0,0.043232537716886864
0,0,0.03638385145134035
0,0,0.043623523267253037
0,0,0.04199160568655883
0,0,0.04371741581647471
0,0,0.04384248855504961
1,1,0.9999905207561884
0,0,0.044766082802847114
0,0,0.04506706863984233
0,0,0.03732213362693523
0,0,0.05224489678550538
0,0,0.043427718024035195
0,0,0.04091364879012134
0,0,0.049382975418990976
0,0,0.04017756948741997
0,0,0.04344100883796609
0,0,0.03646150389201567
1,0,0.04168969551559076
0,0,0.04185612915007262
0,0,0.044930553769944946
0,0,0.029786191116073765
0,0,0.04384725672122611
1,1,0.983642742841928
0,0,0.03317268654376429
0,0,0.043102261847434105
0,0,0.045741041371053594
1,1,0.9999999999948765
0,0,0.044712167982253734
0,0,0.04391800607228054
0,0,0.04124869599893884
0,0,0.046066275363363926
0,0,0.044993324507812855
0,0,0.05330520863714086
0,0,0.04577345001426296
0,0,0.04359958871942833
0,0,0.048396841333370515
0,0,0.042375359427497754
0,0,0.05071512828777223
0,0,0.05250954503501258
0,0,0.0450895373967708
0,0,0.04419233461525215
0,0,0.042558911333086105
0,0,0.041526046270014924
0,0,0.04855591243446114
0,0,0.04553447457479825
0,0,0.04228126139953439
0,0,0.043311110705597095
0,0,0.042875124224218304
0,0,0.04580264090638101
0,0,0.04303621207857678
0,0,0.04277962942789982
0,0,0.04364920802106188
0,0,0.055744427479940614
0,0,0.051952472354619916
1,0,0.04498105511709305
0,0,0.043862391873386454
0,0,0.045515914822196094
0,0,0.04584728590226713
0,0,0.04403994119916746
0,0,0.03927412825397714
0,0,0.04430608921503615
0,0,0.04520531441112515
0,0,0.04440704607909381
0,0,0.04491774390071571
0,0,0.043001790587476066
0,0,0.03699120576750503
0,0,0.043938101907391634
0,0,0.04376080737846933
0,0,0.04995430163250953
0,0,0.04493097428116275
0,0,0.04201770589132063
0,0,0.04595475992259633
0,0,0.04405838849576262
0,0,0.0419532061972568
0,0,0.03794032360300994
0,0,0.04229901695642855
0,0,0.04193709333417737
0,0,0.04342084625412626
0,0,0.039522619759835335
0,0,0.04373133098969859
0,0,0.043170871771208354
0,0,0.042662384230626044
0,0,0.043578927909740765
0,0,0.04487439989891394
0,0,0.04287803500143024
0,0,0.040416946500569234
1,0,0.045065638382492945
0,0,0.04371150135627774
0,0,0.044670645398794166
0,0,0.04006707012074253
0,0,0.042556079984432255
0,0,0.04385767555984571
1,0,0.04351617999336368
0,0,0.03860220391904608
0,0,0.04304597496469392
0,0,0.04158766193701501
0,0,0.040249858152523244
0,0,0.05075071568294801
0,0,0.04385622335408056
0,0,0.04156465172131233
0,0,0.042885053776603926
0,0,0.04295861917036283
0,0,0.042836046408490105
0,0,0.04385351997351009
0,0,0.044295014292814704
0,0,0.04074100796136264
0,0,0.052941492927166205
0,0,0.04611282865271211
0,0,0.0447880464594551
0,0,0.035721429105087764
0,0,0.04553992189607437
0,0,0.04245393292312914
0,0,0.04433731579050281
1,0,0.03955754059827182
0,0,0.04463398189981882
0,0,0.043234676114614456
0,0,0.04476049839109073
0,0,0.04533102197077545
0,0,0.04458171582075188
1,0,0.04661504426060032
1,0,0.044704576384826646
0,0,0.045105167107259585
0,0,0.04576854703410188
0,0,0.042447746948168906
0,0,0.044870619212868376
0,0,0.04457125827015668
0,0,0.04571642869557084
0,0,0.04189434127399253
0,0,0.04429164393972713
0,0,0.04585519645623723
1,0,0.04428515931811773
0,0,0.04458248834550463
0,0,0.04524683924234974
0,0,0.03497611810845364
0,0,0.04054871282120187
0,0,0.045475683999326444
0,0,0.04236376605709767
1,0,0.04391061480738498
0,0,0.05319120234664186
0,0,0.04416813773371616
0,0,0.043097876348140184
0,0,0.045550371360373536
0,0,0.03912729781132565
0,0,0.04481604546247429
0,0,0.04340948963142181
0,0,0.04430608921503615
0,0,0.04477896882279299
0,0,0.04475231018886792
0,0,0.04445414781501534
0,0,0.04409955368009247
0,0,0.038450218427842686
0,0,0.04568568449108381
0,0,0.04471358754671718
0,0,0.04432591671870987
0,0,0.04405560312629944
0,0,0.027074278196073366
0,0,0.043058872689448635
0,0,0.04286488535787313
0,0,0.04422075173992467
1,0,0.04301805122687998
0,0,0.04382513900311315
0,0,0.04411524329125485
0,0,0.04395454435768495
0,0,0.04613106577608514
1,1,0.999999992381272
0,0,0.042290246453803436
0,0,0.04535116032851413
0,0,0.0416793234495263
0,0,0.045886486649965565
0,0,0.03379085389360974
0,0,0.039704952230093855
0,0,0.035890631474379715
0,0,0.0442690481978289
0,0,0.04348890265498664
0,0,0.042956933456406006
0,0,0.04474798417869013
0,0,0.044906831620957426
0,0,0.04108470957650008
0,0,0.03464011077206654
1,1,0.9852077808130074
0,0,0.042210236582983875
0,0,0.04065186836020122
0,0,0.043713531856253
0,0,0.0446455170878583
1,0,0.04272853446541754
0,0,0.045468974486189716
0,0,0.04519294144394395
0,0,0.04423165560697766
0,0,0.046019995559588384
0,0,0.04461567389042772
0,0,0.04373739899101151
0,0,0.04156124660694527
0,0,0.0438974509027672
0,0,0.05368215106205014
0,0,0.05343051060647465
0,0,0.0423656284430048
0,0,0.04240292001302987
0,0,0.043127437847079376
0,0,0.04391226178988068
0,0,0.040281604300731126
0,0,0.043724321041347845
0,0,0.04472990131878365
0,0,0.043544934778967405
0,0,0.0434967455731856
0,0,0.044308232069821187
0,0,0.045282320351859744
0,0,0.04376953351575713
0,0,0.04274693393382048
0,0,0.037191675691445845
0,0,0.04606703271538504
0,0,0.0449865595034235
0,0,0.04468445102517233
0,0,0.045525284386000994
0,0,0.04545153035801962
1,1,0.984848844879017
0,0,0.04537160285266978
0,0,0.043467394620043794
0,0,0.04469771115415644
1,0,0.05082604753134532
0,0,0.041824107029055216
0,0,0.04453177210059668
0,0,0.06181992405301833
0,0,0.03396058051587367
0,0,0.04500354338439667
1,0,0.045668026390227864
0,0,0.043245524042838365
0,0,0.038794609651513684
0,0,0.04472787010010231
0,0,0.0420307886802026
0,0,0.04611282171167313
0,0,0.04363692084641888
0,0,0.043622137664595474
0,0,0.03927364666139532
1,0,0.044288492422862126
0,0,0.04479609495991937
0,0,0.04953840528353424
0,0,0.04455784689755007
0,0,0.04188596934116468
1,1,0.9871255877099046
0,0,0.04101971377765776
0,0,0.044338561320840686
1,1,0.9999999888906158
0,0,0.042426867087973344
0,0,0.045194375550323136
0,0,0.04556894164899339
0,0,0.03487502779216487
0,0,0.04568310728845804
1,0,0.07008269666719605
0,0,0.04462702129642026
0,0,0.04529685007891689
0,0,0.05080411825455066
0,0,0.04449184541210024
0,0,0.04433358318441437
0,0,0.043017821425589776
1,0,0.034528068742799865
0,0,0.0435999630375349
0,0,0.04069716718469574
1,0,0.04483754697316147
0,0,0.054025840105390445
0,0,0.04315231280161145
0,0,0.045588169937864416
0,0,0.04363569193315265
0,0,0.042708344521881866
0,0,0.045565233172670534
0,0,0.045132711209992224
0,0,0.04434569011346737
0,0,0.04049614656167636
0,0,0.043037599283366944
0,0,0.04220161193014752
0,0,0.04485792427495982
0,0,0.030964249555953886
0,0,0.04368075959893221
0,0,0.04319635694526375
1,0,0.0449195175166213
0,0,0.0438811060967043
0,0,0.06291351778862919
0,0,0.04416145573039948
0,0,0.04436819531692976
0,0,0.03498051358533751
0,0,0.04367214890456283
1,0,0.0382296336208183
0,0,0.04505738485004429
1,0,0.04385767555984571
0,0,0.03368728775418059
0,0,0.04212954782268659
0,0,0.08248560080331428
0,0,0.034751557131782025
0,0,0.04350976757606527
0,0,0.05011238881130534
0,0,0.04475029462950059
0,0,0.05413804087925613
0,0,0.0766015930764386
0,0,0.0445049856871412
0,0,0.04369655480872966
0,0,0.03314120739874745
0,0,0.044272169994320994
0,0,0.05595863788772992
0,0,0.04494981559038478
0,0,0.04487966227184426
0,0,0.044073278651498626
0,0,0.05409620753187695
0,0,0.04460358142276409
0,0,0.04229747269274305
0,0,0.05317347417217552
0,0,0.04226975848251542
0,0,0.0441008316248762
0,0,0.0436927119901217
1,1,1.0
0,0,0.04526564589886151
0,0,0.04385767555984571
0,0,0.042212687767653675
1,0,0.04480068672865184
0,0,0.04009243591498819
0,0,0.04427060755270802
0,0,0.041926515363488855
0,0,0.04545164138543686
0,0,0.04514456920473872
0,0,0.0530215456219227
1,0,0.04596738973601705
0,0,0.05927146695518207
0,0,0.04556279979712
0,0,0.04072283179994554
0,0,0.03776121652621735
0,0,0.040369278989589114
0,0,0.04501855949402112
0,0,0.05209773044558522
0,0,0.04158487275964353
1,0,0.04518751261060731
0,0,0.047579743811565905
0,0,0.035390661454500524
0,0,0.04595975431967147
0,0,0.05306328337482087
0,0,0.04257394581816062
1,1,1.0
0,0,0.0411841159006246
0,0,0.04543762701635839
0,0,0.044570815912720295
0,0,0.04391606592589761
0,0,0.04536669881475303
0,0,0.04418908788108137
0,0,0.03656313965160837
0,0,0.0394537774332986
0,0,0.049525066004357354
1,0,0.04505120058451987
0,0,0.0432941752930556
0,0,0.04535822368376464
0,0,0.05370538279867956
0,0,0.04440755184205299
0,0,0.042551844762042795
0,0,0.04594529734831654
0,0,0.0432784875239356
1,0,0.042836046408490105
0,0,0.04247124461418616
0,0,0.05534311770604685
1,0,0.052998547519535665
0,0,0.04418080640302045
0,0,0.042969107860443646
0,0,0.04591203184839014
0,0,0.0429744235480633
0,0,0.04471917114671958
0,0,0.045296528698104646
0,0,0.04390891226005372
0,0,0.04053394058910238
0,0,0.04564458990211548
0,0,0.04504540498615391
0,0,0.04333913428722218
0,0,0.04399455137941899
0,0,0.027025966551738976
0,0,0.040918908979456915
0,0,0.04410252056425946
0,0,0.0430425505554255
0,0,0.055666729075621015
0,0,0.039284260581532296
0,0,0.04194455327148002
0,0,0.04509457890275886
0,0,0.04217676770624676
0,0,0.040812755738778315
0,0,0.04552003270068519
0,0,0.04041425015643424
0,0,0.044612879603465785
0,0,0.03937462694032855
0,0,0.04500211504808902
0,0,0.04369744862046215
0,0,0.0425990366773962
0,0,0.04507168687378566
0,0,0.04135853289969691
0,0,0.045051947934243324
0,0,0.04429698660520832
0,0,0.04418435422379619
0,0,0.04391323284335495
0,0,0.04369383690685116
0,0,0.043038642095651974
0,0,0.04431884052378544
0,0,0.04180913504663405
1,0,0.04422621464192342
0,0,0.04535842155380977
0,0,0.04066627214011151
0,0,0.04473451176358815
0,0,0.04476809903998992
0,0,0.04514659536027068
0,0,0.043573876878505995
0,0,0.04339337167646193
0,0,0.04365668617286242
0,0,0.04514659536027068
0,0,0.04239398133561637
0,0,0.04140651822826913
1,0,0.044704576384826646
0,0,0.04182425239448074
0,0,0.05075288643757437
0,0,0.044457392732263054
1,0,0.04431131261099051
0,0,0.04312750127615401
0,0,0.044766082802847114
0,0,0.043544176426800904
0,0,0.026509344803232252
0,0,0.04504796745817014
0,0,0.04522625576959808
0,0,0.04177071485529945
0,0,0.0417831236394505
0,0,0.04422513865567483
0,0,0.0444226460263889
0,0,0.045458972589928516
0,0,0.04431131261099051
0,0,0.07121944568377746
0,0,0.04390891226005372
0,0,0.04094313282950616
0,0,0.04339230828362693
0,0,0.04035992461282461
0,0,0.04450532198910288
0,0,0.04199727199703762
0,0,0.04308522357616444
0,0,0.045044895113230156
0,0,0.04394015551297563
0,0,0.04646629374225857
0,0,0.04484510333712528
0,0,0.04618797929002815
0,0,0.0451502335702448
0,0,0.041756913342423305
0,0,0.04613757425652844
0,0,0.04483724105576744
0,0,0.11660701168275449
0,0,0.044648596929471374
0,0,0.04450467996790248
0,0,0.0443116033582485
1,0,0.04427960782753707
0,0,0.045470006976515175
0,0,0.04340624053127087
0,0,0.04329555187812398
0,0,0.044503535147149255
0,0,0.04063360882813142
0,0,0.04585023777734611
0,0,0.04457254292856201
0,0,0.0429692443729222
0,0,0.0447559971205193
0,0,0.0438974509027672
0,0,0.03803362778179294
0,0,0.045074527002268744
0,0,0.04604988852332471
0,0,0.044836606352019456
0,0,0.04236084886518603
0,0,0.045025767512322894
0,0,0.04382270730216291
0,0,0.04413598889658733
1,0,0.0434475040239718
0,0,0.04476008976216603
0,0,0.04491791962426928
0,0,0.04437104550425325
0,0,0.04304296266608989
0,0,0.0451843905451003
0,0,0.045803149336145904
0,0,0.04373762679161207
0,0,0.04449123333307543
0,0,0.05158912012086126
1,0,0.04068479402054726
0,0,0.04505879406945169
0,0,0.04458171582075188
1,0,0.053695646934423476
0,0,0.04298004148450645
0,0,0.0447603432971059
0,0,0.044389194759367055
0,0,0.04145424743543572
0,0,0.042717676830858115
0,0,0.04279185659906376
0,0,0.04483561385846265
0,0,0.0420347222480298
0,0,0.045051338187494454
0,0,0.04521321773698557
0,0,0.040978891816146494
0,0,0.04597432898202524
0,0,0.04547427834901943
0,0,0.05430351475202233
0,0,0.04206654901609846
0,0,0.05161748029818153
0,0,0.054128368371491174
0,0,0.045565233172670534
0,0,0.04584037878864559
0,0,0.04427442064881064
0,0,0.04185925067183416
0,0,0.044338545106049225
0,0,0.043095466610697
0,0,0.04434133672183677
0,0,0.0453687431679178
0,0,0.03907263792422203
0,0,0.04349440230736747
0,0,0.04399897657955335
0,0,0.04280358507407532
0,0,0.044381655451304014
1,0,0.044236094855548615
0,0,0.044615088053443865
0,0,0.0344239261998859
0,0,0.03371138048852103
0,0,0.04530515456666247
0,0,0.03939281244436185
0,0,0.04497543754989599
0,0,0.04472623878196741
1,0,0.045276154303707086
0,0,0.04448756950243214
0,0,0.04521457075034454
0,0,0.04307237870944723
0,0,0.044663016708142635
0,0,0.04472000350222051
0,0,0.05190341129676066
0,0,0.04448661378757518
0,0,0.04399486790698657
0,0,0.04419119745754841
1,0,0.04430336742454587
0,0,0.04611282865271211
0,0,0.051646447008042204
0,0,0.04356921974151985
0,0,0.05276210180838738
0,0,0.043259901870953084
0,0,0.04440336315196016
0,0,0.044012779072357164
0,0,0.04285519911334591
0,0,0.0452580582003932
0,0,0.03785274273811894
0,0,0.044620720693726704
0,0,0.04414214072600375
1,0,0.0429692443729222
0,0,0.05260628738267604
0,0,0.04196562066434261
0,0,0.04525977441352231
0,0,0.041020242830905676
0,0,0.044450052114911
0,0,0.0445723884554496
0,0,0.044526413766034646
0,0,0.04492805759384406
0,0,0.0412252529447558
0,0,0.03983963430069099
1,1,1.0
0,0,0.04150679038186476
0,0,0.04534455880145411
0,0,0.0413620358613146
0,0,0.04131261110314459
0,0,0.05254668958069052
0,0,0.04233352003879622
1,1,0.9999890979933838
0,0,0.04514022830554978
0,0,0.04012342382724589
0,0,0.045254188580348305
0,0,0.03881691570150874
0,0,0.04450452293900552
0,0,0.046034750571178104
0,0,0.043567834851415084
0,0,0.04213527574830413
0,0,0.05513742479526681
0,0,0.03440135236218047
0,0,0.042247065155022065
0,0,0.05229116099502759
0,0,0.038453419860528686
0,0,0.033461637762509266
0,0,0.042349480343918514
0,0,0.04427389069623776
0,0,0.043561578655142784
0,0,0.04438508102870281
0,0,0.044998447716786676
0,0,0.04504737621249542
0,0,0.0430676143926756
0,0,0.04617007921170766
0,0,0.043870135536578016
0,0,0.0417796880673404
0,0,0.043808233335360866
0,0,0.0431031725897751
0,0,0.04490958662199494
0,0,0.04269154070664611
0,0,0.04242694573196304
0,0,0.044079315185681485
0,0,0.043292036857432326
0,0,0.04279279837001939
0,0,0.04415636163525025
0,0,0.043477112958969624
0,0,0.043239688612746754
0,0,0.04534744561033674
0,0,0.039643001440879816
0,0,0.05008465723371201
1,0,0.04381817910512004
0,0,0.04432776227850025
0,0,0.04139767104919425
0,0,0.04535719816839279
0,0,0.042037112004988476
0,0,0.04210383840581783
0,0,0.04475029462950059
0,0,0.05125850054913735
0,0,0.04407369191330544
0,0,0.04517000665646798
0,0,0.037320845894280134
0,0,0.04036426182290024
0,0,0.05088232172062636
0,0,0.04510205327794964
0,0,0.04304422923471461
0,0,0.04020791468659936
0,0,0.04438508102870281
1,0,0.04168871994901827
0,0,0.022544105915686494
0,0,0.042450458898724654
0,0,0.04552003270068519
0,0,0.04286101467711845
0,0,0.04496679350709838
0,0,0.043951710244852525
0,0,0.0423078192431135
0,0,0.04912329159608224
0,0,0.04526279429884863
0,0,0.04480605038724733
0,0,0.04439060454625805
0,0,0.045365094746317766
0,0,0.044570815912720295
1,0,0.06037364398403048
0,0,0.044649062806502667
0,0,0.039422608961230406
0,0,0.044919669376577154
0,0,0.04653333172150009
0,0,0.042567003964780026
0,0,0.0439060779439644
0,0,0.0494084088332335
0,0,0.039633511383727345
0,0,0.04573218966684662
0,0,0.045221660310783965
0,0,0.04222455402666003
0,0,0.04538982779460434
0,0,0.042678269297047114
0,0,0.045228280665848636
0,0,0.04322768328843474
0,0,0.045438277773805914
0,0,0.0441525422178239
0,0,0.041720933611878015
0,0,0.04105621416643177
0,0,0.04328104851606529
0,0,0.04388973482067531
0,0,0.04438988862351041
0,0,0.04361364666956875
0,0,0.04314222279737009
0,0,0.04393998611365836
0,0,0.04507116024733927
0,0,0.044616642374147794
0,0,0.043792545959088276
0,0,0.039060986634505517
0,0,0.045351213135935604
0,0,0.04360518617888277
0,0,0.04372984883886189
0,0,0.043001770908721815
0,0,0.040673996900929155
0,0,0.04269267227739869
0,0,0.04276301720190649
0,0,0.04330206123955943
0,0,0.04834163132725907
0,0,0.044617839517747886
0,0,0.043072965574722615
0,0,0.044618458013911615
0,0,0.052692796470456646
0,0,0.04320313296897901
0,0,0.04286314611685716
0,0,0.04156553646513363
0,0,0.041042575553550606
0,0,0.04401243417996681
0,0,0.03558588998397241
0,0,0.0415019094832824
1,0,0.04148770471285344
0,0,0.04427481135499753
0,0,0.04448808732172149
1,1,1.0
0,0,0.01822529902095005
0,0,0.04462702129642026
0,0,0.04461688392172026
0,0,0.04274179954185249
0,0,0.04360737920587311
0,0,0.04335211587107556
1,1,0.9999999924233324
0,0,0.05533660379286756
0,0,0.04263797495263147
0,0,0.04482086000491519
0,0,0.04450388493111594
0,0,0.04571661198579186
0,0,0.01694495189911252
0,0,0.041247446572163206
0,0,0.04443665702040133
0,0,0.04457200230784372
0,0,0.04463278468593715
0,0,0.04487825948461729
0,0,0.039758324409476964
0,0,0.04358475845319791
0,0,0.03542296807515503
0,0,0.03967021489944924
0,0,0.044061374226812236
0,0,0.04385767555984571
0,0,0.04576170071726262
0,0,0.043954794611366005
0,0,0.043348900955617
0,0,0.043849421254120356
0,0,0.04440554709426189
0,0,0.04498624755085838
0,0,0.04245094919770495
0,0,0.043371767439826396
1,0,0.04537804554070217
0,0,0.03787245260645197
0,0,0.04529189789477102
0,0,0.042687743560152404
0,0,0.044950143458049444
0,0,0.04447596277395812
1,0,0.04531069163057543
0,0,0.062391189692971756
0,0,0.04498624755085838
0,0,0.04236084886518603
0,0,0.0457766748365135
0,0,0.03848266985855398
0,0,0.012210797995195696
0,0,0.04269863817918466
0,0,0.0450775214526803
0,0,0.04502894324129173
1,0,0.04176743692823672
0,0,0.04378389615186793
0,0,0.04352603645643907
0,0,0.04473811832107879
1,0,0.05510713385799431
0,0,0.04386947577584591
0,0,0.04320188645469955
0,0,0.040120673477642095
0,0,0.04254577317855988
0,0,0.044455167072577344
0,0,0.026851078585533285
0,0,0.043130831461617294
1,0,0.03931820601969733
0,0,0.04691595168837089
0,0,0.04385767555984571
0,0,0.04214187315393052
0,0,0.04396771621562876
0,0,0.04319635694526375
0,0,0.04497121363346674
0,0,0.04099698173378788
1,0,0.042450458898724654
0,0,0.04488555518847428
0,0,0.04584054030482154
0,0,0.052320143855969
0,0,0.0438671645099122
0,0,0.04335343675025601
0,0,0.043798655451560704
0,0,0.04087315689524934
0,0,0.045308973578334466
0,0,0.044720079516818834
0,0,0.042785063639062704
0,0,0.04024151616632102
0,0,0.043365107783735486
1,1,1.0
0,0,0.04304536973339168
0,0,0.044548098708530305
0,0,0.040708068311861995
0,0,0.04334912113942577
0,0,0.04564458990211548
0,0,0.04431476069792653
1,0,0.03787380806467215
0,0,0.04478646666482904
1,0,0.04845163277591411
0,0,0.04516191519196159
0,0,0.043494481908097515
0,0,0.04438988862351041
0,0,0.0427126885065312
0,0,0.044458460219969645
1,0,0.0439877365914829
0,0,0.04442546144247813
0,0,0.04298520977162188
1,0,0.04298004148450645
0,0,0.04486219653378206
0,0,0.040689974067811274
0,0,0.04391728222301431
0,0,0.04358862125538977
0,0,0.04522785034279332
0,0,0.046063329728400125
1,1,1.0
0,0,0.03832432615170567
0,0,0.04293142380769599
0,0,0.03979226724761438
0,0,0.04336341715757818
0,0,0.04552992585770183
0,0,0.043761773832682795
0,0,0.045239671889234626
0,0,0.04461567389042772
0,0,0.04333169028675076
0,0,0.04297531866063999
0,0,0.042823025850927406
0,0,0.04535587256858589
0,0,0.045293283351874616
0,0,0.04500684172790582
0,0,0.04948557219297884
0,0,0.0325039428732864
0,0,0.04181103504826714
0,0,0.039937144619361244
0,0,0.044828135823489296
0,0,0.04343028009420173
0,0,0.03995665526264001
0,0,0.04395998459620333
0,0,0.040120820848428475
0,0,0.04540188073602031
0,0,0.046451446183864105
0,0,0.04363639817614098
0,0,0.051650064446619764
0,0,0.04454642145742303
0,0,0.04382841695385369
0,0,0.0438771249835483
0,0,0.04378518311797595
0,0,0.04371155234188151
0,0,0.036480766539665546
0,0,0.040385382106073786
0,0,0.04358268414713162
0,0,0.04849738754763077
0,0,0.04277575918471707
0,0,0.04098731651029025
0,0,0.04402207249826488
0,0,0.04509457890275886
0,0,0.04410524436625196
0,0,0.043183900233244005
0,0,0.035612088714738546
0,0,0.058932962639444426
0,0,0.045286108990711615
0,0,0.04320052121604261
0,0,0.041926515363488855
0,0,0.04541165446697822
0,0,0.04456339287999921
0,0,0.043957131053246425
0,0,0.04372984883886189
0,0,0.045181479507899025
0,0,0.039361412473201796
0,0,0.041319772484338976
0,0,0.04489575552405968
0,0,0.0455639212676507
0,0,0.044811040322884056
0,0,0.0386766583189604
0,0,0.043899297579664175
0,0,0.04047933552941806
0,0,0.0441471634204545
0,0,0.04430868510965471
0,0,0.04215254163244302
0,0,0.045890474758428
0,0,0.051537684460177896
0,0,0.040060876776258754
0,0,0.04013489925818564
0,0,0.04514659536027068
0,0,0.043314461036339034
0,0,0.04604870586985188
0,0,0.04247793872788522
0,0,0.04496203037214889
0,0,0.04334742384025933
0,0,0.044512391306392826
0,0,0.044788160716140224
0,0,0.036231757088797445
0,0,0.043556583279366894
0,0,0.03259401540615027
0,0,0.04395896035376672
0,0,0.04462301611084194
0,0,0.055560851644381945
0,0,0.044287376860808594
0,0,0.0407511180593929
0,0,0.043084759408951505
0,0,0.04256514456406214
0,0,0.04434291944991287
0,0,0.03706894013765201
0,0,0.04393502977897203
0,0,0.04169245350951029
0,0,0.044386903305068066
0,0,0.03824991166054744
0,0,0.04331285157866513
0,0,0.03685851409025799
0,0,0.04085081997404676
0,0,0.041823099450047814
0,0,0.04549320342352455
0,0,0.04586124794259119
0,0,0.03994902193140845
0,0,0.03961476504696678
0,0,0.04585653308817897
0,0,0.04382818776303439
0,0,0.04466563131120638
0,0,0.044098568682984576
0,0,0.04816181902293018
0,0,0.0415303326523392
0,0,0.041974883966132276
0,0,0.04500747077641034
0,0,0.04479117967201974
0,0,0.04439060454625805
0,0,0.04140748753179948
0,0,0.0451625167405869
0,0,0.04584008483910826
0,0,0.045522065274510214
0,0,0.04421578817160638
0,0,0.04422467868261925
1,1,0.9999999923764337
0,0,0.043542835460351176
0,0,0.04537351018777732
0,0,0.04231880838169566
0,0,0.044219347097721254
0,0,0.045161083597334076
0,0,0.044971812761617797
0,0,0.04537764811860758
0,0,0.04275957396221947
0,0,0.04431131261099051
0,0,0.042873698838157656
0,0,0.04450228214889187
0,0,0.04479609495991937
0,0,0.036402179592368585
0,0,0.0353156908211125
0,0,0.04428484694091916
0,0,0.044099312119617526
0,0,0.03627062430108182
0,0,0.043697137467402974
0,0,0.04519294144394395
0,0,0.04338321846605271
1,0,0.04417027866843054
0,0,0.044598052206338716
0,0,0.04350426606918832
0,0,0.04932662534200328
0,0,0.04471300048422535
0,0,0.040842139567379046
0,0,0.04547032184885582
0,0,0.04248200834306863
0,0,0.04382422532970662
1,1,1.0
0,0,0.040240923211197585
0,0,0.0454965608720551
0,0,0.04385767555984571
0,0,0.04393423607621957
0,0,0.04038414660535956
0,0,0.045093083140456486
0,0,0.043904682838012035
0,0,0.03584943176166686
0,0,0.03912050420924313
0,0,0.04431319682290638
0,0,0.035090743751323324
0,0,0.03798356708628648
0,0,0.04532666813393556
0,0,0.044634869514463
0,0,0.0446326272261532
0,0,0.053682513935189684
0,0,0.04463536619112429
0,0,0.04488024834565959
0,0,0.04482928860259191
0,0,0.0447295428942756
0,0,0.04307422746335734
0,0,0.044589263687185736
0,0,0.04120841631380642
1,1,0.9999889162561354
0,0,0.04478472697517667
0,0,0.04549800415407102
0,0,0.04076686522703904
0,0,0.04487637697762556
0,0,0.04347250746108574
0,0,0.04234286419359266
0,0,0.04392587159831254
0,0,0.0448848647402891
0,0,0.04422249816803073
0,0,0.041832188171866465
1,0,0.04265430611313323
0,0,0.04521457075034454
0,0,0.05167075608051836
0,0,0.0439805432277659
0,0,0.04532353345972632
0,0,0.04931345500006952
0,0,0.02436974464849981
1,1,0.9999999999947182
0,0,0.045525284386000994
0,0,0.04229651092114643
0,0,0.042944710906957326
0,0,0.04590169864669224
0,0,0.04385767555984571
0,0,0.050358279019358236
0,0,0.04524619178440143
1,1,0.999999991619016
0,0,0.04548500414090535
0,0,0.0460315073255005
0,0,0.04348890265498664
0,0,0.045467532081183565
0,0,0.0767988650720297
0,0,0.045983586637560664
0,0,0.04294522317425584
0,0,0.0428064291456465
0,0,0.04399009716677371
0,0,0.050268728926011204
0,0,0.045029145159120175
0,0,0.039149513314324286
0,0,0.044733915648751975
0,0,0.04435656320362372
0,0,0.044335446814322006
0,0,0.04504632474330118
0,0,0.037156716805988164
0,0,0.04294161861827687
0,0,0.0448971806432939
0,0,0.044977225392382476
0,0,0.04430845048703848
0,0,0.04498190882876328
0,0,0.04398422796854424
0,0,0.04610518258922859
0,0,0.02799336898965961
0,0,0.04360849903486175
0,0,0.04459145471971428
0,0,0.04493715335945599
0,0,0.04568133929986435
0,0,0.049134530573747
0,0,0.04543823973817754
0,0,0.044358128538068205
0,0,0.04416896804569477
0,0,0.04503089389574947
1,0,0.041383329955575615
0,0,0.044570848504270504
0,0,0.04434861433466173
0,0,0.053970253026859344
0,0,0.04207540947920859
0,0,0.03650384135680856
0,0,0.045676170557317486
0,0,0.04495897723625739
0,0,0.038961438684007636
0,0,0.045937547746918855
1,1,1.0
0,0,0.04059050281386854
0,0,0.04332517667304641
0,0,0.04493345453436707
0,0,0.04382333873198992
0,0,0.038135311692375565
0,0,0.04493238096652387
0,0,0.04412495009096936
0,0,0.04480701462066435
0,0,0.028626028081302067
0,0,0.043306527285025424
0,0,0.04452179928487932
0,0,0.044227208087760664
0,0,0.044490275578659706
0,0,0.03460945971046037
0,0,0.04474887395425284
0,0,0.045269238807959473
0,0,0.04439461080912764
0,0,0.04439060454625805
0,0,0.04501969568953592
0,0,0.045036222510797565
0,0,0.041745390590711966
0,0,0.04399958219830161
0,0,0.04360575470650781
0,0,0.04146679144455201
0,0,0.044449631155635896
0,0,0.044668849848664115
0,0,0.04099156150392791
0,0,0.044077914828926285
0,0,0.04455120268174842
0,0,0.044508464416915444
0,0,0.044701385013751704
0,0,0.04611282865271211
0,0,0.04337224964126336
0,0,0.042767683988297236
0,0,0.04353943566987285
0,0,0.05320362820102369
0,0,0.042295787879810004
0,0,0.0430029336248108
0,0,0.045877058186177315
0,0,0.03878977200795378
0,0,0.043102346289382844
0,0,0.045046078513806
0,0,0.042727482136437026
0,0,0.03838258414422859
0,0,0.042892505981470735
0,0,0.043986781130754105
0,0,0.04376198694372662
0,0,0.04571549069262999
0,0,0.041982565935807174
0,0,0.0435158434598005
0,0,0.04574207487253829
0,0,0.044840056930650456
0,0,0.04420027461990791
0,0,0.04083874059513963
0,0,0.04205890477797135
0,0,0.04534105157462742
0,0,0.04526945284732236
0,0,0.044693080430732265
0,0,0.04526279429884863
1,0,0.044343752895160765
0,0,0.03366807776593796
0,0,0.04265054363971357
1,1,1.0
0,0,0.044618612639229616
0,0,0.04296507182475746
0,0,0.04397322704983052
0,0,0.044609906151970066
0,0,0.04498624755085838
0,0,0.03536696297233665
0,0,0.044507444671292674
0,0,0.04474732369228106
0,0,0.04503597372831088
0,0,0.032758035909292375
0,0,0.04454695255320132
0,0,0.04430001779669342
0,0,0.04356921974151985
0,0,0.04580001673787383
0,0,0.0408184080873566
0,0,0.0431471381668758
0,0,0.043228013539297484
0,0,0.04394703126298349
0,0,0.04372370970668124
0,0,0.04146555787917359
0,0,0.04453837161925639
0,0,0.03551797393973785
0,0,0.043902904146853904
0,0,0.041810033138523994
0,0,0.043688109279271345
0,0,0.044335446814322006
0,0,0.05569821449157957
0,0,0.0430865938166022
0,0,0.04514516269836374
0,0,0.04606465265645185
0,0,0.04285010853746482
0,0,0.044807889136554375
0,0,0.039391652217005454
0,0,0.04583144533331371
0,0,0.04199558431009316
1,0,0.0437312386434307
0,0,0.04025538929979862
0,0,0.03888245534535804
0,0,0.046082343097320955
0,0,0.040434989040212595
0,0,0.04450956053528761
0,0,0.04450423376486842
0,0,0.04533630767651297
0,0,0.044892579449395266
0,0,0.04422075173992467
1,0,0.044938420009380975
0,0,0.045065638382492945
0,0,0.045246319552762634
0,0,0.042767683988297236
0,0,0.04450824980516504
0,0,0.043850550020496405
0,0,0.03998332956221453
0,0,0.042962264227581454
0,0,0.0443401959078751
0,0,0.04389383238735218
0,0,0.045044895113230156
0,0,0.04080195418275076
0,0,0.04483111945209818
0,0,0.04487732659519409
0,0,0.04459343621808295
0,0,0.04483111945209818
0,0,0.04215637767362349
0,0,0.043028577475012805
0,0,0.04472990131878365
1,0,0.05558913259424628
0,0,0.039845342002193876
0,0,0.04479884348600012
1,0,0.03839460894164931
0,0,0.04389779119252775
0,0,0.04500049345385875
0,0,0.052988499763049576
0,0,0.044287376860808594
0,0,0.045515552890503644
0,0,0.04326602661077477
0,0,0.04555106308174731
0,0,0.04149476292188948
0,0,0.04450494839633192
0,0,0.05847220051047035
0,0,0.04497770077072645
0,0,0.04586505847861726
0,0,0.039612430508620344
0,0,0.05436031053998628
0,0,0.04483935417565028
0,0,0.042538708232722613
0,0,0.04307296366996986
0,0,0.04365144456302421
0,0,0.04375922572805588
0,0,0.04534606340577862
0,0,0.04376516002989731
0,0,0.02900352444126072
0,0,0.03947914366961233
1,0,0.04447625455128523
0,0,0.04282367031899325
1,0,0.0443726431699414
1,0,0.04319496050443505
0,0,0.0450274208239706
0,0,0.042782621184587775
1,0,0.04487966227184426
0,0,0.04454913909068193
0,0,0.03435098555300724
0,0,0.045998629862293375
0,0,0.04238877316150522
0,0,0.044838625960510275
0,0,0.04576709272635109
1,0,0.04304564433573916
0,0,0.04343765446755257
1,0,0.04431241490513285
0,0,0.043623523267253037
0,0,0.039549562533354
0,0,0.042254660135027516
0,0,0.039318917530163755
0,0,0.04445153350114726
0,0,0.041702483659328535
0,0,0.04134607413802995
0,0,0.04930679521270968
0,0,0.044451942221136284
0,0,0.044299994103171376
1,0,0.03821278551744076
0,0,0.04455779863570488
0,0,0.044869036642491075
0,0,0.04130147271793262
0,0,0.04488644784270133
0,0,0.04264536107248801
0,0,0.038690128654221896
0,0,0.042476611173234216
0,0,0.0454197128381529
0,0,0.04823196183142693
0,0,0.04361444807996663
0,0,0.0420894064520948
0,0,0.04417151527954852
0,0,0.04486016744362841
0,0,0.04329052230257632
0,0,0.045580128802264155
0,0,0.043560528861768165
0,0,0.043317733308971276
0,0,0.04112522870934528
0,0,0.045378761793890623
0,0,0.044689949470452704
0,0,0.0362761111245923
0,0,0.04274015887758253
0,0,0.04401038574003485
0,0,0.044871019987289186
0,0,0.04188896564650127
0,0,0.04581364507867432
0,0,0.042707899619645294
0,0,0.042944710906957326
0,0,0.031251698450436
0,0,0.03962539878140773
0,0,0.04088219060209049
0,0,0.04251720279518723
0,0,0.043473179093994355
0,0,0.032779581552323155
0,0,0.03778332354666674
0,0,0.044219347097721254
0,0,0.043335869723527196
0,0,0.04436662795314675
0,0,0.043327269348996764
0,0,0.041131249723744316
0,0,0.044321830190126935
0,0,0.03906673335626321
0,0,0.059158505446103675
0,0,0.0507684583834523
0,0,0.028941544862141486
0,0,0.04558629630981304
0,0,0.041320771050134875
0,0,0.04615056857085132
0,0,0.039611629721877144
0,0,0.04498767540726705
0,0,0.04499862483708064
0,0,0.04526279429884863
0,0,0.04372233639518759
0,0,0.04596148684048816
0,0,0.0436869845032657
0,0,0.045566743849106056
1,0,0.05357717428750109
0,0,0.044649802709321056
0,0,0.04932702012900738
0,0,0.04108653026286166
0,0,0.04027777482065957
0,0,0.04459343621808295
0,0,0.04402868606307302
0,0,0.04505002110485084
0,0,0.04422075173992467
0,0,0.045094003825147166
0,0,0.04552367982633523
0,0,0.045128153251465714
0,0,0.044212346691251306
0,0,0.04490772057513175
0,0,0.04422900497436076
0,0,0.05957611924208403
0,0,0.043817067166647995
0,0,0.044089562850119786
0,0,0.044862354765433855
0,0,0.06624105839755166
0,0,0.04309196303012494
0,0,0.04298910834510346
0,0,0.044702721044910354
0,0,0.06120634217810467
0,0,0.024448253703305757
0,0,0.03280657954039853
0,0,0.02367452140329865
1,0,0.0440177853123659
0,0,0.04422625575389714
0,0,0.040250045821279376
0,0,0.04356921974151985
0,0,0.04042019712342009
0,0,0.04459680400705416
0,0,0.045565233172670534
0,0,0.04404218455464372
0,0,0.04454197158578419
0,0,0.04425833753458994
0,0,0.043648758558002175
1,0,0.042264613429985595
1,0,0.04468561859071687
0,0,0.04330424935469691
0,0,0.04511476864069495
0,0,0.04473811832107879
0,0,0.042789372627812704
0,0,0.042512742367088845
1,0,0.04301875074794756
0,0,0.04277977620656258
0,0,0.044907699786847194
0,0,0.04391953756150993
0,0,0.042290246453803436
0,0,0.03449722890723891
0,0,0.04230923562159918
0,0,0.04597432898202524
0,0,0.04094615936634955
0,0,0.03546768215223816
0,0,0.04415694260126973
0,0,0.04385767555984571
1,0,0.044985763593974624
0,0,0.045130350205237375
0,0,0.04421965923675562
0,0,0.04292371263590214
0,0,0.04368015623763635
0,0,0.042355656285505326
0,0,0.044634869514463
0,0,0.044413661333751395
0,0,0.04299629341088901
0,0,0.04359558411590818
1,1,0.9999884566349236
0,0,0.04239411040479591
0,0,0.044373233475244654
0,0,0.0443492256235138
0,0,0.04202267110950307
0,0,0.04466886617860335
0,0,0.044136864307293196
0,0,0.046022942967753964
0,0,0.051958453637011424
0,0,0.045840816403894376
1,1,0.9855181410824346
0,0,0.041291414058478186
0,0,0.043962228353321794
0,0,0.04385767555984571
0,0,0.04226932768920327
0,0,0.0439799888768441
0,0,0.04280386663119378
0,0,0.04143043983329482
0,0,0.04420897559783528
0,0,0.04521457075034454
0,0,0.04523367312211887
0,0,0.045120608806127775
0,0,0.03858127695676876
0,0,0.04437464277874983
0,0,0.044681045413130255
0,0,0.04479117967201974
0,0,0.03914446968942294
0,0,0.04575984976668021
0,0,0.05092682726335583
0,0,0.04480068672865184
0,0,0.04497401006361119
0,0,0.0426665339081075
0,0,0.0441225762252383
0,0,0.04212027183071267
0,0,0.04281702668798327
0,0,0.04484367979330821
0,0,0.03678298948269175
0,0,0.04439228939449392
0,0,0.04402073386273323
0,0,0.0445327033695957
0,0,0.04250068074892535
0,0,0.0448857407042101
1,0,0.05004880560221179
0,0,0.04410252056425946
0,0,0.04588854031499906
0,0,0.043848524813246435
0,0,0.04257823143483279
0,0,0.043959425802808476
0,0,0.044566540914681284
0,0,0.044241052167807014
0,0,0.04525672137692569
0,0,0.045352130904592766
0,0,0.044951243439669504
0,0,0.04143558405257588
0,0,0.05505560846624479
0,0,0.04315510361663573
0,0,0.04303206910740187
0,0,0.007147491260008662
0,0,0.04488931246371733
0,0,0.04400055066660012
0,0,0.04354918996944216
0,0,0.04212630698541075
0,0,0.042473380228190236
0,0,0.03970383517428015
0,0,0.03981859287535945
0,0,0.044270359965601976
0,0,0.044923802891998016
1,1,1.0
0,0,0.045177009845324245
0,0,0.04599197248592647
0,0,0.0456699155003894
0,0,0.04081304473678958
0,0,0.046265062595621374
0,0,0.044702721044910354
0,0,0.04501491494365773
0,0,0.04518807231351496
0,0,0.043309865712244586
0,0,0.04176530750197493
0,0,0.04256514456406214
0,0,0.044236094855548615
0,0,0.0446835433449204
0,0,0.044921414061633774
0,0,0.044023393122931215
0,0,0.04457053420586674
0,0,0.04151270813812221
0,0,0.045321702218849916
0,0,0.04462531164052443
0,0,0.03443485275157239
0,0,0.04139717846719486
0,0,0.04475029462950059
0,0,0.04363692084641888
0,0,0.044923052435639474
0,0,0.045270133417361184
0,0,0.04479907996859232
0,0,0.045376379966585605
0,0,0.043884286755600195
1,1,1.0
0,0,0.04262996762083599
1,0,0.04553771947059711
0,0,0.04428015235234761
0,0,0.04568696852173614
0,0,0.04552003270068519
0,0,0.04394054715145385
0,0,0.04212453225386781
0,0,0.054111980318009595
0,0,0.041706566014968145
0,0,0.04237785821175243
0,0,0.04422075173992467
1,0,0.04522829175132371
0,0,0.04153628853110548
0,0,0.043110634684381775
0,0,0.043322921199360376
0,0,0.04467055252040929
0,0,0.04398819146431529
0,0,0.04529229260323844
0,0,0.0331234368523602
0,0,0.044648664192211945
0,0,0.045941381090091445
0,0,0.045107316362756736
0,0,0.04617414491638602
0,0,0.04258111171205718
0,0,0.042925490644733486
0,0,0.04833726694461451
0,0,0.04198042339286954
0,0,0.043549030576992206
0,0,0.046029787345182496
0,0,0.04392484483636543
0,0,0.04418435422379619
0,0,0.05482398502657346
0,0,0.045261358124324504
0,0,0.04521822588245107
0,0,0.04514659536027068
0,0,0.044671433342279424
0,0,0.09105966612833889
0,0,0.04599401252418127
0,0,0.044444343727122956
0,0,0.04568797715368411
0,0,0.04373698767164406
0,0,0.04498094408955337
0,0,0.041293444868579575
0,0,0.04419213290767508
1,0,0.04472719831417249
0,0,0.04385767555984571
1,1,0.999989196867385
0,0,0.03747688686713632
0,0,0.045161083597334076
0,0,0.04438988862351041
0,0,0.04550640872479565
0,0,0.04421571102156852
0,0,0.04469195958179378
0,0,0.044528119132303
0,0,0.037566822389650374
0,0,0.03822968339466735
0,0,0.044266102740618415
1,0,0.04404234566895618
0,0,0.04368154453503623
0,0,0.044784644852552465
0,0,0.04248194607900602
0,0,0.03964166357622125
0,0,0.044491504193981374
0,0,0.041092011511605075
0,0,0.04418642654846537
0,0,0.044803901233676835
0,0,0.04224340797783338
0,0,0.04442906583674674
0,0,0.04308689089012968
0,0,0.04432813715053908
1,0,0.04485318927291018
0,0,0.044135965286743385
0,0,0.04390891226005372
0,0,0.040532633886894556
0,0,0.0444046634934036
0,0,0.044982581451729745
0,0,0.04385767555984571
0,0,0.046029628065070535
0,0,0.04461642285111422
0,0,0.04127102693819542
0,0,0.04044548319020382
0,0,0.04422610714216641
0,0,0.044031876926459074
0,0,0.044295935907094956
0,0,0.03380347860673811
0,0,0.04249463618362846
0,0,0.03712371156239348
0,0,0.0453658802011252
0,0,0.04216608795442668
0,0,0.043559176854769954
0,0,0.04505042032089365
0,0,0.04104920132028449
0,0,0.043860103162233564
0,0,0.029541581000650234
0,0,0.04285006211194799
1,0,0.036812533219998694
0,0,0.04589440364235276
0,0,0.04156982388971455
0,0,0.05307458688176535
0,0,0.04590749052589772
0,0,0.0452216494337108
1,0,0.041056796718289386
0,0,0.04403994119916746
0,0,0.045014182915432514
0,0,0.041938914267470796
0,0,0.04221082292307056
0,0,0.04073618892903252
0,0,0.04462062254466366
0,0,0.04102677456318815
0,0,0.04971429594537586
0,0,0.044022943808739085
0,0,0.04286384644013565
0,0,0.04328525557860258
0,0,0.045296008464877864
0,0,0.043489613001343554
0,0,0.044050026916786
0,0,0.042537210218714386
0,0,0.04401804697875374
0,0,0.04479767507824531
0,0,0.04521457075034454
0,0,0.03564097475117463
0,0,0.044761469256721156
0,0,0.041740059781026684
0,0,0.041737414447305894
0,0,0.04391842785460009
0,0,0.044391184530399884
0,0,0.044973260109106045
0,0,0.04336513126285764
0,0,0.04577088195627985
0,0,0.04099234300264646
0,0,0.039631402215487305
1,0,0.041350565861114304
0,0,0.04470438852021983
0,0,0.044366020288535646
0,0,0.04544831621338018
0,0,0.04023135297039453
0,0,0.04454985440959759
0,0,0.04569993275038313
0,0,0.04419501548128555
0,0,0.046196268318295125
1,0,0.04582991905075496
0,0,0.04354664809825951
0,0,0.04274769304937668
0,0,0.04382916098699173
0,0,0.04352581043488007
0,0,0.0533137762443135
0,0,0.04437106112094767
0,0,0.0452799760846205
0,0,0.044749813092029626
0,0,0.045077308277945746
0,0,0.0429692443729222
0,0,0.03712313996875164
0,0,0.04108398525805492
0,0,0.04311766120082137
0,0,0.04454492613057766
0,0,0.042915898525781204
0,0,0.053245750876423754
0,0,0.04406108753235998
0,0,0.04418435422379619
1,1,1.0
0,0,0.04214400007846925
0,0,0.045230361145041156
0,0,0.045410206397546324
0,0,0.04477613484950462
0,0,0.043778776993733066
0,0,0.043699829045524254
0,0,0.022915681769491738
0,0,0.04415458929783461
0,0,0.043040380059442544
0,0,0.0502578083183079
0,0,0.042837397704150286
0,0,0.043298888569361586
0,0,0.04514659536027068
0,0,0.05326034875864759
0,0,0.04566685307426695
0,0,0.04405700280688067
0,0,0.042266310800994134
0,0,0.045213956084581904
0,0,0.05278190320440832
0,0,0.04053394058910238
1,1,0.999988315765367
0,0,0.04162127195185478
0,0,0.04385767555984571
0,0,0.04377387304775436
0,0,0.04442151946145892
0,0,0.04536365548006149
0,0,0.045365094746317766
0,0,0.045091134378049263
0,0,0.043152410763998554
0,0,0.04228126139953439
0,0,0.0531823306592231
0,0,0.04440680318149071
0,0,0.04385767555984571
0,0,0.04147783244933517
0,0,0.04099201794488648
0,0,0.038101043707862006
0,0,0.04400639538195089
0,0,0.04325643613941645
0,0,0.045964124718096244
0,0,0.024903589392003725
0,0,0.04460136876079752
0,0,0.04236705087862946
0,0,0.043407773852336934
0,0,0.044918727113655
0,0,0.046119476235480225
0,0,0.04514659536027068
0,0,0.04212858758085584
0,0,0.044254512607207135
0,0,0.044869571403955366
0,0,0.04349450247060538
0,0,0.034793187141528195
0,0,0.04184566250743925
0,0,0.04221236706205692
0,0,0.030748875593470653
0,0,0.059101856734648316
0,0,0.04470296194766489
0,0,0.04265781496096788
0,0,0.04145575363241911
0,0,0.04428581390738706
0,0,0.05239709719916695
0,0,0.0406013195011796
0,0,0.04497342001512026
0,0,0.03810695572423605
0,0,0.04478646666482904
0,0,0.0443303182453282
0,0,0.04562798310744886
0,0,0.04453837161925639
0,0,0.026299010422882615
0,0,0.04365851559510176
0,0,0.045279662467857536
0,0,0.044668849848664115
0,0,0.04502755726117362
0,0,0.04358187970551263
0,0,0.04310140886185257
0,0,0.044973042677922674
0,0,0.0453143997567258
0,0,0.043157342846392346
0,0,0.043931155831885706
0,0,0.04068959167808571
0,0,0.044475005332967964
0,0,0.041171918915776776
0,0,0.04124002988374401
0,0,0.05241318931880971
0,0,0.04511627051479294
0,0,0.04491035293341927
0,0,0.04415239761233024
0,0,0.04399958219830161
0,0,0.03653315317219445
0,0,0.04465061886860775
1,0,0.04235968430911212
0,0,0.045298130457148034
0,0,0.04339986218049336
1,0,0.044313010795133
0,0,0.043185129118153566
0,0,0.0424556081995731
0,0,0.043341530060349034
0,0,0.04403263566541608
0,0,0.1204911302670258
0,0,0.04229651092114643
0,0,0.0455298260794615
0,0,0.044856521519493806
0,0,0.0455221184796084
0,0,0.04428968359692328
0,0,0.04369109305202495
0,0,0.03888411065220433
0,0,0.04385767555984571
0,0,0.04420764771085184
1,1,0.9851464079958075
0,0,0.0455477538771311
0,0,0.043514965808000634
0,0,0.04350349843788821
0,0,0.04607370897412144
0,0,0.042068037093880774
0,0,0.04368015623763635
0,0,0.03681479155785769
0,0,0.04324689915091456
0,0,0.04238594395498456
0,0,0.044634869514463
0,0,0.04414186994389827
0,0,0.04521921990537813
0,0,0.0430865938166022
0,0,0.04497467497312074
0,0,0.041227838153011016
0,0,0.043393179936112324
0,0,0.05247748399714984
0,0,0.04506547946767938
0,0,0.04381848306392361
0,0,0.042862686657012594
0,0,0.043151584347339116
0,0,0.04154977875135723
0,0,0.04494914343430509
1,0,0.04405700280688067
0,0,0.04489834270307322
0,0,0.03387193396569233
0,0,0.04449353866804278
0,0,0.04498767540726705
0,0,0.04575984976668021
0,0,0.04529685007891689
0,0,0.043688109279271345
0,0,0.04179748676063036
0,0,0.044219347097721254
1,0,0.04462576178803732
0,0,0.04384915659801178
0,0,0.04360798134339427
0,0,0.04504343864188656
0,0,0.0668986925996334
0,0,0.03242572904896783
0,0,0.042435075086203165
0,0,0.04189373199754488
0,0,0.04082373802281641
0,0,0.0423569142636735
0,0,0.04435693560861334
0,0,0.04469452304157923
0,0,0.042130649710019584
0,0,0.042719035904027765
1,0,0.04481124779248618
1,1,1.0
0,0,0.04477130852049913
0,0,0.0429250281211679
0,0,0.04516191519196159
0,0,0.04477371735958329
0,0,0.04508283150519079
0,0,0.043458289787954886
1,0,0.0507335221938924
0,0,0.04588514081030596
0,0,0.04317370358435578
0,0,0.026358596852563553
0,0,0.044026133332064954
0,0,0.05699464624881184
0,0,0.045181479507899025
0,0,0.043373488144694446
0,0,0.04332517667304641
0,0,0.04162706061093796
0,0,0.042944710906957326
0,0,0.044671433342279424
0,0,0.04245632341562179
0,0,0.04207636290594576
0,0,0.04346818053595275
0,0,0.04108029757303423
0,0,0.0425560614705051
0,0,0.044707878357898884
0,0,0.04481397775441977
0,0,0.042380640373627286
0,0,0.044248359260716554
0,0,0.043327902490393234
0,0,0.044998783527253214
0,0,0.04562798310744886
1,0,0.0433624535435197
0,0,0.041738577947004536
0,0,0.04603443197878715
0,0,0.04335445453008862
0,0,0.04414214072600375
0,0,0.0446700150535448
0,0,0.0432573919585232
0,0,0.04543904299724941
0,0,0.04258118580946551
0,0,0.045315494709585374
1,1,1.0
0,0,0.04487732659519409
0,0,0.04488024834565959
0,0,0.014955231174962285
0,0,0.0451751566650578
0,0,0.023092565802998566
0,0,0.04357899934839089
0,0,0.039422608961230406
0,0,0.04253581829631433
1,1,0.9999999999999958
0,0,0.04268412837798591
0,0,0.04570050461664335
0,0,0.04512272833031602
0,0,0.045334980658209546
0,0,0.043092482168866963
0,0,0.044814909117457134
0,0,0.04262933127425789
0,0,0.045463497191389105
0,0,0.04510860811979544
0,0,0.050110200748601695
0,0,0.04368015623763635
0,0,0.04478461715672531
0,0,0.04411158035243525
0,0,0.044986088902812
0,0,0.04510205327794964
0,0,0.041948860141541734
0,0,0.04252309106158593
0,0,0.03158268295740159
0,0,0.05154315727075205
0,0,0.04288741575309439
0,0,0.04609857854624318
0,0,0.04440074634151959
0,0,0.04254667268522404
0,0,0.04324495564481733
0,0,0.044515407390275194
0,0,0.04333350300398326
0,0,0.045631026110679956
0,0,0.04189247508339511
0,0,0.04511011804031542
0,0,0.04203753642169084
0,0,0.042374642856063266
0,0,0.04422075173992467
0,0,0.04429900787265476
0,0,0.04399313005464364
0,0,0.04354068331266649
0,0,0.04435105994439176
0,0,0.04580439776356782
0,0,0.04432822800119235
0,0,0.04479554745634801
0,0,0.03893026183382778
0,0,0.05296093107930148
0,0,0.04545058092923243
0,0,0.0454087657681432
0,0,0.04358419317619314
0,0,0.04525812337276108
0,0,0.0395241340743381
0,0,0.04319288151189043
0,0,0.053990611239102045
0,0,0.043567834851415084
0,0,0.04458945082057066
0,0,0.0444226460263889
0,0,0.03683036045707112
0,0,0.03939599555572956
0,0,0.040156024208795896
0,0,0.04615138135755142
0,0,0.04476690746495773
0,0,0.04482928860259191
0,0,0.04472039822728934
0,0,0.041515032702912624
0,0,0.042068214112020566
0,0,0.03277112069477545
0,0,0.043438188845749924
1,0,0.044852456063142726
0,0,0.04342223416923233
0,0,0.04421578817160638
0,0,0.04527632764174568
0,0,0.04506062342202326
0,0,0.04052577569575722
0,0,0.039956413119749803
0,0,0.061881334995984
0,0,0.03733365371728612
0,0,0.04464774367089169
0,0,0.04048102257188731
0,0,0.04019562191837735
0,0,0.04465452846612508
0,0,0.0457734583714663
0,0,0.03113480089196576
1,0,0.045794159386238376
0,0,0.04231226868404482
0,0,0.04541309518366771
1,0,0.07643485908743192
0,0,0.04384900177589918
0,0,0.044309064893332424
0,0,0.043986781130754105
0,0,0.03805366455359856
0,0,0.04262840465968385
0,0,0.034104890648919146
0,0,0.043967459525178325
0,0,0.036770262783423276
0,0,0.04572683085884528
0,0,0.0447603432971059
0,0,0.045661685892378526
0,0,0.044518602110553335
0,0,0.04582821572283425
0,0,0.042226989372872184
0,0,0.021199631233440003
0,0,0.04562326929070793
0,0,0.04545126022680941
0,0,0.03854758594333621
1,0,0.04508153256049804
0,0,0.040416561875042
0,0,0.043159622026690554
0,0,0.04402073386273323
0,0,0.04102525016793631
0,0,0.042797170219479916
0,0,0.04268089368715618
0,0,0.044146107770625095
0,0,0.04504292399033794
0,0,0.042131536067249946
0,0,0.04478187628522835
0,0,0.050103155987859194
0,0,0.04438508102870281
0,0,0.055293007146341076
0,0,0.03405264785940555
0,0,0.04345346881736116
0,0,0.044671433342279424
1,0,0.04471300048422535
0,0,0.04453688164035277
0,0,0.04280296676162052
0,0,0.04389790267926451
0,0,0.03709425323017165
0,0,0.04342818465899221
1,1,0.9999999925429034
0,0,0.04464119310098508
0,0,0.04194920841193286
0,0,0.04479494299435666
0,0,0.04311711749703069
0,0,0.046002327898937025
0,0,0.04496196437175004
1,0,0.045049749543856606
0,0,0.042641653701632434
0,0,0.04519294144394395
0,0,0.04070773396330938
0,0,0.04471992176348355
1,1,1.0
0,0,0.04961052207243967
0,0,0.041926515363488855
0,0,0.04372233639518759
0,0,0.04456182403519709
0,0,0.04439060454625805
0,0,0.04403846739294642
0,0,0.039958206082128626
0,0,0.04613106577608514
0,0,0.0405855611947932
1,0,0.04557038996093702
0,0,0.043315857527898675
0,0,0.03946995357364766
0,0,0.043407773852336934
0,0,0.045518588753206454
0,0,0.043271025419024216
0,0,0.04065973242181556
0,0,0.04310177416196217
0,0,0.0455705477278217
0,0,0.044382947071431374
1,1,0.9999892370829805
0,0,0.044892430413492994
0,0,0.044111378996435135
0,0,0.042042003962178866
0,0,0.043238817922183544
0,0,0.04104355986017897
1,0,0.04521938821802341
0,0,0.044617090534390905
0,0,0.04426744876025912
1,1,0.9999999924463044
0,0,0.04274693393382048
0,0,0.042375359427497754
0,0,0.0448471963863232
0,0,0.04398006932540233
0,0,0.045269238807959473
0,0,0.0429445723726876
0,0,0.04403530728987132
0,0,0.04434133672183677
1,0,0.043567680977330325
0,0,0.04357281271610591
0,0,0.042767683988297236
0,0,0.0447337578488943
0,0,0.042797170219479916
0,0,0.04389044298247812
0,0,0.044755828476135906
0,0,0.04423165560697766
0,0,0.045886486649965565
0,0,0.04842956614534151
1,1,0.9999892376336501
0,0,0.039061997173314024
0,0,0.041794936031294236
0,0,0.044866486943602325
0,0,0.0436050189465116
0,0,0.043002749237479584
1,0,0.03929647926656209
0,0,0.041250312463700214
0,0,0.04243131288918844
0,0,0.044241052167807014
0,0,0.05352611371420002
0,0,0.04390891226005372
0,0,0.045328204395664075
0,0,0.041785394625917384
0,0,0.04374718700703327
1,1,0.9999893907650876
0,0,0.04292320094375032
0,0,0.04590249469186626
0,0,0.04580030382353773
0,0,0.043141174628167155
0,0,0.039029571297575644
1,1,1.0
0,0,0.04341257846261249
0,0,0.0447828236531527
0,0,0.041978910128088485
1,0,0.03888941340050964
0,0,0.04490726074354269
0,0,0.0428659033678449
0,0,0.04590249469186626
0,0,0.04415481675090418
0,0,0.04391398963180064
0,0,0.04484352162443145
0,0,0.04170434589325093
0,0,0.04076686522703904
0,0,0.043083389224225034
0,0,0.031591910490842916
0,0,0.04312615703298432
0,0,0.015119407946747076
0,0,0.04487626592466246
0,0,0.044358144759688994
0,0,0.044855335283154406
0,0,0.04518323188695942
0,0,0.051704279420167254
1,1,0.9999921271758173
0,0,0.04456383991836195
0,0,0.04336494903448904
0,0,0.0445085947409654
0,0,0.04584512930624131
0,0,0.04732007747686714
0,0,0.0398225207313638
0,0,0.04107133783013294
0,0,0.04191240115914224
0,0,0.0457096902312242
0,0,0.04339578712145486
0,0,0.032218518689852066
0,0,0.04383227664069903
1,1,1.0
0,0,0.04250175622544711
0,0,0.042031139785159814
0,0,0.04490699000263807
0,0,0.04385510380650169
0,0,0.044620720693726704
0,0,0.037580427387477154
0,0,0.0444237320073093
0,0,0.04499894249032781
0,0,0.04120395460525039
0,0,0.041858086186881874
0,0,0.04466720704280804
0,0,0.035078327048162675
0,0,0.05403271850973815
0,0,0.04525977441352231
0,0,0.04381302747148317
1,1,0.9999894237654369
0,0,0.039028165696749585
0,0,0.04336154802097624
0,0,0.04409971499459012
0,0,0.04422669121101471
0,0,0.04510249784332031
0,0,0.04378011528555747
0,0,0.043095707789595816
0,0,0.04391398963180064
0,0,0.04591120386781435
0,0,0.045877058186177315
0,0,0.0444838396100338
0,0,0.06511447224955641
0,0,0.04543397158963409
0,0,0.04417734738669839
0,0,0.03982664005106993
0,0,0.04364437435937737
0,0,0.045817221890716964
0,0,0.045525284386000994
0,0,0.04388195500663907
0,0,0.04585023777734611
0,0,0.04191347488797319
0,0,0.04497401006361119
0,0,0.07947240403589109
0,0,0.05285899477095665
0,0,0.052588228319466704
0,0,0.04474871610410121
0,0,0.04584862231470441
0,0,0.04504632474330118
0,0,0.04458955644312586
0,0,0.04541628690838979
0,0,0.041466731242718456
0,0,0.039908934680224134
0,0,0.05160765036758058
0,0,0.03503894424678011
0,0,0.04422352455647113
0,0,0.04265225823033268
1,0,0.0350432349263976
0,0,0.04474285066892386
0,0,0.05119086906083719
0,0,0.044094455842779594
0,0,0.04448492999977743
0,0,0.04578125684650689
0,0,0.029793917926288997
0,0,0.05108589159125237
0,0,0.037892201677868984
0,0,0.0430442440745039
0,0,0.04500050578796051
0,0,0.044601813106442185
0,0,0.03079457208408632
0,0,0.03852942265384097
0,0,0.04236118229781847
0,0,0.043490594299392206
0,0,0.043314615708912596
0,0,0.04116608792846097
0,0,0.05585544788039568
0,0,0.044145411756331014
0,0,0.03656261276125866
0,0,0.04530277124577728
0,0,0.04499348318017415
0,0,0.041014851960529626
0,0,0.04453413894070383
0,0,0.03473066659432223
0,0,0.04224217199913396
0,0,0.0435158434598005
0,0,0.041343168643155605
0,0,0.03929674683480522
0,0,0.04550147855393813
0,0,0.04206699556486326
0,0,0.04487757536389991
0,0,0.045259134839989376
0,0,0.04478810034783902
0,0,0.050753357316447055
1,1,0.9999911333504317
0,0,0.045068155357656035
0,0,0.0445703525120322
0,0,0.04332434564343321
0,0,0.04401667457711287
0,0,0.04564559694972433
0,0,0.04337669448207904
0,0,0.044375433523031964
0,0,0.04223054252160114
0,0,0.043616574708758404
0,0,0.044621884701779815
0,0,0.045707469276625175
1,0,0.04333350300398326
0,0,0.04488906670765345
1,1,0.9999999925125959
0,0,0.045625676305090825
0,0,0.04336494903448904
0,0,0.043133142927655584
0,0,0.04351167466351751
0,0,0.04562798310744886
0,0,0.04611282865271211
0,0,0.052378526752846225
0,0,0.04500195634672134
0,0,0.045625676305090825
0,0,0.04482930976656903
0,0,0.04560609573692058
0,0,0.04369440080921467
0,0,0.05429369092240218
0,0,0.0460037864520561
0,0,0.04506062342202326
0,0,0.043393298475378324
0,0,0.0527369699675327
0,0,0.0424600153880384
0,0,0.044930594822737493
0,0,0.042665839335172775
0,0,0.04313563865171216
0,0,0.037659164426728696
1,0,0.04451964658260579
0,0,0.04496672051763763
0,0,0.04514516269836374
0,0,0.04351617999336368
0,0,0.043853646666169734
0,0,0.04233624828661463
0,0,0.03940208585508792
0,0,0.045877058186177315
0,0,0.052937419818795746
0,0,0.04222681804155028
1,0,0.04287440416534234
0,0,0.045515552890503644
0,0,0.04395869231943118
1,0,0.05164877285739609
0,0,0.0415148128700171
0,0,0.04379716003617709
0,0,0.05379437984711524
1,0,0.03984570550558313
0,0,0.037660493606179055
0,0,0.0430165370910465
0,0,0.040964409031436104
1,0,0.044891981327196406
0,0,0.044241052167807014
0,0,0.04599979736754748
0,0,0.04107252531547245
0,0,0.04237588253928081
0,0,0.044108239446896416
0,0,0.04504478846293335
0,0,0.039572527965247455
0,0,0.04481124779248618
0,0,0.041967563370104086
0,0,0.0519765542794909
0,0,0.04440704607909381
0,0,0.04274782648011932
0,0,0.04552384027987826
0,0,0.05472201679169863
0,0,0.04441746215621745
0,0,0.04289471262182511
0,0,0.04506783751164942
0,0,0.04264427209791096
0,0,0.039850205107997375
0,0,0.04395416679766891
0,0,0.03945565154712713
0,0,0.04493758754729331
0,0,0.043580980509667896
0,0,0.04450467996790248
0,0,0.0435314443296992
0,0,0.0450150021229534
0,0,0.04447509416529699
0,0,0.04525977441352231
0,0,0.045803149336145904
1,1,1.0
0,0,0.049312623784336596
0,0,0.044733722759583976
0,0,0.04374016629423444
0,0,0.042971886831610163
0,0,0.04592282239089605
0,0,0.045294870799455746
0,0,0.042308178822367835
0,0,0.04396467454690091
0,0,0.04332057894403524
0,0,0.05527715443419777
0,0,0.04533099340452516
0,0,0.042944915567856616
0,0,0.04389679744413355
0,0,0.052580022538460315
0,0,0.04343687179485841
0,0,0.0458540018200969
0,0,0.04287711499510852
0,0,0.04518163881241075
0,0,0.05039165788617388
1,1,0.9999999999999962
0,0,0.053504194709956245
1,1,0.9847823997737924
0,0,0.0436697879006345
0,0,0.04429591667126613
0,0,0.041662516645836825
0,0,0.040076249972622977
0,0,0.04274034675471109
0,0,0.03812955419817888
0,0,0.0430901487841311
0,0,0.045796495552343254
0,0,0.030218546383367243
0,0,0.042757562760351
0,0,0.04405874481065303
0,0,0.04193945177617693
0,0,0.04368454852816836
0,0,0.044406546820833996
0,0,0.04521031298296308
0,0,0.04090704922673287
0,0,0.0454087657681432
0,0,0.05887941163071936
0,0,0.05434123823588874
0,0,0.04441746215621745
0,0,0.04422075173992467
0,0,0.04400413598999558
0,0,0.053836402728059354
0,0,0.03891075712435725
0,0,0.04249388590267165
0,0,0.04296325973256899
0,0,0.043997948454014106
1,0,0.03755559277997653
0,0,0.041957995566202555
0,0,0.03670709878296956
0,0,0.04048681599495317
1,1,1.0
0,0,0.037151589756263835
0,0,0.04438499683196566
0,0,0.04485584311119505
0,0,0.0446550818761182
0,0,0.037376429366717596
0,0,0.0412446874258417
0,0,0.03621608555577652
0,0,0.04465649971288236
0,0,0.04441382035925025
0,0,0.037459897381561955
0,0,0.04448785152393968
0,0,0.043875517381697544
0,0,0.04434543908679949
0,0,0.044738456982581824
0,0,0.04166842221381914
1,0,0.040094214222995445
1,0,0.04597214327161044
0,0,0.04519361425216257
0,0,0.0450500499146073
0,0,0.05483395591095572
0,0,0.04478488692331404
0,0,0.04164675678435853
0,0,0.04535842155380977
0,0,0.042922993632472733
0,0,0.044202363824027785
0,0,0.03092521293349556
0,0,0.0450775214526803
0,0,0.03889250627928163
0,0,0.04423593873044529
0,0,0.0450276967824644
0,0,0.045471904895213855
0,0,0.042883379390202744
1,0,0.04256043652201851
0,0,0.04496075623941048
0,0,0.06225633878019963
0,0,0.04385324486675781
1,0,0.03980306152328891
0,0,0.04440823725034416
0,0,0.04098069428622074
0,0,0.04078387399235725
0,0,0.044668849848664115
0,0,0.04312913278228292
1,0,0.034427336495129024
0,0,0.04256715446192869
0,0,0.040304958529987875
0,0,0.043736684517375814
0,0,0.04354829573052165
0,0,0.04490902897324948
0,0,0.04611282865271211
0,0,0.043736684517375814
0,0,0.044426523120819184
0,0,0.04519750653012486
0,0,0.04258928873336588
0,0,0.04528320370469079
0,0,0.04504086276774984
0,0,0.03937121573848423
0,0,0.04455327607442647
0,0,0.055709062061397835
0,0,0.02094644209927845
0,0,0.04495086491290488
0,0,0.04580044736701212
0,0,0.05318873577944409
0,0,0.044315295842917095
0,0,0.04389479863488108
1,0,0.04439552939644018
0,0,0.04336494903448904
0,0,0.04341613122938204
0,0,0.04275792208183709
0,0,0.04521822588245107
0,0,0.049542174337181485
0,0,0.044588409540929366
1,0,0.04506706863984233
0,0,0.04472719831417249
0,0,0.02634911441011539
0,0,0.0430425505554255
0,0,0.04418468450767116
0,0,0.04340019514363481
0,0,0.045478082283386914
0,0,0.036163398883942335
0,0,0.036288752698384344
0,0,0.04524621182727849
0,0,0.04482488969179509
0,0,0.06075293637591156
0,0,0.03890008630200634
0,0,0.04511476864069495
0,0,0.03964606248341091
0,0,0.04507559557030067
0,0,0.04482897236212409
0,0,0.0430134952558134
0,0,0.04526279429884863
0,0,0.04441510407553748
0,0,0.04111406891267419
0,0,0.03982481885385078
0,0,0.04455549182395324
0,0,0.04545622589424497
0,0,0.041473572423283936
0,0,0.04449134720940871
0,0,0.04522148173360603
0,0,0.04406302606940071
0,0,0.04612386263140539
1,1,1.0
0,0,0.04854827974197754
0,0,0.0450895373967708
0,0,0.04041313345238396
0,0,0.045258157411296976
0,0,0.045014319314414214
0,0,0.04184031171369475
0,0,0.04236026836381514
1,0,0.04523573483372015
0,0,0.0449184979657274
0,0,0.04507168687378566
0,0,0.043629553840650204
0,0,0.045228280665848636
0,0,0.04437090258212569
1,0,0.05183658327921421
0,0,0.04521034842841981
0,0,0.04325119382757167
0,0,0.04033066051989108
0,0,0.05514027077727925
0,0,0.04507168687378566
0,0,0.043909417294930815
0,0,0.04151817049334598
0,0,0.027303337788939393
0,0,0.05358504932658998
0,0,0.036814803830918646
0,0,0.0455245812420042
0,0,0.04478314729214837
0,0,0.04473410336079145
0,0,0.04236704278976511
1,0,0.03997830212505948
0,0,0.043391100438653046
0,0,0.045395649432501364
1,0,0.044790351786713756
0,0,0.0422009510168777
0,0,0.026736808652002307
1,1,0.9853964451158759
0,0,0.04490841546171885
0,0,0.04495897292279673
0,0,0.044540400066154416
0,0,0.044540400066154416
0,0,0.04450018247850815
0,0,0.04219518304456806
0,0,0.04509490777648159
0,0,0.042804649255668605
0,0,0.051935952359056
0,0,0.04438988862351041
0,0,0.04046071876663088
0,0,0.04398112889472055
0,0,0.044828135823489296
0,0,0.0438377431426172
0,0,0.039690349609577055
0,0,0.04286837398545416
0,0,0.025865829855829817
0,0,0.05397203832534847
0,0,0.04363692084641888
0,0,0.04277382049628867
0,0,0.043414904342940104
0,0,0.037067995952226304
0,0,0.042859843428908466
0,0,0.04478472697517667
0,0,0.04185369334628352
0,0,0.04385767555984571
0,0,0.04297240845951574
0,0,0.04471023586791506
0,0,0.04450452293900552
0,0,0.04483777265621379
0,0,0.03998058076344437
0,0,0.04071967010054496
0,0,0.04389569966248827
0,0,0.03638461898386647
0,0,0.044678702372235764
0,0,0.04077560109034448
0,0,0.044049510789101534
0,0,0.06598948863862766
0,0,0.044147718907281544
0,0,0.04382513900311315
0,0,0.042767683988297236
0,0,0.04931345500006952
0,0,0.03817768514664803
0,0,0.04525688093415679
0,0,0.04231716217234746
0,0,0.04407694198178165
0,0,0.04568568449108381
0,0,0.04085663038689396
0,0,0.05225293005372007
0,0,0.045438277773805914
0,0,0.041461122641913144
0,0,0.04506674277304829
0,0,0.04418827808371024
1,1,1.0
0,0,0.04283491938183495
0,0,0.0435158434598005
0,0,0.04300640325218782
0,0,0.04347120234701135
0,0,0.04424799918924653
0,0,0.04444474838682847
0,0,0.044896198151585145
1,0,0.04383525804460562
0,0,0.04104014579116351
0,0,0.043514166804997104
0,0,0.04315541872333559
0,0,0.05570297547216918
0,0,0.044408507629456556
0,0,0.03628716412063987
0,0,0.04311664155594607
0,0,0.04493758754729331
0,0,0.06128292433360015
0,0,0.043204384066424295
0,0,0.03724876764701074
0,0,0.06449831915682935
0,0,0.045254188580348305
0,0,0.04478393712702398
0,0,0.0461131951043814
0,0,0.04537335023890054
0,0,0.04399460737325499
0,0,0.04494398314343117
0,0,0.05145799524531882
0,0,0.03955090340062351
0,0,0.04590519024110548
0,0,0.044404845218710666
0,0,0.043669542190435874
0,0,0.05241113874406323
0,0,0.04498497303646748
0,0,0.04494093117536475
0,0,0.044892330601426916
0,0,0.04482421173944397
0,0,0.044368543136496616
0,0,0.05318528703789944
0,0,0.04386916679904528
0,0,0.04325560867771387
0,0,0.0544823401151641
1,0,0.045446032999747164
0,0,0.04054864092647698
0,0,0.05321990366204383
0,0,0.044497759873977014
0,0,0.045310002607890254
0,0,0.04467225634233763
0,0,0.04347333264948445
0,0,0.043688109279271345
0,0,0.04302970444211259
0,0,0.043850550020496405
0,0,0.04422324898669323
0,0,0.04514665811437118
0,0,0.043390185806591076
0,0,0.051248270603976
0,0,0.04403235384645346
0,0,0.04448264609802285
1,1,0.9844535587241467
0,0,0.044664418186232194
1,0,0.046281027263976794
0,0,0.04172238034834088
0,0,0.06334505820629105
0,0,0.04497948869894221
0,0,0.0434967455731856
0,0,0.06102630113290109
1,0,0.04496341271800921
0,0,0.05281738928057693
0,0,0.044743495965065466
1,0,0.04422469485769631
0,0,0.04554917659316787
0,0,0.04267273112744834
0,0,0.044594808373127875
0,0,0.04141315684627719
0,0,0.04288608029447509
0,0,0.04498624755085838
0,0,0.04391398963180064
0,0,0.03055523165075918
0,0,0.04421578817160638
0,0,0.04357375992948984
0,0,0.051691055385405006
0,0,0.04380072654237147
0,0,0.04559604971683874
0,0,0.04414581779165024
0,0,0.045525284386000994
0,0,0.06307922948687764
0,0,0.04342084625412626
0,0,0.04438948348959514
0,0,0.05276413251303927
0,0,0.03996422209610985
0,0,0.04375847148465301
0,0,0.04385767555984571
1,0,0.04438508102870281
0,0,0.04570146631616772
0,0,0.04250175622544711
0,0,0.04431035855008392
0,0,0.04596738973601705
0,0,0.044354518750336074
0,0,0.04341180111835755
0,0,0.04006316268269593
0,0,0.043074091027307644
0,0,0.032084762004846626
0,0,0.04299035135502377
0,0,0.04316529132804341
0,0,0.04456241260080079
0,0,0.04538960125967628
0,0,0.041041560265926
0,0,0.053672362807603236
0,0,0.045323351670613514
1,1,1.0
0,0,0.0821760146340091
1,0,0.0437312386434307
0,0,0.044683842001755736
0,0,0.04514791712505464
0,0,0.04304144165166627
0,0,0.0443603624067074
0,0,0.04508153256049804
0,0,0.04427649228012587
1,1,1.0
0,0,0.0437312386434307
0,0,0.0422811800531439
0,0,0.035737685224001
0,0,0.0447722959755927
0,0,0.04585563706651167
0,0,0.039877736746214316
0,0,0.0417347951660732
0,0,0.04455412082223955
0,0,0.042536756633933845
0,0,0.043185855149885835
1,0,0.043843961986363846
0,0,0.039790210589687125
0,0,0.044634869514463
0,0,0.044439875547217074
0,0,0.03941807720939017
0,0,0.043831756414440946
0,0,0.04481709180876331
0,0,0.04295348002393008
0,0,0.04417969039972538
0,0,0.045044575435693505
0,0,0.044219347097721254
0,0,0.04100789039246322
0,0,0.045620314668222105
0,0,0.04572653712020333
0,0,0.04514173098713424
0,0,0.04109072516256861
0,0,0.044411246945929704
0,0,0.04444819208387601
0,0,0.03849930095139123
0,0,0.04476567412533017
0,0,0.044352775800863276
0,0,0.0444166923580968
0,0,0.044702721044910354
0,0,0.045086398644850055
0,0,0.039998972034496434
0,0,0.04494860749704194
0,0,0.041973981531071645
0,0,0.04174057915672338
0,0,0.04514572217473306
0,0,0.04025652548019545
0,0,0.04412101713766298
0,0,0.044422711002894376
0,0,0.04096217091258665
0,0,0.045629513404977624
0,0,0.038390570555415136
0,0,0.04239302037798669
0,0,0.04135989870959529
0,0,0.03895686761749062
0,0,0.04562798310744886
0,0,0.041606684137980104
0,0,0.043170556294963934
0,0,0.04385767555984571
0,0,0.04525164827330161
0,0,0.041959855887226116
0,0,0.04385767555984571
0,0,0.04430619142929311
0,0,0.04289445923071462
0,0,0.04402073386273323
0,0,0.05216743486283166
0,0,0.040419859530859734
0,0,0.050031081387003455
0,0,0.04322903668354354
0,0,0.08696973271073542
0,0,0.04453320411814254
0,0,0.044749813092029626
0,0,0.04331974337408102
0,0,0.05170399766916268
0,0,0.04358862125538977
0,0,0.04513288402482526
0,0,0.04483214216902373
0,0,0.053095759527114664
0,0,0.03192494088392522
0,0,0.044748392431353
0,0,0.043238160960694105
0,0,0.04423593873044529
0,0,0.042475031465757415
0,0,0.04176272004435613
0,0,0.04440993424089311
0,0,0.04397451410099424
0,0,0.044829824891367095
0,0,0.04290641000853093
0,0,0.04491653690070169
0,0,0.044540622626396575
0,0,0.04225151468618637
0,0,0.044749813092029626
0,0,0.03998022459307042
0,0,0.04442167621110366
0,0,0.04328164694662728
0,0,0.04545153035801962
0,0,0.04530753600809039
0,0,0.043850550020496405
0,0,0.04316994115580703
1,0,0.044664955384477754
0,0,0.04396582993310178
0,0,0.044034794159619944
0,0,0.04304056098527035
0,0,0.045518588753206454
0,0,0.04418036302935068
1,0,0.03833908438454088
0,0,0.03705435689431128
0,0,0.021143839316510878
0,0,0.04405560312629944
0,0,0.044944709293924336
0,0,0.04297184322931279
0,0,0.042971886831610163
1,0,0.04445127689427423
0,0,0.04332273947333523
0,0,0.049434411943739646
0,0,0.04371474466763354
0,0,0.04852977416385714
0,0,0.04585653308817897
0,0,0.04335445453008862
0,0,0.045958334427200445
0,0,0.04440823725034416
0,0,0.045306520134480895
0,0,0.04381848306392361
0,0,0.04498767540726705
0,0,0.04423092898347238
0,0,0.043998481021973804
0,0,0.04394431055545135
0,0,0.04500815541542743
0,0,0.046692669090878644
0,0,0.04133108964219316
0,0,0.043110634684381775
0,0,0.04528536303924609
0,0,0.04396443301584745
0,0,0.0446260522553784
0,0,0.043473226832170066
0,0,0.04330272573555136
0,0,0.04449982492840242
0,0,0.043084759408951505
0,0,0.03678953254530555
0,0,0.04498624755085838
1,0,0.0446835433449204
0,0,0.04489506492634406
1,0,0.038728555466665725
0,0,0.04484624014032548
0,0,0.04541975536495891
0,0,0.04484722159010618
0,0,0.042068214112020566
0,0,0.04364759162125075
0,0,0.04471358754671718
0,0,0.04537792156225805
0,0,0.04753881575811715
0,0,0.0438028615725898
0,0,0.04370524757468652
0,0,0.04125314007233979
0,0,0.03564097475117463
0,0,0.04380143506865396
0,0,0.043777445417610986
0,0,0.04440074634151959
0,0,0.04749089036355567
0,0,0.04316570620777427
0,0,0.044342072573924245
0,0,0.04401512073711247
0,0,0.043750251004963325
1,0,0.04432722306831827
0,0,0.04273678445555733
0,0,0.04537160285266978
0,0,0.04523617845154291
0,0,0.04386561570561446
0,0,0.043675184847925964
0,0,0.04451831176445665
0,0,0.04430142488265231
0,0,0.04533614585246018
0,0,0.04397314192212834
0,0,0.044364207550916704
0,0,0.044893807300641915
0,0,0.04498560494755457
0,0,0.04616357479279374
0,0,0.04221854023304353
0,0,0.04127803503405925
0,0,0.0450691550905905
0,0,0.043695225619200015
0,0,0.04426475054872466
0,0,0.05063651258205006
0,0,0.04428812056586677
0,0,0.07754005470090866
0,0,0.049990347412994414
0,0,0.044297630493241195
0,0,0.06392455517482722
0,0,0.04194561240983946
0,0,0.036480171307708614
0,0,0.03974844760920836
0,0,0.03814865253954532
0,0,0.04082431334986884
0,0,0.043185855149885835
0,0,0.03492304390540053
0,0,0.03725158808364663
0,0,0.04389383238735218
0,0,0.051069721562231066
0,0,0.039427841060866414
0,0,0.02542612629008978
0,0,0.03690485223188501
0,0,0.04273106952016256
0,0,0.03987779658285777
0,0,0.04542766487577944
0,0,0.0430484573978286
0,0,0.04414893600849087
0,0,0.04430332962079041
0,0,0.03933605768817774
0,0,0.04467289188890212
1,1,0.9999906061899466
0,0,0.04592136628118473
0,0,0.04475763253925367
0,0,0.043587271869693814
0,0,0.04496672051763763
0,0,0.04288261175652081
0,0,0.0504488307181709
0,0,0.04560397381719246
0,0,0.04385767555984571
0,0,0.04367503900383282
0,0,0.045294870799455746
0,0,0.04263621059981068
0,0,0.045620314668222105
0,0,0.043227524955546624
0,0,0.04433467837166076
0,0,0.04398783264023024
0,0,0.04257231131048844
0,0,0.04599451100322597
0,0,0.04348755528388437
0,0,0.04415495537587444
0,0,0.04283865783577232
1,0,0.048450804316555025
0,0,0.045208081420119825
0,0,0.04590664586257444
0,0,0.05243172273840615
0,0,0.04273242900040343
0,0,0.04391675246814721
0,0,0.04434531779850979
0,0,0.02886336359157106
0,0,0.043243218042175076
0,0,0.04333740067136981
0,0,0.043761773832682795
0,0,0.052999000619282706
0,0,0.04355424822935151
0,0,0.04545446889666681
0,0,0.03997482458449372
0,0,0.04810971322531571
0,0,0.04509886329821764
0,0,0.04400455856142297
0,0,0.04535133152450202
0,0,0.04475204060931527
0,0,0.044921414061633774
1,0,0.044081560187274875
1,0,0.037358413717033884
0,0,0.04562703489331841
0,0,0.04363692084641888
0,0,0.04326322432798718
0,0,0.04233091444728637
0,0,0.04521031298296308
0,0,0.044617839517747886
0,0,0.04144364309274295
0,0,0.032340903609301516
0,0,0.034689393810404874
0,0,0.03317713218550491
0,0,0.04522625576959808
1,0,0.0457921097423437
0,0,0.04669856652713839
0,0,0.044418774804406626
0,0,0.03901821600743339
0,0,0.04291226731225068
0,0,0.043899297579664175
1,1,0.9999999999999962
0,0,0.04337702660873803
0,0,0.04468719499445458
0,0,0.04450824980516504
0,0,0.04218258383937285
0,0,0.04480605038724733
0,0,0.04460348079381609
0,0,0.042019542172326424
0,0,0.0529204365332781
0,0,0.04375339359228259
0,0,0.03972802247947386
0,0,0.03919596564606511
0,0,0.04565221492333355
0,0,0.04074867246804653
0,0,0.04332561998262946
0,0,0.03955545195839317
0,0,0.04264962829702238
0,0,0.04334200010483202
0,0,0.04318013221187246
1,0,0.04182815476026119
0,0,0.04493819357155347
0,0,0.04489235828798951
0,0,0.03485712415619209
0,0,0.04198321709556621
0,0,0.041706566014968145
0,0,0.044802835735261316
0,0,0.04170979412885543
0,0,0.04434133672183677
0,0,0.006643924472384706
0,0,0.04470580784925222
0,0,0.059803162774101984
0,0,0.04202259382889807
0,0,0.0436561397117364
0,0,0.0446835433449204
0,0,0.0407287101271408
0,0,0.04506706863984233
0,0,0.044134168980183214
0,0,0.045802176818635514
1,1,0.9842493402403297
0,0,0.04360436870804805
0,0,0.043346513060915304
0,0,0.044743495965065466
0,0,0.04487966227184426
0,0,0.04439312845837475
0,0,0.04520871899879588
0,0,0.042625731881295266
0,0,0.037197554581344626
0,0,0.044827865537230116
0,0,0.04547717101691946
0,0,0.04506547946767938
0,0,0.045177009845324245
0,0,0.04549555820405994
0,0,0.044181544224214504
0,0,0.046059692107188556
0,0,0.03081588485958418
0,0,0.044538534464142875
0,0,0.04285704740116895
0,0,0.043892245617737455
0,0,0.04423025063444838
0,0,0.045841993974784084
0,0,0.04364635190569539
0,0,0.045192238235029894
0,0,0.04477613484950462
0,0,0.042533136204704766
0,0,0.04389782799797121
0,0,0.04460358142276409
0,0,0.04611282865271211
0,0,0.04405874481065303
0,0,0.04506062342202326
0,0,0.045427504745083225
0,0,0.04042067857057373
0,0,0.04422439595929581
0,0,0.04242475016534918
0,0,0.04278454085116184
0,0,0.04545153035801962
0,0,0.04422625575389714
0,0,0.04216608795442668
0,0,0.044816331790814186
0,0,0.04495086491290488
0,0,0.05052506920972242
0,0,0.04425750562038485
1,1,0.984848844879017
0,0,0.044939346241789725
0,0,0.05255549827326792
0,0,0.0407997832860477
0,0,0.04457988564963751
0,0,0.05428888711873146
0,0,0.04475753437411984
0,0,0.04324608512599519
0,0,0.04126415937500934
0,0,0.04536263488746641
0,0,0.04544707702893591
0,0,0.043890311505740666
0,0,0.050945555151242584
0,0,0.039925809736689195
0,0,0.043233897196113494
0,0,0.04450194112395989
0,0,0.04538199895305524
0,0,0.044870619212868376
0,0,0.04240564598976557
0,0,0.04401356694943904
0,0,0.04609317173369211
0,0,0.051847365134044296
0,0,0.04562164651709164
0,0,0.0430425505554255
0,0,0.04375420045355698
0,0,0.043185855149885835
0,0,0.055206141787841806
0,0,0.0432632952725168
0,0,0.04434172994939681
1,0,0.04470120900866785
0,0,0.045688959458491274
0,0,0.04428888823895049
0,0,0.044389194759367055
0,0,0.03382131200895747
0,0,0.04025376361892385
0,0,0.04572492580710002
0,0,0.04385767555984571
0,0,0.04495595544584337
0,0,0.04422895644463611
0,0,0.04409955368009247
0,0,0.045642028727857525
1,0,0.04449280319873659
0,0,0.044106226749302126
0,0,0.045091134378049263
1,0,0.044790351786713756
0,0,0.04333546061881444
0,0,0.04214383170811086
0,0,0.0437312386434307
0,0,0.04155842450914398
0,0,0.045759688521177296
0,0,0.042864728490851364
0,0,0.04474285066892386
0,0,0.04474186356194426
0,0,0.04585814881615801
0,0,0.04402819086263712
0,0,0.045027663872596636
0,0,0.042058698892037574
1,0,0.045547026766019225
0,0,0.04608088217386376
0,0,0.044300710331500105
1,0,0.0437312386434307
1,1,1.0
0,0,0.04187968176701576
0,0,0.045235350580521465
0,0,0.03706649891334292
0,0,0.044267508799242086
0,0,0.042178259511274956
0,0,0.04990976318888918
0,0,0.041131249723744316
0,0,0.03304630113719425
0,0,0.04080987682746727
0,0,0.044848718392060796
0,0,0.04463345233236915
0,0,0.052951451353976144
0,0,0.05360965705878812
0,0,0.041319569111640274
0,0,0.040993839086060975
0,0,0.0452616309004419
0,0,0.04390531834018476
0,0,0.045855358022113345
0,0,0.052455422686613164
0,0,0.04363686063019948
0,0,0.04207000425126863
0,0,0.043352095372831606
1,1,0.9839525499273428
0,0,0.04394867432110285
0,0,0.04384900177589918
0,0,0.02751547882169508
0,0,0.04470000468120961
1,0,0.05129853765316017
0,0,0.04966434236690234
0,0,0.04422075173992467
0,0,0.03220113355069787
0,0,0.04584054030482154
0,0,0.041697679178945596
0,0,0.041724032414602034
0,0,0.04060916060452685
0,0,0.040325624014600124
0,0,0.038780290441241067
0,0,0.04422075173992467
0,0,0.04382513900311315
0,0,0.0445541045322923
0,0,0.04496339149370215
0,0,0.04471715673926095
0,0,0.044252009362539466
0,0,0.041114152204245163
0,0,0.04296699780728526
1,0,0.04442716406695878
0,0,0.04425301853278765
0,0,0.04398354270100569
0,0,0.0446485333388322
0,0,0.04144485703723889
0,0,0.03881192246574363
1,0,0.045454334479719104
0,0,0.044949400112797806
0,0,0.036763318190111326
0,0,0.04538183897567679
1,0,0.04163083405119247
0,0,0.04364091343780647
0,0,0.041687021511730656
0,0,0.06886442689325634
1,1,0.9999999999944706
0,0,0.042406832477111245
0,0,0.04450824980516504
0,0,0.0403085808433514
0,0,0.044827865537230116
0,0,0.04471873420350957
0,0,0.0433638322011665
0,0,0.042067826668437974
0,0,0.04385767555984571
0,0,0.042870631714529865
0,0,0.042704543274859175
0,0,0.04400817612877324
0,0,0.04505120058451987
0,0,0.044671433342279424
0,0,0.044456735724856186
0,0,0.04549395464216913
0,0,0.04541260291362044
0,0,0.043761869913902476
0,0,0.044633313975576266
0,0,0.036386412363744285
0,0,0.04407848648132533
0,0,0.04382131472387703
0,0,0.042992421043408724
0,0,0.04368015623763635
0,0,0.045580128802264155
0,0,0.044497540567014715
0,0,0.04180001784240719
0,0,0.05321413218263611
0,0,0.04154326766850843
0,0,0.04193758693643389
0,0,0.05179531488347479
0,0,0.04487099573107897
0,0,0.025423305820379726
0,0,0.044131575372730214
0,0,0.040773772899071296
0,0,0.04280283839665468
0,0,0.0435008636484817
0,0,0.044737103374935645
0,0,0.04315732704406936
0,0,0.04508970339300761
0,0,0.044312465884988335
0,0,0.04203679064549453
1,0,0.043212663904994224
0,0,0.04506783751164942
0,0,0.045050579185109234
0,0,0.04206736764872406
1,0,0.044684175983283766
0,0,0.0542869054598034
0,0,0.047749579238254784
0,0,0.045372119769144056
0,0,0.045565233172670534
0,0,0.04459397042945284
0,0,0.04196221689545529
0,0,0.04497028931071525
0,0,0.045361835331029124
0,0,0.044726137618455154
0,0,0.041633901008566065
0,0,0.044672411145376185
0,0,0.045410206397546324
0,0,0.04545753657629787
0,0,0.04610518258922859
0,0,0.04507342586246153
0,0,0.04367516420389887
0,0,0.04098544475219611
0,0,0.045280158743550625
0,0,0.03618863019295619
0,0,0.05333128154561713
0,0,0.04510348463641962
0,0,0.04495225760770974
0,0,0.04173419423403198
0,0,0.045819817100702716
0,0,0.04263603708926545
0,0,0.04496056282959065
0,0,0.04405978194658406
0,0,0.05934381968848475
0,0,0.04443690523471797
0,0,0.0454087657681432
0,0,0.03320376189290072
0,0,0.04437727469121306
0,0,0.04432395729273529
0,0,0.04433142301369713
1,0,0.04058797791744882
0,0,0.044419911501552264
0,0,0.04363482793739821
1,1,0.984919327578412
0,0,0.04493551449537607
0,0,0.03541911002024654
0,0,0.04239406975344637
0,0,0.05129126859407655
0,0,0.04237671980152061
0,0,0.04453280927169351
0,0,0.04069036896728994
0,0,0.04572508693597768
0,0,0.04496075623941048
0,0,0.04342084625412626
0,0,0.04133823165931637
0,0,0.04490136483940387
0,0,0.04238046209899661
0,0,0.04108852448240443
0,0,0.04326322432798718
0,0,0.04505117932072863
0,0,0.043834788576853245
0,0,0.044810500358520106
0,0,0.042310283014727945
0,0,0.0439799888768441
0,0,0.04399486790698657
0,0,0.04040822648673568
0,0,0.03941217674700245
0,0,0.04502688399739331
0,0,0.04495437000734724
0,0,0.041107611305886714
0,0,0.044641350589576544
0,0,0.054397422301825496
0,0,0.0452320239560823
0,0,0.04372055615307253
0,0,0.04284983394770251
0,0,0.043750633889922834
0,0,0.043091369340920796
0,0,0.039437475063115755
0,0,0.042764041846411596
0,0,0.04629002503306264
0,0,0.042301634301981555
0,0,0.045082874407144764
0,0,0.04471300048422535
0,0,0.04401356694943904
0,0,0.04547538570237267
0,0,0.041902308966177255
0,0,0.04584512930624131
0,0,0.044806823547749765
0,0,0.04549972903247457
0,0,0.044539791283492454
0,0,0.04538746689608108
0,0,0.04311837699903718
0,0,0.046023105096158354
0,0,0.0447293112587276
0,0,0.042515822533743086
0,0,0.0437312386434307
0,0,0.043372379636506586
0,0,0.04604718775922462
0,0,0.03837817096482954
0,0,0.04363846194450888
0,0,0.04498767540726705
0,0,0.04514516269836374
0,0,0.04754271932960362
0,0,0.04419233461525215
0,0,0.04463411720058564
0,0,0.04141354769970343
0,0,0.04108863378739734
0,0,0.0452917216730892
1,0,0.03968756014426385
0,0,0.04308573264591016
0,0,0.043221846200750536
0,0,0.044339958087363254
0,0,0.045318585049789625
0,0,0.04241794522503366
0,0,0.04480068672865184
0,0,0.04611335753535513
0,0,0.04315288029858503
0,0,0.04258778303701673
0,0,0.04376347560567833
1,0,0.04355954253554377
0,0,0.044418272914548654
0,0,0.0329750269420464
0,0,0.045453551717142104
0,0,0.0400927930432671
0,0,0.04500497909728516
1,0,0.05170006553606918
0,0,0.04487626592466246
0,0,0.04311507727276666
0,0,0.04468963219403407
0,0,0.03948535298076535
0,0,0.0447656011034483
0,0,0.03642516858460993
0,0,0.04369473126609539
0,0,0.0410533580489336
0,0,0.044815081043834255
0,0,0.040260092233467444
0,0,0.04418385896574232
0,0,0.044192708734343944
1,0,0.042249239349124855
0,0,0.04427457690343943
0,0,0.04360103281479473
0,0,0.04145821993276396
0,0,0.0419163853489532
0,0,0.04078961446736438
0,0,0.04402887095222983
0,0,0.03735071280649839
0,0,0.04367516420389887
1,1,1.0
0,0,0.043127437847079376
0,0,0.043245524042838365
0,0,0.03999871128393138
0,0,0.04324681701555278
0,0,0.044778408561702954
0,0,0.04474207549554374
0,0,0.050019636150531406
0,0,0.04385767555984571
0,0,0.04430332962079041
0,0,0.05023586079916876
0,0,0.044044845050959895
0,0,0.04604842857908966
0,0,0.04588632497968603
0,0,0.04253731639559261
1,0,0.03932572610692031
0,0,0.04275647868356729
0,0,0.045438277773805914
0,0,0.04214602012759685
0,0,0.043194495531137723
0,0,0.05425860979256265
1,0,0.0434560356526481
0,0,0.043061943605616534
0,0,0.04308207488962562
0,0,0.04133369130627466
0,0,0.026541872203479012
0,0,0.042685878009042034
0,0,0.03671025493240638
0,0,0.04410213682039273
0,0,0.04483056089202137
0,0,0.04528203980657765
0,0,0.04169928667003345
0,0,0.04455551931246739
0,0,0.04498767540726705
0,0,0.044999577258487425
0,0,0.04418080640302045
0,0,0.0427767335188515
0,0,0.045338740641654884
0,0,0.04542766487577944
0,0,0.04385767555984571
0,0,0.04230456968741756
0,0,0.044899740209653635
0,0,0.05303570951459729
0,0,0.05489494852352142
0,0,0.04389690063210856
0,0,0.034630220037847485
0,0,0.045022872724858
0,0,0.04334844148532728
0,0,0.04544352047605671
0,0,0.04325493134458071
0,0,0.04277261094915934
0,0,0.04492805759384406
0,0,0.04049111058483706
0,0,0.04469580829518026
1,0,0.036779817370242954
0,0,0.04555738689161459
0,0,0.04025072014510345
0,0,0.043535377248566154
0,0,0.045065638382492945
1,0,0.04399640590566294
0,0,0.04480698159325973
0,0,0.04556626774445452
0,0,0.04177711482294303
0,0,0.0444226460263889
0,0,0.04471465272522547
0,0,0.04273550337597794
0,0,0.04526668880591721
0,0,0.04575984976668021
0,0,0.036659560700836175
0,0,0.05456396616746604
0,0,0.052851194775718216
0,0,0.04451385304012299
0,0,0.04324689915091456
0,0,0.04052362971343113
0,0,0.04528754591334476
0,0,0.02832690915309153
0,0,0.04510860811979544
0,0,0.044828745490443474
0,0,0.042141063565884124
0,0,0.044566537518978835
0,0,0.04453915944295839
1,0,0.051964576012423325
0,0,0.026513883077086294
0,0,0.026980494935953184
0,0,0.0460830781825505
0,0,0.04489759497822924
0,0,0.04492805759384406
0,0,0.0448423684965112
0,0,0.043262778525405075
0,0,0.04268304627580121
0,0,0.04562020956700429
0,0,0.04536263488746641
0,0,0.042212163032555816
0,0,0.043766113568313995
0,0,0.03746177845374105
0,0,0.04259714927783426
0,0,0.04366326539602344
0,0,0.04500102408909888
0,0,0.04390447495470439
0,0,0.04339966392576864
0,0,0.040830712059847826
0,0,0.044589263687185736
0,0,0.04219042546466242
0,0,0.043962435224334157
0,0,0.04091364879012134
0,0,0.04336141342794142
0,0,0.0438974509027672
0,0,0.042407607511286936
0,0,0.04223942955104685
0,0,0.041051864778170126
0,0,0.045516929694700115
0,0,0.04485185933766505
0,0,0.045286522194166144
0,0,0.0415303326523392
0,0,0.04500684172790582
0,0,0.044991601479745263
0,0,0.043870135536578016
0,0,0.04310140886185257
0,0,0.04553009838815181
0,0,0.04558821815291814
0,0,0.04382716317976477
0,0,0.044470823448658554
0,0,0.04159215079695214
0,0,0.04514659536027068
0,0,0.04471936520406078
0,0,0.04336791173722036
0,0,0.039199737300469245
0,0,0.04208315916769797
0,0,0.04424000718525782
0,0,0.04519784437605352
0,0,0.040816519498989304
0,0,0.04094844198099075
0,0,0.04523027776334872
0,0,0.04478646666482904
0,0,0.04371524017353088
0,0,0.04577088195627985
0,0,0.04363564129648972
0,0,0.03588797257506386
0,0,0.04379726360257488
0,0,0.04414248719431059
0,0,0.04368540813033469
0,0,0.04366887698255494
0,0,0.044877919132172865
0,0,0.044066468148828405
0,0,0.045659455278828864
0,0,0.03620232419717489
0,0,0.0501632553124381
0,0,0.04517691080388772
0,0,0.04114895075443875
0,0,0.03826013876290901
0,0,0.04264962829702238
0,0,0.045680743265239236
0,0,0.04321375849576687
0,0,0.04578913983460044
0,0,0.03882903947209231
0,0,0.045961083142088605
0,0,0.043711655715098316
0,0,0.044650480461088306
0,0,0.04493213840801345
0,0,0.052720385432394885
0,0,0.041541270425865674
0,0,0.04539710624908424
0,0,0.04442450530714747
0,0,0.044807156903826736
0,0,0.053253154289437395
0,0,0.0442010893412385
0,0,0.04316428154191617
0,0,0.044391455079372824
0,0,0.03560626136200876
0,0,0.04475087091382649
0,0,0.04449630142362881
1,0,0.04469498767288255
0,0,0.04562092487734547
0,0,0.04283355678688525
0,0,0.06816012266880916
0,0,0.04568440265093157
0,0,0.04317270485073665
0,0,0.043036895987876446
0,0,0.05116661551050569
0,0,0.04432727359297545
0,0,0.04000816327799148
1,0,0.04277471403455856
0,0,0.0445541045322923
0,0,0.04097111600173017
0,0,0.04438508102870281
0,0,0.05186448079210108
0,0,0.04272894266069107
1,0,0.04530130200581098
0,0,0.04462062254466366
0,0,0.04494079950572148
0,0,0.04237542541836227
0,0,0.045378761793890623
0,0,0.04256222191849365
0,0,0.04403647418008383
0,0,0.05013761343797943
0,0,0.04319368673698761
0,0,0.040336310260135136
0,0,0.044912174560565024
0,0,0.045200749881002776
0,0,0.04951408452595592
0,0,0.04445258798757757
0,0,0.04124313485193919
0,0,0.0438377431426172
0,0,0.04237692393909706
0,0,0.04376501903473657
0,0,0.0412115089277032
0,0,0.04352891871653653
0,0,0.04522625576959808
0,0,0.045027355350129826
0,0,0.045159988966803455
0,0,0.04501530906623969
0,0,0.045580128802264155
0,0,0.044954948796032505
1,1,1.0
0,0,0.03335654894939295
0,0,0.042819230537341775
0,0,0.0424600153880384
0,0,0.0428176886472933
0,0,0.04396474357458533
0,0,0.040259916534945525
0,0,0.04485221589557476
0,0,0.04455481178212316
0,0,0.04592136628118473
0,0,0.04168547365065921
0,0,0.04534519234601459
0,0,0.04584054030482154
0,0,0.04490699000263807
0,0,0.04382841695385369
0,0,0.04385767555984571
0,0,0.045237329725290334
0,0,0.04567135505268919
0,0,0.04600216584019627
0,0,0.04848810604187792
0,0,0.04510871491405731
0,0,0.044886824487491074
0,0,0.04324829389515294
0,0,0.04483214216902373
0,0,0.0450797492768851
0,0,0.04530189746216834
0,0,0.04374626521234387
0,0,0.04616449626944056
1,1,0.9999999999947431
0,0,0.04385767555984571
0,0,0.04525704049192374
0,0,0.04227741901425727
0,0,0.04492645188523459
0,0,0.0445239565638746
1,0,0.04245102988860249
0,0,0.04411827129545717
0,0,0.04219031696141764
0,0,0.04478646666482904
0,0,0.03865247545632977
0,0,0.051058686664784456
0,0,0.04637341386902434
0,0,0.034444467336563936
0,0,0.037709145459510825
0,0,0.04385767555984571
1,1,1.0
0,0,0.045034029856538316
0,0,0.0437312386434307
0,0,0.01982653645966473
0,0,0.04496078739051493
0,0,0.04507168687378566
0,0,0.06666716193218258
0,0,0.04205154383621082
1,1,0.9999999999999962
0,0,0.042990974942504846
0,0,0.043426279870623564
0,0,0.04207522954171661
0,0,0.043453286234643215
0,0,0.0519785926373825
0,0,0.04229944558466332
1,0,0.046054812413076435
0,0,0.039920120693569976
0,0,0.043103428082492845
0,0,0.04089258255484297
1,0,0.04468738728333469
0,0,0.044918877260421174
0,0,0.04527203325198159
0,0,0.04471586899258562
0,0,0.07361658381669851
1,1,1.0
0,0,0.039834759881240536
0,0,0.04461510463480088
0,0,0.04310140886185257
0,0,0.044192552487571944
0,0,0.040880762430742665
0,0,0.04521457075034454
0,0,0.04069581734715678
0,0,0.03216399950765023
0,0,0.0521973850817597
0,0,0.05120611869174939
0,0,0.044105781066062194
0,0,0.044650480461088306
0,0,0.04474887395425284
0,0,0.04428507057932462
0,0,0.042415021228510305
0,0,0.04510348463641962
0,0,0.04575984976668021
0,0,0.044615088053443865
0,0,0.04118301069957562
0,0,0.04421736190974378
0,0,0.04486377887423487
0,0,0.04326308909887861
0,0,0.0443695312494825
0,0,0.04471194010944713
0,0,0.05454874006272191
0,0,0.04476450374663231
0,0,0.03801236222405601
0,0,0.04441886102374862
1,0,0.04316561190609663
0,0,0.04545164138543686
0,0,0.04577256654136156
0,0,0.036930344188704854
0,0,0.035336065137376894
0,0,0.05262841640919127
0,0,0.04425717785074212
0,0,0.04228223026235534
1,0,0.04610518258922859
0,0,0.04370613844508791
0,0,0.04090109340206925
0,0,0.04372040149927448
0,0,0.04480052672673242
0,0,0.045051947934243324
0,0,0.04451019387504259
0,0,0.04275699663698631
0,0,0.03750966263993722
0,0,0.04446720491674382
0,0,0.04083098900130236
0,0,0.04241724674792066
0,0,0.044830707680674826
0,0,0.03837473261359276
0,0,0.04334299607680004
0,0,0.040214129565981305
0,0,0.033933982746146146
0,0,0.04506706863984233
0,0,0.04060389942578572
0,0,0.04479698871589694
0,0,0.03945565154712713
0,0,0.04583624169046341
0,0,0.04082473035851364
0,0,0.04478007129071809
0,0,0.03365070214348143
0,0,0.036842041207615375
0,0,0.04553447457479825
0,0,0.045468974486189716
0,0,0.044615516488189844
0,0,0.04214602012759685
0,0,0.04385767555984571
0,0,0.05517082796299949
0,0,0.04584070182153925
0,0,0.04426473712541
0,0,0.044870619212868376
0,0,0.04310926371383915
0,0,0.04239704079173347
0,0,0.03789969269225559
0,0,0.04185941725439216
0,0,0.04828139744669654
0,0,0.04604826636578276
0,0,0.043797157032890874
0,0,0.04385767555984571
0,0,0.04450609325174656
1,1,1.0
0,0,0.04489401178870185
0,0,0.044751119014393576
0,0,0.07286464457141141
0,0,0.04391192949729909
0,0,0.04456328731652884
0,0,0.04260483919332843
0,0,0.04300140575679581
0,0,0.053284207309878415
0,0,0.04373105194797797
0,0,0.04358419317619314
0,0,0.0497902871189727
0,0,0.04359213200323628
0,0,0.045258157411296976
0,0,0.045929582378361276
0,0,0.043161060109031195
0,0,0.044890996140891246
0,0,0.043090983744680685
0,0,0.0315750458550079
0,0,0.04240666419551985
0,0,0.03596148577127251
0,0,0.04308522357616444
0,0,0.04360048396360644
0,0,0.04544707702893591
0,0,0.045267258333348714
0,0,0.03937121573848423
0,0,0.041765907965720536
0,0,0.043871630321165755
0,0,0.04369997790088826
0,0,0.04583144533331371
0,0,0.044677283863507264
1,0,0.04191744668720643
0,0,0.04511270565728012
0,0,0.050417138829225494
0,0,0.03602201976223972
0,0,0.04585669465853824
0,0,0.04345659934300322
0,0,0.043862391873386454
0,0,0.04471367683328004
0,0,0.042332462271354024
0,0,0.04584054030482154
0,0,0.044539119342770286
0,0,0.041469466253515316
0,0,0.044812882065738135
0,0,0.04200621025747807
0,0,0.043425679665819256
0,0,0.043094907922567274
0,0,0.0412189033851855
0,0,0.04402868606307302
0,0,0.04545164138543686
0,0,0.042684481893493866
0,0,0.04434531779850979
1,0,0.0546458845327247
0,0,0.045156058517850296
0,0,0.042217375160979814
0,0,0.0459188316065592
0,0,0.04391398963180064
0,0,0.058149678853818
0,0,0.04366263689664652
0,0,0.044037921005576
0,0,0.04306034403185285
0,0,0.042564386266230624
0,0,0.04430001779669342
0,0,0.04525260855402127
0,0,0.03752845818502127
0,0,0.04912819834899871
0,0,0.0279696462503884
0,0,0.044244112072652594
0,0,0.04315668048071499
0,0,0.04329207219204226
0,0,0.04442421358447519
0,0,0.045102325139340996
0,0,0.04348997480727229
0,0,0.04104292635456841
0,0,0.04286904514352172
0,0,0.041967563370104086
0,0,0.06776275205214535
1,0,0.04553447457479825
0,0,0.041286551333358075
0,0,0.04249810912219749
0,0,0.012841073226015279
0,0,0.0446700150535448
0,0,0.036185135404367734
0,0,0.05352046856494725
0,0,0.04555738689161459
0,0,0.04414369884305731
0,0,0.04195972993988951
0,0,0.043313552570504024
0,0,0.043340986634908464
0,0,0.04439438725297905
0,0,0.04428117030385357
0,0,0.043837579736521415
0,0,0.043860998091869274
0,0,0.04456984301353242
0,0,0.04381983186487205
0,0,0.039167438532364915
0,0,0.044361131273879396
0,0,0.04214080638319911
0,0,0.04292685603306743
0,0,0.0427790868594517
0,0,0.04051540235470135
0,0,0.04504166955106305
0,0,0.03499364533058519
0,0,0.03983963430069099
0,0,0.04308550420710449
0,0,0.04429098143745901
0,0,0.04507168687378566
0,0,0.04407876831487881
0,0,0.04342839171223465
0,0,0.04412981689909236
0,0,0.04308522357616444
0,0,0.04397582786755216
0,0,0.0413326779153623
0,0,0.044588409540929366
0,0,0.04536321764554896
1,0,0.044646559638819194
0,0,0.04450609325174656
0,0,0.04434855453130262
0,0,0.04393284038287408
0,0,0.04341613122938204
0,0,0.04336951924318274
0,0,0.053088185767351095
0,0,0.04358437628389547
0,0,0.040497998908314195
0,0,0.04498624755085838
0,0,0.05415863475133796
0,0,0.0441522381359036
0,0,0.04296321908730242
0,0,0.038496056968482024
0,0,0.04399486790698657
0,0,0.04192254274257173
0,0,0.029793917926288997
0,0,0.044006436298992584
0,0,0.03664989909201075
0,0,0.04519223995559089
0,0,0.04058430038868976
0,0,0.04222847474979135
0,0,0.04389985069418488
0,0,0.04469452304157923
0,0,0.04414486712939799
0,0,0.04541921468052388
0,0,0.04437167162350084
1,0,0.04090983466213807
0,0,0.04011523625980287
0,0,0.040473048014962695
0,0,0.04585653308817897
0,0,0.04574924631219259
0,0,0.04528931765447178
0,0,0.044993324507812855
0,0,0.0421493235638665
0,0,0.033782379743759694
0,0,0.04506407766435488
0,0,0.045113884297077224
0,0,0.04476101276224432
0,0,0.04142900131574819
0,0,0.0425172210349435
0,0,0.04459953782055119
0,0,0.04180499263293463
0,0,0.03946905447641939
0,0,0.04247488750892367
0,0,0.045202297352149784
0,0,0.043962788388865554
0,0,0.04347652454608101
0,0,0.04432540029355403
0,0,0.040217766692973674
0,0,0.04348703133832559
0,0,0.043521966282785214
0,0,0.041974687447968465
1,0,0.04428812056586677
0,0,0.08163768350308263
0,0,0.045958334427200445
0,0,0.049814843476512584
0,0,0.043394048628414485
0,0,0.0454091924783145
0,0,0.05268118493741353
0,0,0.042129008633245216
0,0,0.044563300622174964
0,0,0.04403276083504874
0,0,0.03977203736872199
0,0,0.04075381629960584
0,0,0.044773423180116775
0,0,0.033895328432076814
0,0,0.04173437526739563
0,0,0.0451625167405869
0,0,0.04385767555984571
0,0,0.04812129221348097
0,0,0.04316570620777427
0,0,0.0430165370910465
0,0,0.06952472804876345
0,0,0.04376324441031028
0,0,0.03820169531655625
0,0,0.03890541611206145
0,0,0.04246324510380306
0,0,0.042981628240831946
1,0,0.05535051699256625
0,0,0.043935182411011686
0,0,0.04478810034783902
1,0,0.04424422972466951
1,1,1.0
0,0,0.03990428297156506
0,0,0.04013168364002656
0,0,0.044526092915017926
0,0,0.04440858909441545
0,0,0.03830251355446655
0,0,0.04511664075398914
0,0,0.04585653308817897
0,0,0.04616357479279374
0,0,0.04210314230534673
0,0,0.041548611959503365
0,0,0.038705568400126775
0,0,0.04452433030877259
0,0,0.04385767555984571
0,0,0.04222378605932053
0,0,0.042097870946263556
0,0,0.04565473843365141
0,0,0.044634424854879264
0,0,0.045172142350173465
0,0,0.04436986590039849
0,0,0.048330119942873354
0,0,0.04310177416196217
0,0,0.04381709061372227
1,0,0.044343752895160765
0,0,0.04536704615181181
0,0,0.04284913744335486
0,0,0.04501931798237741
0,0,0.04478488494640049
0,0,0.029628648575416562
0,0,0.043506307948401685
0,0,0.04277382049628867
0,0,0.04382996450494817
0,0,0.03427118349001528
0,0,0.04205298227033758
0,0,0.02491724608980642
0,0,0.04003951616548372
0,0,0.026867679103139287
0,0,0.045662722549374535
0,0,0.05299028161210046
0,0,0.04211511651562767
0,0,0.04067563970834162
0,0,0.04418329178355159
0,0,0.061831782847641896
0,0,0.04342415700137482
0,0,0.08300897427067382
0,0,0.04439060454625805
0,0,0.043778776993733066
0,0,0.045223647146522855
0,0,0.05303535437021175
0,0,0.043170199988673275
0,0,0.042823135648806084
0,0,0.04552094478505158
0,0,0.04201815643603465
0,0,0.04510348463641962
0,0,0.04509781830473184
0,0,0.043296590485374736
0,0,0.04466954039413399
0,0,0.04467159093256631
0,0,0.04358419317619314
0,0,0.032936845909472164
0,0,0.04325942904341012
0,0,0.04505120058451987
0,0,0.04448112367279472
1,0,0.0415215629682355
0,0,0.04163083405119247
0,0,0.041159362299053086
0,0,0.044605393157313
0,0,0.05041603428391983
0,0,0.043834778886095056
0,0,0.04308175910620376
0,0,0.04511420574821541
0,0,0.04322913435194324
0,0,0.044218109477329015
0,0,0.04320188645469955
1,1,0.9844793398539397
0,0,0.04391388553595658
1,0,0.04490726074354269
0,0,0.044503314255427605
0,0,0.042923511087283386
0,0,0.04323495483653334
0,0,0.043506175646966384
0,0,0.04092227359547892
1,0,0.04474887395425284
0,0,0.04439060454625805
0,0,0.041594108743245505
0,0,0.04355242371107351
0,0,0.04449054670344127
0,0,0.044001080852565044
0,0,0.04119689355757074
0,0,0.04510205327794964
0,0,0.045394681425177316
0,0,0.044075675650025785
0,0,0.038829031431603406
0,0,0.0527147394752405
0,0,0.04368885603720013
0,0,0.045525284386000994
0,0,0.045298130457148034
0,0,0.042047405750502476
0,0,0.04429671687361164
0,0,0.03535057252741026
0,0,0.04225376839966451
0,0,0.045877058186177315
0,0,0.041626910808349696
0,0,0.04494835082286236
0,0,0.044539119342770286
0,0,0.042789372627812704
0,0,0.04123266400437899
0,0,0.04318677489122734
1,0,0.04444287604416756
0,0,0.04382270730216291
0,0,0.03747688686713632
0,0,0.04361629569556847
0,0,0.054969476523266725
0,0,0.043331770660326
0,0,0.0446706804409401
0,0,0.04348755528388437
0,0,0.04453021462795551
0,0,0.044440156125466236
0,0,0.044093323843022905
0,0,0.044689949470452704
0,0,0.01824678857298815
0,0,0.04461127987703685
0,0,0.04439806169332989
0,0,0.037153642730399145
0,0,0.04419952929217167
0,0,0.044111378996435135
0,0,0.04498624755085838
0,0,0.04371977421804719
0,0,0.038490000244678364
0,0,0.039935361735468786
0,0,0.0423481946207923
0,0,0.04438191444765154
0,0,0.04492508423638652
0,0,0.04433381522963849
0,0,0.04346874901640757
0,0,0.04361364666956875
1,0,0.044932757978608906
0,0,0.04612711206953209
0,0,0.044588409540929366
0,0,0.05141540995112849
0,0,0.045200599870443045
0,0,0.04379716003617709
0,0,0.045741041371053594
0,0,0.05847807978568804
0,0,0.04380143533410691
0,0,0.04252776762320883
0,0,0.044481307325446764
0,0,0.044749263062101856
0,0,0.04470438852021983
0,0,0.04464157084250191
0,0,0.045052008987069965
0,0,0.04196723001663119
0,0,0.04316252299652346
0,0,0.04098077011516407
0,0,0.04281582172493186
0,0,0.042158007861789304
0,0,0.043442775234310185
0,0,0.04318461688969027
0,0,0.052577071013638364
0,0,0.04354292702783818
0,0,0.04598032052463687
0,0,0.04294306582032847
0,0,0.04389679744413355
0,0,0.043600133576828
0,0,0.04365897733729252
1,1,0.984848844879017
1,1,0.9999999999947409
0,0,0.05013455175171668
0,0,0.06049267626801279
0,0,0.0424405999841654
0,0,0.03682010734178058
0,0,0.044343642149501414
0,0,0.045415399494932805
0,0,0.04488906670765345
0,0,0.045525284386000994
0,0,0.04458610461549091
0,0,0.04450824980516504
0,0,0.04189388847535109
0,0,0.04359208141481802
0,0,0.042465895174602676
0,0,0.043836475548914136
1,0,0.046032209940148054
0,0,0.0438535443787396
0,0,0.04359852994452468
0,0,0.0443202481798785
0,0,0.045216791055094636
0,0,0.040542624620888305
0,0,0.05427473345847138
0,0,0.042603257854288826
0,0,0.0431726102241951
0,0,0.045016896552614434
0,0,0.04300009381085892
0,0,0.0424870307917899
0,0,0.04422075173992467
0,0,0.04351334359768862
1,0,0.04431905149562567
1,1,0.9999999999946318
0,0,0.04302240901375538
0,0,0.05089133309297304
0,0,0.04320580419490236
0,0,0.045525284386000994
0,0,0.043686566507969905
0,0,0.04568310728845804
0,0,0.044947716743297686
0,0,0.0405249980589568
0,0,0.04506783751164942
0,0,0.04381148049100166
0,0,0.04310140886185257
0,0,0.043567834851415084
0,0,0.0527009477094188
0,0,0.045198017428478815
0,0,0.050518059623552804
0,0,0.05412839351837571
0,0,0.04104120095383546
0,0,0.053203877345459165
0,0,0.04465513050879397
0,0,0.04506062342202326
0,0,0.04230842231532353
0,0,0.04436485514239461
0,0,0.04406967210027076
0,0,0.04584054030482154
0,0,0.04310205733080581
0,0,0.043862391873386454
0,0,0.04019983947707656
0,0,0.03799320131154868
0,0,0.04347322981425344
0,0,0.04365268495205393
1,0,0.041770595834901954
0,0,0.042696569033740334
0,0,0.04384396172066499
0,0,0.031238730992487813
0,0,0.06057054196640186
0,0,0.02183154825678603
0,0,0.030524971639962293
0,0,0.04456759935785447
0,0,0.04239105950131014
0,0,0.04451703164661168
0,0,0.044672411145376185
0,0,0.044497841225563065
0,0,0.04413112910624503
0,0,0.04435254095561372
0,0,0.04468838454701491
0,0,0.04247921988480777
0,0,0.04478472697517667
0,0,0.04473811832107879
0,0,0.04461265438690876
0,0,0.04427881939171396
0,0,0.0464330914637329
0,0,0.04181674960580523
0,0,0.044814304677764455
0,0,0.04506547946767938
0,0,0.04604269744224759
0,0,0.04492805759384406
0,0,0.0436293702165541
0,0,0.0427126885065312
0,0,0.04360798134339427
0,0,0.05125122057192438
0,0,0.04211444371691441
0,0,0.04545153035801962
0,0,0.04478646666482904
0,0,0.04405219435312437
0,0,0.044670645398794166
0,0,0.04321126696080629
0,0,0.04253195380506613
0,0,0.04338832920000207
0,0,0.04422075173992467
0,0,0.04522990009504815
0,0,0.03745449046496068
0,0,0.04450609325174656
0,0,0.04156020374620101
0,0,0.04400042558431527
0,0,0.04389718523699433
0,0,0.04558661148106267
1,0,0.0454544573426593
1,0,0.04085725458603499
0,0,0.04318553660585049
0,0,0.039324197573538
0,0,0.0454544573426593
0,0,0.04493097428116275
0,0,0.04069997747589763
0,0,0.045323644189323116
0,0,0.04360798134339427
0,0,0.04191208647068441
0,0,0.04438499683196566
0,0,0.04115029924412702
0,0,0.04265742492953846
0,0,0.04024149836936197
0,0,0.044337542111215246
0,0,0.037566016826235914
0,0,0.04065779658192901
0,0,0.03395867757137341
0,0,0.039451653553564114
0,0,0.04495086491290488
1,1,1.0
0,0,0.04468561859071687
0,0,0.044721074683007025
0,0,0.0430425505554255
0,0,0.04340191990257089
0,0,0.0429840208808217
0,0,0.04516804991441085
0,0,0.04177434087516073
0,0,0.04513272488409092
1,0,0.04322218544009773
0,0,0.04564691109393116
0,0,0.043743206148461354
0,0,0.045990514289312966
1,0,0.03570752158331487
0,0,0.04445037373012779
0,0,0.044011035850131545
0,0,0.044886824487491074
0,0,0.04050934094302357
0,0,0.04473677978224995
1,0,0.04385767555984571
0,0,0.051643686451754406
0,0,0.03304046765109007
0,0,0.0434967455731856
0,0,0.04506062342202326
1,0,0.04108863378739734
0,0,0.0412841026965491
0,0,0.04455759703532527
0,0,0.04470409531628622
0,0,0.044070611008522165
0,0,0.04418385896574232
0,0,0.04286241774743878
0,0,0.043407773852336934
0,0,0.04453722570252501
0,0,0.042820786201396885
0,0,0.043761014877880006
0,0,0.04247473187386501
0,0,0.04186002732460316
0,0,0.045237329725290334
0,0,0.04210086341926252
0,0,0.04504473626811313
0,0,0.045024030275671145
0,0,0.05965984014373927
0,0,0.042012761773594254
0,0,0.043324446227062496
0,0,0.04248610135517058
0,0,0.05139879205938345
0,0,0.045261358124324504
0,0,0.044206420981576414
0,0,0.045113336941045315
0,0,0.03780389207806898
0,0,0.04445345895411437
0,0,0.04487732659519409
0,0,0.045541332945106816
0,0,0.04116744394084315
0,0,0.04422625575389714
0,0,0.03992991612463287
0,0,0.04387727990040165
0,0,0.04583272245644881
0,0,0.041956939402655165
0,0,0.04385767555984571
0,0,0.04509838580786387
0,0,0.0439301541316128
0,0,0.04133250525479345
0,0,0.053138110292435
0,0,0.05044197296730632
0,0,0.04550735843179367
0,0,0.04580707946574689
0,0,0.04429098143745901
1,0,0.04410832758048017
0,0,0.04219042546466242
0,0,0.04507168687378566
0,0,0.04385767555984571
0,0,0.04405099617735771
0,0,0.0513052264181483
0,0,0.043690722649614086
0,0,0.04409601510999246
0,0,0.04124218379318866
0,0,0.04372055615307253
0,0,0.045269238807959473
0,0,0.05434759005296259
0,0,0.04498304009946173
0,0,0.03165081549124715
0,0,0.04085254364680839
0,0,0.04229722622969768
0,0,0.04471317932600626
0,0,0.044704576384826646
0,0,0.03569290858094103
0,0,0.05559186048037201
0,0,0.041600395986060995
1,0,0.043593641608765714
0,0,0.03883466174001379
0,0,0.03830613541163227
0,0,0.04539708966556781
0,0,0.040750827306111265
0,0,0.060212513127841955
0,0,0.04541036647016708
0,0,0.044272169994320994
0,0,0.04474207549554374
0,0,0.041173701194430985
0,0,0.04321099536884075
1,0,0.04454182365956001
0,0,0.04404039162221134
0,0,0.0453302373651164
0,0,0.04567152983136029
0,0,0.036703331169136585
0,0,0.045668256053514704
0,0,0.04475245707678672
0,0,0.044401293978660626
0,0,0.045177682427584236
0,0,0.016577139882966965
0,0,0.04155992276880978
1,1,0.9999999999999962
0,0,0.04085055540250308
0,0,0.04422625575389714
0,0,0.03743798917759473
0,0,0.04285519911334591
0,0,0.042924487137250264
0,0,0.04446872519345639
0,0,0.04458248834550463
0,0,0.050039601303015865
0,0,0.04538110609827213
0,0,0.04506899616396125
0,0,0.04311807037641135
0,0,0.042764502055029706
0,0,0.044682124689684036
0,0,0.04414737771512152
0,0,0.04388171759218828
0,0,0.04431319682290638
0,0,0.04125188811469927
1,0,0.035334565654508536
1,0,0.04463337951609012
0,0,0.04562020956700429
1,0,0.04221562428311865
0,0,0.0404790253234159
1,0,0.04338879403896522
0,0,0.04482105564083408
0,0,0.04011886089394084
0,0,0.038778571327800014
0,0,0.04331140371111188
0,0,0.04358419317619314
1,0,0.04450747850689045
1,1,0.9876757148386275
0,0,0.044389194759367055
0,0,0.044469845110970824
0,0,0.04404877126028955
0,0,0.03925445197469895
0,0,0.04514065783433582
0,0,0.022866918387307176
0,0,0.04439917957302648
0,0,0.05356114492055952
0,0,0.043156342389695006
0,0,0.04100897140783916
0,0,0.03850391226763168
0,0,0.050436923720322865
0,0,0.040547494553114634
0,0,0.043767591956610286
0,0,0.044704576384826646
0,0,0.04299636485937222
0,0,0.0453797543440949
0,0,0.03918696244728953
0,0,0.044094270690917314
0,0,0.04434761254390737
1,0,0.04416032209007213
0,0,0.04611282865271211
0,0,0.04584054030482154
0,0,0.03065930974166846
1,1,1.0
0,0,0.045200749881002776
0,0,0.04306572699721335
0,0,0.044870619212868376
0,0,0.043669542190435874
0,0,0.04294306582032847
0,0,0.043407773852336934
0,0,0.0398346641950946
0,0,0.04551707959712233
0,0,0.04156084806670261
0,0,0.044705995719544436
0,0,0.04332997281785039
0,0,0.04056536950408647
0,0,0.04604988852332471
0,0,0.04126009259783656
0,0,0.05581963276159528
0,0,0.044338787647615986
0,0,0.04385767555984571
0,0,0.0406065740372839
1,1,0.9850108647041638
0,0,0.04384583492186362
0,0,0.044749813092029626
0,0,0.03146497578794911
0,0,0.0447031570930615
0,0,0.04394349170719635
0,0,0.04297756013053334
0,0,0.045010264558347564
0,0,0.04272584199721775
0,0,0.04333427834355013
0,0,0.04247793872788522
0,0,0.04530970051922132
0,0,0.04527242090166619
0,0,0.043740637199620104
0,0,0.043797976017153274
1,1,0.9999999999947824
0,0,0.04372040149927448
0,0,0.05368018608488205
0,0,0.04494927964548457
0,0,0.043324446227062496
0,0,0.04457125827015668
0,0,0.04287431354749248
0,0,0.040918908979456915
0,0,0.03468184372486675
0,0,0.043567834851415084
0,0,0.0438535443787396
0,0,0.04087630825150462
0,0,0.08519547693643881
0,0,0.03817190249935318
0,0,0.008722880087753194
0,0,0.03790379980090546
0,0,0.044694805495441
0,0,0.04323205383408239
0,0,0.04532280975803433
0,0,0.03538184385112896
0,0,0.04482062791866197
0,0,0.04405346943984893
0,0,0.04515193701921818
1,1,0.9999999921995314
0,0,0.04407917846737408
0,0,0.04286269417702371
1,0,0.04468885789953448
0,0,0.04318263889747872
0,0,0.04323448886693927
0,0,0.0448289680605509
0,0,0.04549411499593601
0,0,0.04301337449457
0,0,0.044133424715683336
1,1,1.0
0,0,0.044289418362722856
0,0,0.04345157543233431
0,0,0.044241052167807014
0,0,0.045414005227277905
0,0,0.0366706418744487
0,0,0.04224206627003941
0,0,0.045621656584032784
0,0,0.051079479817652436
0,0,0.04473410056710314
0,0,0.04462062254466366
0,0,0.04076686522703904
0,0,0.04267207879732654
0,0,0.0372860888667326
0,0,0.054224142855312525
0,0,0.04336141640270256
0,0,0.04578826094884874
0,0,0.03889927017629946
0,0,0.044834460924341665
0,0,0.04384802786585924
0,0,0.0421844765477361
0,0,0.0426103302443017
0,0,0.04488024834565959
0,0,0.04082662187071981
0,0,0.04277355479605578
0,0,0.04495368443606508
0,0,0.04402958971242251
0,0,0.04514659536027068
0,0,0.050892522578971575
0,0,0.04390407103720053
0,0,0.04056028252348208
0,0,0.04963886788320263
0,0,0.040122029594841215
0,0,0.041011220064814814
0,0,0.04478646666482904
0,0,0.04363094060311851
0,0,0.04476101276224432
0,0,0.04328325991805063
0,0,0.05389781124972212
0,0,0.04355810572705798
0,0,0.04336494903448904
0,0,0.04270728621658231
0,0,0.04547153886935905
0,0,0.04233967458716206
0,0,0.041969871002104836
0,0,0.03335167887956243
0,0,0.04428957466782915
0,0,0.04031383029256928
0,0,0.045395649432501364
0,0,0.041018726565407365
0,0,0.04351334359768862
0,0,0.0445049856871412
1,1,1.0
0,0,0.04450494839633192
1,0,0.04596930545682903
0,0,0.04486863014254995
0,0,0.04462560435187214
0,0,0.04331140371111188
0,0,0.043090440362137945
0,0,0.04556655598617098
0,0,0.03959350117205432
0,0,0.045005668768642315
0,0,0.04154190621939863
0,0,0.04390540434816507
0,0,0.04434133672183677
1,1,1.0
0,0,0.045048964776387805
0,0,0.045742211630988266
0,0,0.04419501548128555
0,0,0.04137814514352288
0,0,0.05077390281763087
1,0,0.04530970051922132
0,0,0.04551961809267218
0,0,0.04118951515954386
1,1,0.9999894386710612
1,1,0.9999999999942806
0,0,0.05117501350517445
0,0,0.04230629591916282
0,0,0.04258220115565928
0,0,0.03982973388313537
0,0,0.04333169028675076
0,0,0.04511785795768315
0,0,0.043736684517375814
0,0,0.04327109116118203
0,0,0.04508614287107796
0,0,0.04338688977729584
0,0,0.04386561570561446
0,0,0.044944709293924336
0,0,0.051760722142850484
0,0,0.044749813092029626
0,0,0.043044071607273325
0,0,0.043699909269902776
0,0,0.04604075801179128
1,0,0.04462862156095641
0,0,0.0431429788098731
0,0,0.041888309415404286
0,0,0.0443346510130722
0,0,0.044551704174551794
0,0,0.045246254921550946
0,0,0.045130827605111674
0,0,0.043498567601348535
0,0,0.04317677500984489
0,0,0.043340139186766255
0,0,0.032199716932417105
0,0,0.04223942955104685
0,0,0.044484572566516806
0,0,0.04376031258256226
0,0,0.04509727587314462
0,0,0.04444004610176695
0,0,0.04439060454625805
1,1,0.999999999994795
0,0,0.04289060255834329
0,0,0.050837015610869646
0,0,0.039446534051717025
0,0,0.05236089290656969
0,0,0.04474207549554374
0,0,0.04207596054612079
0,0,0.04430332962079041
0,0,0.04417784668015031
0,0,0.02553382414056377
0,0,0.04390891226005372
0,0,0.04535719816839279
0,0,0.04432727359297545
0,0,0.04350272132445036
0,0,0.04365421899350524
0,0,0.045886486649965565
0,0,0.044618612639229616
0,0,0.05558305833683998
1,0,0.04405512898625473
0,0,0.04541810257168837
0,0,0.027270115801504274
1,1,0.9999999999999962
0,0,0.044726067180461175
0,0,0.04482770742151426
0,0,0.042046498288933296
0,0,0.050166714192752836
0,0,0.04431905149562567
0,0,0.026175621539526503
0,0,0.0495848687755751
0,0,0.044896198151585145
0,0,0.044383193902195764
0,0,0.04600577322944555
0,0,0.044446294613925554
0,0,0.04578197456088466
0,0,0.04349239744249304
0,0,0.04182099600279309
0,0,0.037234116626084404
0,0,0.03608052690586036
0,0,0.045092704846663216
0,0,0.04284767005350312
0,0,0.045826290400632165
0,0,0.05263390035140616
0,0,0.04460787502984926
0,0,0.044812882065738135
0,0,0.04450609325174656
0,0,0.04407419875608871
0,0,0.043914379243712484
0,0,0.04376171538587525
0,0,0.0198691496514214
0,0,0.044986920507945886
0,0,0.044340389543164056
0,0,0.04244064624329702
0,0,0.05362623498582528
0,0,0.044444343727122956
0,0,0.043795281408514006
0,0,0.044409938976410004
0,0,0.05068501705421201
0,0,0.051917093529835326
0,0,0.037123034755447586
1,0,0.045467532081183565
0,0,0.04428626031801373
0,0,0.045061292364789785
0,0,0.0435498338412202
0,0,0.0595874380689705
0,0,0.04385767555984571
0,0,0.03590979332360999
0,0,0.04473552358906701
0,0,0.0416111258758592
0,0,0.03438453645043334
0,0,0.0462123791967774
0,0,0.045676331522611344
0,0,0.04616389999302867
0,0,0.04353333406713925
0,0,0.037506756076775796
0,0,0.0419163853489532
0,0,0.04523343177075389
0,0,0.04422998405407455
0,0,0.04326218338241463
0,0,0.0439799888768441
0,0,0.044125434765074995
0,0,0.042794620573724115
0,0,0.04497543754989599
0,0,0.04082004985340377
0,0,0.04433176617119429
0,0,0.04260330923120683
0,0,0.04387939962237815
0,0,0.04450630107092935
0,0,0.045886486649965565
0,0,0.04376716488139977
0,0,0.04191208647068441
0,0,0.07285865768719742
0,0,0.04543987946663498
0,0,0.04500354338439667
0,0,0.044795599375969504
0,0,0.0552446757074243
0,0,0.04382611242807011
0,0,0.04027576190330402
0,0,0.04265649284040905
0,0,0.04173193967650492
0,0,0.04352891871653653
0,0,0.0434607342668727
0,0,0.0455705477278217
0,0,0.040797501432536326
0,0,0.045565233172670534
0,0,0.043477112958969624
0,0,0.044418618064524094
1,0,0.05558375375991539
0,0,0.05468922201402707
1,1,1.0
0,0,0.04388781185848956
0,0,0.04007619108699874
0,0,0.04473593929582004
0,0,0.045658640666180826
0,0,0.04386561570561446
0,0,0.044188326570864606
0,0,0.04585653308817897
0,0,0.05290396009890282
0,0,0.04500294385344031
0,0,0.043986781130754105
0,0,0.041288209925027346
0,0,0.045759688521177296
0,0,0.04230264747206246
0,0,0.042708344521881866
1,0,0.04236118229781847
0,0,0.051599715198174315
0,0,0.06960924000237928
0,0,0.04517675151525756
0,0,0.060476349574822987
0,0,0.04339982563894131
0,0,0.04301671792115263
0,0,0.04535842155380977
0,0,0.042212858344014635
0,0,0.038407742355042046
0,0,0.03431042210947427
0,0,0.04519184607777826
0,0,0.04426554549330011
0,0,0.04447335475700588
0,0,0.04490573028206923
0,0,0.03936252397725443
0,0,0.0450274208239706
0,0,0.04385767555984571
0,0,0.045525284386000994
0,0,0.04402475538868674
0,0,0.04501788916901145
0,0,0.04488906670765345
0,0,0.04679566719548378
0,0,0.04436662795314675
0,0,0.04402480054997864
1,1,0.9999886357094413
0,0,0.045090424167170906
0,0,0.040811576376096566
0,0,0.04042984411478786
0,0,0.031491020455254634
0,0,0.04202550441028531
0,0,0.044620720693726704
0,0,0.04294306582032847
0,0,0.04385622335408056
0,0,0.04468838454701491
0,0,0.0446689205436274
1,0,0.038703105779621744
0,0,0.030759226252229512
0,0,0.044555079886981
1,0,0.04511667673254142
0,0,0.05267204065877407
0,0,0.04409964240299652
1,1,0.999999999999996
0,0,0.05268370360351355
0,0,0.04358419317619314
0,0,0.04528685240133885
0,0,0.041515032702912624
0,0,0.04422075173992467
0,0,0.04541939416151802
0,0,0.04487099573107897
0,0,0.0459699269618576
0,0,0.04615138135755142
0,0,0.04447215690921112
0,0,0.04581660325649845
0,0,0.02921281997454114
0,0,0.04299172114279961
0,0,0.04489235828798951
0,0,0.05095722234151047
0,0,0.04455955130603571
0,0,0.049401933812166544
0,0,0.04421873111493414
0,0,0.029540557325501142
0,0,0.041013379470304395
0,0,0.04316570620777427
1,0,0.04405700280688067
0,0,0.0457391445893499
0,0,0.05148494323989362
0,0,0.04539153771040465
0,0,0.04516571100976205
0,0,0.043473226832170066
0,0,0.040262280794732354
0,0,0.06341081941330994
0,0,0.04536669881475303
0,0,0.04422075173992467
0,0,0.043455217870002456
0,0,0.04269003155648314
0,0,0.04517016592244151
0,0,0.04600470776220216
0,0,0.04460385041986779
0,0,0.04211569895513104
0,0,0.04422075173992467
0,0,0.04454920424358174
0,0,0.03902518181435588
0,0,0.04406299577857763
0,0,0.04404218455464372
0,0,0.04456339287999921
0,0,0.0444226460263889
0,0,0.0447722959755927
0,0,0.04418080640302045
0,0,0.0442144474251512
0,0,0.053108373933549044
0,0,0.04505267917781096
0,0,0.0438771249835483
0,0,0.04215254163244302
0,0,0.04455567651290844
0,0,0.042625731881295266
0,0,0.046053676781533034
0,0,0.0396909137486793
0,0,0.05374711061738337
0,0,0.04497543754989599
0,0,0.03929705170714027
0,0,0.044044845050959895
0,0,0.042786104122415715
0,0,0.04486834923814271
0,0,0.045410206397546324
0,0,0.04579399252157226
0,0,0.045886486649965565
0,0,0.04068054982682595
0,0,0.044491504193981374
0,0,0.0377011763257507
0,0,0.045415008809952834
0,0,0.045642028727857525
1,0,0.04443957844514574
0,0,0.04334769201461892
0,0,0.04384241396370664
0,0,0.04385767555984571
0,0,0.042015792418396335
0,0,0.044649062806502667
0,0,0.04022591984351769
1,0,0.04347473390174836
0,0,0.04506899616396125
0,0,0.04942957307677962
1,0,0.04178162189779834
0,0,0.02838414879378927
0,0,0.04555197113126997
0,0,0.04191877250878267
0,0,0.044438497036717255
0,0,0.044838374253575695
0,0,0.034541471714159465
0,0,0.0403774618088803
0,0,0.045250921945827076
0,0,0.044234986217287706
0,0,0.051835475980803083
0,0,0.044870619212868376
0,0,0.04020646478109529
0,0,0.04495387816263869
0,0,0.04454642145742303
0,0,0.041972268451181
0,0,0.042975164884568845
0,0,0.04121946891863077
0,0,0.0457096902312242
0,0,0.04498624755085838
0,0,0.0447722959755927
1,0,0.043413181273751406
1,1,0.9999891533313667
0,0,0.04423593873044529
0,0,0.04354950941288809
0,0,0.04110643666646988
0,0,0.04424301901906642
0,0,0.04127384423088593
0,0,0.044200263167542365
0,0,0.04262191846280308
0,0,0.05312662148875898
1,0,0.04385767555984571
0,0,0.04383448524221507
0,0,0.04498701853499811
0,0,0.04235574198126032
0,0,0.0451193915317272
0,0,0.04522757975614533
0,0,0.045886486649965565
0,0,0.04399958219830161
0,0,0.042804649255668605
0,0,0.04364572137436757
0,0,0.03961476504696678
0,0,0.044633313975576266
0,0,0.04274969324536706
0,0,0.043630785581333674
0,0,0.04504632474330118
0,0,0.04480446998736149
0,0,0.04494312423337639
0,0,0.04448107460993014
0,0,0.04239406975344637
0,0,0.0453576451292359
0,0,0.034522953242811204
0,0,0.04171747233445111
0,0,0.04481220326113297
0,0,0.06367988883736128
0,0,0.041783276207544816
0,0,0.044896198151585145
0,0,0.03391815704393434
0,0,0.04337518377587761
0,0,0.052000180510480006
0,0,0.04385767555984571
0,0,0.0408878155735312
0,0,0.041978457356599184
0,0,0.04043761470336236
0,0,0.045467532081183565
0,0,0.04604751238959887
1,0,0.0430865938166022
0,0,0.05199512960827013
0,0,0.029372469407529533
0,0,0.040038590170285576
0,0,0.05390468087193189
0,0,0.05237751408644153
0,0,0.045066583854524125
0,0,0.0454353297216044
0,0,0.045132291990448506
0,0,0.05218349913506703
0,0,0.040382258170186265
0,0,0.0442262395782756
0,0,0.041880138251604866
0,0,0.04069386752718717
1,0,0.05166309413114093
0,0,0.04537351018777732
0,0,0.041132420640720424
0,0,0.043706082129986654
0,0,0.039422608961230406
0,0,0.044539119342770286
0,0,0.04270894588298076
0,0,0.04604988852332471
0,0,0.04461642285111422
0,0,0.05276413251303927
1,0,0.053726113515010304
0,0,0.04336277862889785
0,0,0.04416238586969497
1,0,0.05158024539877183
0,0,0.043699909269902776
0,0,0.04269248818815491
0,0,0.03998058076344437
0,0,0.04493053256041875
0,0,0.04318443175849345
0,0,0.043625437576523804
0,0,0.04033325259991553
0,0,0.034495332525061526
0,0,0.044454058753352864
0,0,0.04803097868941596
0,0,0.04375954997870541
0,0,0.04543605859327697
0,0,0.05055483548146537
0,0,0.043181279111907105
0,0,0.04468004653755964
0,0,0.043262778525405075
1,0,0.04587814025839869
0,0,0.04237542541836227
0,0,0.045680743265239236
0,0,0.04445759884424903
1,1,0.9876269985715928
0,0,0.04035302877229669
0,0,0.04438988862351041
0,0,0.03009499576834524
0,0,0.043489167955122976
0,0,0.03603295813770765
0,0,0.044518790926917164
0,0,0.0441299135489875
0,0,0.04553988835419727
0,0,0.026012226949042774
1,0,0.04422485094495206
0,0,0.03784902973615768
1,0,0.03918691951431154
0,0,0.04289390250509106
0,0,0.04076864249692039
0,0,0.04101156213614031
0,0,0.04504705610599618
0,0,0.044704576384826646
0,0,0.07799880544617202
0,0,0.04287193858099163
0,0,0.042749873263207325
0,0,0.03983497057288929
0,0,0.04316994115580703
0,0,0.04511780060170676
0,0,0.03854557300368859
0,0,0.045177009845324245
0,0,0.044665705404218964
0,0,0.04384393491669995
0,0,0.04404790040570255
0,0,0.034615628423106226
0,0,0.04500195634672134
0,0,0.044704576384826646
0,0,0.0418117929690968
0,0,0.04498624755085838
0,0,0.03491958877639235
0,0,0.033081454358638775
0,0,0.044886824487491074
0,0,0.04356965726160933
0,0,0.045937547746918855
0,0,0.049656180514986416
0,0,0.04466985746855728
0,0,0.04400640953673434
0,0,0.04537553942892649
0,0,0.04270667445209953
0,0,0.04369381325788709
0,0,0.042412007414275796
0,0,0.04578826094884874
0,0,0.044196402953377435
0,0,0.044618458013911615
0,0,0.043157655269019365
0,0,0.04381835179286775
0,0,0.044409426759917554
0,0,0.04317685405551343
0,0,0.04342001983412303
0,0,0.03553343210661754
0,0,0.045359315917563404
0,0,0.042951624815992066
0,0,0.04578197456088466
0,0,0.04422895644463611
0,0,0.043273436409328354
0,0,0.04449276286889344
0,0,0.04514659536027068
0,0,0.04606465265645185
0,0,0.04553181437717752
0,0,0.04394035518199897
0,0,0.04480068672865184
0,0,0.04510205327794964
0,0,0.0459699269618576
0,0,0.045453460399866
0,0,0.04409411820270352
0,0,0.04293747818419479
0,0,0.04481790315195536
0,0,0.04428515931811773
0,0,0.04509826255738884
0,0,0.044427057118402453
0,0,0.036185135404367734
0,0,0.044178946682205594
0,0,0.04466261770467106
0,0,0.04434133672183677
0,0,0.04448351735668203
0,0,0.04474004374991601
0,0,0.03845827495264659
1,1,0.9851822983148405
0,0,0.05333526072218368
0,0,0.045024030275671145
0,0,0.05310431051291427
0,0,0.053095759527114664
0,0,0.03693311308989496
0,0,0.045564227813423015
0,0,0.040116195876577256
0,0,0.04277355479605578
0,0,0.04359377688978443
0,0,0.04362105408532643
0,0,0.044720079516818834
0,0,0.04439538328473006
0,0,0.04452470113744475
0,0,0.04296897226367468
0,0,0.0446550818761182
0,0,0.042530403296745
0,0,0.04489575552405968
0,0,0.04447326843681151
0,0,0.044085381602640514
0,0,0.0432032991897077
0,0,0.0450775214526803
0,0,0.043797079641441986
0,0,0.04146199584246037
0,0,0.04184947248597097
0,0,0.04386448656922059
0,0,0.04452355691053567
0,0,0.04276281422303034
0,0,0.04259424046546263
0,0,0.04329512920043594
0,0,0.0439799888768441
0,0,0.043223559839586784
0,0,0.04216854113883101
0,0,0.045065638382492945
0,0,0.042537210218714386
0,0,0.043112630637717655
0,0,0.04325091216621498
0,0,0.03698501751581388
1,1,1.0
0,0,0.04490699000263807
0,0,0.04322500951814572
0,0,0.043324446227062496
0,0,0.04524076835968323
0,0,0.0433167838129957
0,0,0.045387764643751605
0,0,0.04176347872326987
0,0,0.04417895961076689
0,0,0.04437475576104651
0,0,0.04012757149013577
0,0,0.04306048890278819
0,0,0.04319174439647412
0,0,0.045780361387992734
0,0,0.044501721797350076
0,0,0.03974354122229782
0,0,0.03837862070042817
0,0,0.04474914378655128
0,0,0.04385767555984571
1,0,0.04501788916901145
0,0,0.038975622528281365
0,0,0.04382841695385369
0,0,0.04609433198835247
0,0,0.045212521386295425
0,0,0.0459699269618576
1,1,0.9999999999999962
0,0,0.049870285053674863
0,0,0.03975650979999916
0,0,0.045534262183420444
0,0,0.0379232444661567
0,0,0.032635993686075775
0,0,0.043569888150509925
0,0,0.05287589795299399
1,0,0.041893987738300754
0,0,0.04490159390403739
0,0,0.04381717077796271
0,0,0.04156807729892159
0,0,0.03697652702369526
0,0,0.03953787985857488
0,0,0.043705220473069
0,0,0.044338787647615986
0,0,0.04611481943862115
0,0,0.04419233461525215
1,1,0.9855858524506508
0,0,0.03376980166705609
0,0,0.04443374968322604
0,0,0.042767683988297236
0,0,0.042277875124616476
1,1,0.9850528617315694
0,0,0.0447870892997547
0,0,0.04286384644013565
0,0,0.04167978421591933
0,0,0.040874878095408324
0,0,0.0454770184017914
0,0,0.04896152903462129
0,0,0.04205136399630101
0,0,0.04471190435647483
0,0,0.04402550682943933
0,0,0.044391184530399884
0,0,0.0449674829658901
0,0,0.04413739101316842
0,0,0.04328077281260987
0,0,0.04221236706205692
0,0,0.042079392411292264
0,0,0.039530233937393876
0,0,0.04227741901425727
0,0,0.04402868606307302
0,0,0.041116929072778814
0,0,0.04414893600849087
0,0,0.044800080494233396
0,0,0.04958570343781523
0,0,0.042951023799593625
1,0,0.04459838788799619
0,0,0.04519294144394395
1,0,0.043526242893314075
0,0,0.04469452304157923
0,0,0.04225331518351753
0,0,0.03354758528813979
0,0,0.04587851295849344
0,0,0.04532129657363777
0,0,0.037400315692212124
0,0,0.04535355655360019
0,0,0.05252077489713965
0,0,0.04462560435187214
0,0,0.041864269610979485
0,0,0.04478472697517667
0,0,0.04527731805771762
0,0,0.04301421827084761
0,0,0.041564953109096
0,0,0.044620720693726704
0,0,0.04860065293671017
0,0,0.043951040936308576
0,0,0.04421887127692977
0,0,0.04360287390685993
0,0,0.04555554034304362
0,0,0.04514659536027068
0,0,0.046005157716760094
0,0,0.04504473626811313
0,0,0.04111980049556208
0,0,0.04280630436756298
0,0,0.044087071527646446
0,0,0.04337502227875142
0,0,0.04389911294361708
0,0,0.04552448209943599
0,0,0.04521614531452557
0,0,0.046579065427194664
0,0,0.04550320355778064
0,0,0.043522189300001374
0,0,0.042981628240831946
1,1,0.984099363833304
0,0,0.04443706203612957
0,0,0.042608465454322814
0,0,0.04399958219830161
1,0,0.044718138289076975
0,0,0.033679122526137466
0,0,0.04513445244186937
0,0,0.0459253601397121
0,0,0.041937686807696856
1,0,0.043810256501453135
0,0,0.04420807490858494
0,0,0.04538144179651251
0,0,0.04584822801424997
0,0,0.045899317222905446
0,0,0.03724220604768809
0,0,0.041926515363488855
0,0,0.04296452995868983
0,0,0.05597618402205396
0,0,0.04549800415407102
0,0,0.03896234436623122
0,0,0.04439060454625805
0,0,0.042498827034935946
0,0,0.0505014791563538
0,0,0.04385767555984571
0,0,0.04533949226054761
0,0,0.04351831797714295
0,0,0.05008050724184587
0,0,0.04498624755085838
0,0,0.044072136153318356
0,0,0.042446652688610004
0,0,0.04772340435728558
0,0,0.041153899822744984
0,0,0.043996168303504495
1,0,0.05482802203274789
0,0,0.04555554034304362
0,0,0.03587994683362749
0,0,0.04307838318549183
1,0,0.04452477222634793
0,0,0.041781273683354846
0,0,0.04523107511079534
0,0,0.04478576886919475
0,0,0.043130062557630876
0,0,0.043014021959462904
0,0,0.04385767555984571
0,0,0.04353463145995076
0,0,0.03958862233662921
0,0,0.034169274537895145
0,0,0.0415413894609628
0,0,0.045926361205687403
0,0,0.04514496756362416
1,0,0.053001656149673386
0,0,0.043141465610908085
0,0,0.042321190568311254
0,0,0.044870619212868376
0,0,0.045187529121189424
0,0,0.045814988922014854
0,0,0.04308522357616444
0,0,0.040689974067811274
0,0,0.044122815690914766
0,0,0.039759801426755885
0,0,0.04120112159905746
1,0,0.04450609325174656
0,0,0.04429305077203711
0,0,0.045113336941045315
0,0,0.053745654897468326
0,0,0.04510348463641962
0,0,0.05212489461428461
0,0,0.04721336951488879
0,0,0.0405663732633324
0,0,0.04350085761010222
0,0,0.04281582172493186
0,0,0.04379650406046775
0,0,0.04482421173944397
0,0,0.03968756014426385
1,0,0.04304142588987223
0,0,0.04548293465577361
0,0,0.04489575354248215
0,0,0.04289035809175216
0,0,0.0436048780441485
0,0,0.04417602511753736
0,0,0.04356862143796986
0,0,0.04351354699237887
0,0,0.04482451914044927
0,0,0.04356921974151985
0,0,0.041379939501741604
1,0,0.04465519302047006
0,0,0.04479609495991937
0,0,0.04200381704337439
0,0,0.04161394808715541
0,0,0.04395837972932571
0,0,0.04568797715368411
0,0,0.0449572311609725
0,0,0.04057218030412862
0,0,0.04514516269836374
0,0,0.046102045828580955
0,0,0.04345465419675283
0,0,0.041458591551361466
0,0,0.04384371340382017
0,0,0.04521940473970064
1,1,1.0
0,0,0.04436586372616444
0,0,0.04029347554909899
0,0,0.04366459532278844
0,0,0.04371474466763354
0,0,0.041575167642731566
0,0,0.04260612075433992
0,0,0.054831341458763935
0,0,0.044516810553048715
0,0,0.04324689915091456
0,0,0.043058872689448635
0,0,0.04485403807617186
0,0,0.04526279429884863
0,0,0.04431554636658602
0,0,0.04439461080912764
0,0,0.04475715631181488
0,0,0.04511420574821541
0,0,0.04513451868350029
0,0,0.04368015623763635
0,0,0.04341613122938204
0,0,0.04245453474384078
0,0,0.04213482136447841
0,0,0.032716774321345586
0,0,0.04506706863984233
1,0,0.043618528564956585
0,0,0.043565647644322414
0,0,0.04431319682290638
0,0,0.04475029462950059
0,0,0.043498310805215774
0,0,0.04849412235160147
0,0,0.030498054039358215
0,0,0.05259076288655444
0,0,0.04385767555984571
0,0,0.04093609403378677
0,0,0.04426742784924406
0,0,0.042992421043408724
0,0,0.03747688686713632
0,0,0.04237542541836227
0,0,0.04525646261265862
0,0,0.03311762883185961
0,0,0.03959624634853219
0,0,0.04473296885756461
0,0,0.0443888193229941
1,0,0.045872854431407734
0,0,0.04019746366206109
0,0,0.04302576591456021
0,0,0.04132916678800172
0,0,0.042530450045684134
0,0,0.04462560435187214
0,0,0.03385877232338467
0,0,0.04442494675243115
0,0,0.044238218033994345
0,0,0.0353907983492325
0,0,0.04492115965724883
0,0,0.029807273106014973
0,0,0.045438277773805914
0,0,0.0439013086959888
1,0,0.052459789671175136
0,0,0.04323323832431046
0,0,0.048192026231167834
0,0,0.04519825075617327
0,0,0.043567834851415084
0,0,0.03972632847515178
0,0,0.04471300048422535
0,0,0.07508820993334292
0,0,0.04319635694526375
0,0,0.04486304235384259
0,0,0.044612926565105286
0,0,0.05108401110814162
0,0,0.044588409540929366
0,0,0.03469667366703741
1,1,0.9999892807781496
0,0,0.03161823533549825
0,0,0.04295822113647589
0,0,0.04435154042977516
0,0,0.04263656360372715
0,0,0.03777101503922588
0,0,0.03949528811395373
0,0,0.04147382285931799
1,0,0.045237329725290334
0,0,0.036680378317679244
0,0,0.042423746179932005
0,0,0.045214730166006946
0,0,0.042038931053286585
0,0,0.04490159390403739
0,0,0.044739246066176526
0,0,0.04531007882223123
0,0,0.042915929961561385
0,0,0.0450845530580673
0,0,0.05342652617837362
0,0,0.033688904777792614
0,0,0.043997349565379054
0,0,0.04559026368629923
1,0,0.10165022577046527
0,0,0.04475567060260181
0,0,0.040161938152046855
0,0,0.04382513900311315
0,0,0.0409237150994161
0,0,0.045194375550323136
0,0,0.043567834851415084
0,0,0.045676331522611344
0,0,0.04307644717275537
0,0,0.044704576384826646
0,0,0.04538720037520067
0,0,0.039009760995587874
0,0,0.04463893527787372
0,0,0.04577088195627985
0,0,0.04329667792851861
0,0,0.04396072607033211
0,0,0.04116712604629239
0,0,0.03965076814375544
0,0,0.04372040149927448
0,0,0.04428888823895049
0,0,0.045777859196737394
0,0,0.04400845444497715
0,0,0.03907517566685802
0,0,0.04530728869266664
0,0,0.04407821775179503
0,0,0.04146954205707126
0,0,0.04253976105426413
0,0,0.04442415984450098
0,0,0.0435101378392307
0,0,0.04317131640766243
0,0,0.04415345306652646
0,0,0.044101638343125374
1,0,0.044871019987289186
0,0,0.04485584311119505
0,0,0.02930045470233856
0,0,0.04288741575309439
0,0,0.03568567083699198
0,0,0.0400572206843561
0,0,0.04280778608419253
0,0,0.04153432271683181
1,1,0.9999999999999962
1,0,0.04385767555984571
0,0,0.041994698057472184
0,0,0.04465710212366518
0,0,0.04333555606921714
0,0,0.04356921974151985
0,0,0.041514680695397946
0,0,0.04233901115605624
0,0,0.04478472697517667
0,0,0.04424314321013106
0,0,0.04449982492840242
0,0,0.04442400308649974
0,0,0.045889019625055046
1,0,0.04127882914176016
0,0,0.0446480500566222
0,0,0.04572620386063741
0,0,0.04462818206097768
1,0,0.04425974612342052
0,0,0.04184402917136065
0,0,0.04348713446835443
0,0,0.04526525251368025
0,0,0.04417602511753736
0,0,0.04238352618670155
0,0,0.045761301000549086
0,0,0.04469872218621077
0,0,0.0436341831308204
0,0,0.043058872689448635
0,0,0.039672505614782264
0,0,0.05363910636485945
1,0,0.04993537620185217
0,0,0.04402283577219706
0,0,0.04086956920577633
0,0,0.04129929879721349
0,0,0.045035040320601155
0,0,0.04113313596836093
0,0,0.045277383877793904
0,0,0.04543068540346601
0,0,0.04424314321013106
0,0,0.042460142770490185
0,0,0.007943754046898913
0,0,0.04371450265062404
0,0,0.045658640666180826
0,0,0.04359558411590818
1,0,0.04603859163420727
0,0,0.04495649317860271
0,0,0.044979201994680876
0,0,0.04407876831487881
0,0,0.0441519088205085
0,0,0.03894467654224448
0,0,0.03621016447630618
0,0,0.03575595453310274
0,0,0.0437312386434307
0,0,0.044465306672914484
0,0,0.04518163881241075
0,0,0.0447524816153974
0,0,0.05198643553602628
0,0,0.043141494505747474
0,0,0.04451617854996989
0,0,0.0446835433449204
0,0,0.044283074479734806
0,0,0.04249719982385709
0,0,0.044030395792467834
0,0,0.044698640213915335
1,0,0.041663440370592976
0,0,0.04087524465329499
0,0,0.07264049235970162
0,0,0.035428489074831794
0,0,0.042705140604426296
0,0,0.04522625576959808
0,0,0.044174089649977016
0,0,0.05507186971720202
0,0,0.040646231629474276
0,0,0.04425704532627775
0,0,0.04436066691191638
0,0,0.04468776539745013
0,0,0.04361729102994036
0,0,0.04429074663596144
0,0,0.042995732930056076
0,0,0.04422075173992467
0,0,0.03787991748649755
0,0,0.045967227794427225
0,0,0.04495595544584337
1,0,0.05198528136977895
0,0,0.04595975431967147
0,0,0.044701368672480576
0,0,0.04303997454164667
0,0,0.045092413748035416
0,0,0.044870619212868376
0,0,0.04492708006857993
0,0,0.043236669636347945
0,0,0.03740311702600165
0,0,0.04837315940769789
0,0,0.044139528576597684
0,0,0.04271680516661384
0,0,0.0396744554815202
0,0,0.044662842548413954
0,0,0.044179830176051905
0,0,0.04336494903448904
0,0,0.04205836645294756
0,0,0.04393284038287408
0,0,0.044965670842414436
0,0,0.040189851319724856
0,0,0.04281841962863643
0,0,0.04485387987247588
0,0,0.0428561206356661
0,0,0.04494940558654991
0,0,0.04213103803099822
0,0,0.04482084362201735
0,0,0.04418036302935068
1,1,1.0
0,0,0.04365071938376643
0,0,0.04545030423230056
0,0,0.044761501981151586
0,0,0.04538890688188977
0,0,0.0416157705407339
0,0,0.04240547052669299
0,0,0.04165464730479998
0,0,0.044383193902195764
0,0,0.03824398946733563
0,0,0.042811280203176934
0,0,0.04051284380804292
0,0,0.04417016187608951
1,0,0.04354334437437519
0,0,0.044097364600342075
0,0,0.0436927119901217
0,0,0.04332333256763068
0,0,0.04524160135209988
0,0,0.04408010863381814
0,0,0.04274015887758253
0,0,0.04072709143626221
0,0,0.04473969649014695
0,0,0.04429727476346926
0,0,0.04579679871143947
0,0,0.04404634853376876
0,0,0.04387481333310838
0,0,0.04171712909227684
0,0,0.04221236706205692
0,0,0.044860923388701755
0,0,0.04592136628118473
0,0,0.04082160340888538
0,0,0.04883109352708933
0,0,0.04361034640993906
0,0,0.04377032164300722
0,0,0.04385767555984571
0,0,0.043524859307104174
0,0,0.043461448813011436
0,0,0.045228280665848636
0,0,0.044261797878205125
0,0,0.02774007999797929
0,0,0.042390601966638713
0,0,0.04385767555984571
0,0,0.04078188021769838
0,0,0.0454529502115805
0,0,0.04497829847422528
0,0,0.04609711713295491
0,0,0.04286816503101813
0,0,0.039615168987974396
0,0,0.04591203184839014
0,0,0.032061569004484126
0,0,0.039075314322375224
1,0,0.05595522421861115
0,0,0.042266465706070906
0,0,0.042301407188165725
0,0,0.03941335959012884
0,0,0.045518588753206454
0,0,0.04195972993988951
0,0,0.04488907894631879
1,1,0.9999999999945393
0,0,0.04302264441893808
0,0,0.044236813130633684
0,0,0.060157499059005866
0,0,0.04378360309858691
0,0,0.04177071485529945
0,0,0.044883562618264865
0,0,0.0446700150535448
0,0,0.043250838535822476
0,0,0.04017185689967326
0,0,0.03125302449931284
0,0,0.04866113667322695
0,0,0.04486098576437204
0,0,0.04268908608493349
0,0,0.04362987284716787
0,0,0.044680780464764605
0,0,0.04450824980516504
0,0,0.0439013086959888
0,0,0.04498334415625038
1,0,0.05136162892014142
0,0,0.039877736746214316
0,0,0.04419233461525215
0,0,0.043820144253038394
0,0,0.051694768476950585
0,0,0.04461642285111422
0,0,0.04449123333307543
0,0,0.043428019134005715
0,0,0.05130972465187828
0,0,0.044151885065647566
0,0,0.04396287349744597
0,0,0.04439228939449392
0,0,0.042883379390202744
0,0,0.04464877749687881
0,0,0.04463435652515186
0,0,0.045127462064948415
1,0,0.045799852709943474
0,0,0.04348559847141678
0,0,0.04450824980516504
1,1,0.9999999921471184
0,0,0.040053896934732124
0,0,0.04492218911919845
1,0,0.03762852619906284
0,0,0.04557345108080991
0,0,0.04504737621249542
0,0,0.044236094855548615
0,0,0.03567318271047596
0,0,0.04246563609739114
0,0,0.044469845110970824
0,0,0.04503765187859983
0,0,0.042930840683145684
0,0,0.046200444769811756
0,0,0.044503535147149255
0,0,0.0451073547535307
0,0,0.04135853289969691
0,0,0.045761301000549086
0,0,0.04414486712939799
1,0,0.044507051330812904
0,0,0.045668256053514704
0,0,0.0424221437404042
0,0,0.03582580152203479
0,0,0.04230952544307765
0,0,0.04437106112094767
0,0,0.044980842377065795
0,0,0.044391252236296676
0,0,0.03959754483376232
0,0,0.04506783751164942
0,0,0.042363746005481887
0,0,0.038036100712551174
0,0,0.043658300235360686
0,0,0.0315745621099505
0,0,0.04322682918574899
0,0,0.043016969972256805
0,0,0.0423765334520559
0,0,0.04474207549554374
0,0,0.04576678954523903
0,0,0.04526566243663851
0,0,0.042538407431141186
0,0,0.04113753447986604
1,0,0.06944628948673114
0,0,0.04477596074534775
0,0,0.043457992852795974
0,0,0.04413337097228496
0,0,0.04467259861140026
0,0,0.04530044251991188
0,0,0.044658520021575415
0,0,0.04066053728520783
0,0,0.04577566016156133
0,0,0.040387402428078686
0,0,0.03229920078224842
0,0,0.04389888567690948
0,0,0.04107617026072635
1,1,0.999999992744766
0,0,0.04509886329821764
0,0,0.04417151527954852
0,0,0.04977780165922777
0,0,0.04474269283902399
0,0,0.04152070855716193
0,0,0.042601930850132606
0,0,0.040725256349598005
0,0,0.0587030802853239
0,0,0.042266465706070906
0,0,0.0519220859279852
0,0,0.04585023777734611
1,0,0.08031258243552754
0,0,0.044383193902195764
0,0,0.04290931928525043
0,0,0.04387727990040165
0,0,0.035843300332420884
0,0,0.04438018974235296
0,0,0.0427244052464751
0,0,0.045687019268871414
0,0,0.03428002021866604
0,0,0.046140816192883106
0,0,0.04483280412003637
1,0,0.041357068835756336
0,0,0.04306199643415057
0,0,0.04479698871589694
0,0,0.04393741705922312
0,0,0.04102714711962321
0,0,0.04094880704004425
0,0,0.04437193529594404
0,0,0.04353800115487267
0,0,0.045308973578334466
0,0,0.04365144456302421
0,0,0.04445345895411437
0,0,0.04101451619126385
0,0,0.04589015711649376
0,0,0.04236188674554728
0,0,0.09055418506464695
0,0,0.04508153256049804
0,0,0.042956933456406006
0,0,0.039701298098873364
0,0,0.04518217457638916
1,0,0.043526242893314075
0,0,0.04380232591722963
0,0,0.042846388479874715
0,0,0.04191208647068441
0,0,0.0401469040160166
0,0,0.04414214072600375
1,0,0.04311766120082137
0,0,0.04532235394930126
0,0,0.04521592779880981
0,0,0.0444981252739989
0,0,0.044863937111205524
0,0,0.04385767555984571
0,0,0.05155054271884716
0,0,0.04347827667000597
0,0,0.04514065783433582
0,0,0.04614585467660387
0,0,0.04313874731250254
0,0,0.04441777759019334
0,0,0.052360507460480536
0,0,0.04315087005851537
0,0,0.04459974157095583
0,0,0.04237835651515354
0,0,0.049645836861373534
0,0,0.04943808197990576
0,0,0.04390055318642427
0,0,0.0427682391489172
0,0,0.04475715631181488
0,0,0.04258793360436271
0,0,0.04178903757440328
0,0,0.04228277223362324
0,0,0.05379284842298046
0,0,0.038646692718194715
0,0,0.03925576196411974
0,0,0.04407917846737408
0,0,0.044207935047030675
0,0,0.041584262712664695
0,0,0.044093323843022905
0,0,0.045004240368057426
0,0,0.04500195634672134
0,0,0.043854809967839185
0,0,0.03968502406585383
1,1,1.0
0,0,0.03959387859929718
0,0,0.04442062242386218
0,0,0.04291867447651266
0,0,0.042767683988297236
0,0,0.04118940823179997
0,0,0.04536045270870803
0,0,0.04486959565943179
0,0,0.044906831620957426
0,0,0.04321126696080629
0,0,0.04302287772546439
0,0,0.04455755155691488
0,0,0.043782113783324465
0,0,0.044527467368453026
0,0,0.04485309405302003
0,0,0.04468332316514415
0,0,0.042816846400011335
0,0,0.04480289714763201
0,0,0.045803149336145904
0,0,0.044531474077285055
0,0,0.04339866207813105
0,0,0.044902246101205925
0,0,0.043526242893314075
0,0,0.04459394597369931
0,0,0.04303623053097885
0,0,0.04355263026740029
0,0,0.04321553782221098
0,0,0.0426652981455838
0,0,0.041009102464217045
1,0,0.04513185601027176
0,0,0.04589440364235276
0,0,0.05245917861265759
0,0,0.0439954429586877
0,0,0.044338787647615986
0,0,0.0435230923177509
0,0,0.034552872993931255
0,0,0.04587177687469318
0,0,0.041007712375554464
0,0,0.04569491733079303
0,0,0.04483056089202137
0,0,0.044203925653190035
0,0,0.045882457619857646
0,0,0.045180318100636295
0,0,0.04194500162017966
0,0,0.06113362345182111
0,0,0.043158491210743055
0,0,0.04469136836250319
0,0,0.0434116477703438
0,0,0.08209328756772369
0,0,0.04361118766476614
0,0,0.04385767555984571
0,0,0.055936519891220345
0,0,0.05330132313375093
0,0,0.04321437423108903
0,0,0.043875517381697544
0,0,0.04375902123753111
0,0,0.04455779863570488
0,0,0.046404276908750076
0,0,0.05165481621681834
0,0,0.04447625455128523
0,0,0.04559887419349128
0,0,0.04358862125538977
0,0,0.04397001651459572
1,1,1.0
0,0,0.04499348318017415
0,0,0.046718845692915456
0,0,0.0437312386434307
0,0,0.04349218558457813
0,0,0.0359835069466744
0,0,0.04514659536027068
0,0,0.04564603765547222
0,0,0.042220488968998625
0,0,0.04401395740414587
0,0,0.045097141224711056
0,0,0.04414214072600375
0,0,0.0437312386434307
0,0,0.045387966299433764
0,0,0.05348337173798694
0,0,0.04361421849362222
0,0,0.037363948776767124
0,0,0.046052430082976534
0,0,0.042300693239354835
0,0,0.040120673477642095
0,0,0.042961358228911874
0,0,0.04270415843950584
0,0,0.045525284386000994
0,0,0.04287567776796752
0,0,0.04288448440419579
0,0,0.04499053858078117
0,0,0.044704576384826646
0,0,0.04385767555984571
0,0,0.045099303780289195
0,0,0.04518163881241075
0,0,0.039337536896292276
0,0,0.04540360214362542
0,0,0.03174397613691453
0,0,0.04370556640121944
0,0,0.04965996834992632
0,0,0.044925690099959864
0,0,0.045333679897035975
1,0,0.044539119342770286
0,0,0.04455412082223955
0,0,0.04211402781653489
0,0,0.04459974157095583
0,0,0.044453953436827
0,0,0.0436050189465116
0,0,0.044827865537230116
0,0,0.04488644784270133
0,0,0.04482142896377767
0,0,0.04135551000792628
0,0,0.04316714942453637
0,0,0.04308162324915536
0,0,0.04471366927441841
0,0,0.05172080802069803
1,0,0.04422075173992467
0,0,0.04389679744413355
0,0,0.04403779212643349
0,0,0.04398375456131736
0,0,0.045578255021078096
0,0,0.0451759148470314
0,0,0.04549320342352455
0,0,0.04312024527675501
0,0,0.05201465103523066
0,0,0.04479609495991937
1,0,0.04464333317989158
0,0,0.049882843650091734
0,0,0.0428795442839574
0,0,0.0519765542794909
0,0,0.13376538290684092
0,0,0.0414762593743062
0,0,0.03804241355069262
0,0,0.04606719499160736
0,0,0.04215203756791355
0,0,0.041051864778170126
0,0,0.06379412167542678
0,0,0.0424882535091374
0,0,0.04248868876749682
0,0,0.04525977441352231
0,0,0.0438671645099122
0,0,0.0446604098012534
0,0,0.04374626521234387
0,0,0.04354955224844697
0,0,0.044982757416988935
0,0,0.0459699269618576
0,0,0.04320052121604261
0,0,0.044160627301523335
1,0,0.04432650832330791
0,0,0.03697300704052907
0,0,0.0430425505554255
0,0,0.04218101007674881
0,0,0.03743210997251513
0,0,0.04542355039185944
1,1,0.9999886971285109
0,0,0.05016271668738959
0,0,0.03848266985855398
0,0,0.04473451176358815
0,0,0.04415458929783461
0,0,0.04553827872974237
0,0,0.04575836293127617
0,0,0.04464276801073382
0,0,0.044589263687185736
0,0,0.042587887708683936
0,0,0.04536013745675417
0,0,0.044663016708142635
0,0,0.08064900601478485
0,0,0.044287295607901234
1,0,0.04473567860107945
0,0,0.045918669827804355
0,0,0.04210489045614118
0,0,0.04068453701727509
0,0,0.04338294822203535
0,0,0.06493061198134065
0,0,0.04178927738064621
0,0,0.04216252305654915
0,0,0.043149905294468854
0,0,0.042469404445735305
0,0,0.042460142770490185
0,0,0.04371743181450773
0,0,0.04447356920832949
0,0,0.04293068895783146
0,0,0.04470120900866785
0,0,0.04428446458829083
0,0,0.05161299783525816
0,0,0.04530528697903573
0,0,0.04862947888300875
0,0,0.0425399397110751
0,0,0.04340050096733185
0,0,0.05129345485768734
0,0,0.04383367422825677
0,0,0.043840859644107125
0,0,0.04818285447173727
0,0,0.04667854241244626
0,0,0.04121110918784081
0,0,0.06693969111239977
0,0,0.04546584669788187
0,0,0.0437890351013164
0,0,0.04522777226467518
0,0,0.04381302747148317
0,0,0.044826848921966866
0,0,0.04522466407283281
0,0,0.035686444434405745
1,0,0.043286887495912814
0,0,0.041504146569080455
1,0,0.042492538472545395
0,0,0.04388583618887573
0,0,0.04443194351335037
0,0,0.045293283351874616
0,0,0.045228464914803035
0,0,0.04381302747148317
0,0,0.04458698622667581
0,0,0.0338273299420934
0,0,0.044608992847556754
0,0,0.043498310805215774
0,0,0.042251164598277345
0,0,0.048048148692179535
0,0,0.04224323315644422
0,0,0.04143784368540808
0,0,0.04353800115487267
0,0,0.05468752678912083
0,0,0.04124360771230433
0,0,0.04560182048474977
0,0,0.045200599870443045
0,0,0.04423025063444838
0,0,0.04405700280688067
0,0,0.03853332272202579
0,0,0.04286158969936035
0,0,0.044298258595109746
0,0,0.04462702129642026
0,0,0.045707469276625175
0,0,0.03875718046449154
0,0,0.043387632614324066
0,0,0.04259472292240993
0,0,0.04508970339300761
0,0,0.04443065737098333
0,0,0.04505138133356371
0,0,0.04463990873153779
0,0,0.07802388844383132
0,0,0.04380298171068121
0,0,0.04432557488759837
0,0,0.04496499846040616
0,0,0.04470355644175367
0,0,0.045549497671948255
0,0,0.04533593261645609
0,0,0.04456290850880253
0,0,0.03803723980903185
0,0,0.03961515479348659
0,0,0.04439698916257226
0,0,0.04469125127945613
0,0,0.044390045266724756
1,1,0.9848800474912774
0,0,0.04163835074332344
0,0,0.042409285509466876
0,0,0.04615138135755142
0,0,0.04420807490858494
0,0,0.04074002773339315
0,0,0.04496672051763763
0,0,0.04480701462066435
0,0,0.045395649432501364
0,0,0.044359693925188855
0,0,0.05307087525652714
0,0,0.03830849231218067
0,0,0.043660380705761524
0,0,0.04113128054221613
0,0,0.0447603432971059
0,0,0.04316428924642458
0,0,0.04534970255160723
0,0,0.043058230228462925
0,0,0.044090869544791585
0,0,0.043531950265778434
0,0,0.04596738973601705
0,0,0.04355040931519703
0,0,0.04357464635854737
0,0,0.02659979972443809
0,0,0.04493551449537607
0,0,0.044906831620957426
0,0,0.04476007537630963
0,0,0.031130034603828263
0,0,0.03770581328852293
0,0,0.044284521607796556
0,0,0.04251665886461275
1,0,0.04501798787826138
0,0,0.04461709026422541
0,0,0.045350642950255635
0,0,0.050476698968880636
0,0,0.0442144474251512
0,0,0.03999509392558618
0,0,0.04347484933736715
0,0,0.04444767613169289
0,0,0.04497121363346674
0,0,0.04450609325174656
0,0,0.0448634973828961
0,0,0.04269886465835703
0,0,0.04330236911137716
0,0,0.042797170219479916
0,0,0.04184367981525772
0,0,0.04238877316150522
0,0,0.04301153821011155
0,0,0.04532757680211644
0,0,0.044591684245936555
0,0,0.043761398790389386
0,0,0.03705833610423104
0,0,0.043342568663199785
0,0,0.04218407584105925
1,0,0.05529587294030737
0,0,0.04583946347070032
0,0,0.04186188477479801
0,0,0.04305947054908129
0,0,0.020829425232398925
0,0,0.04548400877436147
0,0,0.03848117282713023
0,0,0.04991326538821854
0,0,0.04416606622715045
1,1,0.999999992530857
0,0,0.044339958087363254
0,0,0.04401527611875778
0,0,0.04334686850699042
0,0,0.0453067515154995
0,0,0.04402887095222983
0,0,0.042537210218714386
0,0,0.041734077803936426
0,0,0.04603713203083935
1,0,0.04316417940474939
0,0,0.04324689915091456
0,0,0.04129929879721349
0,0,0.03966133067879252
0,0,0.03754906606460246
0,0,0.04385767555984571
0,0,0.047154774256896015
0,0,0.044308337057124614
0,0,0.03985350965852437
0,0,0.04398375456131736
0,0,0.045113336941045315
0,0,0.044718138289076975
0,0,0.04286245731888071
1,1,0.9999999999999962
0,0,0.04421667654828511
0,0,0.044627729307099635
1,0,0.04610523665363951
0,0,0.04412169611133635
0,0,0.04598488549236167
0,0,0.042983800891524315
0,0,0.044820826967783965
1,1,0.9843405311449871
0,0,0.03432533644052393
0,0,0.044203922486252184
0,0,0.04358419317619314
1,0,0.04530249540598433
0,0,0.036504436353910694
0,0,0.04134605170483568
1,1,1.0
0,0,0.053099791868058674
0,0,0.04293470081137547
0,0,0.04493836287077943
0,0,0.04134800835572034
0,0,0.04104035945896029
0,0,0.040814064650075595
0,0,0.045518588753206454
0,0,0.04584054030482154
0,0,0.04325501415347846
0,0,0.04500211504808902
1,1,1.0
0,0,0.05578422933691734
0,0,0.04196848842933426
0,0,0.04560182048474977
0,0,0.04265286820872941
0,0,0.04595004032145631
0,0,0.04613756583606004
0,0,0.043654744796870364
0,0,0.04141806890680353
0,0,0.05307087525652714
0,0,0.04160149194300433
0,0,0.04429164393972713
0,0,0.04536263488746641
0,0,0.0434476706796907
0,0,0.044061374226812236
0,0,0.04063338258406138
0,0,0.04298110945587958
0,0,0.04422075173992467
0,0,0.044006436298992584
0,0,0.04378958087835876
0,0,0.04619464125406127
0,0,0.04359958871942833
0,0,0.04345178153209646
0,0,0.04485387987247588
0,0,0.06347783571948075
0,0,0.04496672051763763
0,0,0.044489133890288995
0,0,0.04393273624439858
0,0,0.043897614255779885
0,0,0.04357711004436189
0,0,0.04143449772223512
0,0,0.04490573028206923
0,0,0.04495086491290488
0,0,0.050167796210792384
0,0,0.03968817511507795
0,0,0.04556654005233727
0,0,0.0409920399391714
0,0,0.045130350205237375
0,0,0.04493162189088704
0,0,0.035054089067739866
0,0,0.045651997831198665
0,0,0.04515122135836588
0,0,0.03780765088168065
0,0,0.04372040149927448
0,0,0.04490583531939104
0,0,0.044209955201502185
0,0,0.04460597921534297
0,0,0.04439939273260063
0,0,0.04459902521835145
0,0,0.04224992388726793
0,0,0.0408161726080888
0,0,0.03879057309545531
0,0,0.04303703297321903
0,0,0.044869866185480126
0,0,0.03833064042127434
0,0,0.04363786106940341
1,0,0.04415839656798243
1,0,0.04390447495470439
0,0,0.04190202507579345
0,0,0.04302365924918579
0,0,0.03592520316584519
0,0,0.04470438852021983
0,0,0.044222007558205434
0,0,0.04537151997951313
1,0,0.0440983140196501
0,0,0.04437127510191483
0,0,0.04437127510191483
0,0,0.0455609149062078
0,0,0.04337486085259826
0,0,0.05036986497366558
0,0,0.06377433020254164
0,0,0.044752356471173586
0,0,0.044826848921966866
0,0,0.04445214072660527
1,1,1.0
0,0,0.04342729478216733
0,0,0.05307955067999985
0,0,0.04534105157462742
0,0,0.04346522422291023
0,0,0.051547114440723595
0,0,0.04401216113953605
0,0,0.04326472932805258
0,0,0.04450467996790248
0,0,0.04553447457479825
0,0,0.04053623096166575
0,0,0.04229651092114643
0,0,0.04011891645918304
0,0,0.043625142079100156
0,0,0.04307422746335734
0,0,0.0448685262147358
0,0,0.04404663815634249
0,0,0.04163969198903192
0,0,0.036460616063489784
0,0,0.03913358341401002
0,0,0.055098381407839646
0,0,0.04351823833477445
0,0,0.043522694734537536
0,0,0.0429916193956064
1,0,0.04384371340382017
0,0,0.045286522194166144
0,0,0.04461642285111422
0,0,0.05150390466165833
0,0,0.05400520316585394
0,0,0.03935973918159818
0,0,0.0461294408972634
0,0,0.05199357303206421
0,0,0.04303501993743068
0,0,0.04399486790698657
0,0,0.04520400762860402
0,0,0.043820435130830115
0,0,0.04355296434921493
0,0,0.04034799465377629
0,0,0.04410252056425946
0,0,0.045183978502848623
0,0,0.04478667852865507
0,0,0.04355406524245979
0,0,0.04279004234471322
0,0,0.024352890661398965
0,0,0.0519220859279852
0,0,0.06530553574365083
0,0,0.049134530573747
0,0,0.05318622226515808
0,0,0.041220686724730005
0,0,0.043789737105109014
0,0,0.03858617593630445
0,0,0.043543213890041975
0,0,0.04516276330313898
0,0,0.04535826165559557
0,0,0.043824093977406824
0,0,0.04465499270109133
0,0,0.04526454031146192
0,0,0.04404218455464372
0,0,0.0537939352648828
0,0,0.04435971014735553
0,0,0.044852456063142726
0,0,0.04487732659519409
0,0,0.04473202317518173
0,0,0.045467532081183565
0,0,0.04491090738262271
0,0,0.034822539792610054
0,0,0.03881905139117333
0,0,0.04326220139647107
0,0,0.04308049793368623
0,0,0.043856297967840525
0,0,0.040974358610622
0,0,0.04359278206754057
0,0,0.04262717053888175
0,0,0.0449114342069217
0,0,0.03693817189816468
0,0,0.045872854431407734
0,0,0.04468019088392901
0,0,0.04438508102870281
0,0,0.044438497036717255
0,0,0.04402868606307302
0,0,0.041018726565407365
0,0,0.0321592630262825
0,0,0.04678113907415358
0,0,0.044618458013911615
0,0,0.06942025657556539
0,0,0.04401933554806136
0,0,0.06432032444483195
1,0,0.043041593750798725
0,0,0.04501798787826138
0,0,0.04606130224747012
0,0,0.04589424194552127
0,0,0.03767240103540129
0,0,0.05087971838863118
0,0,0.04284562173862668
0,0,0.035440736025692664
1,0,0.047429773898818105
0,0,0.042225250114483616
0,0,0.04142886188634797
0,0,0.03853332272202579
0,0,0.045601898969247795
0,0,0.04358419317619314
1,1,1.0
0,0,0.04189121820530701
0,0,0.05090681813127474
0,0,0.04358614658200604
0,0,0.04550779759119787
0,0,0.04021017478804503
0,0,0.044313010795133
0,0,0.02416182764257236
0,0,0.04074471347891653
0,0,0.040409515185798606
0,0,0.043948064682316594
1,0,0.031001458267390345
0,0,0.045029145159120175
1,1,1.0
0,0,0.04387746144029473
1,0,0.042651164404788604
0,0,0.042400257508303105
0,0,0.04412813617425971
0,0,0.045108986540702715
0,0,0.044921001227943964
0,0,0.04498767540726705
0,0,0.044251612913104754
0,0,0.04175286200185393
0,0,0.0320627474135836
0,0,0.0444588171839283
0,0,0.03854310462190861
0,0,0.043141867435427014
0,0,0.043331476466134285
0,0,0.04223064042155503
0,0,0.04543576849388542
0,0,0.049367657424961735
0,0,0.04500069586779632
0,0,0.051138369081565424
0,0,0.04404624440549725
0,0,0.04461577678555487
0,0,0.04477187967577221
0,0,0.055049458062555866
0,0,0.04511476864069495
1,0,0.04993022985496459
0,0,0.05220741732587492
0,0,0.04474846290285947
0,0,0.04406929178678421
0,0,0.08988484955402914
0,0,0.04476134408854229
0,0,0.045185806989448275
0,0,0.0405214590470548
0,0,0.044422070387051635
0,0,0.04524060885656671
0,0,0.043748520704998586
0,0,0.013443642813557494
0,0,0.04101451619126385
0,0,0.04465649971288236
0,0,0.04589738905729173
0,0,0.04593738590539919
0,0,0.0395241340743381
0,0,0.0448672528984634
0,0,0.04217129109844541
0,0,0.043644183360244004
0,0,0.036900259624917
0,0,0.04344131765282444
0,0,0.043655318599876716
0,0,0.040501286441830375
0,0,0.040386170270187954
0,0,0.0407682506054384
0,0,0.04260688464216762
0,0,0.04516601211712107
0,0,0.04564022231959596
0,0,0.049861685185749426
0,0,0.045029522944839966
0,0,0.041978910128088485
0,0,0.04394700319115472
0,0,0.04372236012982103
1,0,0.04546291154318005
0,0,0.045365094746317766
0,0,0.045306884206462866
1,0,0.04490793230277072
1,0,0.04500354338439667
0,0,0.037494634562689824
0,0,0.04439156025471154
0,0,0.04319620432392007
0,0,0.03986651415615712
0,0,0.04114659264872396
0,0,0.039655702049846385
1,0,0.044915224667592415
0,0,0.04392379486191462
0,0,0.04546990767205219
0,0,0.04309862432037541
0,0,0.041466731242718456
0,0,0.04175829046118711
0,0,0.042204945958927736
0,0,0.03351939987914897
0,0,0.0418664834907992
0,0,0.039799111137813176
0,0,0.04436785054056715
0,0,0.04382841695385369
0,0,0.043156033926610236
0,0,0.04247567118683752
0,0,0.044671433342279424
0,0,0.045872854431407734
0,0,0.043607033420017406
0,0,0.0417007623216943
0,0,0.04256479515855035
0,0,0.04549555820405994
0,0,0.04455553560290781
0,0,0.0421833630110234
0,0,0.04220336333977924
0,0,0.04385767555984571
0,0,0.04050248200982986
0,0,0.04579773697883266
0,0,0.045246151144625664
0,0,0.043445528654814915
0,0,0.04307606170403299
0,0,0.04572159627970964
0,0,0.04249810912219749
0,0,0.04394948930673529
0,0,0.04257418258295122
0,0,0.04194163805865298
0,0,0.04374626521234387
0,0,0.04460455781000944
0,0,0.04417207974381174
0,0,0.04111565769756817
0,0,0.05096533007831064
0,0,0.04422936152721585
0,0,0.04382513900311315
0,0,0.04376997295533234
0,0,0.051350733514180874
0,0,0.039466916759902444
0,0,0.041444609113929935
0,0,0.0414740934494723
0,0,0.04425833753458994
0,0,0.044629647419531016
0,0,0.04311732208189864
0,0,0.041780691898932375
0,0,0.04079970591453946
0,0,0.043396699152271345
0,0,0.044812882065738135
0,0,0.045209551429048554
0,0,0.044647570246977755
0,0,0.04454753780698465
0,0,0.04280686751774378
0,0,0.04382916098699173
0,0,0.04455453044150992
0,0,0.06095911423442889
0,0,0.049459058059147236
0,0,0.04470809586086947
0,0,0.016857408550658214
0,0,0.044587847885522315
0,0,0.04516729419769562
0,0,0.04382994820200437
0,0,0.043939313294095075
0,0,0.04056536950408647
0,0,0.04433467837166076
0,0,0.045479996786647756
0,0,0.039783516475426356
0,0,0.04306428591331216
0,0,0.04346025503911314
0,0,0.045576648683586816
0,0,0.04084868437390172
0,0,0.04500211504808902
0,0,0.04572533906635607
0,0,0.039956608473787604
0,0,0.04433864048645136
0,0,0.04197697230867739
0,0,0.04332922398504178
0,0,0.04485097553569166
0,0,0.04455553560290781
0,0,0.04025476276182534
0,0,0.04553181437717752
0,0,0.04431905149562567
0,0,0.04480856405549188
1,0,0.03735881739476344
0,0,0.04192470832925307
0,0,0.043843961986363846
0,0,0.03991345702167539
0,0,0.04171464806001927
0,0,0.04467385339074887
0,0,0.045034029856538316
0,0,0.04460256965634881
0,0,0.041964051758515614
0,0,0.04468271708547306
0,0,0.044827865537230116
0,0,0.04366769242226359
1,0,0.04443420529866963
0,0,0.04498767540726705
0,0,0.03533344500513855
0,0,0.0460686555020898
0,0,0.04428915144226376
0,0,0.03455745310939279
0,0,0.04413066199467138
0,0,0.038957714395980864
0,0,0.043803717654256606
0,0,0.04129825527497343
0,0,0.044866486943602325
0,0,0.044870619212868376
0,0,0.04468420695172521
0,0,0.04425317195033564
0,0,0.043393113420268324
0,0,0.0435003670150658
0,0,0.04076054922796831
0,0,0.04546195005711683
0,0,0.04391517287032549
0,0,0.04585653308817897
0,0,0.04089512497385581
0,0,0.04367592173778476
0,0,0.0436869845032657
0,0,0.05569821449157957
0,0,0.05475822691809494
0,0,0.04319551984327234
0,0,0.043185855149885835
0,0,0.0445789664801566
0,0,0.04363255767848699
0,0,0.03675204019346013
0,0,0.042350727188809494
0,0,0.052387381947724826
0,0,0.04519616342726245
0,0,0.04617251859363331
0,0,0.03383922335145925
0,0,0.04290622667640382
0,0,0.04514659536027068
0,0,0.04175455477415971
0,0,0.042015792418396335
0,0,0.04522749231502114
0,0,0.04434133672183677
0,0,0.05150390466165833
0,0,0.04369109305202495
0,0,0.04092679921593167
0,0,0.04441746215621745
0,0,0.044383193902195764
0,0,0.04411582999784225
1,0,0.045221388037797086
0,0,0.04402283577219706
0,0,0.04516633817167164
1,1,0.9999999999943099
0,0,0.04506116577929192
0,0,0.04286469977307725
0,0,0.04075537054744626
1,0,0.05288813103223506
1,0,0.04472623878196741
0,0,0.04364146311004523
0,0,0.04401356694943904
0,0,0.046099661173256985
0,0,0.04349752125068472
0,0,0.043476386893663926
0,0,0.04305960786420462
0,0,0.04566411442938771
0,0,0.04048681599495317
0,0,0.04520400762860402
0,0,0.04284770144154357
0,0,0.04510205327794964
0,0,0.04185000614688908
0,0,0.04478488692331404
0,0,0.05387038271786329
0,0,0.04288448440419579
0,0,0.04105290736675885
0,0,0.044209955201502185
0,0,0.05418940644948824
0,0,0.04400052987585772
0,0,0.018649141410790486
0,0,0.038763866102717294
0,0,0.04519741260812616
0,0,0.03860642428560886
0,0,0.044105781066062194
0,0,0.045654081525906845
0,0,0.045680743265239236
0,0,0.04507342586246153
0,0,0.04538241782413699
0,0,0.04424183524384938
0,0,0.04289547293690876
0,0,0.045515552890503644
0,0,0.04368454852816836
1,0,0.04072268293941511
1,0,0.04163083405119247
0,0,0.04374683249523782
0,0,0.04364721711288138
0,0,0.044963497960353475
0,0,0.053338739414696974
0,0,0.04367239389925423
0,0,0.044630732853779345
0,0,0.04510249784332031
0,0,0.04539708966556781
0,0,0.042767683988297236
1,0,0.04316244950981634
0,0,0.04308313476871994
0,0,0.0457520720977866
0,0,0.045018718251180416
0,0,0.04554917659316787
0,0,0.041144064588304434
0,0,0.05398006043392252
0,0,0.044761501981151586
0,0,0.04555554034304362
0,0,0.049801462078611414
0,0,0.044620720693726704
0,0,0.04535719816839279
0,0,0.039998784997970396
0,0,0.04409955368009247
0,0,0.035311819351961746
0,0,0.044831435707001495
0,0,0.04516601211712107
0,0,0.04133419106559722
0,0,0.04190287873196256
0,0,0.039284260581532296
0,0,0.043243368117315766
0,0,0.04219834201260678
0,0,0.03360213118888878
0,0,0.04473811832107879
0,0,0.04499894824862254
0,0,0.04350427675136036
0,0,0.04596481132142757
0,0,0.043549030576992206
0,0,0.04391728222301431
0,0,0.04464811840633301
0,0,0.04284703576844523
0,0,0.043883504361365636
0,0,0.045052008987069965
0,0,0.042864728490851364
0,0,0.04386561570561446
0,0,0.0419263389155044
0,0,0.04321718470180843
0,0,0.04363932208081503
1,0,0.04549320342352455
0,0,0.03184136045024105
0,0,0.04235589654780708
0,0,0.044663016708142635
0,0,0.04450609325174656
0,0,0.03682771497286378
0,0,0.04038478149907919
0,0,0.04390891226005372
0,0,0.04422384737181705
0,0,0.043375286652686855
0,0,0.03606059565438811
0,0,0.04218786823655816
0,0,0.03711911161197173
0,0,0.04445268856115524
0,0,0.042608893756372924
0,0,0.04508153256049804
0,0,0.04107433939748528
1,1,1.0
0,0,0.0398869802359908
0,0,0.04495169281880899
0,0,0.04340430641151247
0,0,0.044457832729517754
0,0,0.03497079335079749
0,0,0.04589424194552127
0,0,0.04331212350854177
0,0,0.04398891394578541
0,0,0.04553265732242301
0,0,0.036072083607625566
0,0,0.041030223585708285
0,0,0.04453932730897841
0,0,0.04604718775922462
0,0,0.0451625167405869
0,0,0.04577657141093847
0,0,0.04601464523802023
0,0,0.044680780464764605
0,0,0.05297040521187987
0,0,0.04439060454625805
0,0,0.04147343551077002
0,0,0.05037387498403131
0,0,0.04391800607228054
0,0,0.043862391873386454
0,0,0.04501546781247673
0,0,0.04585653308817897
0,0,0.042696301776658944
0,0,0.04514516269836374
0,0,0.04514659536027068
0,0,0.044649068179397594
0,0,0.04507168687378566
0,0,0.04364920802106188
0,0,0.04571968071771007
0,0,0.04351823833477445
0,0,0.026273829855807278
0,0,0.04560428783740984
0,0,0.0384499018177254
0,0,0.04398914970357668
1,1,1.0
0,0,0.04617414491638602
0,0,0.04037122528186102
0,0,0.044040573805885
1,0,0.07261004345357948
1,0,0.04611915687431572
0,0,0.04111843724102911
0,0,0.04500294385344031
0,0,0.04418089191416226
0,0,0.04433358318441437
0,0,0.04562798310744886
0,0,0.026909767126469173
0,0,0.04173465360870706
0,0,0.044826340248636985
0,0,0.0436050189465116
0,0,0.04263949893739661
0,0,0.05858712987651229
0,0,0.04357662294438917
0,0,0.04468561859071687
0,0,0.04442279526784823
0,0,0.042027410926205204
0,0,0.045467532081183565
0,0,0.022990405870850238
0,0,0.043736684517375814
0,0,0.03706208042324652
0,0,0.04253843594002695
0,0,0.045197571966156855
0,0,0.029970876393761742
0,0,0.10294292496503064
0,0,0.04584054030482154
0,0,0.0330720288101914
0,0,0.044900168651303675
0,0,0.045564227813423015
0,0,0.051128634058295944
0,0,0.04490699000263807
0,0,0.03200924722415534
0,0,0.042820744050563686
0,0,0.04628000328231671
0,0,0.006835626347376825
0,0,0.04268473527412869
0,0,0.041313472459677855
0,0,0.0454244578002625
0,0,0.04416050777399998
0,0,0.0447665709840646
0,0,0.045803149336145904
0,0,0.04522816926385924
0,0,0.04242677925153749
1,0,0.044019937811444976
0,0,0.045054810204267735
0,0,0.04308465719017574
0,0,0.04483111945209818
0,0,0.044188055250849984
0,0,0.041547687737999064
0,0,0.04449395250033226
0,0,0.044187684198159584
1,1,1.0
0,0,0.04583274957991862
0,0,0.04450105880942746
0,0,0.04404577009466766
0,0,0.04472623878196741
0,0,0.04653240034790404
0,0,0.04542904488511631
1,0,0.04478140199362676
0,0,0.042862686657012594
0,0,0.04225214564183759
0,0,0.04347652454608101
0,0,0.03773385578039843
0,0,0.04439060454625805
0,0,0.04352921611425689
0,0,0.043972314855600436
0,0,0.03995768800958659
0,0,0.042989144422931405
0,0,0.04421330042447941
0,0,0.04272395216309553
0,0,0.04362348668130261
0,0,0.04399486790698657
0,0,0.045129247146803844
0,0,0.04167366735228249
0,0,0.04431319682290638
0,0,0.045621656584032784
0,0,0.04355719045855441
0,0,0.04520400762860402
0,0,0.041394201272412896
0,0,0.06755561922569923
0,0,0.042322568348345274
0,0,0.042688547285272604
1,0,0.044906831620957426
0,0,0.04495853531960201
0,0,0.04002984355164609
0,0,0.04442163621177219
0,0,0.045065638382492945
0,0,0.04546766522060288
0,0,0.04503529533952104
0,0,0.04419233461525215
0,0,0.04290658286908106
0,0,0.04553847734778839
0,0,0.039592183703058725
0,0,0.04567778023456065
0,0,0.04072047123725002
0,0,0.05433590186659257
0,0,0.054108578282437474
0,0,0.04395149049191919
0,0,0.03997731506282151
0,0,0.043629553840650204
0,0,0.05140008411128513
0,0,0.04517834442563705
0,0,0.04358268414713162
0,0,0.04426475054872466
0,0,0.04246143897330005
0,0,0.037472453519214244
0,0,0.04412698445124957
0,0,0.04185520261664419
0,0,0.04593900434501889
0,0,0.043777445417610986
0,0,0.034854946483564034
0,0,0.04501931798237741
0,0,0.044785925481825854
0,0,0.04382252323905699
0,0,0.04585519645623723
0,0,0.043042267498880994
0,0,0.04285722759084807
0,0,0.04468561859071687
0,0,0.05159589862195174
0,0,0.04406299577857763
1,1,0.9999897151252356
0,0,0.0364233030195863
0,0,0.04617056707828149
0,0,0.034915186159085926
0,0,0.02974407076197988
0,0,0.04610518258922859
0,0,0.041601983991301536
0,0,0.04404039162221134
0,0,0.03646518544501397
0,0,0.04450105880942746
0,0,0.0434116477703438
0,0,0.06654040999515508
0,0,0.04118702165346544
0,0,0.04523573483372015
0,0,0.04602815513621641
0,0,0.045306520134480895
0,0,0.04448825751384406
0,0,0.04487220183644196
0,0,0.04283070405590743
0,0,0.04378788247879811
0,0,0.035666906792112305
0,0,0.04498742064529881
0,0,0.04315544301930966
0,0,0.04598504462511044
0,0,0.0433635703429445
0,0,0.046027191667387606
0,0,0.03745168786188622
0,0,0.04353691492375775
0,0,0.04057147152756874
0,0,0.044746295255484514
0,0,0.04432883794174138
0,0,0.04506062342202326
0,0,0.044383514787317016
0,0,0.05235317832908619
0,0,0.05141364085763138
0,0,0.03609489190427343
0,0,0.04443337835633225
0,0,0.04147822604942164
0,0,0.0456142741571241
0,0,0.04504661555843247
0,0,0.045044895113230156
0,0,0.04433632005167323
0,0,0.033102160338147335
0,0,0.0402011022486176
1,0,0.04524220391183899
0,0,0.04000228902454376
0,0,0.04498624755085838
0,0,0.043252105399984045
0,0,0.04413928902440463
0,0,0.04549943543147646
0,0,0.05228095198404123
0,0,0.04127858216886117
0,0,0.04404624440549725
0,0,0.04179202724819764
0,0,0.05928831048839183
0,0,0.041319772484338976
0,0,0.04537290948357714
0,0,0.04476101276224432
0,0,0.04563940074314035
0,0,0.045467341438033035
1,0,0.04908897899177605
0,0,0.04194163805865298
0,0,0.03664388397120469
0,0,0.04429819143012356
0,0,0.04514659536027068
0,0,0.04457798308996948
0,0,0.04597432898202524
0,0,0.04361542275702146
0,0,0.042703133409298245
1,0,0.04301103214060644
0,0,0.05455036807963652
0,0,0.04590471077027398
0,0,0.05444978175666789
0,0,0.043776214397128865
0,0,0.044921414061633774
0,0,0.04269651194606362
0,0,0.0441099833178404
0,0,0.04368686959551333
0,0,0.044704576384826646
0,0,0.0425183962919897
0,0,0.0445353007954103
0,0,0.04536321764554896
0,0,0.045514043554935116
0,0,0.04193945177617693
0,0,0.04366537465714808
0,0,0.04385322414242619
1,0,0.04315470628210836
0,0,0.04952922941039628
0,0,0.04440660331467821
0,0,0.04367516420389887
0,0,0.04458248834550463
0,0,0.05356669970102186
0,0,0.04549176028653875
0,0,0.04265378817447104
0,0,0.04292746288564232
0,0,0.045270924069142605
0,0,0.052304373519163665
0,0,0.04199175609762816
0,0,0.04525704049192374
0,0,0.04302406462017197
0,0,0.04522625576959808
0,0,0.04514950906682223
0,0,0.04454870848097394
0,0,0.04474598516184329
0,0,0.04293220623402173
0,0,0.04208880417749643
0,0,0.044220907813907404
0,0,0.02796167076899339
0,0,0.04545153035801962
0,0,0.042104562492564494
1,0,0.043974570070500964
0,0,0.04495185333520063
0,0,0.04511240729195113
0,0,0.043044071607273325
0,0,0.04497540467642464
0,0,0.04497558171028947
0,0,0.04301875074794756
0,0,0.044786894691161254
0,0,0.04435656320362372
0,0,0.043154070688070784
0,0,0.044236094855548615
1,0,0.043176018495754066
0,0,0.04597214327161044
0,0,0.0453687431679178
0,0,0.043573091463808535
0,0,0.04205999462400756
0,0,0.04236376605709767
0,0,0.040689974067811274
0,0,0.04507168687378566
0,0,0.04434823557712856
0,0,0.044757703024630016
0,0,0.0453252300289298
0,0,0.045862702237659425
0,0,0.04388388134226268
0,0,0.04080844914483089
0,0,0.04444255170434837
0,0,0.04450747850689045
0,0,0.04080421131618355
1,0,0.04596738973601705
0,0,0.0424080138120978
0,0,0.044588409540929366
0,0,0.04179954661228167
0,0,0.05260253596594226
0,0,0.053201137237002386
0,0,0.029905157774220065
0,0,0.04253976105426413
0,0,0.042405067813750884
0,0,0.04489759497822924
0,0,0.046052430082976534
0,0,0.0438343271270571
0,0,0.04453722570252501
0,0,0.04470409531628622
0,0,0.04452766395337366
0,0,0.045246319552762634
0,0,0.043951710244852525
0,0,0.052783380191913205
0,0,0.04526200165488295
0,0,0.039131041550311184
0,0,0.04517691080388772
0,0,0.04229455915670585
0,0,0.04060409259179202
0,0,0.04210839435940955
0,0,0.04093597847335398
0,0,0.04470056456450283
0,0,0.04416409947458063
0,0,0.043015672403191235
0,0,0.04417602511753736
0,0,0.04368154453503623
1,1,0.9847930787376467
0,0,0.04128082274857299
0,0,0.050533528013830244
0,0,0.042249503549656835
0,0,0.038770783773901536
0,0,0.0411429996573195
0,0,0.04210314230534673
0,0,0.0424565998743684
0,0,0.0390510734947178
0,0,0.041819516282131965
0,0,0.042266310800994134
0,0,0.04176947570477777
0,0,0.04458698622667581
0,0,0.046002327898937025
0,0,0.04332289252151137
0,0,0.045144002180500714
0,0,0.04498767540726705
1,0,0.044812882065738135
0,0,0.04280992218337094
0,0,0.042740857540467234
1,1,0.9999999999943963
0,0,0.03884668284339992
0,0,0.03984570550558313
0,0,0.04500354338439667
0,0,0.04393144446562469
0,0,0.04216597037245198
0,0,0.04425766181808106
0,0,0.04423167926564098
0,0,0.04483214216902373
0,0,0.04425989956321181
0,0,0.04616449626944056
0,0,0.04381577589411923
0,0,0.036402589342100874
1,0,0.054020297627342305
0,0,0.04440680318149071
0,0,0.044865521490472474
0,0,0.06305922470911612
0,0,0.04556655598617098
0,0,0.044354518750336074
0,0,0.03830188283777602
0,0,0.04292028756184477
0,0,0.05472266753225431
0,0,0.03893050583374584
0,0,0.044973851456689064
0,0,0.04380298171068121
0,0,0.041177756356358605
0,0,0.042898048025096135
0,0,0.04528376453663754
0,0,0.04385767555984571
0,0,0.044307124475738174
0,0,0.038763294467062656
0,0,0.04209925662799458
0,0,0.04299299381319338
0,0,0.04333285663092069
0,0,0.0552622170221549
0,0,0.04528389716347169
0,0,0.04492912551904605
0,0,0.04489598175809958
1,1,0.9999999925618663
0,0,0.04468838454701491
0,0,0.04463420184782258
1,0,0.0444497442479172
0,0,0.04295814772141623
0,0,0.04308522357616444
0,0,0.0419532061972568
0,0,0.04466870859747929
0,0,0.04292820548029295
0,0,0.05214263546603766
0,0,0.04393762535758074
0,0,0.04120668078681832
0,0,0.04345476554059826
0,0,0.0511556224098196
1,0,0.051020122830102474
0,0,0.03681052855095104
0,0,0.04500704437497058
0,0,0.04354178291201488
0,0,0.044643912844480695
0,0,0.03595003198446816
0,0,0.047626290110956704
1,0,0.045886486649965565
0,0,0.04102005936994251
0,0,0.04361821854778813
0,0,0.04494010345833859
0,0,0.04361047708627314
0,0,0.04543472014740064
0,0,0.03669890206511157
0,0,0.03800864723204488
0,0,0.045306050069090546
0,0,0.0440729674980934
0,0,0.043891965188001446
0,0,0.04009361929989442
0,0,0.05344894044429581
0,0,0.041821316484553187
0,0,0.04434819841156439
0,0,0.04536321764554896
0,0,0.04500050578796051
0,0,0.04257759621678267
0,0,0.042609075874599216
0,0,0.044209955201502185
0,0,0.04510205327794964
0,0,0.04365841973044097
0,0,0.04582768967627369
0,0,0.04488478551703532
1,0,0.03887298003406644
0,0,0.0443630151404827
1,1,1.0
0,0,0.045200225533168464
0,0,0.04496529329499829
0,0,0.044451120045037124
0,0,0.04509793393329509
0,0,0.053317729646186564
0,0,0.04511476864069495
0,0,0.04343060506788512
0,0,0.03596497879348904
0,0,0.04457163714554914
0,0,0.04501618334316861
0,0,0.043567680977330325
0,0,0.045145434807320355
0,0,0.03159155327083314
0,0,0.0437659051080818
0,0,0.04358031678903849
1,1,0.9999999999946263
0,0,0.042266310800994134
0,0,0.04222236557784814
0,0,0.043735099432839444
0,0,0.04037939648394751
0,0,0.05433082011010836
1,1,1.0
0,0,0.04441119822553386
0,0,0.04399958219830161
0,0,0.043185855149885835
0,0,0.04033801067145448
0,0,0.04124598627141063
0,0,0.04428812056586677
0,0,0.03821089836344624
0,0,0.04490699000263807
0,0,0.04457279823483296
0,0,0.04261987753318916
0,0,0.03566191968240917
0,0,0.04429098143745901
1,0,0.04495595544584337
0,0,0.04469939077283075
0,0,0.04325046674703221
0,0,0.04486844189252704
0,0,0.03995665526264001
0,0,0.04950947663747467
0,0,0.04606719499160736
0,0,0.04419233461525215
0,0,0.043736684517375814
0,0,0.04386885147136
0,0,0.05145717272343893
0,0,0.04401356694943904
0,0,0.04416251980697684
0,0,0.05433794845920507
0,0,0.04365139364433046
0,0,0.04465555965285924
0,0,0.04474256574575805
1,1,1.0
1,1,1.0
0,0,0.04495257070901343
0,0,0.06030699159378626
0,0,0.04585545875678462
0,0,0.042917482499571113
0,0,0.050484258152581334
0,0,0.04424144454719563
0,0,0.04405700280688067
0,0,0.041018726565407365
0,0,0.041850836348615014
0,0,0.042136001898812975
0,0,0.04455553560290781
0,0,0.04401243417996681
0,0,0.04442841200398626
0,0,0.045204280075452644
0,0,0.04218738264703587
0,0,0.04484068177824248
0,0,0.04160149194300433
0,0,0.04399122938780219
1,0,0.043475703940279053
0,0,0.04391728222301431
0,0,0.044499203794499155
0,0,0.041745390590711966
0,0,0.0429250281211679
0,0,0.04455551931246739
0,0,0.04464119310098508
0,0,0.04398562548582202
0,0,0.04199807804223345
0,0,0.04256217909775372
0,0,0.038941766227185676
0,0,0.04492542835146619
0,0,0.04268768100799552
0,0,0.03695154911897123
0,0,0.044671433342279424
0,0,0.043431985793954575
0,0,0.044450052114911
0,0,0.04450194112395989
0,0,0.04379650406046775
0,0,0.045035040320601155
0,0,0.04815534416260715
0,0,0.04385767555984571
0,0,0.05296334464919873
0,0,0.04293266142686638
0,0,0.04542593492574151
0,0,0.044453498980767496
0,0,0.0540356200328982
0,0,0.03948061630948702
1,0,0.06077956493787395
0,0,0.05083655476608532
0,0,0.04471013473890473
0,0,0.044618458013911615
0,0,0.04185369334628352
1,1,0.9999999999999962
0,0,0.04215819200085815
0,0,0.04338357479594994
0,0,0.04368183160372374
0,0,0.041263569977979364
0,0,0.03966250520837998
0,0,0.044747107982732064
0,0,0.038061879103681466
0,0,0.03942384336947694
0,0,0.024037624450578172
0,0,0.04208731539739248
0,0,0.04434499413762052
0,0,0.05147376635247837
0,0,0.04434152286300623
0,0,0.043690670356887645
0,0,0.04765759659008254
0,0,0.05050521487928614
0,0,0.04193365680758784
1,0,0.03649099540656726
0,0,0.052090919453153826
0,0,0.038915823093480593
0,0,0.045827716519763764
0,0,0.04348703133832559
1,0,0.04422625575389714
1,1,1.0
0,0,0.04516639560257243
0,0,0.04280205698150019
0,0,0.044704576384826646
0,0,0.04343735574684958
0,0,0.044105309167135426
0,0,0.04128714079363763
0,0,0.04587851295849344
1,0,0.043313603112959655
0,0,0.04177434087516073
1,0,0.04552003270068519
0,0,0.04458248834550463
0,0,0.04627752811129146
0,0,0.04178325354747629
0,0,0.04347322981425344
0,0,0.04401356694943904
0,0,0.02534385399621952
0,0,0.043471535832601244
0,0,0.04357949777257159
0,0,0.04338765610508869
0,0,0.04355263026740029
0,0,0.0439585908699792
0,0,0.04485976983432031
0,0,0.04402073386273323
1,1,0.9999999999941183
0,0,0.04779045614626942
0,0,0.041215417068901555
0,0,0.03846192886852489
1,0,0.044011035850131545
0,0,0.05112426918412535
0,0,0.044889499703829376
0,0,0.05385548131200622
0,0,0.04390891226005372
0,0,0.051347545357645304
0,0,0.04295510524239145
0,0,0.04487166677346604
0,0,0.04072709143626221
0,0,0.05316337424865104
0,0,0.04489575354248215
0,0,0.04368015623763635
0,0,0.04385767555984571
0,0,0.03698640773313661
0,0,0.048301323544216714
0,0,0.04344972619119423
0,0,0.04514655349987023
0,0,0.04495286094736887
0,0,0.042556079984432255
0,0,0.045703400275040135
1,1,1.0
0,0,0.04609333409754291
0,0,0.0444677404641244
0,0,0.04445204726390639
0,0,0.043751324637175966
0,0,0.042102152028586824
0,0,0.03536253837756883
0,0,0.04295595736238145
0,0,0.04378889290019923
0,0,0.04542593492574151
0,0,0.0432062671667127
0,0,0.04528376453663754
0,0,0.0449237734761338
0,0,0.04438508102870281
0,0,0.04514659536027068
0,0,0.045308973578334466
1,1,0.999999999994414
0,0,0.04483111945209818
0,0,0.045637086720442026
0,0,0.040173494041703575
0,0,0.04137454412106276
0,0,0.03875302921306859
0,0,0.041737631587300525
0,0,0.04461642285111422
0,0,0.044438497036717255
0,0,0.03765038063500131
0,0,0.044236094855548615
0,0,0.038765360785629054
0,0,0.04592136628118473
0,0,0.04428888823895049
0,0,0.03861599171675276
0,0,0.043495339599234774
0,0,0.04457032297466051
0,0,0.03582064549753215
0,0,0.0448012864892228
0,0,0.04373346672820541
0,0,0.03666454462106902
0,0,0.044620720693726704
0,0,0.0446867842125561
0,0,0.043697137467402974
0,0,0.04514659536027068
0,0,0.044234986217287706
1,1,0.9847531688173502
0,0,0.044070611008522165
0,0,0.045958334427200445
1,0,0.04456400285202455
0,0,0.044727067512205954
0,0,0.0460526615861321
0,0,0.04386459891502399
1,1,0.9999884098042827
0,0,0.043899297579664175
0,0,0.04500102408909888
0,0,0.04558632914057059
0,0,0.04103321280191241
0,0,0.04408633944495765
0,0,0.04375339359228259
0,0,0.04102159230502949
0,0,0.04142518738298119
0,0,0.043182483359376245
1,0,0.04477875576419217
0,0,0.04070695976975729
0,0,0.034634801186313166
0,0,0.044536715072155335
0,0,0.08690532606167697
0,0,0.044827865537230116
0,0,0.04112750295930004
0,0,0.04482605966280653
0,0,0.04502894324129173
0,0,0.04471317932600626
0,0,0.05165140386652874
0,0,0.04451268697292344
0,0,0.028331078863209864
0,0,0.04404624440549725
0,0,0.044478461564695114
0,0,0.04188680502583519
0,0,0.054780720897307726
0,0,0.04349093622067734
0,0,0.04585653308817897
0,0,0.04420810980708856
0,0,0.04457970391946009
0,0,0.05467454799723827
0,0,0.040406597739911135
0,0,0.04606276545281411
0,0,0.037450004358238934
0,0,0.045395649432501364
0,0,0.04163011044408668
1,1,0.9999999925244479
1,1,0.9999892928834918
0,0,0.043296590485374736
0,0,0.04439500414632411
0,0,0.03998195131393741
0,0,0.04425766181808106
0,0,0.05110635083317116
0,0,0.04101035626754276
0,0,0.04450747850689045
0,0,0.04375432333531335
0,0,0.04482989828448817
1,0,0.04483844322507677
0,0,0.041770695072142774
0,0,0.04497292797180075
0,0,0.03864919745960511
0,0,0.04083243523496577
0,0,0.05111085190801566
0,0,0.04348352860570749
0,0,0.04494010345833859
0,0,0.041454433009183146
0,0,0.042735276711145444
0,0,0.045255624538161274
0,0,0.04175541314471447
0,0,0.04098097940550252
0,0,0.044617839517747886
0,0,0.0425095579196493
0,0,0.04994403456162047
0,0,0.045415446014998744
0,0,0.03996872083139605
0,0,0.04426742784924406
1,0,0.04261900510822432
0,0,0.03987728866951551
0,0,0.04081850515878422
0,0,0.03765613390013828
0,0,0.04319877707768489
1,1,0.9999999921569888
0,0,0.04497558171028947
0,0,0.0450046463249517
0,0,0.043750661913038814
0,0,0.04467955755380588
0,0,0.04391388553595658
1,0,0.044383193902195764
0,0,0.04334912113942577
0,0,0.02202633736556091
1,0,0.04434133672183677
0,0,0.040514986395408584
0,0,0.04298004148450645
0,0,0.04592372539100134
0,0,0.044427389473284035
0,0,0.04284105692999601
0,0,0.04513387145131785
0,0,0.04504737621249542
1,0,0.043474532004262094
0,0,0.044814909117457134
0,0,0.04953426932340813
1,0,0.046054812413076435
0,0,0.04144647546605857
0,0,0.042131536067249946
0,0,0.054301299401903924
0,0,0.04562798310744886
0,0,0.0437964325470155
0,0,0.04534910534193879
0,0,0.047168674363844414
0,0,0.043857771841965376
0,0,0.041924320225167934
0,0,0.04474756529984523
0,0,0.04309009290183615
0,0,0.045244413799139724
1,0,0.052306122570850544
0,0,0.040804069345062186
0,0,0.04459584945289572
0,0,0.0450895373967708
0,0,0.039619768313678604
0,0,0.04424995500759428
0,0,0.044704576384826646
0,0,0.044439875547217074
0,0,0.04533949226054761
0,0,0.043407773852336934
0,0,0.03991082951636595
0,0,0.04336341715757818
0,0,0.0446550818761182
0,0,0.03289512787603993
0,0,0.0435912963506515
0,0,0.04442421358447519
0,0,0.03441569586193615
0,0,0.044947020593821926
0,0,0.04470438852021983
0,0,0.044588409540929366
0,0,0.041056751519712845
0,0,0.04555554034304362
0,0,0.04193726560267616
0,0,0.045050170639252735
0,0,0.04475048070251904
0,0,0.043365107783735486
0,0,0.04347830876259678
0,0,0.043797157032890874
0,0,0.051650064446619764
0,0,0.044865521490472474
0,0,0.04528685240133885
0,0,0.03523335053285635
0,0,0.041329748428875435
0,0,0.045872854431407734
0,0,0.06329715563608708
0,0,0.04478140199362676
0,0,0.04475029462950059
0,0,0.04450609325174656
0,0,0.04411260233672102
0,0,0.044877973123610054
0,0,0.04326785525252635
0,0,0.03948461644367871
0,0,0.04506783751164942
0,0,0.04492774629982526
0,0,0.04429098143745901
0,0,0.04462871299869424
0,0,0.0442905741288494
0,0,0.0415539378632453
0,0,0.04178854405363949
1,0,0.04125167957869062
0,0,0.04399958219830161
0,0,0.04404441633842561
0,0,0.043542756039112784
0,0,0.045839204116644064
0,0,0.04155355463063785
0,0,0.04190404440853722
0,0,0.04500521750688562
0,0,0.04398111233669565
0,0,0.044615088053443865
1,0,0.04961888517284631
0,0,0.04536610296207535
0,0,0.04186462175381706
1,0,0.041727261821532774
0,0,0.044617090534390905
0,0,0.04345738507259492
0,0,0.04397321096249569
0,0,0.04385767555984571
0,0,0.044202363824027785
0,0,0.043842485814487964
0,0,0.04399021008603404
0,0,0.0418117929690968
0,0,0.043399338313284255
0,0,0.03864034554498067
0,0,0.04405700280688067
1,0,0.04425704532627775
0,0,0.04140278802351116
0,0,0.04262517100794699
0,0,0.04575984976668021
0,0,0.04476532838101741
0,0,0.04452385387063914
0,0,0.04469450282253524
0,0,0.042569198440295004
0,0,0.04392136235801718
0,0,0.04387746144029473
0,0,0.043245524042838365
0,0,0.024342667129039618
0,0,0.06744463446432572
0,0,0.044650195142828954
0,0,0.03946518150593663
0,0,0.04525812337276108
0,0,0.042008954197328426
0,0,0.04545970182281646
0,0,0.045228464914803035
0,0,0.044496164083250314
0,0,0.04368235605877741
0,0,0.043075936175357425
0,0,0.04504632474330118
0,0,0.045803149336145904
0,0,0.04096834792871349
0,0,0.05001731653700336
0,0,0.043593538237666055
0,0,0.04616357479279374
0,0,0.04037457388523935
0,0,0.04120522470049568
0,0,0.04160001965169919
0,0,0.038575467196674186
0,0,0.04317555458202501
0,0,0.04572653712020333
0,0,0.03766847666859735
0,0,0.041937433183906796
0,0,0.042380790241046885
0,0,0.046264600036908125
0,0,0.04385767555984571
1,0,0.04589284911350145
0,0,0.044538534464142875
0,0,0.04002398407996599
0,0,0.044011035850131545
0,0,0.04320422587897636
0,0,0.037955599316230104
0,0,0.045525284386000994
0,0,0.044559079529100945
0,0,0.04090259987812085
0,0,0.031936500739939644
0,0,0.05306091990344939
0,0,0.06314564986873117
0,0,0.04345212316209922
0,0,0.04264849475585166
0,0,0.04450255164790692
0,0,0.03867601244326733
0,0,0.04412945680884682
0,0,0.04462544691623642
0,0,0.04243642556690416
0,0,0.04447596277395812
0,0,0.081837950209786
0,0,0.04418181375689199
0,0,0.011520443363199032
0,0,0.04050334299744045
0,0,0.05256638881110077
0,0,0.0406828667949572
0,0,0.044266102740618415
1,0,0.04553447457479825
0,0,0.038703105779621744
0,0,0.04444343507882865
0,0,0.04119879243927639
0,0,0.04458945082057066
0,0,0.04106428828416366
0,0,0.04454642145742303
0,0,0.030601182902747142
0,0,0.04082004985340377
0,0,0.04333556433462566
0,0,0.04422075173992467
0,0,0.04005100917827637
0,0,0.044333270278511167
0,0,0.04433792382030611
0,0,0.043395340945019616
0,0,0.04302782540732112
0,0,0.054811864125871024
0,0,0.041553823625524615
0,0,0.08153937098427017
0,0,0.043794697501117946
0,0,0.03427368833159214
0,0,0.04357392405876341
0,0,0.04439583717426628
0,0,0.04389450554777436
0,0,0.04325692575804354
0,0,0.03442761920789533
0,0,0.0451502335702448
0,0,0.038195174933225766
0,0,0.0445652954579862
0,0,0.03837111835295283
0,0,0.03168880086807676
0,0,0.04384067250212053
0,0,0.04195336000507923
0,0,0.04418435422379619
0,0,0.04338713939605945
0,0,0.04379935900704033
0,0,0.0528270681326607
0,0,0.043642284837600694
0,0,0.0398272672117452
0,0,0.04341613122938204
0,0,0.04154907928299689
0,0,0.042358107140339135
0,0,0.04353431697591602
0,0,0.04353800115487267
0,0,0.043962169917484174
0,0,0.04471992176348355
0,0,0.04312605636586908
0,0,0.0448463760543157
0,0,0.05125850054913735
0,0,0.044324623571634025
0,0,0.04498624755085838
0,0,0.04396451370365518
0,0,0.0426130323403601
0,0,0.0449639703930708
0,0,0.04611282865271211
0,0,0.09740138131652183
0,0,0.04463345233236915
0,0,0.03876097397482663
0,0,0.044540400066154416
0,0,0.044559079529100945
0,0,0.043375286652686855
0,0,0.04433148110571454
0,0,0.04178134677133735
0,0,0.043489613001343554
0,0,0.044788688078973966
0,0,0.04561607847725212
0,0,0.04406064255116858
0,0,0.04312299015561241
0,0,0.04474297872066874
0,0,0.04510990753476074
0,0,0.039643001440879816
0,0,0.044044247499117326
1,1,1.0
0,0,0.0435943057228295
0,0,0.04402475538868674
0,0,0.0533973296463074
0,0,0.053441241796982626
0,0,0.04195625324719393
0,0,0.04103012979065109
0,0,0.045410206397546324
0,0,0.045410206397546324
1,0,0.04524584946148849
0,0,0.06422266139048446
0,0,0.05238174103464065
0,0,0.04043197153688671
0,0,0.04477371735958329
0,0,0.044414849630525714
0,0,0.04477417493589861
0,0,0.04422075173992467
0,0,0.0458433152458423
0,0,0.024142491196470117
0,0,0.043835221956471826
0,0,0.04217666238968605
1,0,0.04480068672865184
0,0,0.04422625575389714
0,0,0.04340624053127087
0,0,0.043778969227618154
0,0,0.04492901023654624
0,0,0.04534347587767484
0,0,0.044586749316910625
0,0,0.045328044598914013
0,0,0.04492750855326882
0,0,0.042072992320290784
0,0,0.04485859991215791
0,0,0.038551372770730896
0,0,0.045726095674483595
0,0,0.045840816403894376
0,0,0.0459699269618576
0,0,0.044671433342279424
0,0,0.0461256701991617
0,0,0.04334851613320685
0,0,0.04478344424694445
0,0,0.04218119044669826
0,0,0.03821089836344624
0,0,0.04556972561145416
0,0,0.054754775053952466
0,0,0.04366480511678688
0,0,0.04502755726117362
0,0,0.04241661822582082
0,0,0.043761095209443705
0,0,0.04470296194766489
0,0,0.05385799913881958
1,0,0.0424955837026314
0,0,0.04301024657367178
0,0,0.04203679064549453
0,0,0.04464863800703277
0,0,0.04006518718552574
0,0,0.05073927342371512
0,0,0.04334513492894371
0,0,0.04380298171068121
0,0,0.04460330210023009
0,0,0.044727671649170304
0,0,0.04305570547758798
0,0,0.04106377256886893
0,0,0.0399286127451427
0,0,0.04585023777734611
0,0,0.0430956799118809
0,0,0.05384421622603882
0,0,0.0519220859279852
0,0,0.04479260162739838
0,0,0.043149375355660165
0,0,0.04020731045323003
0,0,0.045267258333348714
0,0,0.04356940278918091
0,0,0.045120608806127775
0,0,0.04543987946663498
0,0,0.042037762180985476
1,1,1.0
1,0,0.044232527162605915
0,0,0.04478357528824447
0,0,0.04195218090976882
0,0,0.04323021647942932
0,0,0.043009908261588806
0,0,0.04592136628118473
0,0,0.045250402485388586
0,0,0.04395762710190091
0,0,0.04468561859071687
1,1,1.0
0,0,0.042430800452005674
0,0,0.04537462984495215
0,0,0.046099661173256985
0,0,0.04463908718280808
0,0,0.0429289663624148
0,0,0.04347677114142179
0,0,0.045034810879868784
1,0,0.04566556277239041
0,0,0.04433379921948306
0,0,0.045368283257805724
0,0,0.04494296374668823
0,0,0.0527650107067597
0,0,0.03253893890354853
1,0,0.044704576384826646
0,0,0.030818749632530534
0,0,0.038079788948129856
0,0,0.045045757864384264
1,0,0.043735124104954004
0,0,0.043134916124477125
0,0,0.04362328086818115
0,0,0.04335606738032745
0,0,0.045538072212705664
0,0,0.045369831499481275
0,0,0.04472207525157321
1,0,0.04362882095413371
0,0,0.04422469148683486
0,0,0.042470931364980646
0,0,0.04204691502409417
0,0,0.05485702729604153
0,0,0.04486935035057285
0,0,0.046086262778007904
0,0,0.04347153855102931
0,0,0.03792725151294752
0,0,0.04541975536495891
0,0,0.04460638589053049
0,0,0.042975164884568845
0,0,0.04546766522060288
1,1,0.9999999999948725
1,0,0.034060214524120086
0,0,0.04349471208247426
0,0,0.044559692497978136
0,0,0.04476900556160699
1,0,0.044113565715799746
0,0,0.03600060342358638
0,0,0.04423805657601814
0,0,0.03081588485958418
0,0,0.03425830610404214
0,0,0.04402120791637307
0,0,0.04482086000491519
0,0,0.043835878219853144
0,0,0.045581735256553485
0,0,0.046099661173256985
0,0,0.04166916905877579
0,0,0.04368015623763635
0,0,0.04586698535130613
0,0,0.0435251347058819
0,0,0.04258448186260787
0,0,0.04254824324073919
0,0,0.04068711172075485
0,0,0.04487807939750766
0,0,0.044592488185512064
0,0,0.044890996140891246
0,0,0.045062212431025116
0,0,0.04492420145327534
0,0,0.043315652306296575
0,0,0.042512971987179786
0,0,0.045379489801243025
0,0,0.04316233097913745
1,0,0.04269154070664611
0,0,0.04306716329186181
0,0,0.04342704043593206
0,0,0.04423928967098411
0,0,0.04446976076092214
0,0,0.04517000665646798
0,0,0.04450609325174656
0,0,0.0450663093849452
0,0,0.05136162953776036
0,0,0.045037313804220255
1,1,0.9890996082649427
0,0,0.04434531779850979
0,0,0.04561317913189818
0,0,0.04447130212377933
0,0,0.04343454691016582
0,0,0.04106377256886893
0,0,0.04019160343894916
0,0,0.043931420960169686
0,0,0.041909458630789785
0,0,0.04307056886888195
0,0,0.042505345614472605
0,0,0.04351831797714295
0,0,0.043609026040217144
0,0,0.044308232069821187
0,0,0.04410621532018007
0,0,0.045936468743717165
0,0,0.04536584395007588
0,0,0.04512908801828721
0,0,0.04498767540726705
0,0,0.04258088875327476
0,0,0.04385199603326845
0,0,0.04496795030123415
0,0,0.04405700280688067
0,0,0.039422608961230406
0,0,0.04506116577929192
0,0,0.03025365287497604
0,0,0.04091644272819124
0,0,0.04549602418871621
0,0,0.04422625575389714
0,0,0.04577111496736382
0,0,0.04268473527412869
0,0,0.04506893886716855
0,0,0.04423639409732563
0,0,0.045425633481537796
0,0,0.044122731968713594
0,0,0.04612386263140539
0,0,0.045060224119831585
0,0,0.039829399427684625
0,0,0.04419029738145463
0,0,0.04558425221281695
0,0,0.04315798915749309
1,0,0.04385767555984571
0,0,0.03393858067644007
0,0,0.044323604130594184
0,0,0.04502686754273958
0,0,0.04523438865285666
0,0,0.044202363824027785
0,0,0.04581853104941673
0,0,0.04149264870076114
0,0,0.054118124370153245
0,0,0.040108309951075005
0,0,0.045451348079963205
0,0,0.04354571439863112
0,0,0.0424553579344973
0,0,0.04428888823895049
0,0,0.025404316783392365
0,0,0.043245567187586445
0,0,0.04541720703689054
0,0,0.042356508687864065
0,0,0.04551742255822004
0,0,0.04501941669461258
0,0,0.044238218301971916
0,0,0.044389194759367055
0,0,0.04451064515035564
0,0,0.042609075874599216
0,0,0.04520573386327114
0,0,0.040449544789697894
0,0,0.043357052154221476
0,0,0.04401356694943904
0,0,0.043686566507969905
0,0,0.04439819901388025
0,0,0.045113336941045315
0,0,0.043473054845060165
0,0,0.04333556433462566
0,0,0.04326808949607813
0,0,0.03327220577059707
0,0,0.04395488439440812
0,0,0.04390748520545061
0,0,0.03943073639611631
0,0,0.040363436401311376
0,0,0.045490051204390945
0,0,0.08548279620934911
0,0,0.0447722959755927
0,0,0.050046391244544665
1,0,0.04424030618428574
0,0,0.04570050461664335
0,0,0.0432939589413535
0,0,0.044892330601426916
0,0,0.05529905156222434
0,0,0.043706082129986654
0,0,0.043202715241428664
0,0,0.0519765542794909
0,0,0.04492805759384406
0,0,0.043843961986363846
1,0,0.04573218966684662
0,0,0.04264029723938893
0,0,0.04445345895411437
0,0,0.0450844279110305
0,0,0.04447167822531791
0,0,0.045132340845150776
0,0,0.043890311505740666
0,0,0.043298203393130584
0,0,0.04468241047297546
0,0,0.04328460388292906
0,0,0.039694597362736825
0,0,0.03978201425444645
0,0,0.04369561611070761
0,0,0.044491793558699394
0,0,0.04494454880184247
0,0,0.09851291374114464
1,0,0.04544512234489205
0,0,0.04992356934299506
0,0,0.04226445588511741
0,0,0.045024030275671145
0,0,0.04484510333712528
0,0,0.04190227376051931
0,0,0.04406065799219077
0,0,0.043358430647921026
0,0,0.0439994268695087
0,0,0.04422075173992467
0,0,0.04408073446449351
0,0,0.044502074347601145
0,0,0.04681853534517518
0,0,0.04453320411814254
0,0,0.04385767555984571
0,0,0.044570437043982954
0,0,0.045246319552762634
0,0,0.0453302373651164
0,0,0.05410511247530272
1,0,0.044170527065933045
0,0,0.04245026965093629
0,0,0.04134763832254203
0,0,0.044203925653190035
0,0,0.043653458089531964
0,0,0.04340545839891817
0,0,0.04545623073602281
0,0,0.04456290850880253
0,0,0.042876671096394516
0,0,0.04414214072600375
1,0,0.04186998760489187
0,0,0.04425942245019516
0,0,0.0550797717595409
0,0,0.044812212132504865
1,0,0.04394015551297563
0,0,0.04535719816839279
0,0,0.0430425505554255
0,0,0.04504343864188656
0,0,0.03699363056244196
0,0,0.05871616974813564
0,0,0.04322386150909571
0,0,0.054127102916125304
0,0,0.04498493228150744
0,0,0.04604988852332471
0,0,0.0445712419742359
0,0,0.043914040576639134
0,0,0.04316723141541835
0,0,0.04157297358559493
0,0,0.03476426205234031
1,1,0.9853220124903113
0,0,0.044395752958073076
0,0,0.04409955368009247
0,0,0.04710842585740846
0,0,0.04500195634672134
0,0,0.04546945024649018
0,0,0.042427322736050654
0,0,0.04507296880468095
0,0,0.04438948348959514
0,0,0.04556493084821419
0,0,0.044588409540929366
0,0,0.039545512663244915
0,0,0.04356161412904512
0,0,0.04556626774445452
0,0,0.04613757425652844
0,0,0.04472623878196741
0,0,0.05129345485768734
0,0,0.04352739259687001
0,0,0.04477762939012398
1,0,0.0454244578002625
0,0,0.0447986391398775
0,0,0.04448364470079037
0,0,0.04428812056586677
0,0,0.04503649399409607
0,0,0.04472039822728934
0,0,0.04473811832107879
0,0,0.04506062342202326
0,0,0.04488906670765345
0,0,0.044891981327196406
0,0,0.03436061503638597
0,0,0.04509969380123839
0,0,0.0427517142765613
0,0,0.043259925295689554
0,0,0.04018236143881381
0,0,0.03775283861425987
0,0,0.04560428783740984
0,0,0.04490699000263807
0,0,0.04297222780731005
0,0,0.04490902897324948
0,0,0.0451914171853365
0,0,0.0446331565140123
0,0,0.040909993509857356
0,0,0.046117364408658185
0,0,0.04459136702227299
0,0,0.04279185659906376
0,0,0.04576512779328467
1,0,0.04310264201036057
0,0,0.04553181437717752
0,0,0.042179115000903045
0,0,0.04321437423108903
0,0,0.04529685007891689
0,0,0.0450992495351484
0,0,0.043063443893149436
0,0,0.042975164884568845
0,0,0.051650064446619764
0,0,0.04361549425276912
0,0,0.0449748355677139
0,0,0.04007391238140657
0,0,0.043697905756785116
0,0,0.04361821854778813
0,0,0.04336341715757818
0,0,0.04453706856414726
0,0,0.04536744321097277
0,0,0.04467227743564679
0,0,0.04235246899256808
0,0,0.04401960091730079
1,0,0.04013324249335929
0,0,0.04391398963180064
0,0,0.04446588311574651
0,0,0.05004399442531675
0,0,0.04188986985682184
0,0,0.04341663846652444
0,0,0.03611537585403487
0,0,0.04331570450345
0,0,0.043479741136633464
0,0,0.0440377390991898
0,0,0.042131536067249946
0,0,0.04053845509337304
0,0,0.04422075173992467
0,0,0.041590033418461514
0,0,0.045264575797418036
0,0,0.04360112855919095
0,0,0.04391728222301431
0,0,0.04442566443460404
0,0,0.039278750055218775
0,0,0.04096646891794067
0,0,0.04502738483062134
0,0,0.045315391173254595
0,0,0.0438974509027672
0,0,0.04271096774674796
0,0,0.03181389370143645
0,0,0.0395578913494208
0,0,0.04408311256544716
0,0,0.044485355278518386
1,0,0.04473336130751938
0,0,0.041626164687897586
0,0,0.04584037878864559
0,0,0.045365094746317766
0,0,0.04151831744310943
0,0,0.042136617756414765
0,0,0.042899390191732736
0,0,0.0428411788641781
0,0,0.05248547849208287
1,1,1.0
0,0,0.04094465981437382
0,0,0.046099661173256985
1,0,0.0400267688166783
1,0,0.046054812413076435
0,0,0.04610518258922859
0,0,0.0437312386434307
0,0,0.0433340251835857
0,0,0.044173155170973165
0,0,0.044520691347630266
0,0,0.04501171411471386
0,0,0.03363418272483025
0,0,0.044121508360477034
0,0,0.0434843228932901
0,0,0.04595004032145631
0,0,0.04320422587897636
0,0,0.04497299789073847
0,0,0.027534457914915815
0,0,0.039890101529791895
0,0,0.04517707270643754
0,0,0.03794591046022798
0,0,0.04438948348959514
0,0,0.04409964240299652
0,0,0.043891965188001446
0,0,0.04407857180356153
1,0,0.04502260131979834
0,0,0.04550710460638304
0,0,0.04199611474711304
0,0,0.041881742614632365
0,0,0.04176365387264931
0,0,0.05436439339839707
0,0,0.04606611309022463
0,0,0.04531714263560354
0,0,0.04408925239470359
0,0,0.037450004358238934
0,0,0.06433011577392961
0,0,0.04511542495322512
0,0,0.05125850054913735
0,0,0.04494010345833859
0,0,0.04148687798539451
0,0,0.04548865170753283
0,0,0.045036124727137146
0,0,0.04522466124995891
0,0,0.04322381970176062
0,0,0.04514659536027068
0,0,0.04501931798237741
0,0,0.04482823761715618
0,0,0.05574887027318325
0,0,0.03454898272028647
0,0,0.0457944792523248
0,0,0.043695225619200015
0,0,0.04553447457479825
0,0,0.04422075173992467
0,0,0.04004600362544703
0,0,0.04071014637182306
0,0,0.055206141787841806
0,0,0.042990974942504846
1,1,0.999989440820299
0,0,0.042697178644570864
0,0,0.04332517667304641
0,0,0.045379489801243025
0,0,0.044733915648751975
0,0,0.04352188637020788
0,0,0.04564417136604925
1,1,0.9851835886699312
0,0,0.04425945543256176
0,0,0.04444050821066815
0,0,0.041513126284429845
0,0,0.043881554833721
1,0,0.044062487379153595
0,0,0.04429229078936564
0,0,0.04479117967201974
0,0,0.04384818268469086
0,0,0.04230482627257823
0,0,0.0413141993332805
0,0,0.04522946631349228
0,0,0.04456834754916402
0,0,0.04324451298907829
0,0,0.04075902563318633
0,0,0.043311321458787584
0,0,0.043849421254120356
0,0,0.04501941669461258
0,0,0.0445239565638746
0,0,0.04514962935907878
0,0,0.0563229974517938
0,0,0.04454828262481518
0,0,0.04391800607228054
0,0,0.04280838061351896
0,0,0.04414893600849087
0,0,0.0449487660191276
0,0,0.04369841680707116
0,0,0.0424115389114574
0,0,0.03942542627543435
0,0,0.04511476864069495
0,0,0.052363716586817176
0,0,0.044602289727396625
0,0,0.043634150928422766
0,0,0.04201266133972718
0,0,0.04527602259371239
0,0,0.0460037864520561
0,0,0.04531148094831782
0,0,0.04173552338163366
0,0,0.021328869348316785
0,0,0.04133419106559722
0,0,0.04318544173285116
0,0,0.047101567122438535
0,0,0.04487721457954561
0,0,0.06777424676481227
0,0,0.044391455079372824
0,0,0.0442482780760795
0,0,0.04586370486434011
0,0,0.04320402063838536
0,0,0.04419119745754841
0,0,0.04281291530528785
0,0,0.042917074742403846
1,0,0.044389194759367055
0,0,0.044733722759583976
0,0,0.043735140109170845
0,0,0.037361017970126295
0,0,0.044798921949646194
0,0,0.052721776706867236
0,0,0.041357068835756336
0,0,0.04383454966353258
0,0,0.039867259343789485
0,0,0.037314821484547456
0,0,0.04264962829702238
0,0,0.04488644784270133
0,0,0.044766629963170955
0,0,0.04118754206649207
0,0,0.04495554511652234
0,0,0.03691861582001481
0,0,0.043755747172414455
0,0,0.08014733956492338
0,0,0.043135807709060586
0,0,0.04587281318809721
0,0,0.04419021993447654
0,0,0.04128943308226457
0,0,0.0525558650662962
0,0,0.04479017135470776
0,0,0.04499418063295637
0,0,0.04372055615307253
0,0,0.044105724598516034
0,0,0.030164773538139872
0,0,0.03949168992854399
0,0,0.04530122380690751
0,0,0.04495086491290488
0,0,0.04342292446737704
0,0,0.042567003964780026
0,0,0.045093757347338205
0,0,0.04442353267796327
0,0,0.03884976197541504
0,0,0.04409631055547182
0,0,0.04503704944852612
0,0,0.04508236275943783
0,0,0.04482671279300406
0,0,0.04376716488139977
0,0,0.05280903647949403
0,0,0.04432395729273529
0,0,0.045065638382492945
0,0,0.043655318599876716
0,0,0.0438772119374938
0,0,0.04336123418923692
0,0,0.04513218170624119
0,0,0.04404308175295992
0,0,0.043259925295689554
0,0,0.03405596942888745
0,0,0.04268304627580121
0,0,0.04503649399409607
1,0,0.04603859163420727
0,0,0.03387090529251692
0,0,0.04331043552032563
0,0,0.044389615782543065
0,0,0.04479284653633612
0,0,0.04566870878222614
0,0,0.04982506839964478
0,0,0.044094458598365374
