total_items,order_item_value,total_freight_value,Cohort_Index,Actual,Predicted,Repeat_Probability
1.0,79.0,31.95,1,0,0,0.38349778197331186
1.0,72.0,13.62,1,0,0,0.3211626952151925
1.0,98.0,18.57,1,0,0,0.2938936648013793
1.0,99.9,22.05,1,0,0,0.3202298967234774
1.0,30.21,15.1,1,0,0,0.43746905357753757
1.0,79.99,15.41,1,0,0,0.34518390025015694
2.0,102.9,19.51,1,0,0,0.3886816076075935
1.0,99.9,14.43,1,0,0,0.3528633668380584
1.0,54.9,17.63,1,0,1,0.5030282022537823
1.0,412.0,24.7,1,0,0,0.22516748687724084
2.0,71.8,23.9,1,0,0,0.4479337138031233
1.0,364.98,20.43,1,0,0,0.3878431235292786
1.0,27.99,14.1,1,1,0,0.42367835439108725
2.0,93.0,30.59,1,0,0,0.4312790098078702
1.0,147.88,21.53,1,0,0,0.43093868958648585
1.0,146.0,26.3,1,0,0,0.3138199604667343
1.0,129.0,13.92,1,0,0,0.34111928279745846
1.0,179.0,19.13,1,0,0,0.2860892995994412
1.0,21.99,14.1,1,0,0,0.4443583660551777
1.0,64.99,14.62,1,0,0,0.41293805538466655
3.0,139.98000000000002,46.47,1,0,0,0.44353466948422454
1.0,76.99,16.51,1,0,1,0.5330069279690889
1.0,64.8,27.4,1,0,0,0.28732354314432307
1.0,430.0,15.14,1,0,0,0.23811762497299957
1.0,39.99,14.1,1,0,0,0.44776401000189253
1.0,1500.0,26.26,1,0,0,0.3470428217335524
1.0,182.99,14.3,1,0,0,0.38084086872760603
1.0,119.99,21.24,1,0,0,0.379858377965424
1.0,189.99,23.65,1,0,0,0.3943818529658965
2.0,152.0,16.6,1,0,0,0.3927175564042348
1.0,84.99,9.41,1,0,0,0.29775652901242905
1.0,14.96,12.79,1,0,0,0.2913598838598071
1.0,31.9,8.27,1,0,0,0.3933423023004315
1.0,72.75,31.16,1,0,0,0.39420179448573384
1.0,144.99,43.04,1,0,0,0.3256200289100214
1.0,19.99,17.93,1,0,0,0.32455466961490537
1.0,159.9,38.67,1,0,0,0.3071491804332255
1.0,56.1,13.75,1,0,0,0.33267360793288153
1.0,69.9,16.74,1,0,0,0.4945809305180825
1.0,69.0,38.03,1,0,0,0.31530814952217384
1.0,59.0,18.29,1,0,0,0.24982280756593112
3.0,299.97,43.29,1,0,1,0.5024419311345195
1.0,16.9,7.39,1,0,0,0.04571682861458853
1.0,349.9,18.21,1,0,0,0.22553825321501259
2.0,397.8,22.09,1,0,1,0.6625072678900319
1.0,87.67,7.64,1,0,0,0.10506231095990945
1.0,49.0,8.72,1,0,0,0.4089226900140161
1.0,49.99,9.34,1,0,0,0.4394200090996614
1.0,45.0,20.8,1,0,0,0.29748227249375414
1.0,102.0,10.13,1,0,0,0.21782423848209825
1.0,80.0,12.9,6,1,1,1.0
1.0,59.9,17.99,1,1,0,0.410744322650021
1.0,95.0,13.33,1,0,1,0.523984845859067
1.0,99.9,19.89,1,0,0,0.2296858450556263
1.0,339.99,10.57,1,0,0,0.2105259250187757
1.0,1375.65,24.38,1,1,0,0.22074586470826826
1.0,185.99,16.06,1,0,0,0.38251433628185194
1.0,84.44,19.83,1,0,0,0.29074652327845557
1.0,36.0,16.32,1,0,0,0.40760270084206646
1.0,697.9,20.86,1,0,0,0.2706980412250454
1.0,27.9,18.23,1,0,0,0.34299655426223663
1.0,56.0,9.14,1,0,0,0.4291787715409769
1.0,234.0,14.66,1,0,0,0.3469139371459743
1.0,99.9,21.19,1,0,0,0.3260426034396316
1.0,150.0,8.3,1,0,0,0.23424869248331887
1.0,84.89,18.47,1,1,0,0.14778515006043372
1.0,79.0,13.57,1,0,0,0.2681928428574176
1.0,109.9,57.44,1,0,0,0.3486190601800768
1.0,48.0,16.11,1,0,0,0.4489819897078395
1.0,350.0,13.95,1,0,0,0.25269075204601144
1.0,169.9,26.47,1,0,0,0.27286546923302496
1.0,74.0,20.97,1,1,0,0.388435991676778
1.0,139.99,17.17,1,0,0,0.3471527858834181
,,,1,0,1,0.5676371073814253
1.0,139.9,20.89,1,0,0,0.33514243805964866
1.0,99.9,19.12,1,0,0,0.2540936353942501
1.0,69.0,11.73,1,0,0,0.4236535549218957
2.0,137.8,46.56,1,0,0,0.44147564167291864
1.0,99.9,27.24,1,0,0,0.3404365891921846
1.0,349.9,40.0,1,0,0,0.2792337021244982
1.0,166.99,19.06,1,0,0,0.30057382664900967
1.0,12.9,15.1,1,0,0,0.39561478484457835
2.0,110.0,30.98,1,0,0,0.42455576488306024
1.0,148.99,21.09,1,0,0,0.33766331856434034
1.0,52.0,22.94,1,1,0,0.29265110693349844
1.0,20.9,18.25,1,0,0,0.11464238673093784
1.0,899.0,28.87,1,0,0,0.1444350856817851
1.0,154.91,8.34,1,0,0,0.38330674436901524
1.0,34.99,18.35,1,0,0,0.2494456773697299
1.0,69.9,13.85,1,0,0,0.3351119569884894
1.0,126.99,23.47,1,0,0,0.22538218430545712
1.0,59.0,17.32,1,0,0,0.4166501401589969
2.0,1107.98,98.36,1,0,0,0.36047480698309436
3.0,74.69999999999999,32.88,1,1,0,0.47092192640546093
1.0,54.99,15.13,1,0,0,0.41890193389053076
1.0,75.0,13.08,1,0,0,0.39373670101325764
1.0,89.9,23.21,1,0,0,0.4303284638562774
1.0,139.9,14.0,1,0,0,0.354554025735332
1.0,379.99,39.35,1,0,0,0.27613846382314244
1.0,17.9,15.1,1,0,0,0.42323871961234033
1.0,179.9,10.0,1,0,0,0.38319663615732164
1.0,159.9,16.88,2,1,1,1.0
1.0,90.0,8.82,1,0,1,0.5592427804609014
1.0,44.95,14.52,1,0,0,0.37239961415253947
1.0,189.9,28.31,1,0,0,0.450892181182809
1.0,29.5,26.89,1,0,0,0.44256442963491927
1.0,111.57,58.86,1,1,0,0.3457378610430974
1.0,69.9,24.71,1,0,0,0.25731859307566746
1.0,127.5,11.91,1,0,0,0.401437033436908
1.0,144.99,12.22,1,0,0,0.30600572412174476
1.0,119.99,17.09,1,0,0,0.3575535797226316
1.0,198.0,16.83,1,1,0,0.4692718541127502
1.0,12.5,7.78,1,0,1,0.5175791299360425
1.0,250.0,69.9,1,0,0,0.4015626865963506
3.0,449.7000000000001,53.28,1,0,1,0.5744604059139052
1.0,99.99,88.21,1,0,0,0.30921048905713255
1.0,517.99,107.87,1,0,0,0.3378432292994979
1.0,89.9,15.39,1,0,1,0.5589921329048482
1.0,19.9,34.15,1,0,0,0.3985927311841659
2.0,28.98,15.74,1,0,0,0.18735870201741936
1.0,69.99,14.24,1,0,0,0.402237155121181
1.0,119.0,17.74,1,0,0,0.3435586648865637
1.0,16.9,14.1,1,0,0,0.42649541775600075
1.0,34.0,23.0,1,0,0,0.3713684379784576
1.0,34.87,11.74,1,0,0,0.4249973453802182
1.0,69.9,0.0,1,0,0,0.04745360653759695
1.0,47.9,8.72,1,0,0,0.4069694898463265
1.0,40.0,15.38,1,0,0,0.39053064528255166
1.0,89.9,12.13,1,0,0,0.39996673571096586
2.0,148.0,30.54,1,0,1,0.553274570155401
4.0,139.6,51.84,1,0,0,0.4641788664205507
1.0,89.9,23.43,1,0,0,0.45070374615539954
2.0,333.88,35.96,1,0,0,0.3902952036646737
1.0,50.0,50.22,1,0,0,0.3789899898895633
1.0,89.9,11.83,1,0,0,0.38839004601624644
1.0,89.9,15.38,1,0,1,0.5942572858010134
3.0,179.7,17.669999999999998,1,0,0,0.24605298193644667
1.0,37.9,16.32,1,0,0,0.4033490903291696
,,,1,0,1,0.5676371073814253
1.0,19.99,16.05,1,0,1,0.5466640465343849
1.0,19.99,22.06,1,0,0,0.21977329115967928
2.0,135.82,44.82,1,0,0,0.4402823685817061
1.0,59.9,17.67,1,0,0,0.42173401220594686
1.0,249.9,78.77,1,0,0,0.2958075279111037
1.0,52.99,11.87,1,0,0,0.434465533202438
2.0,129.98,38.74,1,0,0,0.35974918093437797
1.0,49.0,12.23,1,0,0,0.4298332339255204
1.0,139.9,13.11,1,0,0,0.3324892821436664
1.0,10.99,7.78,1,0,0,0.3510187641824522
1.0,84.99,15.35,1,0,0,0.3782196456530912
2.0,135.8,23.46,1,0,0,0.4904467823664012
1.0,94.98,21.15,1,0,0,0.4093304295953429
1.0,59.9,19.61,1,0,0,0.2809591020795958
1.0,59.9,17.67,1,0,0,0.42173401220594686
1.0,18.99,17.63,1,0,0,0.4218931626866068
2.0,23.98,25.58,1,0,0,0.1403368993825079
1.0,31.9,16.79,1,0,0,0.4305884805419051
1.0,295.0,29.35,1,0,0,0.28841530908747837
1.0,169.9,17.63,1,0,0,0.2779809576219378
1.0,49.0,15.1,1,0,0,0.4168195117953109
3.0,592.0,59.05,1,0,0,0.47765708172685056
1.0,24.12,26.94,1,0,1,0.5111995945675356
2.0,106.0,30.24,1,0,0,0.3947216286798851
1.0,27.9,17.6,1,0,0,0.3670525574699486
1.0,99.9,16.67,1,0,0,0.3722644317244527
1.0,26.9,8.88,1,0,0,0.4082410857669976
1.0,34.99,8.29,1,0,0,0.39601968431704876
1.0,25.0,14.11,1,0,0,0.45657547749375266
1.0,54.9,10.99,1,0,0,0.43658270544168887
1.0,166.44,9.86,1,1,0,0.36657185211986976
1.0,74.9,18.1,1,0,0,0.29829421334504314
1.0,14.46,21.15,1,0,0,0.24949488041670842
2.0,79.8,17.76,1,0,0,0.22402353630753585
1.0,23.7,14.1,1,0,0,0.4289143684473307
1.0,35.99,7.39,1,0,0,0.2226746256490218
1.0,89.9,32.77,1,0,0,0.37916897564120045
1.0,19.9,8.72,1,0,0,0.41494393321537243
1.0,289.9,17.79,1,0,0,0.266224597126785
1.0,125.0,8.13,1,0,0,0.30512855187319604
1.0,95.0,18.77,1,0,0,0.2608210208872397
2.0,119.8,35.34,1,0,0,0.3847617918479975
1.0,1350.0,143.45,1,0,0,0.1684280442172525
1.0,99.99,17.95,1,0,0,0.3146308617228917
1.0,479.9,26.23,1,0,0,0.36207267766472356
1.0,244.0,16.46,1,0,0,0.2933478291291076
1.0,110.99,16.41,1,0,0,0.40224213261557606
1.0,79.0,12.05,1,0,0,0.3790691701338203
1.0,47.99,11.73,1,0,0,0.4300926719820825
1.0,47.99,19.53,1,0,0,0.07501422241749801
1.0,699.0,86.21,1,0,0,0.4107239813212307
1.0,46.99,13.71,1,0,0,0.34510908219535175
1.0,35.9,11.62,1,0,0,0.42449701417126656
1.0,39.99,11.62,1,0,0,0.43477663353241347
1.0,39.5,15.1,2,1,1,1.0
1.0,130.0,11.53,1,0,0,0.2852561410998254
1.0,599.0,111.22,1,0,0,0.1051633419306748
1.0,13.99,7.78,1,1,0,0.45878947257060787
1.0,350.0,13.06,1,1,0,0.24200614303265217
2.0,119.98,18.68,4,1,1,1.0
1.0,24.0,18.27,1,0,0,0.09951619718960845
1.0,74.9,12.43,1,0,0,0.45822340611020185
1.0,29.9,17.78,1,1,0,0.4335391364076849
1.0,21.99,7.78,1,0,0,0.49803519768292676
1.0,67.9,19.67,1,0,0,0.35821154301689223
1.0,20.9,12.81,1,0,0,0.31543395812405534
1.0,53.99,15.26,1,0,0,0.38242703672431666
1.0,29.9,8.11,1,0,0,0.4043891815946168
1.0,53.98,23.31,1,0,0,0.24481130385861885
1.0,69.0,14.23,1,0,0,0.3953266959380578
1.0,39.99,15.1,1,0,0,0.46831082957734416
1.0,27.99,15.1,1,1,0,0.43602415438223857
1.0,59.5,13.0,1,0,0,0.36412742478726123
1.0,47.99,15.36,1,0,0,0.39075261654556387
1.0,37.9,35.67,1,0,0,0.4046844887155551
2.0,331.8,50.58,1,0,0,0.31156200061636147
1.0,62.0,14.74,2,1,1,1.0
1.0,215.0,22.0,1,0,1,0.6274003922420328
1.0,229.0,16.35,1,0,0,0.296773339855133
1.0,13.9,11.85,1,0,0,0.41230629167895994
1.0,248.0,16.49,1,0,0,0.3096751385322004
1.0,99.0,18.26,1,0,0,0.24567159055859614
2.0,99.8,34.38,1,0,0,0.3527538421570141
1.0,79.9,15.31,1,0,0,0.3607483601251682
1.0,31.8,17.6,1,0,0,0.4124080027330413
1.0,29.89,16.11,1,0,0,0.4478428456020158
1.0,370.47,33.34,1,0,0,0.30248391137173186
1.0,39.9,22.93,1,0,0,0.3496747460150433
2.0,83.6,27.42,1,0,0,0.43237554722296606
1.0,69.77,11.99,1,0,0,0.4258848848605773
1.0,69.9,7.94,1,0,0,0.4156877481419862
1.0,49.9,17.63,1,0,0,0.4849733445485868
1.0,91.28,25.92,1,0,0,0.32329899654732
1.0,39.9,14.1,1,1,0,0.4487027603866264
1.0,49.9,13.37,1,0,0,0.3747613173881522
1.0,39.9,42.38,1,0,0,0.3952824202550488
1.0,18.99,34.15,1,0,0,0.3985927311841659
1.0,253.57,38.69,1,0,0,0.29283386796650973
1.0,112.0,16.75,1,0,0,0.38702403258299983
1.0,56.0,16.15,1,0,0,0.4623587621804021
1.0,35.99,12.69,1,0,0,0.4949370351454746
1.0,55.0,7.78,1,0,0,0.43032781926596364
1.0,27.9,7.87,1,0,0,0.36505373318177364
1.0,48.9,18.23,1,0,0,0.2716074989405716
1.0,27.99,7.46,1,0,0,0.008450836971135288
1.0,349.97,59.0,1,0,0,0.33989292815675015
1.0,110.32,8.03,1,0,0,0.3558713676831835
1.0,59.9,14.5,1,0,0,0.41005655500287536
1.0,379.0,71.53,1,0,0,0.3102775662831452
1.0,199.0,16.27,1,0,0,0.42358190984975463
1.0,105.9,17.99,1,1,0,0.3758231948010128
1.0,54.9,13.08,1,0,0,0.37455561780647273
1.0,45.9,7.78,1,0,0,0.4290896442526471
1.0,159.9,12.62,1,0,0,0.37803250187034154
1.0,144.9,8.27,1,0,0,0.34782602287077113
1.0,69.9,16.12,1,0,1,0.5227168817587426
1.0,119.0,39.43,1,0,0,0.3289008409634995
1.0,27.9,22.06,1,0,0,0.2030905616821555
1.0,38.5,15.56,1,0,0,0.4860630882765501
1.0,49.0,7.78,1,0,0,0.43432072400816535
1.0,59.99,8.58,1,0,0,0.4190125362830564
1.0,13.99,7.39,1,0,1,0.5710293372827554
1.0,35.9,11.85,1,0,0,0.42449701417126656
1.0,89.9,18.51,1,0,0,0.13988285898018715
1.0,149.0,16.67,1,0,0,0.34579554024213954
1.0,53.2,28.77,1,0,0,0.4323431508884023
1.0,1160.0,60.72,1,0,0,0.13631846739410272
1.0,115.9,18.91,1,0,0,0.27260411240508003
1.0,44.9,8.64,1,0,0,0.39085997307707604
1.0,89.99,27.17,1,0,0,0.30447778290995925
1.0,84.9,15.34,1,0,1,0.6729938886675373
1.0,54.9,16.14,1,0,0,0.48207324550993536
1.0,139.99,17.25,1,0,0,0.34401018707951875
1.0,105.6,15.67,1,0,0,0.3587976481478581
1.0,205.0,26.27,1,0,0,0.45565031373445786
1.0,49.99,17.6,1,0,0,0.42540366808108704
2.0,162.9,25.82,1,0,1,0.567479728709164
1.0,219.0,14.55,1,0,0,0.36910640427885555
1.0,140.9,12.19,1,0,0,0.3203629721498411
1.0,30.5,18.31,1,0,0,0.2777554884508557
1.0,578.0,21.26,1,0,0,0.28968981226094126
1.0,24.99,18.23,1,0,0,0.12777888071908589
1.0,119.0,23.12,1,0,0,0.29601598835246196
1.0,80.0,14.15,1,0,0,0.3534588218130167
1.0,11.0,7.87,1,0,1,0.6376601220005952
1.0,99.9,14.87,1,0,0,0.3600463024642384
1.0,89.9,15.38,1,0,1,0.5942572858010134
1.0,281.0,28.05,1,0,0,0.3179833700233954
1.0,25.0,15.1,1,0,0,0.46022497300716375
2.0,259.8,36.32,1,0,0,0.4568337731235638
1.0,99.49,12.2,1,0,0,0.2889192414593289
1.0,49.9,16.11,1,0,0,0.44907225836919956
1.0,149.0,32.64,1,0,0,0.35392088770714714
1.0,164.9,14.88,1,0,0,0.3934359468194632
1.0,18.9,14.52,1,0,0,0.43507671694449074
1.0,59.9,8.27,1,1,0,0.41538332627298546
1.0,49.0,23.06,1,0,0,0.23991154143173513
1.0,174.9,31.97,1,0,0,0.3217564993436518
1.0,49.99,16.79,1,0,0,0.4487091998732923
1.0,69.0,14.23,1,0,0,0.3953266959380578
3.0,177.0,40.29,1,0,0,0.48754434332490165
1.0,19.9,7.39,1,0,0,0.04764061086009002
1.0,49.95,13.71,1,0,0,0.3338852870662477
2.0,179.8,30.76,1,0,1,0.5655900562795974
3.0,419.7000000000001,24.69,1,0,0,0.44065883319535865
1.0,795.0,63.65,1,0,0,0.24730791082894105
1.0,69.9,24.62,1,0,0,0.25731859307566746
1.0,56.97,13.56,1,0,0,0.3273262326979964
1.0,238.0,26.95,1,1,0,0.39527142698176326
1.0,149.9,27.59,1,0,0,0.31365850429497355
1.0,95.03,13.69,1,0,0,0.437650641448471
1.0,105.0,23.89,1,0,0,0.25163905772646666
1.0,39.0,15.37,1,0,0,0.4122855179277482
1.0,39.9,16.11,1,0,0,0.44885536465370424
1.0,236.0,8.91,1,0,0,0.30453497882335656
1.0,19.0,7.39,1,0,0,0.05582443140020547
1.0,139.0,23.55,1,0,0,0.24407661334506206
1.0,125.9,22.81,1,0,0,0.2834203422109698
1.0,39.0,19.46,1,0,0,0.22396238511630487
1.0,19.9,11.85,1,0,0,0.4473177135004276
1.0,8.9,14.52,1,0,1,0.6498344942143693
1.0,37.9,8.43,1,0,0,0.3920238608629399
1.0,49.9,11.85,1,0,0,0.4313913088318721
1.0,111.49,12.28,1,0,0,0.35813687699572216
1.0,128.8,58.9,1,0,0,0.33595691744806344
1.0,99.9,0.0,1,0,0,0.002092274678111588
1.0,129.99,57.58,1,0,0,0.3428996807632703
1.0,89.9,18.73,1,0,0,0.20646979233088258
1.0,199.99,20.64,1,0,0,0.39117645161849185
1.0,70.9,17.75,7,1,1,1.0
1.0,45.0,15.1,1,0,0,0.40194155894966216
1.0,185.81,20.27,1,0,0,0.29559886324935064
1.0,35.9,15.23,1,0,0,0.41244556101620594
1.0,11.55,7.39,1,0,0,0.19201952226244912
1.0,129.9,16.22,1,0,0,0.3462528931620181
1.0,109.9,18.87,1,0,0,0.2636731941462985
1.0,49.9,22.06,1,0,0,0.35248190930133644
1.0,169.99,26.23,1,0,0,0.2708450899311945
1.0,69.9,12.43,1,0,0,0.43902408127786724
1.0,14.9,7.39,1,0,0,0.037974595123885006
1.0,137.9,13.99,1,0,0,0.35059375197108994
1.0,51.9,15.11,1,0,0,0.4102807853270028
1.0,230.0,34.47,1,0,0,0.3067272905502236
1.0,216.79,50.05,1,1,0,0.31233828224317683
1.0,23.99,7.39,1,0,0,0.045240610860090014
1.0,79.27,16.99,1,0,1,0.5223231243227877
1.0,149.9,17.3,1,0,0,0.3347637882334971
1.0,54.9,16.98,1,0,0,0.48087686608349517
1.0,56.99,16.84,1,0,0,0.47228602291322735
1.0,36.9,12.79,1,0,0,0.3213988518133956
1.0,19.0,12.79,1,0,0,0.31649759887576967
1.0,24.9,19.04,1,0,0,0.09626373842080425
1.0,109.97,45.23,1,0,0,0.3264820271679365
1.0,59.9,7.68,1,0,0,0.07071006902120346
1.0,88.99,18.2,1,0,0,0.13050470762033453
1.0,42.5,19.95,1,0,0,0.33481826558729194
1.0,27.99,16.05,1,0,0,0.4403575553603512
1.0,49.89,17.28,8,1,1,1.0
1.0,122.5,13.3,1,0,0,0.31454710845155254
1.0,29.9,8.11,1,0,0,0.4043891815946168
1.0,246.62,20.27,1,0,0,0.30391264681205654
1.0,329.0,21.54,1,0,0,0.39055900086132295
1.0,125.0,14.96,2,1,1,1.0
1.0,53.0,12.81,1,0,0,0.31329041007629166
1.0,159.0,18.02,1,0,0,0.32262165947495847
1.0,57.0,17.31,1,0,0,0.4211801908652698
1.0,15.0,8.27,1,0,0,0.44654034586790864
1.0,79.0,38.1,1,0,0,0.3832010303120902
1.0,298.13,17.85,1,0,1,0.5208391475503201
1.0,409.9,22.36,1,0,0,0.30157588453244333
1.0,67.0,18.57,1,0,0,0.23700904619420052
1.0,13.9,7.39,1,0,0,0.456506338245401
1.0,39.99,18.23,1,0,0,0.26948136991694244
1.0,43.9,15.1,1,0,0,0.382388670610958
1.0,42.0,22.93,1,0,0,0.23636403286485688
1.0,34.0,14.1,1,0,0,0.4266866467055584
1.0,79.0,18.35,1,0,0,0.26920767947531954
1.0,69.9,13.85,1,0,0,0.3351119569884894
1.0,229.9,21.93,1,0,1,0.6126151562676841
1.0,38.2,18.23,1,0,0,0.3226398196742467
1.0,97.56,12.81,1,0,1,0.5596315697347675
1.0,25.0,14.1,1,0,0,0.4570592549445728
1.0,525.0,24.68,1,0,0,0.24996199861320206
1.0,122.99,15.96,1,0,0,0.29355325181643066
1.0,79.0,14.64,1,0,0,0.3640008296682739
1.0,348.8,16.19,1,0,0,0.2304148454392708
1.0,34.9,15.11,1,0,0,0.44224200417503823
1.0,45.95,15.1,1,0,0,0.4217359793429996
1.0,199.7,18.11,1,0,0,0.33948689391190556
1.0,105.0,23.5,1,0,0,0.22487862569381378
1.0,89.9,26.95,1,0,0,0.36870917848013235
1.0,133.0,23.51,1,0,0,0.24299404145575845
1.0,33.41,11.39,1,0,0,0.4249973453802182
1.0,183.0,48.33,1,0,0,0.26908074869775095
1.0,27.0,8.72,1,1,0,0.4036666668465072
1.0,69.9,11.99,1,0,0,0.44361925254539225
1.0,110.0,15.88,1,0,0,0.3661998540978308
1.0,47.49,13.71,1,0,0,0.34510908219535175
1.0,159.99,10.53,1,0,0,0.3502220612757464
1.0,269.0,34.12,1,0,0,0.32633104203007446
,,,1,1,1,0.5676371073814253
1.0,7.87,10.96,1,0,1,0.7371267589828826
2.0,210.0,16.7,1,0,0,0.25472860116515855
1.0,149.0,16.48,1,0,0,0.34627650337633126
1.0,24.99,7.44,1,0,0,0.007126705905610962
3.0,89.69999999999999,46.68,1,0,0,0.4118538364704388
1.0,45.9,12.69,1,0,1,0.5216640333188963
1.0,22.99,7.39,1,0,0,0.045240610860090014
1.0,24.9,14.1,1,0,0,0.4570592549445728
1.0,686.21,24.77,1,0,0,0.24465593681396824
1.0,285.0,28.85,1,0,0,0.33892254244404596
1.0,9.2,7.78,1,0,1,0.5426474007909347
1.0,37.9,14.08,1,0,0,0.3184578008592747
2.0,72.89,63.34,1,0,0,0.4912292475614431
1.0,79.0,24.86,1,1,0,0.3028042089842918
1.0,11.55,14.1,1,0,0,0.3356886426909042
1.0,250.0,10.5,1,0,0,0.323415760315474
1.0,200.0,46.87,1,0,0,0.35713014853010816
1.0,55.0,13.75,1,0,0,0.33267360793288153
1.0,225.0,15.32,1,0,0,0.28701581773238044
1.0,1199.0,163.37,1,0,0,0.16578215086800457
1.0,19.9,7.78,1,1,0,0.48004366312064073
1.0,39.9,24.84,1,0,0,0.36442488431118764
1.0,72.4,15.36,1,0,0,0.40066441491189114
1.0,18.9,15.1,1,0,0,0.4347467115112415
1.0,40.0,22.21,1,0,0,0.38303250045663084
1.0,156.99,25.95,1,0,0,0.3440849056221526
1.0,79.99,17.2,1,0,1,0.5060287160206521
1.0,139.94,32.31,1,0,0,0.3428047693510257
1.0,52.9,14.68,1,0,0,0.40859871922197283
1.0,22.9,11.85,1,0,0,0.4396502132254593
1.0,112.0,18.16,1,0,0,0.3647707551981313
2.0,218.9,45.29,1,0,0,0.40119389724764387
1.0,125.0,18.12,1,0,0,0.3282728822345637
1.0,139.9,15.73,1,0,0,0.333587675078244
1.0,69.9,12.43,1,0,0,0.43902408127786724
1.0,110.0,67.69,1,0,0,0.3343551620643278
1.0,89.9,12.13,1,0,0,0.39996673571096586
1.0,24.9,9.09,4,1,1,1.0
1.0,78.0,12.05,1,0,0,0.3612514962457708
1.0,74.99,20.6,1,0,0,0.37011341774299106
1.0,88.0,7.87,1,0,0,0.3515112737566903
1.0,199.99,37.49,1,0,0,0.42714246916116366
5.0,1995.0,281.1,1,0,0,0.05883020683020683
1.0,299.9,32.4,1,0,0,0.2569539058221796
1.0,40.0,18.59,1,0,0,0.22514304624369633
1.0,9.9,7.39,1,0,0,0.08561207127717588
1.0,24.9,18.27,1,0,0,0.09951619718960845
1.0,49.9,17.6,1,0,0,0.42697186726283365
1.0,144.99,15.18,1,0,0,0.33158880963622117
1.0,149.33,25.18,1,0,0,0.2959009173526633
1.0,29.99,21.82,1,0,0,0.28154209697794724
1.0,129.0,19.0,1,0,0,0.2374525582924916
1.0,121.9,18.1,1,0,0,0.339243133394081
1.0,54.6,15.13,1,0,0,0.4183897276528888
1.0,399.0,144.29,1,0,0,0.26799163488009226
1.0,898.0,79.01,1,0,0,0.19381800188080067
1.0,89.9,13.65,1,0,0,0.43324732704013114
1.0,129.99,13.49,1,0,0,0.3339975136163186
1.0,14.49,7.87,1,1,1,0.5084296708184042
1.0,110.9,65.59,1,0,0,0.3564915737848266
,,,1,0,1,0.5676371073814253
1.0,20.9,12.81,1,0,0,0.31543395812405534
1.0,29.9,14.08,1,0,0,0.3246031521222533
1.0,119.9,9.58,1,1,0,0.3577262535138191
1.0,39.9,18.38,1,0,0,0.25173654927064215
2.0,71.8,30.2,1,0,0,0.4510021302982154
1.0,34.99,15.1,1,0,0,0.44060096419126454
1.0,134.9,21.43,1,0,0,0.4091805786785358
1.0,79.9,15.32,1,0,0,0.39423918184383544
1.0,49.95,14.52,1,0,0,0.4096354382415655
1.0,52.9,18.47,15,1,1,1.0
1.0,135.0,27.9,1,0,0,0.3225386717886563
1.0,55.0,7.65,1,0,0,0.06681745895021951
1.0,99.9,22.0,1,0,0,0.3131151227304391
1.0,289.0,46.48,1,0,0,0.25277475673348365
1.0,279.97,17.4,1,0,0,0.3090959923084935
1.0,208.9,12.07,1,0,0,0.37382387460926136
1.0,30.0,15.1,1,0,0,0.44053740822483967
1.0,44.6,18.41,1,0,0,0.24677302457525058
1.0,590.0,16.57,1,0,0,0.16890861611248106
1.0,205.0,26.27,1,0,0,0.45565031373445786
1.0,119.9,15.59,1,0,0,0.3612231915905425
6.0,53.400000000000006,71.1,1,0,0,0.4547192084120033
1.0,189.9,16.54,1,0,1,0.5092122379295586
1.0,116.99,17.07,1,0,0,0.35828349266826237
1.0,26.0,9.94,1,0,0,0.45605784113145686
1.0,25.99,18.23,1,0,0,0.12659608502016118
1.0,26.99,21.15,1,0,0,0.4538294918331176
1.0,56.99,14.57,1,0,0,0.41025543886476024
1.0,89.6,18.51,1,0,0,0.1442767983741266
1.0,667.0,20.43,1,0,0,0.3533130658429347
1.0,28.9,7.46,1,0,0,0.008450836971135288
1.0,167.99,16.94,1,0,0,0.3190192289680615
1.0,105.0,32.17,1,0,0,0.3463575533045658
1.0,19.9,25.63,1,0,0,0.41871621871203035
1.0,20.89,22.93,9,1,1,1.0
1.0,23.99,18.27,1,0,0,0.10430077768847466
1.0,37.99,19.46,1,0,0,0.24921808361687647
1.0,42.5,18.23,1,0,0,0.2551246186953469
1.0,199.9,24.55,1,0,0,0.4198855077134341
6.0,467.4,157.8,1,0,1,0.6249247420130408
1.0,887.0,20.99,1,0,0,0.060696029418052626
1.0,35.9,16.11,1,0,0,0.4697240559111821
1.0,279.9,34.41,1,0,0,0.2679799417208373
1.0,319.99,20.04,1,0,0,0.28944504584649683
1.0,50.0,10.96,1,0,0,0.43422556729269635
1.0,144.9,17.72,1,0,0,0.3255913751307854
1.0,49.9,12.76,1,0,0,0.4310885142437692
1.0,39.9,26.89,1,0,0,0.4332775989033672
1.0,95.0,15.55,1,0,1,0.5383379501133124
1.0,24.5,11.85,1,0,0,0.43901776656527913
1.0,89.0,17.87,1,0,0,0.41774527184019533
1.0,75.0,12.97,1,0,0,0.39244554874988313
1.0,54.7,8.88,1,0,0,0.4125103546730728
1.0,24.9,13.51,1,0,0,0.35303745180350027
1.0,81.0,18.14,1,0,0,0.15832724848409052
4.0,79.6,53.48,1,0,1,0.5924261054477357
1.0,89.0,17.87,1,0,0,0.41774527184019533
1.0,24.0,15.23,1,0,0,0.3216139689125802
1.0,79.9,20.64,1,0,0,0.3649009559134592
1.0,24.5,11.85,1,0,0,0.43901776656527913
1.0,19.9,34.15,1,0,0,0.3985927311841659
1.0,37.9,10.96,1,0,0,0.431434170123419
1.0,48.9,12.6,1,0,0,0.40970822035651
1.0,200.0,19.5,1,0,0,0.2353513059284937
1.0,38.0,15.1,1,0,0,0.4675092378811356
1.0,30.99,22.15,1,0,0,0.39830549707553936
1.0,401.34,57.25,1,0,0,0.3539519898281477
1.0,27.99,14.1,1,0,0,0.42367835439108725
1.0,215.0,32.16,1,0,0,0.39389819796044295
1.0,109.9,21.26,1,0,0,0.44245699333896843
1.0,47.0,16.11,1,0,0,0.4516544408571778
1.0,27.9,18.3,1,0,0,0.30137724779774794
2.0,109.9,25.55,1,0,0,0.4155785401555566
1.0,129.0,13.46,1,1,0,0.3360356779197539
1.0,37.13,13.37,1,0,0,0.35783761817158216
1.0,129.0,15.65,1,0,0,0.33574367596165594
1.0,119.99,14.93,1,0,0,0.3541014809495803
1.0,95.9,11.69,1,0,0,0.38733358329887263
1.0,289.9,87.19,1,0,0,0.3329646194848055
1.0,32.64,10.96,1,0,0,0.42702285926162026
1.0,109.99,14.54,1,0,0,0.37018331974180224
1.0,199.9,13.83,1,0,0,0.4124013850806522
1.0,29.1,22.22,1,0,0,0.22362023347437898
1.0,179.49,26.54,1,0,0,0.3134813810601411
1.0,318.99,26.54,1,0,0,0.30664084020716614
1.0,89.99,45.09,1,0,0,0.2736150759177601
1.0,495.0,51.55,1,0,0,0.2939585543454164
1.0,269.9,14.33,1,0,0,0.30076355255126597
1.0,27.5,8.29,1,0,0,0.4004181396022163
1.0,154.17,16.84,1,0,0,0.36116636135148245
1.0,57.9,14.58,1,0,0,0.4057668934412257
1.0,19.9,17.63,1,0,0,0.41090369586930475
2.0,95.4,14.78,1,0,1,0.5962756099765426
1.0,99.9,16.46,6,1,1,1.0
1.0,99.99,37.39,1,0,0,0.3392624706573256
1.0,129.99,18.16,1,0,0,0.32278208799838437
1.0,139.0,60.2,1,0,0,0.33398349560048485
1.0,320.0,29.49,1,0,0,0.3232692676264104
1.0,49.9,13.01,1,0,0,0.37327300403056296
1.0,89.98,27.71,1,0,0,0.3064680140053069
1.0,39.9,14.1,1,0,0,0.4487027603866264
2.0,96.23,27.51,1,0,0,0.4556010181888434
,,,1,0,1,0.5676371073814253
1.0,31.0,16.79,1,0,0,0.4196341905342957
2.0,207.94,90.38,1,0,0,0.323846323832792
1.0,133.71,29.34,1,0,0,0.34669412604340116
1.0,89.0,17.06,1,1,0,0.4957289153087505
1.0,309.9,18.0,1,0,0,0.34781585260538006
1.0,33.9,12.6,1,0,0,0.40434121333996387
1.0,47.49,9.94,1,0,0,0.43698360081838494
1.0,15.9,15.79,1,0,0,0.3999633329721803
1.0,89.99,7.88,1,0,1,0.6041791500022688
1.0,36.9,14.52,1,0,0,0.43447006569820484
1.0,69.9,17.74,1,1,0,0.4780985640983793
1.0,219.9,18.79,1,0,0,0.3232783385583739
1.0,81.0,17.78,1,0,0,0.44378942009006644
1.0,56.9,18.28,1,0,0,0.2524330487182095
1.0,64.9,17.29,1,0,0,0.4071818784401463
1.0,27.19,7.45,1,0,0,0.03229414450792583
1.0,45.97,9.63,1,0,0,0.43389736306643606
1.0,56.99,12.74,1,0,0,0.443539595815349
1.0,79.0,17.8,1,0,1,0.5015706932504038
2.0,150.0,26.16,1,0,1,0.562593487828507
1.0,39.9,16.79,1,0,0,0.4309338927440559
1.0,197.5,14.72,1,0,0,0.4571068488266112
1.0,152.9,18.32,1,0,0,0.29992125723785906
1.0,89.9,15.38,1,0,1,0.5942572858010134
1.0,49.0,19.66,1,0,0,0.4210807442543261
1.0,13.7,17.63,1,0,0,0.3982174434978396
1.0,23.99,15.1,1,0,0,0.473230308259969
1.0,48.9,37.9,1,0,0,0.3820372115120083
1.0,29.0,7.39,1,0,1,0.5657955270695437
1.0,65.0,35.77,1,0,0,0.33847523913524785
1.0,85.9,15.35,8,1,1,1.0
1.0,124.9,17.71,1,0,0,0.3335974701830415
1.0,98.9,7.95,1,0,0,0.2528500554519562
1.0,70.9,26.82,1,0,0,0.3832247562241864
1.0,205.0,28.81,1,0,0,0.41822079092342496
1.0,45.0,16.32,1,0,0,0.42316693393190363
1.0,500.0,11.38,1,0,0,0.2193164536692464
1.0,44.9,7.78,1,1,0,0.4056772953186998
2.0,176.0,36.4,1,0,0,0.39316148587306393
1.0,109.99,16.4,1,0,0,0.40375939880846246
1.0,29.9,22.28,1,0,0,0.38783212928938854
2.0,130.98,31.42,1,0,1,0.5107303703511273
1.0,224.5,9.34,1,0,0,0.29598524177123164
1.0,89.99,38.47,1,0,0,0.31465375530470646
1.0,114.9,33.25,1,0,0,0.30389777544948865
1.0,1399.99,74.43,1,0,0,0.181435321340594
1.0,139.0,16.41,1,0,0,0.3474116953731934
1.0,139.9,22.85,1,0,0,0.27179049942173666
1.0,49.9,41.33,1,0,0,0.3843770959662507
1.0,99.9,15.45,1,0,0,0.35909356857621
1.0,34.9,10.96,2,1,1,1.0
1.0,185.0,19.5,1,0,0,0.2811393460984968
1.0,44.0,18.23,1,0,0,0.2537844533970479
1.0,199.0,26.23,1,0,0,0.47653404876219746
2.0,199.98,17.82,1,0,0,0.19652436434970297
1.0,139.9,17.23,1,0,0,0.34401018707951875
1.0,29.0,8.72,1,0,0,0.40195008918672925
1.0,109.9,12.27,1,0,0,0.3136661425192958
2.0,84.8,28.880000000000003,1,0,0,0.4169530155655496
4.0,441.89,105.4,1,0,0,0.477245450532075
1.0,56.99,15.84,1,0,1,0.5157682865768478
1.0,64.9,18.73,1,0,0,0.28529611246667086
1.0,115.0,9.16,1,0,0,0.3600866610245088
1.0,74.9,12.86,1,0,0,0.4089820337278508
1.0,13.07,12.48,10,1,1,1.0
1.0,59.9,15.63,1,0,0,0.4115325182917492
1.0,49.99,13.37,1,0,0,0.3745785243648338
1.0,50.0,22.28,1,0,0,0.26153089235909716
1.0,89.18,12.96,1,0,1,0.5209837456304672
1.0,19.9,11.85,1,0,0,0.4473177135004276
3.0,150.0,41.13,1,0,0,0.48213468747802923
1.0,109.9,13.67,1,0,0,0.33272510919222376
1.0,13.2,18.23,1,0,0,0.1632320547875922
1.0,17.0,8.27,1,0,0,0.4455923872612423
1.0,30.99,15.1,1,0,0,0.43746905357753757
1.0,134.9,21.43,1,0,0,0.4091805786785358
1.0,450.0,16.9,1,0,0,0.19798159874933377
1.0,127.42,13.02,1,0,0,0.32549716042549337
1.0,149.9,9.02,1,0,0,0.32550982149056606
1.0,69.0,18.58,1,0,0,0.21593833109284583
,,,1,0,1,0.5676371073814253
1.0,269.9,30.35,1,0,0,0.3520059699407712
1.0,38.9,18.37,1,0,0,0.2460749156454763
1.0,169.0,27.5,1,0,0,0.2874236125003735
1.0,89.0,17.87,1,0,0,0.41774527184019533
1.0,27.99,14.1,1,0,0,0.42367835439108725
1.0,16.9,7.78,1,0,0,0.48186054571855647
1.0,39.99,12.94,1,0,0,0.3628949777142883
3.0,105.0,57.96,1,0,0,0.43917475920385857
1.0,40.0,17.6,1,0,0,0.4318317938696445
1.0,108.9,15.07,1,0,0,0.3179097767703589
1.0,122.99,15.74,1,0,0,0.3048068645307753
1.0,45.0,12.79,1,0,0,0.3131358043448469
1.0,40.0,14.08,1,0,0,0.3251120320439567
1.0,139.9,13.97,1,0,0,0.3516857360973796
1.0,29.9,18.23,1,1,0,0.3229998449385523
1.0,19.9,17.63,1,0,0,0.41090369586930475
1.0,17.89,16.32,1,0,0,0.39488473370833943
1.0,129.9,44.06,1,0,0,0.33511313280315647
1.0,23.99,15.05,1,0,0,0.4714418305245643
1.0,1069.36,32.24,1,0,0,0.20316048084048027
1.0,30.1,33.24,1,0,0,0.4750800859800792
1.0,19.9,12.48,1,0,0,0.4437760541938262
1.0,99.9,0.0,1,0,0,0.002092274678111588
1.0,16.48,15.98,6,1,1,0.9933333333333333
1.0,18.9,16.79,1,0,0,0.4236639738603363
1.0,175.0,58.0,1,0,0,0.3443319535557897
1.0,112.0,36.86,1,0,0,0.324110353301586
1.0,115.99,15.66,1,0,0,0.3640496134046001
1.0,139.99,27.78,1,0,0,0.3209028434296243
1.0,395.65,19.21,1,0,0,0.2968919257234204
1.0,110.32,13.43,1,0,0,0.38551978985328694
2.0,134.0,33.82,1,0,1,0.5696473541255742
1.0,58.0,16.66,1,0,0,0.46254121840277873
1.0,19.99,10.96,1,0,0,0.45620539220571904
1.0,58.0,7.87,1,0,0,0.4197486799148785
1.0,129.99,18.0,1,0,0,0.3351418047841766
1.0,34.9,8.99,1,0,0,0.39228929576576066
1.0,188.0,12.82,1,0,0,0.39687437379435075
1.0,23.99,12.79,1,0,0,0.3729148080496312
1.0,149.9,12.07,1,0,0,0.39211950382014554
1.0,19.99,15.24,1,0,0,0.3326084696094684
1.0,110.8,18.03,1,0,0,0.3726186692532535
1.0,99.0,13.71,1,0,0,0.3527998888561336
1.0,63.9,15.2,1,0,0,0.40958516450953747
1.0,22.5,15.11,1,0,0,0.42442210605038844
1.0,249.99,20.94,1,0,0,0.32032819166185506
1.0,26.9,18.29,1,0,0,0.09674640800467917
1.0,105.9,16.5,1,0,0,0.3763627325084611
1.0,99.0,25.18,1,0,0,0.37370457112875577
1.0,72.0,17.75,1,0,0,0.48051613055674713
2.0,116.0,50.5,1,0,0,0.45121297418777717
1.0,139.9,27.06,13,1,1,1.0
1.0,81.5,15.32,1,0,0,0.45845320029991543
1.0,12.99,18.23,1,0,0,0.1643431658987033
1.0,69.9,19.98,1,0,0,0.33913636175460626
1.0,109.8,18.39,1,0,0,0.2930111666038684
1.0,427.9,63.47,1,0,0,0.3210524902263685
1.0,89.7,13.75,1,0,0,0.39705881781232594
1.0,84.0,17.84,1,0,0,0.3239751914722918
1.0,299.0,20.33,1,0,0,0.3440991732889253
1.0,17.99,21.15,1,0,0,0.26557452379333857
1.0,72.0,18.38,1,0,0,0.24373161359088347
1.0,219.99,22.03,1,0,0,0.33931250357498216
1.0,137.0,16.4,1,0,0,0.3569123064929687
1.0,39.9,9.21,1,0,0,0.43935398015309696
1.0,199.0,0.0,1,0,0,0.4954901549243507
1.0,119.85,23.64,1,0,0,0.2305684624729507
1.0,129.9,38.46,1,0,0,0.32969289242464167
1.0,31.9,15.79,1,0,0,0.39915634539701883
1.0,19.45,14.52,1,0,0,0.43938612672473
1.0,117.7,15.57,1,0,0,0.3554327511855947
1.0,147.13,16.66,1,0,0,0.33587033111926845
1.0,78.0,23.27,1,0,0,0.2918141838921795
1.0,84.99,9.41,1,0,0,0.29775652901242905
4.0,339.44,58.46,1,0,0,0.43340713339408327
1.0,21.9,14.1,1,0,0,0.44378350122013405
2.0,1610.0,100.18,1,0,0,0.10196649993537056
3.0,119.7,48.33,1,0,0,0.43190097228935315
1.0,82.49,8.74,1,0,0,0.4602626400944259
1.0,59.9,15.63,1,0,0,0.4115325182917492
1.0,180.0,12.76,1,0,0,0.40771543355036205
1.0,89.0,27.68,1,0,0,0.38063419738853865
1.0,42.2,9.05,1,0,0,0.3991403400546847
1.0,599.9,23.44,1,0,0,0.15068929066742567
1.0,13.99,7.39,1,0,1,0.5710293372827554
1.0,99.0,23.41,1,0,0,0.3495470009212416
1.0,99.99,13.04,1,0,0,0.32591025175970517
1.0,119.99,17.09,1,0,0,0.3575535797226316
1.0,54.99,26.64,1,1,0,0.4166031038208375
1.0,109.9,8.51,1,0,0,0.3554734729681042
1.0,52.0,16.61,1,0,0,0.4478121150192403
1.0,169.9,57.86,1,0,0,0.32570242438993446
1.0,99.0,12.85,1,0,0,0.3419181292178376
2.0,351.81,21.3,1,0,0,0.22879475184250808
1.0,122.99,14.61,1,0,0,0.3173550784534548
1.0,120.0,16.6,1,0,0,0.3395440293540014
1.0,56.99,8.72,1,0,0,0.4136877586327536
1.0,63.99,23.03,1,0,0,0.24301346846988295
1.0,48.0,8.88,1,0,0,0.40653256706096563
1.0,213.0,21.22,1,0,0,0.4131098058604156
1.0,14.49,14.1,1,0,0,0.3962097417808787
1.0,50.0,24.48,1,0,0,0.3152085796389032
1.0,41.3,11.85,1,0,0,0.4188092720041454
1.0,199.99,16.16,1,0,0,0.36125717493793774
1.0,99.0,23.49,1,0,0,0.26906390192246377
1.0,119.0,43.41,2,1,1,1.0
1.0,125.99,23.46,1,0,0,0.22079533954151145
1.0,25.9,13.37,1,0,0,0.3722133776497899
1.0,230.0,22.25,1,0,0,0.41964982527085337
2.0,39.98,30.46,1,0,0,0.4482061963297944
1.0,99.99,16.95,1,0,0,0.36893118306856215
1.0,28.9,9.34,1,0,0,0.44209323999756805
1.0,26.9,8.94,1,0,0,0.3984005152618525
1.0,159.77,12.61,1,0,0,0.3721933239774599
1.0,699.0,17.33,1,0,0,0.2518749816384762
1.0,243.89,16.47,1,0,0,0.2933478291291076
2.0,65.98,32.22,1,0,0,0.474355943876893
1.0,59.99,7.68,1,0,0,0.08595107374755762
1.0,59.9,13.0,1,0,0,0.38115958706154196
1.0,78.0,12.99,1,0,0,0.2913687879649387
1.0,11.99,15.1,1,0,0,0.3876108034770753
1.0,149.9,21.89,5,1,1,1.0
1.0,110.0,13.67,6,1,1,1.0
1.0,78.0,13.21,1,0,0,0.29265994022831315
1.0,289.0,10.18,1,0,0,0.29525940333263617
1.0,829.0,28.6,1,0,0,0.25090144988335916
1.0,39.9,16.11,1,1,0,0.44885536465370424
1.0,89.9,13.65,1,0,0,0.43324732704013114
1.0,90.0,27.58,1,0,0,0.2998494009228086
1.0,49.0,17.67,1,1,0,0.48161614290239657
2.0,389.98,35.52,1,0,1,0.5029426608434876
2.0,140.8,16.41,1,0,0,0.2785189264323143
1.0,92.4,18.82,1,0,0,0.2888844554778742
1.0,48.9,11.74,1,0,0,0.42624617831636785
1.0,27.9,14.52,1,0,0,0.4371096146139421
1.0,19.9,34.45,1,0,0,0.4010452062453367
1.0,39.99,25.63,1,0,0,0.4961023804865825
1.0,149.99,14.07,1,0,0,0.29345077869111363
1.0,50.0,27.2,1,0,0,0.35824968668926765
1.0,114.9,19.08,1,0,0,0.3880563342710746
1.0,399.9,93.61,1,0,0,0.2931356158663102
1.0,292.5,37.37,1,0,0,0.26503613111904284
1.0,58.32,27.18,1,0,0,0.33677596519140274
1.0,59.0,21.21,1,0,0,0.2653661546483601
1.0,180.0,57.52,1,0,0,0.2847566946383203
1.0,61.99,15.31,1,0,0,0.3795688218143714
1.0,27.99,15.79,1,0,0,0.34231955532589997
1.0,62.0,21.23,1,0,0,0.2709767020641442
1.0,70.97,13.52,1,0,0,0.3259218422352777
1.0,34.9,22.06,1,0,0,0.284994908073572
3.0,120.0,22.17,1,1,0,0.40860627364681507
1.0,1259.0,95.09,1,0,0,0.18153984949593338
1.0,70.0,62.52,1,0,0,0.3112802739104574
2.0,37.98,18.68,1,0,0,0.4141146086502473
1.0,54.9,9.34,1,0,0,0.44149957016646624
1.0,119.0,43.41,1,0,0,0.32524387216202033
1.0,229.99,16.33,1,0,0,0.3096094795028105
2.0,299.8,24.28,1,0,0,0.26451593001259716
1.0,28.9,13.54,1,0,0,0.32095483767276733
1.0,749.9,23.13,1,0,0,0.23770003139615786
1.0,56.99,8.72,1,1,0,0.4136877586327536
1.0,65.0,15.2,1,1,0,0.41612735723663213
1.0,50.99,22.07,1,0,0,0.3669291100250853
1.0,75.0,19.77,1,0,0,0.35938222264490344
1.0,24.99,15.28,1,0,0,0.3138637599104614
1.0,124.9,16.84,1,0,0,0.34386993469026295
1.0,62.0,16.7,1,0,1,0.533786312353274
2.0,179.8,46.42,1,0,0,0.34416441085884847
1.0,49.9,17.56,1,0,0,0.42316114858562365
1.0,39.9,8.44,1,0,0,0.411911449646552
1.0,120.0,17.27,1,0,0,0.33351317587825463
1.0,29.9,25.38,1,0,0,0.4430237998920697
2.0,239.8,40.16,1,0,0,0.32469523374419684
1.0,123.9,13.0,1,0,0,0.3055767488261892
1.0,179.9,13.56,1,0,0,0.39085310258145356
1.0,27.99,16.79,1,0,0,0.37748007424601754
1.0,99.9,0.0,1,0,0,0.002092274678111588
1.0,53.9,11.73,1,0,0,0.43288543467933693
1.0,49.99,10.96,1,0,0,0.43422556729269635
1.0,29.99,13.67,1,0,0,0.318705714786164
1.0,49.9,17.6,1,0,0,0.42697186726283365
1.0,39.9,10.96,1,0,0,0.44568173460029226
1.0,57.0,40.86,1,0,0,0.3526509826445763
1.0,99.9,7.56,1,0,0,0.010470940185308392
1.0,49.9,19.32,1,0,0,0.3364436219548865
1.0,167.99,36.5,1,0,0,0.32707815586694455
1.0,34.9,7.87,1,0,0,0.39560901262692993
1.0,39.9,19.32,1,0,0,0.3467654873802078
1.0,310.0,43.53,1,1,0,0.256171295659758
1.0,128.7,21.39,1,0,0,0.3898495860409401
1.0,108.9,21.21,1,0,0,0.3492009493953204
2.0,25.8,15.56,1,0,0,0.13604293256775862
1.0,141.9,29.39,1,0,0,0.3513686634540587
1.0,64.99,18.56,1,0,0,0.228589863080126
1.0,75.0,36.62,1,0,0,0.39897523847113764
1.0,29.9,8.72,1,0,0,0.40036411133649
1.0,205.0,22.27,1,0,0,0.4398225793038469
1.0,27.9,7.46,1,0,0,0.005246164817164093
1.0,109.9,12.27,1,0,0,0.3136661425192958
1.0,265.0,24.57,1,0,0,0.26888839979480217
1.0,49.99,17.63,1,0,0,0.48340514536684015
1.0,13.65,18.23,1,0,0,0.16484293191363594
1.0,137.97,15.72,1,0,0,0.33508130012958853
2.0,70.8,93.65,1,0,0,0.36188934218522323
1.0,1149.65,22.8,1,0,0,0.14254383575354107
1.0,39.0,25.63,1,0,0,0.3992863483522623
,,,1,0,1,0.5676371073814253
1.0,134.9,18.19,1,0,0,0.3099525510013226
1.0,274.9,31.45,1,0,0,0.32894165541675185
1.0,69.9,13.08,1,0,0,0.38502591831437133
1.0,178.0,16.13,1,0,0,0.37803720192011264
1.0,39.99,7.71,1,0,0,0.1052250670670064
2.0,98.0,30.2,1,0,1,0.5060287882456831
1.0,16.9,11.85,1,0,0,0.4473182774769153
1.0,23.99,15.1,1,0,0,0.473230308259969
1.0,325.0,10.47,1,0,0,0.2196645268510135
1.0,51.9,16.12,1,0,0,0.4295828829062674
1.0,13.47,22.85,1,0,0,0.2699689105584604
1.0,41.99,26.43,1,0,0,0.3980813747263994
1.0,178.99,8.99,1,0,0,0.26142891547437025
1.0,106.8,27.73,1,0,0,0.32534109313773535
1.0,272.25,15.51,1,0,0,0.25490978760359545
1.0,89.9,23.21,1,0,0,0.4303284638562774
1.0,229.7,13.95,1,0,0,0.333399352036763
1.0,619.0,26.26,1,0,0,0.19358928445542511
1.0,43.48,17.78,1,0,0,0.47413653552416946
1.0,179.9,49.79,1,0,0,0.29962449034566596
1.0,20.9,14.52,1,0,0,0.44885684817908944
1.0,38.0,12.48,1,0,0,0.43634709923427284
1.0,16.9,15.23,1,0,0,0.31747549501050293
1.0,13.65,15.1,1,0,0,0.39654489283656136
2.0,25.98,23.46,1,0,0,0.12025558667648203
1.0,59.0,12.48,1,0,0,0.43491936782570423
1.0,26.9,12.85,1,1,0,0.36986527382243917
1.0,29.9,8.11,1,0,0,0.4043891815946168
1.0,44.9,37.22,1,0,0,0.3937593781319567
1.0,79.0,17.8,1,0,1,0.5015706932504038
1.0,29.9,16.79,1,0,0,0.4241082790504235
1.0,14.77,15.23,1,0,0,0.3065860346151424
1.0,98.99,15.8,1,0,0,0.2830267460772517
1.0,29.99,15.31,1,0,0,0.33834400083290544
2.0,74.0,28.2,1,0,0,0.4416536699183684
1.0,122.5,18.11,1,0,0,0.3181539396147732
1.0,113.89,23.38,1,0,0,0.3028526151315355
1.0,58.0,7.87,1,0,0,0.4197486799148785
1.0,72.0,23.3,1,0,0,0.24078146079809631
2.0,69.98,36.46,1,0,0,0.38497261179563064
1.0,99.99,50.99,1,0,0,0.32333346794708717
1.0,733.0,23.01,1,0,0,0.2318542222986393
1.0,29.9,15.11,1,0,0,0.44327629869141344
6.0,60.0,124.8,1,0,0,0.1688586301896193
1.0,498.9,29.79,1,0,0,0.34689796843502285
3.0,315.0,132.09,1,0,0,0.4124967071835774
2.0,97.8,32.22,1,0,0,0.44793954474638636
,,,1,0,1,0.5676371073814253
1.0,102.9,17.97,1,0,0,0.27122532858335785
1.0,45.0,16.32,1,0,0,0.42316693393190363
1.0,349.9,19.02,1,0,0,0.2963013218704171
1.0,23.75,17.63,1,0,0,0.47749681364301905
1.0,27.9,8.27,1,0,0,0.3730069475403353
1.0,89.99,7.88,1,0,1,0.6041791500022688
1.0,64.99,19.42,1,0,0,0.1669446744341786
1.0,245.9,18.97,1,0,0,0.3248224894068597
3.0,299.70000000000005,22.68,1,0,0,0.28439565160550745
1.0,76.0,21.02,1,1,0,0.39010288096621465
1.0,74.9,24.72,1,0,0,0.30561723981674355
2.0,141.78,19.88,1,0,0,0.4226865722375814
1.0,229.0,30.0,1,0,0,0.3740507948299825
1.0,39.99,11.15,1,0,0,0.43331105449975327
1.0,227.0,14.61,1,0,0,0.3330084641934003
1.0,199.99,17.65,1,0,0,0.3403040186760313
1.0,24.9,11.85,1,0,0,0.4585296191019999
1.0,89.9,9.44,1,1,0,0.42549944944432355
1.0,34.9,17.06,1,0,0,0.43696663664521784
1.0,21.9,11.85,1,0,0,0.45269581314143326
1.0,49.9,37.26,1,0,0,0.3826174457690885
1.0,139.96,46.47,1,0,0,0.33019040368016517
1.0,12.9,18.23,1,0,0,0.1625493238638974
1.0,105.0,9.67,1,0,0,0.3198697487019592
1.0,69.9,9.27,1,0,0,0.4451667011983965
1.0,179.9,8.51,1,0,0,0.2740761329154753
1.0,85.0,17.84,1,0,0,0.44759296229757184
1.0,84.0,17.5,1,0,0,0.3049433394486599
1.0,107.0,17.46,1,0,0,0.3727546470324776
1.0,18.99,12.35,1,1,0,0.44223146451064127
1.0,159.77,19.05,1,0,0,0.30580596410368116
1.0,19.9,7.78,1,0,0,0.48004366312064073
1.0,89.5,11.83,1,0,0,0.3858473899596211
1.0,65.0,16.89,1,0,1,0.5382112947282192
1.0,38.9,44.81,1,0,0,0.35844334245401865
1.0,29.99,18.31,1,0,0,0.27781814509245967
1.0,690.0,59.99,1,0,0,0.1970229423712886
1.0,26.0,22.11,1,0,0,0.1903755695712788
1.0,169.99,17.38,1,0,0,0.29975749226433024
1.0,56.99,8.72,1,0,0,0.4136877586327536
1.0,9.99,16.32,1,0,0,0.4238521873863725
1.0,110.32,23.49,1,0,0,0.2367571548105642
1.0,120.0,12.75,1,0,0,0.3247109661133658
1.0,23.7,7.78,1,0,0,0.4565195633760817
1.0,69.9,12.49,1,0,0,0.4520397680930886
1.0,35.0,7.39,1,0,0,0.22453737074706098
1.0,13.77,7.39,1,0,0,0.29368809297094584
1.0,129.99,16.01,1,0,0,0.3100981692269615
1.0,19.9,16.79,1,0,0,0.405032835846471
1.0,178.5,12.75,1,0,0,0.3661481692678551
1.0,79.9,14.87,1,0,0,0.368762072555947
1.0,68.0,14.79,1,0,0,0.41109477127921534
1.0,48.9,9.09,1,0,0,0.4041916146985857
1.0,39.9,12.48,1,1,0,0.4417344499600291
1.0,18.0,12.48,1,0,0,0.4435806490325194
1.0,21.7,13.47,1,0,0,0.342255075129315
1.0,129.0,98.98,1,0,0,0.2852849792132639
1.0,529.0,21.58,1,0,0,0.40528173895056585
1.0,122.99,25.21,1,0,0,0.2860770633594589
1.0,99.0,18.82,1,0,0,0.25641592152816556
1.0,195.0,8.71,1,0,0,0.32358837212720526
1.0,79.99,10.12,1,0,0,0.4311686783214526
1.0,110.0,55.03,1,0,0,0.3269026867706495
1.0,69.9,17.63,1,0,0,0.43825117801299485
1.0,14.9,8.29,1,0,0,0.3848920261335275
1.0,125.0,20.07,1,0,0,0.24517045993745853
1.0,95.0,7.53,1,0,0,0.09305960528580709
,,,1,0,1,0.5676371073814253
3.0,179.7,45.51,1,0,0,0.4465834357197526
1.0,58.0,7.39,1,0,0,0.10489021553872037
1.0,54.9,16.14,1,0,0,0.48207324550993536
1.0,99.0,38.21,1,0,0,0.3464240427319012
1.0,31.9,14.1,1,0,0,0.4260468307045762
1.0,339.99,12.99,1,0,0,0.24764074815520132
2.0,239.5,17.0,1,0,0,0.12512059555187777
1.0,149.9,18.3,1,0,0,0.3201784142721043
1.0,1790.0,40.9,1,0,0,0.2227237139416439
1.0,46.99,11.74,1,0,0,0.43580866993874245
1.0,79.8,12.69,1,0,0,0.4700085839293769
1.0,36.9,42.38,1,0,0,0.3761106542167911
1.0,119.0,19.74,1,0,0,0.2832924641440827
1.0,28.0,9.34,1,1,0,0.431762303260053
1.0,189.9,30.37,1,0,0,0.46833157282098986
2.0,224.0,103.82,1,0,0,0.40792667708765484
1.0,33.0,13.37,1,0,0,0.36004989174067287
1.0,29.9,12.79,1,0,0,0.3243738295266528
1.0,28.0,18.23,1,0,0,0.32925172349469684
1.0,8.9,7.39,1,0,0,0.06725539596169054
2.0,219.78,20.35,1,0,0,0.3478204804250629
1.0,68.0,11.98,1,0,0,0.4395932726251639
2.0,91.8,15.16,1,0,1,0.6472297613986897
1.0,980.9,149.01,1,0,0,0.19850727884818367
3.0,103.3,37.61,1,0,1,0.5151117599110063
1.0,49.9,17.6,1,0,0,0.42697186726283365
1.0,135.9,14.72,1,0,0,0.356470678949282
2.0,160.0,22.38,1,0,1,0.5493687557526208
1.0,53.9,17.63,1,0,0,0.49747649417809964
1.0,44.4,22.24,1,0,0,0.2285222922414838
1.0,81.9,25.12,1,0,0,0.1582113205833659
1.0,79.0,15.43,1,0,0,0.32268902337867755
1.0,120.0,15.72,1,0,0,0.313047656587466
1.0,760.0,255.92,1,0,0,0.3811696123629641
1.0,56.0,11.89,1,0,0,0.4355733207023014
1.0,199.0,59.0,1,0,0,0.34248119451095776
1.0,119.85,23.42,1,0,0,0.29510637463102646
1.0,199.0,0.0,1,0,0,0.4954901549243507
1.0,100.0,43.28,1,0,0,0.3429545043330173
1.0,219.99,20.62,1,0,0,0.39576017494064997
1.0,99.9,21.19,1,0,0,0.3260426034396316
1.0,299.0,15.43,1,0,0,0.2244209939103024
1.0,129.99,9.25,1,0,0,0.3227031211777047
1.0,11.99,17.63,1,0,0,0.4039438983915859
1.0,135.0,14.7,1,0,0,0.3494267341647608
1.0,29.9,12.69,1,0,1,0.5086527384497235
1.0,99.9,17.54,1,0,0,0.4063069390055265
1.0,72.9,35.83,1,0,0,0.42545383656169594
1.0,326.16,33.03,1,0,0,0.31203939240079603
1.0,24.99,17.78,1,0,0,0.4692781809792258
1.0,18.9,42.38,1,0,0,0.45386542282888787
1.0,59.99,15.17,1,0,0,0.42535051473897284
1.0,139.0,28.35,1,0,0,0.35562696248214914
1.0,19.9,42.38,1,0,0,0.39939165794876635
1.0,39.67,15.38,1,0,0,0.38718086749681085
1.0,19.99,15.1,1,1,0,0.44740981797417323
1.0,21.99,7.41,1,0,0,0.003152663508243277
1.0,325.0,10.47,1,0,0,0.2196645268510135
1.0,144.0,13.45,1,0,0,0.32504052215600043
1.0,49.0,7.6,1,0,0,0.11335964835990782
1.0,225.0,22.65,1,0,0,0.4129792309315908
1.0,169.9,22.66,1,0,0,0.22279360477859222
1.0,119.5,27.38,1,1,0,0.2939398968400773
2.0,113.8,22.84,1,0,0,0.42019658981156044
1.0,159.0,18.99,1,0,0,0.3067196328951021
1.0,179.49,16.02,1,1,0,0.3980200587084694
1.0,28.9,12.86,1,0,0,0.3592894692690245
1.0,7.0,7.78,1,0,1,0.751723289506171
1.0,199.9,26.24,1,0,0,0.4902942357441152
1.0,128.0,13.92,1,0,0,0.3351771767005029
1.0,52.9,19.34,1,0,0,0.36908837277817214
1.0,84.99,16.35,1,1,0,0.4945762007310757
1.0,189.99,15.5,1,0,0,0.4716289175268752
1.0,8.9,15.79,1,0,1,0.5444348954014259
1.0,24.9,18.23,1,0,0,0.12924619083124259
1.0,149.99,16.81,1,0,0,0.2530345066177483
1.0,349.9,18.21,1,0,0,0.22553825321501259
1.0,827.89,21.56,1,0,0,0.1265478474253411
1.0,62.9,18.06,1,0,0,0.22942609073542963
5.0,1326.5,333.35,1,0,0,0.027899470899470896
1.0,56.99,17.31,1,0,0,0.4211801908652698
1.0,27.3,8.11,1,0,0,0.3781595861666753
1.0,89.9,15.38,1,0,1,0.5942572858010134
1.0,27.99,7.39,1,0,0,0.4084263780466883
1.0,49.0,11.85,1,1,0,0.4313913088318721
1.0,32.9,18.23,1,0,0,0.315288173612462
2.0,159.99,34.42,1,0,0,0.34415307764270187
1.0,79.0,16.25,1,0,1,0.5330599456375237
1.0,229.9,44.02,1,0,0,0.3086981558418415
1.0,75.0,13.08,1,0,0,0.39373670101325764
1.0,5.99,12.6,1,0,0,0.4633629471420127
2.0,44.48,26.87,1,0,0,0.3813202494157301
1.0,140.0,81.8,1,0,0,0.30568486747236084
1.0,146.0,15.77,1,0,0,0.30444985308092437
1.0,122.9,16.62,1,0,0,0.32835184460712347
1.0,557.0,60.81,1,0,0,0.3669837954056547
1.0,49.9,23.5,1,0,0,0.2624178513505503
1.0,43.9,17.6,1,0,0,0.4263517527157664
1.0,93.9,16.36,1,0,1,0.5081250682961915
2.0,202.0,39.8,1,0,0,0.351690188250297
1.0,79.99,8.91,1,0,0,0.420959390848467
1.0,49.99,23.15,1,0,0,0.2399120692473018
1.0,21.9,19.04,1,0,0,0.10442162201510385
1.0,769.9,22.64,1,0,0,0.20893168048747496
1.0,259.9,53.01,1,0,0,0.30789000396339444
1.0,269.9,68.94,1,0,0,0.27106083695274197
1.0,99.0,16.94,1,0,0,0.360087733076774
1.0,57.99,17.84,1,0,0,0.4531303594080715
1.0,53.9,14.47,1,0,0,0.4004023200125728
,,,1,0,1,0.5676371073814253
1.0,129.9,16.01,1,0,0,0.32073459614202915
1.0,45.0,7.39,1,0,0,0.39305930532121874
1.0,32.0,14.1,1,0,0,0.4259672983180553
1.0,59.9,11.92,1,0,0,0.4376083001455039
1.0,179.0,28.61,1,0,0,0.27747914710228233
1.0,26.9,18.34,1,0,0,0.10926526973283526
1.0,119.0,25.67,1,0,0,0.3052895055197464
3.0,356.97,135.87,1,0,0,0.4821806179003368
1.0,158.0,23.69,6,1,1,1.0
1.0,54.9,18.48,1,0,0,0.26855896623710224
1.0,134.99,23.52,1,0,0,0.24299404145575845
1.0,49.9,14.12,1,0,0,0.3931576050987488
1.0,49.9,14.1,1,0,0,0.39364138254956893
1.0,144.41,13.14,1,0,0,0.3277379868219026
1.0,54.4,24.51,1,0,0,0.3126731302159735
1.0,53.0,14.13,1,0,0,0.4033248223822039
1.0,64.99,19.37,1,0,0,0.3637212992079182
2.0,349.8,40.82,1,0,0,0.4157206242416017
4.0,134.96,36.36,1,0,0,0.4499666975627942
1.0,69.0,13.5,1,0,0,0.31819821525681713
1.0,11.97,15.79,1,0,0,0.37903552945686486
1.0,17.9,16.79,1,0,0,0.4266866203033456
1.0,72.9,23.09,1,0,0,0.3028956730750187
1.0,115.3,17.06,1,0,0,0.35723582785886604
1.0,190.0,49.91,1,0,0,0.30211691274618413
1.0,69.9,7.94,1,0,0,0.4156877481419862
1.0,234.9,20.61,1,0,0,0.3809998865228824
1.0,29.9,7.71,1,0,0,0.02254167362613241
1.0,49.99,15.23,1,0,0,0.3898602897948958
1.0,140.0,23.78,1,0,0,0.24147339547757515
1.0,289.9,24.58,1,0,0,0.19755116531323727
1.0,339.0,13.94,1,0,0,0.2522020848852883
1.0,22.79,18.0,1,0,0,0.32872830344690435
1.0,59.99,16.18,1,0,0,0.43541799851785346
1.0,49.6,8.29,1,0,0,0.4074900382779859
1.0,29.0,14.1,1,0,0,0.431848689999201
1.0,20.9,37.04,1,0,0,0.3761175625717526
1.0,250.0,58.42,1,0,0,0.33732499459758863
1.0,87.9,15.37,1,0,0,0.36752053216938
2.0,55.8,15.88,1,0,0,0.1311723229139631
1.0,69.9,19.73,1,0,0,0.3985227614355124
1.0,104.9,16.49,1,0,0,0.3764808366265652
2.0,205.98,18.85,1,0,0,0.37703271791897636
1.0,135.9,13.99,1,0,0,0.3619520195574883
2.0,37.8,21.92,1,0,0,0.37425131641343584
1.0,79.9,23.14,1,0,0,0.265584960720394
1.0,119.84,15.6,1,0,0,0.3612231915905425
1.0,275.0,17.65,1,0,0,0.29953759854663614
1.0,194.65,10.18,1,0,0,0.38417846501947983
1.0,189.0,51.82,1,0,0,0.25205680089128685
1.0,27.99,34.15,1,0,0,0.35004989954825916
1.0,19.25,26.89,1,0,0,0.4636362604906473
1.0,54.9,20.43,1,0,0,0.36891294557587734
4.0,679.96,77.72,8,1,1,1.0
1.0,29.4,19.32,1,0,0,0.27990639992069577
1.0,59.9,14.15,1,0,0,0.4143587516574212
1.0,49.9,14.52,1,0,0,0.4096354382415655
,,,1,0,1,0.5676371073814253
1.0,55.9,11.73,1,0,0,0.4339932221792003
1.0,99.99,38.25,1,0,0,0.3370977622509287
1.0,40.0,14.1,1,0,0,0.4387704149777298
1.0,109.0,16.52,1,0,0,0.3433013014562731
1.0,18.9,42.38,1,0,0,0.45386542282888787
1.0,94.9,17.91,1,0,0,0.31566008462523426
1.0,169.0,12.68,1,0,0,0.27287189950724816
1.0,53.0,8.64,1,0,0,0.4095897789708967
1.0,1009.0,22.69,1,0,0,0.09191642640444107
4.0,131.6,56.4,1,0,0,0.49471888041761425
1.0,119.9,18.09,1,0,0,0.3534551875253613
1.0,85.9,17.85,1,0,0,0.4442929114715627
1.0,59.9,16.86,1,0,0,0.4332511683361892
1.0,70.97,17.75,1,0,0,0.4736451124161053
1.0,135.0,15.83,1,0,0,0.3486568080357986
2.0,52.9,30.17,1,0,0,0.48147273156081755
1.0,182.0,19.57,1,0,0,0.3094941997957924
1.0,321.9,18.22,1,0,0,0.22603384236235646
2.0,278.0,29.16,1,0,0,0.3972806644783755
1.0,49.9,11.37,1,0,0,0.4313913088318721
1.0,166.99,15.92,1,0,0,0.3483156247770715
1.0,86.4,21.09,1,0,0,0.42678699829011973
1.0,104.99,23.31,1,0,0,0.2880317282615391
1.0,119.99,13.18,1,0,0,0.35706880674225766
2.0,105.89,18.0,1,0,0,0.4279944515897575
1.0,127.48,15.64,1,0,0,0.3298803546714567
1.0,399.76,33.83,1,0,0,0.3171136812395369
1.0,329.0,17.06,1,0,0,0.20558133168611945
1.0,129.99,16.01,1,0,0,0.3100981692269615
1.0,152.0,17.61,1,0,0,0.44548024681704634
1.0,17.9,15.1,1,0,0,0.42323871961234033
1.0,158.0,38.25,1,0,0,0.32445231243322115
2.0,45.8,36.52,1,0,0,0.34686806554643645
1.0,44.9,15.1,1,0,0,0.38345588501529326
1.0,53.99,15.13,1,0,0,0.4183897276528888
1.0,59.9,14.51,1,0,0,0.41235047602323616
1.0,149.9,23.37,1,0,0,0.2996302406210096
1.0,99.99,27.24,1,0,0,0.3357617004143877
1.0,145.9,55.28,1,0,0,0.31793939530290466
1.0,38.48,15.1,1,0,0,0.4653932405386209
1.0,64.99,14.2,1,0,0,0.41384650029962233
1.0,99.99,9.69,1,0,0,0.21969316736890931
2.0,99.8,19.2,1,0,0,0.4012911307124007
1.0,30.0,8.72,1,0,0,0.3948704718766806
1.0,79.0,17.8,1,0,1,0.5015706932504038
1.0,12.9,15.23,1,0,0,0.2882115414797642
1.0,45.73,11.85,1,0,0,0.42386469011833566
1.0,120.0,50.71,1,0,0,0.3077803499254707
2.0,58.0,23.7,1,0,0,0.4969526732563302
2.0,99.98,27.42,1,0,0,0.4629609732656157
1.0,109.9,19.74,1,0,0,0.294857066762384
1.0,48.99,51.06,1,0,0,0.38981498946400256
3.0,65.69999999999999,38.43,1,0,1,0.5911758104136251
1.0,113.57,13.81,1,0,0,0.39143197089696125
1.0,79.69,19.25,1,0,0,0.2843511832607011
1.0,13.98,15.1,1,0,0,0.41366627174659126
1.0,40.0,33.51,1,0,0,0.4819932133493797
1.0,179.9,14.86,1,0,0,0.39797363692603993
1.0,78.0,34.35,1,0,0,0.40378151743897606
1.0,105.0,21.57,1,1,0,0.46864461965758003
1.0,29.0,15.3,1,0,0,0.3412030757005604
2.0,46.66,16.54,1,0,0,0.12173606472868359
1.0,49.9,15.1,1,0,0,0.41629867076139715
1.0,42.0,18.23,1,0,0,0.2555970562491798
1.0,148.0,43.32,1,0,0,0.32865054927772275
1.0,12.99,11.73,1,0,1,0.5750509763872418
,,,1,0,1,0.5676371073814253
1.0,49.0,28.79,1,0,0,0.40023746839043284
1.0,89.99,14.38,1,0,1,0.5024128046034507
1.0,87.0,16.86,1,0,0,0.4164918868590744
1.0,299.0,15.43,1,0,0,0.2244209939103024
1.0,29.9,13.79,1,0,0,0.3255182543253225
1.0,1277.5,90.25,1,0,0,0.14151378021807934
1.0,59.2,19.38,1,0,0,0.30599535228086233
1.0,59.9,16.86,1,0,0,0.4332511683361892
1.0,89.9,16.33,1,0,1,0.5291141855189869
1.0,59.99,25.7,1,0,0,0.4136256596098682
1.0,24.99,15.28,1,0,0,0.3138637599104614
1.0,89.99,15.38,1,0,1,0.5996212049653632
1.0,49.99,14.1,1,0,0,0.39345858952625057
1.0,49.95,37.04,1,0,0,0.3806419187161621
1.0,559.99,19.36,1,0,0,0.3337141009233795
1.0,32.0,7.78,1,0,0,0.40382490809344895
1.0,160.0,18.37,1,0,0,0.3511465347323081
1.0,49.0,22.06,1,0,0,0.35152243217715334
1.0,360.0,29.6,1,0,0,0.33154189946262896
1.0,79.9,17.04,1,0,0,0.49862738767379416
2.0,59.98,16.94,1,0,0,0.19576794512224047
1.0,32.0,15.79,1,0,0,0.40018034883671594
1.0,43.9,11.74,1,0,0,0.42517616927800417
1.0,97.5,14.99,1,0,0,0.2727656357079188
1.0,64.9,18.02,1,0,0,0.37722858042511975
1.0,179.49,15.01,1,0,0,0.40552764936956714
1.0,49.9,19.32,1,0,0,0.3364436219548865
1.0,129.99,17.16,1,0,0,0.32545355702193696
1.0,58.9,22.99,1,0,0,0.24004053780748663
2.0,181.9,29.16,1,0,1,0.5199298735233838
1.0,115.0,13.06,1,0,0,0.3578749975834568
1.0,139.4,38.19,5,1,1,1.0
1.0,29.9,18.23,1,0,0,0.3229998449385523
1.0,399.9,35.05,1,0,0,0.2926167355590658
1.0,39.9,17.06,1,0,0,0.4364085631587158
1.0,110.0,67.14,1,0,0,0.3500452681577761
1.0,49.9,44.2,1,0,0,0.3757100413985703
1.0,160.0,25.96,1,0,0,0.3048665565483751
1.0,142.99,18.43,1,0,0,0.3051189342233078
1.0,189.9,18.61,1,1,0,0.3574889980084576
,,,1,0,1,0.5676371073814253
1.0,259.0,16.91,1,0,0,0.26484039102196427
1.0,329.9,17.99,1,0,0,0.2895650949481706
2.0,159.98,22.34,1,0,1,0.5493687557526208
1.0,110.0,18.02,1,0,0,0.37974068907235703
1.0,159.0,91.32,1,1,0,0.21894586091720966
1.0,90.0,14.05,1,0,0,0.417452698047936
1.0,29.99,14.1,1,0,0,0.42514557449657153
1.0,65.0,18.02,1,0,0,0.37130265449919375
1.0,69.9,8.29,1,0,0,0.4136900745050834
1.0,108.9,24.35,1,0,0,0.2677028634226439
1.0,110.32,18.65,1,0,0,0.28221290519542913
1.0,13.65,15.1,1,0,0,0.39654489283656136
1.0,119.99,32.44,1,0,0,0.31950249383926943
1.0,99.49,12.36,1,0,0,0.30338762519704543
1.0,99.99,14.87,1,0,0,0.34691367738025247
1.0,145.0,18.89,1,0,0,0.30273825308626434
1.0,29.99,18.31,1,0,0,0.27781814509245967
1.0,165.0,13.49,1,0,0,0.37542386924425225
1.0,19.9,11.85,1,0,0,0.4473177135004276
1.0,69.9,17.0,8,1,1,1.0
1.0,96.0,15.52,1,0,0,0.44150355988774
1.0,22.0,7.41,1,0,0,0.003152663508243277
1.0,219.0,19.58,1,0,0,0.2957779638945733
1.0,110.0,13.07,1,0,0,0.38017850381269613
1.0,54.9,9.09,1,0,0,0.41320395199349574
1.0,149.9,13.34,1,0,0,0.3295173754769497
1.0,49.9,16.11,1,0,0,0.44907225836919956
1.0,12.99,18.23,1,0,0,0.1643431658987033
1.0,49.9,17.6,1,0,0,0.42697186726283365
1.0,229.0,18.85,1,1,0,0.3487121199224324
1.0,34.9,14.1,1,0,0,0.4266866467055584
1.0,99.9,17.95,1,0,0,0.3176070724508967
1.0,29.0,19.04,5,1,1,1.0
1.0,29.99,8.29,1,0,0,0.39582000131320977
1.0,24.9,16.11,1,1,0,0.49127539854416
1.0,10.99,14.11,1,0,0,0.23437721967092567
1.0,415.37,15.25,1,0,0,0.24699001683859706
1.0,48.9,7.87,1,0,0,0.4052867683094401
1.0,267.99,16.63,1,0,0,0.3010202030952197
2.0,39.0,14.78,1,0,1,0.548197966425473
1.0,99.9,20.62,1,0,0,0.4359127208076571
3.0,47.7,26.64,1,0,0,0.4546966713358624
1.0,56.99,15.15,1,0,0,0.4183760597418685
1.0,59.99,15.3,1,0,0,0.3740367773026138
2.0,299.88,98.3,1,0,0,0.29378170677254073
2.0,37.98,32.1,1,0,0,0.4252834096054219
1.0,189.99,8.58,1,0,0,0.34257626377061445
2.0,20.0,30.2,1,0,0,0.18076593129399335
1.0,119.9,13.18,1,1,0,0.3725121816928286
1.0,514.9,16.26,1,0,0,0.20485707728928199
1.0,49.9,14.1,1,0,0,0.39364138254956893
1.0,40.0,15.1,1,0,0,0.4588871910706689
1.0,15.9,10.96,1,0,0,0.44381396605144724
1.0,300.0,19.53,1,0,0,0.22294614351491793
1.0,86.9,16.29,1,0,0,0.4905805684668122
1.0,112.0,16.54,1,0,0,0.3993642286138698
1.0,49.0,13.44,1,0,0,0.3840988223421388
1.0,69.99,18.07,1,0,0,0.2225831683289748
1.0,329.22,36.1,1,0,0,0.28067776726681226
1.0,36.8,24.9,1,0,0,0.37352384181398257
2.0,182.4,23.5,1,0,1,0.5060724335153316
1.0,46.2,26.89,1,0,0,0.43282876604899473
1.0,35.9,15.32,1,0,0,0.43933563421056787
1.0,63.72,31.1,1,0,0,0.3184260554759021
2.0,161.87,31.34,1,0,1,0.5599644790060408
1.0,317.0,35.76,2,1,1,0.9933333333333333
3.0,157.9,40.07,1,0,1,0.5366871937260639
1.0,29.99,7.78,1,0,0,0.40712747008579875
1.0,257.57,18.51,1,0,0,0.32604645714426944
1.0,15.9,7.39,1,0,0,0.037290763451681246
1.0,269.99,22.73,1,0,0,0.39570437757475185
1.0,95.0,18.77,1,0,0,0.2608210208872397
,,,1,0,1,0.5676371073814253
1.0,75.0,25.02,1,0,0,0.30256728379907305
4.0,200.0,136.6,1,1,1,0.5245374074798077
1.0,68.0,12.61,1,0,1,0.6227430755781648
1.0,369.9,26.9,1,0,0,0.3520164883830366
1.0,29.6,15.56,1,0,0,0.4523687486093691
1.0,129.9,9.72,1,0,0,0.32730586863286615
1.0,13.99,14.1,1,0,0,0.3935328782175805
1.0,625.6,29.22,1,0,0,0.15758153803473596
1.0,479.99,24.66,1,0,0,0.2708361892386276
1.0,38.99,14.1,1,0,0,0.44708793837098376
1.0,18.49,12.48,1,0,0,0.4435806490325194
1.0,60.0,19.61,1,0,0,0.27174813510312057
1.0,110.0,13.21,1,0,0,0.3867813102821811
1.0,730.0,55.72,1,0,0,0.19799810567221446
1.0,42.99,11.85,1,0,0,0.424211433084871
1.0,12.99,15.1,1,0,0,0.43690519545478435
1.0,59.49,9.94,1,0,0,0.42513922920166625
1.0,69.9,12.43,1,0,0,0.43902408127786724
1.0,99.0,25.73,1,0,0,0.36948480605323963
1.0,89.9,21.08,1,0,0,0.4546210474622014
1.0,219.9,59.62,1,0,0,0.350057162134687
1.0,799.0,93.16,1,0,0,0.32753941660473007
1.0,55.0,11.41,1,0,0,0.43393168609185373
2.0,98.0,39.32,1,0,0,0.3683646691604956
1.0,40.0,16.6,1,0,0,0.4347366571308339
1.0,48.9,16.53,1,0,0,0.43713065732559697
1.0,159.0,28.49,1,0,0,0.32765038748305936
1.0,79.9,15.32,1,0,0,0.39423918184383544
1.0,203.0,9.78,1,0,0,0.31522026971584205
1.0,99.33,24.9,1,0,0,0.2882965444522693
1.0,54.9,17.63,1,0,1,0.5030282022537823
1.0,639.99,18.23,1,0,0,0.2123356786711193
1.0,1740.0,66.68,1,0,0,0.15046052384358513
1.0,149.9,15.28,1,0,0,0.34621993908261656
1.0,29.01,19.59,1,0,0,0.20389056427533195
1.0,19.49,18.24,1,0,1,0.5114670694088795
1.0,41.5,11.85,1,0,0,0.4260662396741566
1.0,14.99,14.1,1,0,0,0.391630894841611
1.0,59.88,23.0,1,0,0,0.2594543597479895
1.0,109.0,18.01,1,0,0,0.3749906150242152
1.0,739.9,21.92,1,0,0,0.2015766589100578
1.0,99.9,23.02,8,1,1,1.0
1.0,99.0,16.45,1,0,0,0.36067488895814714
1.0,19.99,11.85,1,0,0,0.45223521292279967
1.0,59.9,15.52,1,0,0,0.3182552075661874
1.0,43.99,17.6,1,0,0,0.4263517527157664
1.0,159.9,13.7,1,0,0,0.3726918822146885
3.0,114.6,54.69,12,1,1,1.0
1.0,295.9,19.87,1,0,0,0.32435814738825625
1.0,350.0,19.74,1,0,0,0.2940266136044466
1.0,165.9,12.37,1,0,0,0.3714213428309783
1.0,179.9,16.01,1,0,0,0.3546325566853192
1.0,136.0,15.83,1,0,0,0.35083827577971183
1.0,27.0,20.26,1,0,0,0.24274458924194556
1.0,19.9,19.95,1,0,0,0.26655805549028544
3.0,185.99,69.17,1,0,0,0.45715987960850335
1.0,54.99,14.7,1,0,0,0.4095857849501902
1.0,132.8,19.99,1,0,0,0.2535164366681023
1.0,109.99,29.56,1,0,0,0.3243299120376315
1.0,24.9,18.23,1,0,0,0.12924619083124259
1.0,127.9,19.0,1,0,0,0.2338085913530555
1.0,19.9,13.48,1,0,0,0.33710025817473027
1.0,39.9,8.72,1,0,0,0.4139899820021816
1.0,119.0,63.98,1,0,0,0.3558122606631868
1.0,39.9,14.1,1,0,0,0.4487027603866264
1.0,105.0,18.54,1,0,0,0.3311452139130851
1.0,269.0,32.63,1,0,0,0.32612481822497663
1.0,37.5,22.85,1,0,0,0.3395657335957643
1.0,369.0,25.73,1,0,0,0.3203163525921732
1.0,111.9,14.53,1,0,0,0.3679686251533046
1.0,68.0,14.65,1,0,0,0.41109477127921534
1.0,40.0,11.85,1,0,0,0.43858787371681224
1.0,120.0,20.33,1,0,0,0.2046906302323284
1.0,97.0,14.43,1,0,0,0.26279945491277396
1.0,119.0,13.17,1,0,0,0.37553613307874834
1.0,314.9,14.86,1,0,0,0.2769899161011608
1.0,139.99,45.44,1,0,0,0.3281388271486264
1.0,31.9,15.1,1,0,0,0.43932686784736347
3.0,161.7,43.41,1,0,1,0.5443321826535715
3.0,59.7,22.200000000000003,1,0,1,0.5877630520725163
2.0,69.8,15.56,1,0,0,0.24366768749419032
1.0,99.99,23.02,1,0,0,0.2731479609735668
1.0,137.9,38.81,1,0,0,0.34685073881939893
1.0,34.9,22.17,1,0,0,0.38024155366685464
1.0,199.9,45.25,1,0,0,0.35050447854241584
1.0,98.9,7.95,1,0,0,0.2528500554519562
1.0,99.9,12.4,1,0,0,0.3454562500023415
1.0,129.0,23.7,1,0,0,0.2424780122606613
1.0,89.0,9.37,1,0,0,0.4112334331753262
4.0,279.56,108.12,1,0,1,0.523558534109571
1.0,59.9,17.67,1,0,0,0.42173401220594686
1.0,59.9,17.67,1,0,0,0.42173401220594686
1.0,87.99,15.92,1,0,0,0.43533418322569833
1.0,130.0,18.71,1,0,0,0.2907703959040262
1.0,42.99,15.1,1,0,0,0.380585431118103
2.0,150.0,28.22,1,0,1,0.534097077387687
1.0,27.99,11.85,1,0,0,0.41898953007609163
1.0,199.9,21.89,1,0,1,0.5888939030989668
1.0,29.9,37.45,1,0,0,0.473143137682926
1.0,597.0,16.84,1,0,0,0.17061421785227146
1.0,99.9,16.89,1,0,0,0.37439777674688735
1.0,235.92,18.09,1,1,0,0.32683388007221126
1.0,50.4,23.07,1,0,0,0.24127287455026292
1.0,149.0,8.3,1,1,0,0.3557318027033998
1.0,173.9,31.06,1,0,0,0.3156026829023086
1.0,29.5,13.08,1,0,0,0.3613354204819131
1.0,230.0,17.31,1,0,0,0.4078983342157316
1.0,56.99,15.15,1,0,0,0.4183760597418685
1.0,69.99,16.25,1,0,1,0.5524896043561371
1.0,129.99,15.66,1,1,0,0.3572983823910326
1.0,39.99,12.48,1,0,0,0.44079569957529535
1.0,70.0,32.51,1,0,0,0.3467904460604064
1.0,26.0,11.85,1,0,0,0.44897494308376273
1.0,55.0,15.49,1,0,0,0.3147441102351433
1.0,168.98,10.0,1,0,0,0.2838008283593077
,,,1,0,1,0.5676371073814253
1.0,799.99,27.92,1,0,0,0.3079154529766069
1.0,49.9,11.85,1,0,0,0.4313913088318721
1.0,50.9,27.09,1,0,0,0.4271827179680695
1.0,95.0,20.72,1,0,0,0.3344038279610061
4.0,55.96,99.36,1,0,0,0.23390606915104267
1.0,21.0,15.1,1,0,0,0.44740981797417323
1.0,81.9,15.32,1,0,0,0.45163150851624445
1.0,110.9,15.54,1,0,0,0.37947183074145624
1.0,7.99,7.39,1,0,0,0.06725539596169054
1.0,26.15,16.79,1,1,0,0.44546962879072804
2.0,719.98,191.64,1,0,0,0.07253725971711818
1.0,79.0,13.89,1,0,0,0.2847800256003576
1.0,81.4,17.82,1,0,0,0.4501954935606646
1.0,79.0,22.37,1,0,0,0.2979014016912388
1.0,39.5,19.32,1,0,0,0.35054384689155155
1.0,196.99,35.54,1,0,0,0.40147376731267137
1.0,121.9,18.1,1,0,0,0.339243133394081
11.0,715.08,138.86,1,1,0,0.16183243302755929
1.0,39.0,12.69,1,0,1,0.5262467870563741
1.0,159.99,9.41,1,0,0,0.35214471979174905
2.0,159.98,90.04,1,0,0,0.2509565907883137
1.0,20.0,7.78,1,0,0,0.4901219761289066
1.0,168.75,29.93,1,0,0,0.3330394127181739
1.0,69.9,25.77,1,0,0,0.3446414321601595
2.0,312.6,43.16,1,0,0,0.3370313707675053
1.0,21.9,17.63,1,0,0,0.49200788899901143
1.0,139.99,10.39,1,0,0,0.31904609718895577
1.0,179.9,40.12,1,0,0,0.30556329585286884
3.0,245.4,47.34,1,0,1,0.5437230284864174
1.0,131.99,13.96,1,0,0,0.35087396556544626
1.0,299.0,21.58,1,0,0,0.3812615303819102
1.0,27.9,7.87,1,0,0,0.36505373318177364
1.0,105.0,7.99,1,0,0,0.35745887594073966
1.0,123.0,18.74,1,0,0,0.24579542139873026
2.0,310.0,25.18,1,0,0,0.27255928402372526
1.0,24.9,7.78,1,0,0,0.47484342061638934
2.0,113.98,15.64,1,0,0,0.4304643653891577
1.0,82.0,18.37,1,0,0,0.14673529962016868
1.0,30.9,34.15,1,0,0,0.47979822946012984
1.0,229.0,12.21,1,1,0,0.3873262626117045
3.0,597.69,51.45,1,1,0,0.48952332961346184
1.0,19.9,15.23,1,0,0,0.3228320640735403
1.0,149.0,19.28,1,0,0,0.2813372160834048
1.0,92.8,16.41,1,0,1,0.5053275832689655
1.0,36.93,7.52,1,1,0,0.03432443029133959
1.0,52.99,20.42,1,0,0,0.3682813990962745
1.0,150.0,34.59,1,0,0,0.3169812081400915
1.0,69.9,19.95,1,0,0,0.3523121531500946
1.0,119.9,10.05,7,1,1,1.0
1.0,159.9,16.88,1,0,0,0.33161587142597604
1.0,89.9,21.12,1,0,0,0.45042066960734295
1.0,79.0,13.57,1,0,0,0.2681928428574176
1.0,700.0,42.93,1,0,0,0.26979114318762937
1.0,64.9,11.71,1,0,0,0.43213037847453545
3.0,258.70000000000005,56.120000000000005,1,0,1,0.5686906896003537
1.0,328.89,13.8,1,0,0,0.2661248461730466
1.0,69.9,9.34,1,0,0,0.4451667011983965
1.0,388.9,36.72,1,0,0,0.29493996072577605
1.0,49.0,17.63,1,0,0,0.4864824091053665
1.0,93.9,22.37,1,0,0,0.30435445500425135
1.0,99.9,33.15,1,0,0,0.3398148915563987
1.0,95.0,7.92,1,0,0,0.48755248813472224
2.0,51.78,36.56,1,0,0,0.43607869437308283
1.0,40.35,19.47,1,0,0,0.32635984942678475
1.0,119.4,12.04,1,0,0,0.35583327273343696
1.0,39.9,17.78,1,0,0,0.4514197102483374
1.0,68.0,7.74,1,0,0,0.10896836829180172
1.0,43.0,11.15,1,0,0,0.4226063114903936
1.0,32.9,8.98,1,0,0,0.3904318833103193
1.0,36.99,14.57,1,0,0,0.4300195400570696
1.0,34.99,18.23,1,0,0,0.3144540473368401
1.0,79.9,18.36,9,1,1,1.0
1.0,19.9,11.85,1,0,0,0.4473177135004276
2.0,449.8,38.9,1,0,1,0.6284661105539275
2.0,69.98,28.22,1,0,0,0.43351274654435806
1.0,109.9,15.52,1,0,0,0.32571841281797337
1.0,439.0,10.33,1,0,0,0.2079760095829243
1.0,39.0,8.29,1,0,0,0.410618934742503
1.0,149.0,18.29,1,0,0,0.33644538814561886
1.0,149.0,8.81,1,0,0,0.3114575861667122
1.0,849.0,23.52,1,0,0,0.09876164556731534
1.0,292.9,22.5,1,0,0,0.3927563510151491
2.0,76.8,30.22,1,0,0,0.4406250854177928
1.0,59.99,9.34,1,0,0,0.44993679785232266
1.0,388.9,20.6,1,0,0,0.38452873013258926
1.0,24.9,7.39,1,0,0,0.4115233477084794
1.0,66.0,29.21,1,0,0,0.33551244781448564
1.0,149.9,23.63,1,0,0,0.2638953886721321
1.0,59.9,14.13,1,0,0,0.4143587516574212
1.0,78.0,16.99,1,0,1,0.5168703242968513
1.0,117.9,9.2,1,0,0,0.3563655467995631
1.0,34.49,18.23,1,0,0,0.3144540473368401
1.0,65.0,34.25,1,0,0,0.33558635024635897
1.0,79.99,12.69,1,0,0,0.4668231670627571
1.0,465.0,34.64,1,0,0,0.29526951619075964
1.0,44.9,12.69,1,0,1,0.5093464579814325
1.0,49.9,14.52,1,0,0,0.4096354382415655
1.0,277.99,68.82,1,0,0,0.2605149877465871
1.0,59.9,7.68,2,1,1,0.9933333333333333
3.0,115.2,38.07,1,0,0,0.4347160368842039
1.0,79.99,15.44,1,0,0,0.31556689348626216
1.0,119.0,17.08,1,0,0,0.3655464356685225
1.0,89.9,25.47,1,0,0,0.3947096898131137
1.0,17.99,14.1,1,0,0,0.418502317083037
1.0,44.9,7.78,1,0,0,0.4056772953186998
1.0,9.99,15.1,1,0,0,0.47659491448479524
1.0,160.0,23.05,1,0,0,0.3037595168530481
1.0,94.0,20.15,1,0,0,0.33970092461178153
1.0,129.99,15.98,1,0,0,0.3119711227305634
1.0,120.0,36.19,1,0,0,0.3220250990970608
1.0,59.99,15.18,1,0,0,0.42535051473897284
1.0,114.9,19.08,1,0,0,0.3880563342710746
1.0,70.97,17.75,1,0,0,0.4736451124161053
1.0,115.0,13.83,1,0,0,0.3645915423304154
1.0,31.9,16.79,1,0,0,0.4305884805419051
1.0,99.9,0.0,1,0,0,0.002092274678111588
1.0,59.99,12.76,1,0,0,0.4327041743694351
2.0,43.98,30.2,1,0,0,0.3892163255398775
1.0,389.0,83.54,1,0,0,0.3301841155864387
1.0,47.25,14.1,1,0,0,0.3927339562239085
1.0,59.9,18.3,1,0,0,0.24982280756593112
1.0,145.69,15.77,1,0,0,0.30444985308092437
1.0,79.9,11.76,1,0,0,0.426195398825045
1.0,75.0,37.95,1,0,0,0.39615292948926994
1.0,165.0,16.78,1,1,0,0.34214178683282437
1.0,49.95,15.1,1,0,0,0.41629867076139715
1.0,149.9,17.96,1,0,0,0.30403309441273185
1.0,174.9,31.97,1,0,0,0.3217564993436518
1.0,132.9,15.68,1,0,0,0.33956164553203955
1.0,59.9,17.67,1,0,0,0.42173401220594686
1.0,40.0,13.47,1,0,0,0.32824186448277803
1.0,49.9,25.63,1,0,0,0.4030080307895229
1.0,39.9,15.1,1,0,0,0.46733184161795177
3.0,209.7,39.24,1,0,1,0.5067856091390471
1.0,49.0,15.1,1,0,0,0.4168195117953109
1.0,10.99,14.1,1,0,0,0.23437721967092567
1.0,12.9,14.1,1,0,0,0.36557869146219385
1.0,19.99,14.11,1,0,0,0.443760322460762
1.0,49.0,9.94,1,0,0,0.4344083603160148
1.0,197.9,19.47,1,0,0,0.26605577378128237
1.0,229.0,40.53,1,0,0,0.3021109921215833
1.0,99.0,18.27,1,1,0,0.24186078019794138
1.0,12.99,22.85,1,0,0,0.2588013696588854
1.0,69.9,28.89,1,0,0,0.32469917737150134
3.0,1859.97,176.07,1,0,0,0.26968120919557925
2.0,36.8,39.18,1,1,0,0.27301148333260217
1.0,32.0,7.48,1,0,0,0.009705049671886956
1.0,254.9,15.95,1,1,0,0.27021629453747276
1.0,900.0,107.36,1,0,0,0.16655859989287636
1.0,39.99,18.38,1,0,0,0.23999354393401315
1.0,29.9,7.95,1,0,0,0.3966854031171303
1.0,184.6,14.31,1,0,0,0.3995630553734018
1.0,27.93,8.36,1,0,0,0.39380380370314055
1.0,65.0,7.78,1,0,0,0.42473170251900405
1.0,99.99,12.09,1,0,0,0.2679505699623292
1.0,109.13,9.12,1,0,0,0.32597270571920456
7.0,1116.0,233.04,1,0,0,0.34989289757721115
1.0,79.9,19.53,1,0,0,0.08831531181404487
1.0,69.81,17.74,1,0,0,0.47321286561504555
1.0,13.3,25.63,1,0,0,0.4377380118955488
1.0,58.5,12.85,1,0,0,0.3749518101065771
1.0,219.0,17.97,1,0,0,0.4061199737499037
1.0,149.98,23.76,1,0,0,0.2135145424665412
1.0,148.0,43.07,1,0,0,0.32865054927772275
1.0,27.3,15.1,1,1,0,0.4359824676738852
1.0,59.99,17.67,1,0,0,0.4193785349537994
1.0,13.65,14.1,1,0,0,0.3827804234166249
,,,1,0,1,0.5676371073814253
1.0,59.98,15.17,1,0,0,0.42535051473897284
2.0,399.8,43.78,1,0,1,0.5778539779431208
1.0,19.9,14.52,1,0,0,0.43871979362072094
1.0,113.0,14.52,1,0,0,0.3750252289268896
1.0,199.0,42.15,1,0,0,0.38401381252666633
1.0,151.3,18.31,1,0,0,0.2754021431199117
1.0,1099.9,92.58,1,0,0,0.3391839278431417
1.0,25.0,14.58,1,0,0,0.45644246788961046
1.0,145.0,13.45,1,0,0,0.31620791456452624
1.0,22.9,11.85,1,0,0,0.4396502132254593
2.0,121.98,33.05,1,0,0,0.4335957792147905
1.0,99.9,14.45,1,0,0,0.35878295179266284
1.0,59.0,11.91,1,0,0,0.43281029020852835
1.0,84.9,23.17,1,0,0,0.22463966186564605
1.0,28.99,15.1,1,0,0,0.44478496511457155
1.0,72.0,23.3,1,0,0,0.24078146079809631
1.0,110.0,18.85,1,0,0,0.2904682472738476
1.0,39.9,15.79,1,0,0,0.4415404068068845
1.0,12.9,21.15,1,0,0,0.2254789730382094
1.0,12.25,17.06,1,0,0,0.36315690719658333
1.0,97.06,16.05,1,0,0,0.4503031983000735
1.0,39.9,7.39,1,0,0,0.44012317916909743
1.0,119.0,69.71,1,0,0,0.34334049539800693
2.0,37.48,51.26,1,0,0,0.26493126299176767
1.0,54.9,13.4,1,0,0,0.3787753445845689
1.0,15.0,15.1,1,0,0,0.4037955846718788
1.0,49.9,15.1,1,0,0,0.41629867076139715
1.0,325.0,16.02,1,0,0,0.22163457440298567
1.0,179.9,31.91,1,0,0,0.34751589582900105
1.0,83.0,15.33,1,1,0,0.4146976566800853
1.0,139.99,21.06,1,0,0,0.3251093803797533
3.0,74.94,45.3,1,0,0,0.4795280880356867
2.0,66.0,32.64,1,0,0,0.4604679383349128
1.0,53.99,9.13,1,0,0,0.4281325201284601
1.0,88.9,18.86,1,0,0,0.21034508984354072
1.0,135.0,17.39,1,0,0,0.34869265896789153
1.0,34.9,19.32,1,0,0,0.30159032391020696
1.0,104.0,15.48,1,0,0,0.36467725242739246
1.0,439.0,24.54,1,0,0,0.25534981319671624
1.0,229.99,60.16,1,0,0,0.3318914693950193
1.0,129.99,12.11,1,0,0,0.38616156944646624
1.0,48.9,23.49,1,0,0,0.25782472718330157
9.0,481.5,357.48,1,0,0,0.03186138532531226
1.0,179.0,14.91,1,0,0,0.3866678743108117
1.0,22.5,13.43,1,0,0,0.37115328417177307
1.0,68.0,18.36,1,0,0,0.24178164946438416
1.0,11.49,18.23,1,0,0,0.16555858348426192
1.0,309.99,26.33,1,0,0,0.29776757677263743
1.0,29.99,12.76,1,0,0,0.407897618259136
1.0,76.99,17.45,1,0,0,0.42974960901933107
1.0,118.99,17.08,1,0,0,0.36179296562332375
1.0,108.0,23.08,1,0,0,0.26784155567459766
1.0,19.9,7.4,1,0,0,0.07263356404135811
1.0,44.99,19.23,1,0,0,0.26505887299668657
1.0,19.99,11.73,1,0,0,0.4531646291169882
2.0,35.8,44.12,1,0,0,0.30060380012259524
2.0,119.8,14.78,1,0,0,0.26225010904386903
1.0,119.9,12.04,1,0,0,0.4028790003961783
1.0,336.0,53.07,1,0,0,0.29326149257748274
1.0,290.0,38.94,1,0,0,0.23808561689078733
1.0,29.9,8.88,1,0,0,0.4012061546830365
1.0,32.9,12.79,1,0,0,0.32395803412082436
1.0,56.99,14.15,1,0,0,0.403786013961759
1.0,75.9,17.07,1,0,1,0.5133328019699935
1.0,36.0,22.85,1,0,0,0.3085948243548309
1.0,129.0,40.23,1,0,0,0.3149076527903836
6.0,180.0,84.6,1,0,0,0.30763785916745123
1.0,74.67,11.73,1,0,0,0.43532868243507855
1.0,149.99,17.3,1,0,0,0.25183235488234224
1.0,146.5,12.42,1,0,0,0.2936652512825313
1.0,80.99,16.82,1,0,1,0.5194672190119549
1.0,179.0,14.98,1,0,0,0.3907544543973918
1.0,49.5,17.92,1,0,0,0.488824029853747
1.0,349.99,11.46,1,0,0,0.21759115322021724
1.0,12.9,16.79,1,0,0,0.3901186286668767
2.0,59.98,17.44,1,0,0,0.31295581763758884
1.0,2199.0,139.48,1,0,0,0.14711949124169663
1.0,399.0,38.65,1,1,0,0.29395769591773224
1.0,69.9,13.51,1,1,0,0.3348271060759655
2.0,172.0,37.45,1,0,0,0.31341643559378035
1.0,17.0,13.47,1,0,0,0.3275928913951681
1.0,129.0,86.06,1,1,0,0.27501861750929746
1.0,24.99,15.79,1,1,0,0.3807033093013996
1.0,49.9,8.72,1,0,0,0.4089226900140161
1.0,1688.0,67.21,1,0,0,0.15046052384358513
1.0,121.5,34.65,1,0,0,0.2961228883168426
1.0,68.99,11.5,1,0,0,0.42116432195996784
1.0,48.0,15.11,1,0,0,0.41689482849653736
2.0,83.9,42.67,1,0,0,0.4309133820105966
1.0,69.9,12.93,1,0,0,0.3837347660509969
1.0,329.9,20.19,1,0,0,0.3852141194657808
1.0,15.5,11.85,1,0,0,0.4456265274552065
1.0,139.99,57.65,1,0,0,0.33327963156218005
1.0,56.0,16.15,1,0,0,0.4623587621804021
1.0,119.9,18.09,1,0,0,0.3534551875253613
1.0,74.9,16.28,1,0,1,0.5547114341231484
1.0,59.9,16.12,1,0,0,0.41327402443703926
1.0,5.99,15.1,1,0,0,0.31834885791006107
1.0,69.9,11.88,1,0,0,0.44494804394895937
1.0,319.9,50.32,1,0,0,0.2904384802819094
1.0,185.0,18.54,1,0,0,0.33487437740821174
1.0,23.99,14.16,1,0,0,0.4705070524566729
1.0,50.0,11.85,1,0,0,0.4312085158085536
1.0,119.9,13.28,1,0,0,0.3657744826306465
1.0,39.9,18.23,1,0,0,0.281560851376136
1.0,34.0,29.39,1,0,0,0.4462753804135201
1.0,36.0,22.67,1,0,0,0.3216445614638294
1.0,59.9,17.67,1,0,0,0.42173401220594686
1.0,44.9,7.73,1,0,0,0.13313126223114374
1.0,55.0,50.89,1,0,0,0.36925174303327807
4.0,571.96,84.56,1,0,0,0.4498101219380795
1.0,29.9,18.23,1,0,0,0.3229998449385523
2.0,107.8,0.0,1,0,1,0.636004203296188
1.0,34.9,13.71,1,0,0,0.3241429087447183
1.0,56.99,14.15,1,0,0,0.403786013961759
1.0,224.8,15.32,1,0,0,0.28701581773238044
1.0,10.99,14.52,1,0,0,0.29315592786915884
1.0,18.0,12.79,1,0,0,0.3051660240050736
1.0,72.9,16.27,1,0,1,0.5523143608619407
1.0,75.5,15.28,1,0,0,0.37659022335742115
1.0,141.9,11.6,1,0,0,0.30835693600974984
1.0,45.99,15.56,1,1,0,0.4398636503127571
1.0,169.9,27.45,1,0,0,0.2593059330647759
1.0,89.9,25.47,1,0,0,0.3947096898131137
1.0,255.9,18.0,1,0,0,0.36201867627907913
1.0,32.9,9.09,1,0,0,0.39616445723615573
1.0,1009.0,144.09,1,0,0,0.19504221432169966
1.0,96.9,13.7,1,0,0,0.4332737098022441
1.0,129.9,15.67,1,0,0,0.3452125472308687
1.0,113.0,29.19,1,0,0,0.33971360510147236
2.0,11.8,15.56,1,0,0,0.2749404778960194
1.0,58.9,17.12,1,0,0,0.45959132421046367
1.0,13.9,18.23,1,0,0,0.16484293191363594
1.0,35.0,11.15,1,0,0,0.4244572505008023
1.0,48.9,7.87,1,0,0,0.4052867683094401
1.0,24.9,15.1,1,1,0,0.46022497300716375
1.0,36.75,12.69,1,0,1,0.5002055492907084
1.0,2199.0,116.83,1,0,0,0.12004376434341622
2.0,80.0,28.2,1,0,0,0.4649140866997584
1.0,64.9,15.2,1,0,0,0.40958516450953747
1.0,56.99,13.98,1,0,0,0.33229771507856093
1.0,115.0,14.9,1,0,0,0.3614511604444461
1.0,58.9,14.72,1,0,0,0.4102258793979447
1.0,19.9,11.85,1,0,0,0.4473177135004276
1.0,329.99,13.51,1,0,0,0.24902074729791082
1.0,60.0,11.92,1,0,0,0.43889248975714823
1.0,99.99,38.25,1,0,0,0.3370977622509287
1.0,209.99,27.55,4,1,1,1.0
1.0,19.9,11.85,1,0,0,0.4473177135004276
1.0,199.9,18.14,1,0,0,0.4043777675858155
1.0,89.9,15.7,1,0,0,0.49651591069682893
1.0,49.9,11.85,1,0,0,0.4313913088318721
1.0,79.9,19.75,11,1,1,1.0
1.0,59.4,16.18,1,0,0,0.4025206358428307
1.0,79.9,20.96,1,0,0,0.36327038265305134
1.0,49.99,34.15,1,0,0,0.40155509522507393
1.0,129.0,13.56,1,0,0,0.343237705169067
1.0,37.99,16.11,7,1,1,1.0
1.0,190.0,16.08,1,1,0,0.47226330810789013
1.0,159.9,26.4,1,0,0,0.305133402090253
1.0,109.9,17.02,1,0,0,0.34935605131144243
1.0,99.9,16.46,1,0,0,0.37037067680233265
1.0,514.9,21.7,1,0,0,0.4154993905602102
1.0,220.0,24.34,1,0,0,0.3022614786887273
1.0,89.49,13.1,1,0,1,0.5197661396077276
1.0,159.49,32.24,1,0,0,0.30896440395137753
1.0,79.99,14.33,1,0,0,0.3687768675415053
1.0,21.9,34.15,1,0,0,0.4135743857326665
1.0,9.99,7.78,1,0,0,0.38371499178261015
1.0,20.99,18.23,1,0,0,0.15564963340797797
1.0,150.0,13.95,1,0,0,0.2931913264512187
1.0,119.0,17.08,1,0,0,0.3655464356685225
1.0,78.9,46.63,1,0,0,0.38040456145445106
2.0,29.6,34.12,1,0,0,0.34670780355171754
1.0,55.0,34.19,1,0,0,0.3887765557882028
1.0,66.99,15.57,1,0,0,0.39689207457474573
1.0,109.9,15.65,1,0,0,0.3375312627529371
1.0,399.0,11.61,1,0,0,0.2444632678771037
2.0,160.0,27.36,2,1,1,1.0
1.0,43.9,15.1,1,0,0,0.382388670610958
4.0,319.96,277.48,1,0,0,0.0624777426638752
1.0,25.5,15.1,1,0,0,0.4638653956221388
1.0,189.9,20.57,1,0,0,0.4432990751035806
1.0,139.9,16.61,1,0,0,0.3586433049026031
1.0,189.9,61.39,3,1,1,1.0
1.0,56.99,14.15,1,0,0,0.403786013961759
1.0,99.99,16.95,1,0,0,0.36893118306856215
1.0,199.9,17.03,1,0,1,0.5176039814006935
1.0,25.49,12.79,1,0,0,0.35387448805666183
1.0,169.0,18.47,1,0,0,0.3433930487085691
1.0,24.9,15.1,1,0,0,0.46022497300716375
1.0,70.25,57.26,1,0,0,0.3330124160034151
1.0,699.99,19.66,1,0,0,0.35947052442491856
1.0,45.6,34.15,1,0,0,0.4175199419087015
1.0,59.9,14.13,1,0,0,0.4143587516574212
1.0,94.99,14.41,1,0,0,0.2692563268276979
1.0,127.99,15.07,1,0,0,0.3338039484985965
1.0,108.9,20.0,1,1,0,0.3115922126758514
1.0,85.5,17.85,3,1,1,0.98
1.0,89.9,17.07,3,1,1,1.0
1.0,56.58,23.12,1,0,0,0.227323760045351
1.0,148.0,9.91,1,0,0,0.32855871262526254
1.0,19.9,12.8,1,0,0,0.31470771171977074
1.0,199.9,9.16,1,0,0,0.35254995418145557
1.0,69.9,16.12,1,0,1,0.5227168817587426
1.0,22.9,14.52,1,0,0,0.4397368498634217
1.0,90.0,8.82,1,0,1,0.5592427804609014
1.0,39.0,16.11,1,0,0,0.4480642157582839
1.0,149.98,25.89,1,0,0,0.22473341238775976
1.0,69.9,16.25,1,0,1,0.5604267480009151
1.0,25.7,18.89,1,0,0,0.11828541385612752
1.0,49.0,19.32,1,0,0,0.3400075632546768
1.0,76.9,16.3,1,0,1,0.5275627920160227
1.0,34.0,8.27,1,0,0,0.395919063143376
1.0,53.99,7.78,1,0,0,0.4299069629082897
3.0,639.0,45.8,1,0,1,0.5087984915282009
1.0,87.67,21.49,1,0,0,0.40517613199998137
1.0,105.0,23.89,1,0,0,0.25163905772646666
1.0,13.7,7.78,1,0,0,0.4763310055121974
1.0,18.9,14.52,1,0,0,0.43507671694449074
1.0,134.9,18.19,1,0,0,0.3099525510013226
1.0,102.48,34.52,1,0,0,0.29324682294837706
1.0,99.9,13.72,1,0,0,0.37122544093035825
1.0,269.99,15.64,1,0,0,0.25606350530921096
1.0,34.9,15.79,1,0,0,0.40278551441190474
1.0,38.9,12.48,1,0,0,0.43741201292592347
1.0,79.0,17.19,1,0,1,0.5449721840827091
1.0,339.9,63.33,1,0,0,0.3817695267550928
1.0,84.9,17.84,1,0,0,0.43025983040265914
1.0,19.99,14.52,1,0,0,0.44885684817908944
2.0,156.85000000000002,25.35,1,0,1,0.575880083725147
1.0,71.1,21.14,1,0,0,0.38181097662380054
1.0,48.5,7.6,1,0,0,0.1218549341057359
1.0,18.9,8.27,1,0,0,0.4357029803679556
1.0,39.49,11.85,1,0,0,0.4359407310835572
1.0,47.9,8.88,1,0,0,0.407811533192873
1.0,42.99,22.28,1,0,0,0.23315345790002595
1.0,209.0,17.71,1,0,0,0.3574787190153795
1.0,16.9,10.96,1,0,0,0.45128845675983476
1.0,134.9,16.7,1,0,0,0.34398348376211896
1.0,48.0,11.85,1,0,0,0.4288137058501752
1.0,39.49,15.1,1,0,0,0.4657170196023092
1.0,149.9,24.66,1,0,0,0.26970578033776266
1.0,149.65,15.8,1,0,0,0.31625009052693065
1.0,87.9,12.96,1,1,0,0.3845865770322265
1.0,109.9,15.53,1,0,0,0.32571841281797337
1.0,16.99,15.1,1,0,0,0.42323871961234033
1.0,42.9,11.85,1,0,0,0.4251909143082547
1.0,58.67,8.57,1,0,0,0.41263774023646604
1.0,69.9,57.04,1,0,0,0.30090459435702843
1.0,330.0,39.22,1,0,0,0.2801584097206734
1.0,209.9,16.22,1,1,0,0.3898351838843513
1.0,86.0,12.73,1,0,1,0.6105882160724698
2.0,259.54,18.52,1,0,0,0.23679765716316992
1.0,46.63,15.1,1,0,0,0.4180928843719478
1.0,29.35,16.11,1,0,0,0.44379316252841616
1.0,109.99,23.06,1,0,0,0.30113015496789247
1.0,79.9,15.44,13,1,1,1.0
1.0,117.3,14.43,1,0,0,0.35485058809118697
1.0,64.9,17.38,1,0,0,0.41807917124075605
1.0,93.1,14.26,1,1,0,0.3570889775571433
1.0,49.99,34.15,1,0,0,0.40155509522507393
1.0,49.0,8.5,1,0,0,0.4068441576583865
1.0,358.0,13.9,1,0,0,0.25269075204601144
1.0,369.9,10.78,1,0,0,0.21014674683593845
1.0,59.99,16.18,1,0,0,0.43541799851785346
1.0,29.9,9.34,1,0,0,0.4410943746835939
1.0,69.9,11.75,1,0,0,0.4383525213483977
1.0,69.0,11.87,1,0,0,0.42779960801061834
1.0,199.99,53.53,1,0,0,0.36571205357060277
1.0,129.9,12.11,1,0,0,0.4035782730069997
1.0,599.0,58.63,1,0,0,0.10270168096166298
1.0,133.99,16.05,1,0,0,0.342019914112784
1.0,749.0,77.79,1,0,0,0.2575319421700266
1.0,12.9,25.63,1,0,0,0.4535345667695025
1.0,57.49,9.94,7,1,1,1.0
1.0,37.9,16.79,1,0,0,0.4257815190123948
1.0,64.9,25.29,1,0,0,0.3297584426374021
1.0,34.9,24.84,1,0,0,0.4013465606063838
1.0,36.0,7.78,1,0,0,0.41131728468910495
2.0,304.3,19.76,1,0,0,0.19470564548369884
1.0,49.0,7.39,1,0,0,0.4499145352751962
1.0,467.0,18.02,1,0,0,0.3342624997200332
1.0,134.99,15.69,6,1,1,1.0
1.0,309.9,20.05,1,0,0,0.26683207804729475
1.0,148.0,20.28,1,0,0,0.23099131829142006
1.0,139.99,21.47,1,0,0,0.4178142008688182
1.0,72.9,16.27,1,0,1,0.5523143608619407
1.0,199.9,27.48,2,1,1,1.0
1.0,39.0,14.1,1,0,0,0.44708793837098376
1.0,29.6,7.78,1,0,0,0.4123929655044307
1.0,31.0,20.4,1,0,0,0.399362337186014
1.0,20.9,10.96,1,0,0,0.4571265911158008
1.0,55.9,18.27,1,0,0,0.2616385142577044
1.0,15.99,15.23,1,0,0,0.3169944311411008
2.0,91.9,36.84,1,0,0,0.3341012700952925
1.0,110.4,18.02,1,0,0,0.37708110904859277
1.0,25.9,7.78,1,0,0,0.37976652256602533
1.0,202.0,19.29,1,0,0,0.2599888331744972
1.0,80.0,16.32,1,0,1,0.5569822365803164
1.0,159.99,69.93,1,0,0,0.2878537590756058
2.0,25.8,15.42,1,0,0,0.30026993712786965
4.0,353.36,65.0,1,0,0,0.48432986125390537
1.0,45.6,16.79,1,0,0,0.4464463516935119
1.0,30.0,20.4,1,0,0,0.42488048281282853
1.0,55.0,7.78,1,0,0,0.43032781926596364
1.0,379.9,11.57,1,0,0,0.2240357994578726
1.0,225.0,21.53,1,0,0,0.4703651448793832
1.0,99.0,42.97,1,0,0,0.3359223058433572
1.0,242.01,17.13,1,0,0,0.38741284167644174
,,,1,0,1,0.5676371073814253
1.0,23.9,10.96,1,0,0,0.43864019874121124
1.0,49.9,15.1,1,0,0,0.41629867076139715
1.0,44.9,8.27,1,0,0,0.3923307166762469
2.0,69.98,28.2,1,0,0,0.43351274654435806
1.0,149.0,23.84,1,0,0,0.24740496741331025
1.0,150.0,36.37,1,0,0,0.29645110121438495
1.0,59.9,12.76,1,0,0,0.43986478551350217
1.0,180.0,20.23,1,0,0,0.299480076546967
1.0,169.0,18.47,1,0,0,0.3433930487085691
1.0,39.99,7.78,1,0,0,0.43131009253739117
1.0,25.99,7.78,1,0,0,0.3841016740680065
1.0,32.0,22.98,1,0,0,0.40062401132110215
1.0,176.97,87.11,1,0,0,0.2322075221242801
1.0,379.08,14.99,1,0,0,0.2740525727532506
1.0,95.9,14.98,1,0,0,0.26990024516846417
1.0,89.7,15.38,1,0,1,0.5529803624802303
1.0,134.9,29.34,1,0,0,0.34669412604340116
1.0,79.9,17.81,1,0,0,0.45272836422225177
2.0,139.8,36.14,1,0,0,0.3995242887591279
1.0,56.99,11.9,1,0,0,0.4337186551500721
1.0,134.9,20.13,1,0,0,0.2579986550804507
1.0,59.9,37.97,1,0,0,0.4025114616568789
1.0,50.9,15.44,1,0,0,0.32234767511712403
1.0,349.9,19.88,1,0,0,0.3038130553425385
1.0,129.0,18.78,1,0,0,0.2530238356137788
1.0,185.81,17.06,1,0,0,0.4042110487336677
4.0,180.0,63.16,1,0,0,0.45818062703455015
1.0,120.0,14.59,1,0,0,0.3313565245789882
1.0,201.99,15.02,1,0,0,0.37236782821567355
1.0,44.99,7.78,1,0,0,0.4108974464321725
2.0,198.0,77.06,1,0,0,0.35422487199684777
1.0,13.9,10.96,1,0,0,0.4219393636247719
1.0,59.99,7.78,1,0,0,0.4340041582469618
1.0,139.9,15.56,1,0,0,0.3421461664655724
1.0,99.9,17.14,1,0,0,0.3698671107378997
1.0,44.9,19.5,1,0,0,0.06931211664795081
1.0,27.99,17.63,1,0,0,0.3953673396853689
1.0,52.9,16.26,1,0,0,0.4479417455279661
1.0,79.9,11.76,1,0,0,0.426195398825045
1.0,21.99,11.85,1,0,0,0.45714356200176515
3.0,56.7,35.55,1,0,1,0.6369884637327549
1.0,149.94,21.49,1,0,0,0.37316810143550405
1.0,47.0,7.39,1,0,0,0.406192995922734
1.0,19.95,15.1,1,0,0,0.4392317437917965
1.0,69.0,18.63,1,0,0,0.2959504574691922
1.0,89.9,11.24,1,0,0,0.455129416903418
1.0,112.99,34.15,1,0,0,0.3140409218981895
2.0,249.8,32.07,1,0,0,0.4405142716736975
1.0,247.88,16.19,1,0,0,0.3102535375583184
1.0,75.0,12.87,1,0,0,0.40469243538478894
1.0,145.0,18.89,1,0,0,0.30273825308626434
1.0,43.8,16.6,1,0,0,0.44117292348684456
1.0,899.0,28.79,1,0,0,0.1444350856817851
1.0,159.99,22.0,1,0,0,0.4020011594325042
1.0,109.0,16.39,1,0,0,0.3383010009466739
2.0,233.98,37.4,1,0,0,0.29055266430143506
1.0,19.49,7.87,1,0,0,0.4938968816181829
1.0,249.0,48.27,1,0,0,0.2982127978177591
1.0,56.97,12.74,1,0,0,0.4614403934195726
1.0,29.99,8.72,1,0,0,0.3965371385433473
1.0,74.9,18.09,1,0,0,0.2894294790455262
1.0,20.99,15.25,1,0,0,0.3326084696094684
1.0,28.9,14.1,1,0,0,0.43126157746293586
1.0,29.99,8.4,1,0,0,0.39393882657596324
1.0,139.99,38.5,1,0,0,0.3277031889149024
1.0,159.9,20.31,1,0,0,0.27420669022960314
1.0,59.9,16.18,1,0,0,0.45167663020463256
1.0,99.0,12.6,1,0,0,0.3211071637280666
1.0,99.99,17.95,1,0,0,0.3146308617228917
1.0,45.0,22.06,1,0,0,0.26991994110091905
1.0,19.99,11.85,1,0,0,0.45223521292279967
1.0,89.9,7.88,1,0,0,0.42652812040710614
1.0,219.99,37.05,1,0,0,0.30783318777241647
1.0,54.9,16.63,1,1,0,0.4742379102604547
1.0,339.9,17.13,1,0,0,0.28309068602049303
1.0,130.0,13.86,1,0,0,0.35363504071727536
1.0,189.99,13.23,1,0,1,0.5227588553447043
1.0,24.5,15.23,1,0,0,0.31963106292967425
2.0,70.0,30.64,1,0,0,0.45217327325472856
1.0,115.9,18.06,1,0,0,0.3236863611407484
1.0,89.9,26.71,1,0,0,0.38258089788621646
1.0,49.99,9.94,1,0,0,0.43422556729269635
1.0,34.99,25.63,1,0,0,0.4945052862044578
1.0,730.0,35.78,1,0,0,0.24491068323470935
1.0,24.99,15.1,1,0,0,0.46022497300716375
1.0,44.0,22.06,1,0,0,0.2664742482170239
1.0,150.0,12.28,1,0,0,0.24453075604430316
1.0,49.0,17.67,1,0,0,0.48161614290239657
1.0,53.9,22.96,1,0,0,0.2442841799815684
1.0,11.99,14.1,1,0,0,0.370815543046249
1.0,119.94,28.2,1,0,0,0.2963848343805809
1.0,219.99,47.13,1,0,0,0.3164152852524869
3.0,44.400000000000006,22.17,1,0,1,0.5143774613714491
1.0,85.9,25.72,1,0,0,0.42790550181544157
1.0,64.99,27.51,1,0,0,0.3038018871168194
1.0,49.9,41.33,11,1,1,1.0
1.0,149.0,17.59,1,0,0,0.3420880951670589
1.0,34.99,25.63,1,0,0,0.4945052862044578
1.0,159.0,14.13,1,0,0,0.367207010801938
1.0,285.0,15.48,1,0,0,0.2378072149980332
1.0,102.0,18.59,1,0,0,0.20789895245041257
1.0,529.9,19.95,1,0,0,0.29071326402094966
1.0,99.98,9.51,1,0,0,0.21930737104981682
1.0,189.0,37.65,1,0,0,0.33039596262991006
1.0,120.0,26.92,1,0,0,0.30350609481878915
1.0,114.9,23.6,1,0,0,0.2127920450262259
1.0,330.0,53.03,1,0,0,0.2909593343041015
3.0,89.69999999999999,24.33,2,1,1,0.9933333333333333
2.0,586.4,39.88,1,0,1,0.5394701182007646
1.0,109.97,34.04,1,0,0,0.3247922566006332
1.0,39.9,7.94,1,0,0,0.41532873297961537
1.0,115.0,8.06,1,0,0,0.3311519038698705
1.0,199.9,21.48,1,0,0,0.47270687143422074
1.0,289.9,16.2,1,1,0,0.22081304815141142
1.0,145.9,18.27,1,0,0,0.3198299692755256
1.0,86.9,21.1,1,0,0,0.44773041701131405
1.0,29.9,26.89,1,0,1,0.5032865073796131
1.0,287.0,10.76,1,0,0,0.26216777957676807
2.0,59.98,16.22,1,0,0,0.14827017769502926
1.0,49.9,20.77,1,0,0,0.32680951313243106
1.0,370.0,19.43,1,0,0,0.25175249120660154
1.0,94.9,18.54,1,0,0,0.17231826905433384
1.0,46.9,22.26,1,0,0,0.2423183169775291
1.0,1149.65,25.93,1,0,0,0.2331229353963559
1.0,44.9,13.08,1,0,0,0.32969363505553934
1.0,179.99,45.72,1,0,0,0.25052899782846494
1.0,34.9,11.73,1,0,0,0.4249973453802182
1.0,43.0,12.79,1,0,0,0.3188449007595852
1.0,299.9,9.28,1,0,0,0.38683356635286154
1.0,112.9,31.44,1,0,0,0.32231551061059543
1.0,200.0,16.15,1,0,0,0.35968487853631503
1.0,93.9,12.16,1,0,0,0.46853181052822945
1.0,25.9,15.1,1,0,0,0.4430954643422537
2.0,99.8,25.38,1,0,0,0.4255934053636941
1.0,49.9,15.1,1,0,0,0.41629867076139715
1.0,24.5,11.85,1,0,0,0.43901776656527913
1.0,59.0,17.69,1,0,0,0.45580447767915333
1.0,44.95,7.78,1,0,0,0.4056772953186998
1.0,79.9,7.82,1,0,0,0.4025153874091322
1.0,102.0,36.03,1,0,0,0.3229584506519868
1.0,84.9,15.8,1,0,1,0.5525715738757794
1.0,109.9,9.12,1,0,0,0.32504317128339394
1.0,44.9,7.78,1,0,0,0.4056772953186998
1.0,29.9,22.14,1,0,0,0.4271495823262677
1.0,31.99,8.38,1,0,0,0.3918715587012605
1.0,110.0,0.0,1,0,0,0.01884681142338861
1.0,48.9,15.23,1,0,0,0.39238019456165746
1.0,223.0,14.0,1,0,0,0.3223617794644558
1.0,49.99,18.45,1,0,0,0.2547760567974539
1.0,119.99,7.7,1,0,0,0.2700089684244449
1.0,25.49,17.63,1,0,1,0.5063357727377096
1.0,199.9,18.31,4,1,1,1.0
1.0,19.9,14.45,1,0,0,0.4319802371135652
1.0,225.0,54.17,1,0,0,0.3188962629895868
1.0,24.99,13.23,1,0,0,0.39342186105121524
1.0,47.99,10.96,1,0,0,0.4331097234662252
1.0,349.9,18.21,1,0,0,0.22553825321501259
1.0,489.0,21.3,1,0,1,0.5080907512462208
1.0,129.9,15.67,1,0,0,0.3452125472308687
1.0,6.84,25.63,1,0,0,0.33320680319844875
1.0,135.0,15.83,1,0,0,0.3486568080357986
1.0,40.0,24.9,1,0,0,0.4498613688375943
1.0,49.9,16.95,1,0,0,0.45557317774072187
1.0,109.9,17.51,1,0,0,0.41931754197797205
1.0,98.0,27.23,1,0,0,0.30599440297117825
1.0,86.3,23.18,1,0,0,0.37378075311616044
1.0,109.99,17.06,1,0,0,0.3919539434197119
1.0,50.9,17.61,1,0,0,0.4192844870820384
1.0,69.99,11.75,1,0,0,0.43450363859323604
2.0,35.8,25.58,1,0,1,0.5064055448681152
4.0,27.6,34.88,1,0,0,0.28816116276347925
1.0,189.0,13.9,1,0,0,0.4052572646305249
1.0,75.0,14.7,1,0,0,0.41309889367491615
1.0,57.9,14.58,1,0,0,0.4057668934412257
1.0,20.0,11.85,1,1,0,0.45223521292279967
2.0,299.8,37.24,1,0,0,0.30410806905340426
1.0,110.32,18.65,1,0,0,0.28221290519542913
1.0,169.0,21.09,1,0,0,0.4036936932878166
1.0,199.99,12.6,1,0,0,0.3518601065615065
2.0,48.6,11.85,1,0,0,0.35641623563452457
1.0,60.09,17.99,1,0,0,0.45524739461691854
1.0,48.9,38.61,1,0,0,0.3779327284713768
1.0,99.9,12.83,1,0,0,0.35758604283163686
1.0,49.9,26.89,1,0,0,0.42098260509325197
1.0,105.0,16.49,1,0,0,0.3764808366265652
1.0,16.9,7.78,1,0,0,0.48186054571855647
1.0,380.0,44.04,1,0,0,0.2954349808076095
1.0,129.9,44.83,1,0,0,0.33511313280315647
1.0,225.0,35.24,1,0,0,0.31862731358316854
1.0,32.0,8.29,1,0,0,0.39251743932086
2.0,119.6,35.34,1,0,0,0.38434512518133085
1.0,699.0,33.68,1,0,0,0.29101600060540517
2.0,139.8,25.86,1,0,0,0.4613676110960406
1.0,49.99,16.79,1,0,0,0.4487091998732923
1.0,59.99,17.99,1,0,0,0.40287735647699857
1.0,35.0,15.1,1,0,0,0.44060096419126454
1.0,109.9,18.02,1,0,0,0.31894274462190436
1.0,139.0,23.51,1,0,0,0.24407661334506206
1.0,55.0,37.3,1,0,0,0.3943393432536919
1.0,69.9,16.25,1,1,1,0.5604267480009151
1.0,49.49,27.12,1,0,0,0.40148747123103684
1.0,89.9,16.26,1,0,1,0.5278551927132316
1.0,49.49,11.37,1,0,0,0.4313913088318721
1.0,243.0,12.91,1,0,0,0.37813172584168336
1.0,89.9,68.99,1,0,0,0.24378455998626505
1.0,60.0,60.03,1,0,0,0.2845972843601097
1.0,89.99,26.25,1,0,0,0.3161708178254729
1.0,99.0,19.93,1,0,0,0.33083779147127684
1.0,129.0,8.67,1,0,0,0.2968626043618841
1.0,69.99,23.21,1,0,0,0.23702260566190805
2.0,318.99,24.58,1,0,0,0.26100193696363544
2.0,76.8,39.68,1,0,0,0.40597919632250085
1.0,59.9,19.39,1,0,0,0.3026982298927411
1.0,125.9,22.63,1,0,0,0.25812589479585024
3.0,95.67,50.37,1,0,0,0.4440367360151616
1.0,30.0,18.31,1,0,0,0.28082384309815767
1.0,19.9,14.1,1,0,0,0.4341070453532137
1.0,89.9,16.26,1,0,1,0.5278551927132316
1.0,59.9,35.74,1,0,0,0.40057875323141495
1.0,329.9,9.17,1,0,0,0.3293788867681663
2.0,189.8,24.32,1,0,1,0.5220976880861546
1.0,49.0,13.44,1,0,0,0.3840988223421388
1.0,149.9,11.18,1,0,0,0.3213428563802912
1.0,44.92,15.41,1,0,0,0.41565187526874847
1.0,299.0,16.84,1,0,0,0.22975294082634087
1.0,12.97,14.1,1,0,0,0.35870614749989527
1.0,31.9,15.79,1,0,0,0.39915634539701883
1.0,79.99,13.22,1,0,0,0.3302323404012528
1.0,89.9,16.88,1,0,0,0.4878693093314687
1.0,129.99,15.79,8,1,1,1.0
1.0,149.9,63.08,1,0,0,0.34983401017595156
1.0,199.99,12.01,1,0,0,0.3725295591291683
1.0,47.99,21.64,1,0,0,0.29181418299840084
1.0,139.9,22.24,1,0,0,0.2468852539443046
1.0,89.0,14.37,1,0,0,0.4889352944510145
1.0,75.0,38.82,1,0,0,0.3935960667441719
1.0,399.93,16.55,1,0,0,0.2403809250555418
1.0,26.9,11.85,1,0,0,0.42841951151079694
1.0,155.97,8.35,1,0,0,0.2652648333960607
1.0,64.9,51.17,1,0,0,0.3019666110359829
1.0,95.74,62.49,1,0,0,0.39657507019812704
1.0,319.99,24.52,1,0,0,0.23478718622508224
1.0,599.9,26.78,1,0,0,0.18336459571418293
1.0,49.9,16.11,1,0,0,0.44907225836919956
1.0,49.9,13.37,14,1,1,1.0
1.0,24.9,9.27,1,0,0,0.4695393317215212
1.0,29.45,19.32,1,0,0,0.27990639992069577
1.0,69.9,14.07,1,0,0,0.33973068794145733
1.0,199.9,24.2,1,0,0,0.3993044743434733
1.0,98.0,12.69,1,0,0,0.48714584323254373
1.0,139.9,16.74,1,0,0,0.34557396097475646
1.0,120.0,35.47,8,1,1,1.0
1.0,399.0,48.49,1,0,0,0.3202660040010603
2.0,151.8,51.62,1,0,0,0.4079884488428601
2.0,51.8,23.7,1,0,0,0.4930131318454126
1.0,97.9,38.24,1,0,0,0.42543698493712934
1.0,49.9,18.45,1,0,0,0.25578428522000335
1.0,29.99,14.1,1,0,0,0.42514557449657153
1.0,99.99,15.45,1,0,0,0.3459609434922241
1.0,16.0,19.95,5,1,1,1.0
1.0,179.9,16.01,1,0,0,0.3546325566853192
2.0,178.0,36.1,1,0,0,0.43469290140564937
1.0,89.9,16.35,1,0,1,0.5261852085404732
2.0,213.98,61.18,1,0,0,0.38053678187384926
1.0,39.0,20.4,12,1,1,1.0
1.0,150.0,13.39,1,0,0,0.25338190291321755
1.0,73.99,14.28,1,0,0,0.3932123149310062
1.0,25.54,7.44,1,0,0,0.007126705905610962
1.0,84.0,15.34,1,0,0,0.3876397596279445
1.0,45.0,12.98,1,0,0,0.34215573495594637
1.0,23.99,15.1,1,0,0,0.473230308259969
1.0,89.99,15.39,3,1,1,1.0
2.0,76.8,30.22,1,0,0,0.4406250854177928
1.0,159.0,18.39,7,1,1,1.0
1.0,59.9,15.63,1,0,0,0.4115325182917492
1.0,81.56,16.33,1,0,1,0.545992816805348
1.0,29.99,26.89,1,0,0,0.49884643233892795
,,,1,0,1,0.5676371073814253
1.0,110.0,34.31,1,0,0,0.32690390082224124
1.0,79.99,9.31,1,0,0,0.44188581720114894
1.0,79.99,16.81,1,0,0,0.4635804076753114
2.0,373.8,36.3,1,0,0,0.3507581702314234
1.0,180.0,21.75,1,0,1,0.5436340162219246
1.0,19.9,14.1,1,0,0,0.4341070453532137
1.0,16.59,8.11,1,0,0,0.4513439256125135
1.0,59.9,27.15,1,0,0,0.3712292156289815
1.0,98.0,18.79,1,0,0,0.37409410317654734
1.0,108.0,18.33,1,0,0,0.2850605367910373
1.0,119.99,29.46,1,0,0,0.3209777363741333
3.0,194.7,16.200000000000003,1,0,0,0.24845166936597166
2.0,69.98,35.2,1,0,0,0.4257190004318469
1.0,320.0,36.53,1,0,0,0.28294839092612034
1.0,129.99,18.16,1,0,0,0.32278208799838437
1.0,99.9,13.72,1,0,0,0.37122544093035825
1.0,189.0,13.45,1,0,0,0.4637303925650011
1.0,34.99,16.05,1,0,0,0.4797339003022617
1.0,28.0,18.23,1,0,0,0.32925172349469684
1.0,146.0,15.77,1,0,0,0.30444985308092437
1.0,69.9,17.74,1,1,0,0.4780985640983793
1.0,80.49,15.66,1,0,0,0.4267164095130587
2.0,79.8,78.56,1,0,0,0.34186981208340583
1.0,24.99,18.23,1,0,0,0.12777888071908589
1.0,29.9,14.52,1,0,0,0.44194350774754726
1.0,69.8,9.94,1,0,0,0.4236371557570358
1.0,228.0,32.99,1,0,0,0.3596594619084372
1.0,399.99,19.05,1,0,0,0.3334906321757986
1.0,121.99,20.9,1,0,0,0.3337800304148275
1.0,155.0,12.59,1,0,0,0.3660990920589296
1.0,24.9,8.64,1,0,0,0.4238372864229017
1.0,109.9,17.02,1,0,0,0.34935605131144243
3.0,269.97,50.7,1,0,1,0.5907729468504402
1.0,9.9,11.85,1,0,1,0.7824961826477251
2.0,119.8,26.88,1,0,0,0.4405072272029063
1.0,425.99,27.14,1,0,0,0.3490937103130745
1.0,35.9,7.87,1,0,0,0.3964914748697373
1.0,129.99,9.28,1,0,0,0.3250425376123887
1.0,29.9,12.87,1,0,0,0.3589462385817711
1.0,89.99,16.39,1,0,1,0.5384960967765631
1.0,182.0,12.48,1,0,0,0.4141487004733921
1.0,135.9,16.16,1,0,0,0.3674827447902743
1.0,395.65,17.52,1,0,0,0.26439739382538063
1.0,240.0,19.56,1,0,0,0.25801463937591135
1.0,279.9,105.13,1,0,0,0.2833638933028892
1.0,180.0,12.28,1,0,0,0.3931422336094533
1.0,12.0,18.23,1,0,0,0.1606183327399814
1.0,84.9,34.39,1,0,0,0.2960627203392082
1.0,116.91,34.62,1,0,0,0.29913098988759385
1.0,42.0,15.1,1,0,0,0.374739684729417
2.0,70.0,17.76,1,0,0,0.24851193888362638
1.0,1335.0,53.43,1,0,0,0.13904383815643562
1.0,18.9,7.78,1,0,0,0.476132851983445
1.0,52.5,16.13,1,0,0,0.4616606093507435
1.0,148.0,25.88,1,0,0,0.31487553164332677
1.0,195.0,14.97,1,0,0,0.4863104197596102
1.0,110.32,7.64,1,0,0,0.46773903397807826
1.0,79.99,11.17,1,0,0,0.4274768437619998
1.0,18.99,12.79,1,0,0,0.3155908961098275
1.0,86.36,17.85,1,0,0,0.4760275375645114
1.0,36.5,15.23,1,0,0,0.4129799740438347
1.0,99.9,18.8,1,0,0,0.2326075383960784
1.0,51.2,34.16,1,0,0,0.42046614003121324
1.0,143.54,23.87,1,0,0,0.24501249012778095
1.0,89.99,16.39,1,0,1,0.5384960967765631
1.0,34.9,17.92,1,0,0,0.4608680370982509
1.0,180.5,23.84,1,1,0,0.4856178592784945
1.0,71.9,12.96,1,0,0,0.3795196651249023
4.0,51.96,37.36,1,0,1,0.6956488806224097
1.0,72.4,25.54,1,0,0,0.35481387491308053
2.0,304.9,45.28,1,0,0,0.36360231123882725
1.0,15.75,10.96,1,0,0,0.44381396605144724
1.0,109.9,23.31,1,0,0,0.2942649151409084
2.0,264.0,47.0,1,0,0,0.3628685487740319
1.0,159.77,20.09,1,0,0,0.3055108960545951
1.0,33.9,22.17,1,0,0,0.3609254344584047
1.0,152.19,17.32,1,0,0,0.42227165281273404
1.0,70.0,7.78,1,0,0,0.4349970800001843
1.0,725.0,31.83,1,0,0,0.2544112285311924
1.0,62.0,16.19,1,0,1,0.5676259932194205
1.0,51.2,18.24,1,0,0,0.2577338879339797
1.0,44.0,16.05,1,0,1,0.5325013118751709
1.0,19.99,15.1,1,1,0,0.44740981797417323
1.0,32.9,17.6,1,0,0,0.4234223833307391
1.0,1009.0,19.62,1,0,0,0.1027281472047876
1.0,229.99,15.55,1,0,0,0.30536246339932543
1.0,159.5,18.37,1,0,0,0.31868487004809926
2.0,258.0,64.02,1,0,0,0.35193676755259934
1.0,89.9,17.37,1,0,1,0.5249359811064984
1.0,405.89,20.05,1,0,0,0.2985434932431221
1.0,23.99,7.78,1,0,1,0.53432292661141
1.0,115.0,21.3,1,0,0,0.3424731552921822
1.0,69.0,8.64,1,0,0,0.398175587810836
1.0,104.9,18.3,1,0,0,0.29672835944680503
2.0,21.98,31.3,1,0,0,0.10824836225699883
1.0,201.0,62.59,1,0,0,0.38150880280655053
1.0,288.28,15.77,1,0,0,0.23119210104132346
1.0,254.9,37.8,1,0,0,0.29838788172719877
1.0,18.99,7.78,1,0,0,0.48070999622464977
1.0,49.95,18.23,1,0,0,0.25773034482173673
1.0,77.9,13.45,1,0,0,0.3431037371091014
1.0,995.0,21.06,1,0,0,0.05737982830073419
1.0,23.9,12.79,1,0,0,0.3348529756758021
1.0,12.9,15.1,1,1,0,0.39561478484457835
1.0,80.0,21.36,1,0,0,0.16926520352713142
1.0,74.99,13.1,1,0,0,0.39202136052161307
1.0,24.33,16.32,2,1,1,1.0
2.0,158.0,35.6,1,0,0,0.39514741711786766
1.0,93.49,14.05,1,0,0,0.3850500949399107
1.0,248.0,9.93,1,0,0,0.4447731641098895
1.0,119.9,36.18,1,0,0,0.32537555052379397
1.0,90.0,26.95,1,0,0,0.31246831981295886
1.0,34.0,13.54,1,0,0,0.318156757043498
1.0,53.9,25.21,1,0,0,0.4330131129813509
1.0,136.0,19.86,1,0,0,0.2978342943339493
1.0,59.9,14.17,1,0,0,0.4143587516574212
1.0,109.9,12.16,1,0,0,0.3141643404914849
1.0,250.0,28.19,1,1,0,0.35371994736746265
1.0,59.99,14.17,1,0,0,0.4143587516574212
1.0,53.9,16.07,1,0,0,0.4005679972208797
1.0,69.9,16.25,1,1,1,0.5604267480009151
1.0,69.9,12.48,1,0,0,0.44933765462375086
1.0,28.0,8.29,1,0,0,0.39758317197706106
1.0,25.9,19.32,1,1,0,0.12847256377702707
1.0,89.9,13.97,1,0,0,0.40867583808571095
1.0,35.0,17.06,4,1,1,1.0
1.0,599.0,13.01,1,0,0,0.26069743347159113
1.0,188.87,21.81,1,0,0,0.4536443470845423
1.0,26.9,14.1,1,0,0,0.43643476829161587
1.0,44.9,15.23,1,0,0,0.3727637947827023
1.0,133.9,17.19,1,0,0,0.3407655915336314
1.0,325.0,10.47,1,0,0,0.2196645268510135
1.0,14.9,7.87,1,0,0,0.48641194709435703
1.0,79.0,14.86,1,0,0,0.36762156904715587
1.0,134.0,13.52,1,0,0,0.3581726553614878
1.0,281.89,20.51,1,0,0,0.34410724325003944
1.0,79.9,38.11,1,0,0,0.36172900341898434
1.0,16.0,11.85,1,0,0,0.44623478739581013
1.0,50.0,14.52,1,0,0,0.4094526452182471
1.0,1850.0,21.64,1,0,0,0.09838909203758121
1.0,49.9,20.99,1,0,0,0.3301717313023532
1.0,64.99,16.15,1,0,1,0.5906552456266021
1.0,24.89,17.06,1,0,0,0.4716663219588913
1.0,89.99,50.5,1,0,0,0.47684077366992134
1.0,229.0,18.85,1,0,0,0.3487121199224324
1.0,13.99,7.39,1,0,1,0.5710293372827554
1.0,228.9,32.47,1,0,0,0.35839520685019066
1.0,47.9,12.93,1,0,0,0.3802866138717096
1.0,319.49,25.89,1,0,0,0.318319403660655
1.0,149.9,44.63,1,0,0,0.334483108671135
5.0,820.0,30.0,1,0,0,0.42965325939976734
1.0,64.9,14.62,1,0,0,0.4113958626575719
1.0,13.99,7.78,1,0,0,0.45878947257060787
1.0,16.1,17.63,1,1,0,0.40920363692954576
1.0,259.0,9.07,1,0,0,0.3988367474792129
1.0,369.9,13.2,1,0,0,0.24444977858914413
1.0,38.9,22.2,1,0,0,0.3283190265878408
1.0,59.99,16.61,1,0,0,0.41110886771066735
1.0,20.0,7.78,1,0,0,0.4901219761289066
1.0,33.33,27.2,1,1,0,0.4098161123550297
1.0,229.9,34.97,1,0,0,0.35337996056079685
1.0,47.9,16.11,1,1,0,0.4489819897078395
1.0,94.9,7.92,1,0,1,0.5565775238781606
1.0,21.9,14.1,1,0,0,0.44378350122013405
1.0,127.42,17.33,1,0,0,0.32429467944822365
1.0,49.0,15.1,1,0,0,0.4168195117953109
1.0,34.49,7.78,1,0,0,0.40640166893639346
1.0,169.0,16.94,1,0,0,0.28249285798480417
1.0,13.99,14.1,1,0,0,0.3935328782175805
1.0,129.9,9.1,1,1,0,0.3197097597295025
1.0,169.0,15.27,1,0,0,0.29038710545479346
1.0,44.0,15.79,1,0,0,0.40660644547394165
1.0,9.9,121.22,1,1,1,0.5362668361382839
1.0,125.0,18.12,1,0,0,0.3282728822345637
2.0,299.74,33.62,1,0,1,0.6321355703117927
1.0,139.9,45.66,1,0,0,0.3273896565685147
1.0,15.95,14.52,1,0,0,0.42739796721297174
2.0,116.92,30.58,1,0,0,0.44656013866838756
1.0,79.9,19.53,1,0,0,0.08831531181404487
1.0,1502.93,17.78,1,0,0,0.0915405947553895
1.0,49.9,22.28,1,0,0,0.25781125704270785
1.0,100.99,11.73,1,0,0,0.2672726479312074
1.0,149.0,8.81,1,0,0,0.3114575861667122
1.0,221.99,38.24,1,0,0,0.2993793359630129
1.0,79.9,12.06,1,0,0,0.4314404078378552
1.0,149.9,25.4,1,0,0,0.2981392611519013
1.0,85.0,12.5,1,0,0,0.4842637138875754
1.0,57.99,9.74,1,0,0,0.4348561001055677
1.0,49.0,15.11,1,0,0,0.4164873101888705
1.0,258.0,147.52,1,0,0,0.2570493495108381
1.0,99.9,23.28,1,0,0,0.3048844995815375
1.0,279.9,16.13,1,0,0,0.26768970565709926
1.0,359.9,20.09,1,0,0,0.43092339083571146
1.0,169.99,19.09,1,0,0,0.3144839460494706
1.0,109.8,24.15,1,0,0,0.29201160709323526
1.0,190.0,27.59,1,0,0,0.4532569425107017
1.0,2699.0,129.42,1,0,0,0.18245224320661144
1.0,39.99,9.44,1,0,0,0.4494480677907431
1.0,144.5,43.81,1,0,0,0.3277726957896126
1.0,76.25,12.66,1,0,1,0.5347198527399497
1.0,280.0,20.06,1,0,0,0.2942240578990317
1.0,79.0,18.43,7,1,1,1.0
1.0,228.0,18.04,1,0,0,0.32532672384625244
1.0,119.9,25.68,1,0,0,0.3041339568897838
1.0,89.9,12.88,1,0,0,0.4969784437505996
2.0,258.1,38.1,1,0,0,0.2850210638603146
1.0,32.99,9.34,1,0,0,0.4368860439220527
1.0,53.9,21.35,1,0,0,0.2661495750992913
1.0,89.99,15.73,1,0,1,0.5405613523002549
1.0,10.8,7.87,1,1,1,0.5802819019855984
1.0,119.7,19.81,1,0,0,0.2678611853388596
1.0,23.99,7.78,1,0,1,0.53432292661141
1.0,297.0,66.31,1,0,0,0.36945841261917606
1.0,69.0,14.23,1,0,0,0.3953266959380578
1.0,124.9,43.45,1,0,0,0.31816836557416517
1.0,119.0,18.63,1,0,0,0.27413244754923644
1.0,58.0,33.95,1,0,0,0.37573365817021104
1.0,60.0,12.76,1,0,1,0.5081053306994114
1.0,67.99,8.88,1,0,0,0.4154524820735883
1.0,887.0,26.7,1,0,0,0.16148229673554784
2.0,87.0,23.69,1,0,0,0.4063670571958192
1.0,95.0,18.77,1,0,0,0.2608210208872397
1.0,359.0,17.95,1,1,0,0.3113131092216347
1.0,150.0,16.35,1,0,0,0.25440815529543614
1.0,150.82,19.16,1,0,0,0.21366849400891907
2.0,136.0,25.84,1,0,0,0.4904498386014255
1.0,195.0,18.8,1,0,0,0.29753747103204364
4.0,88.0,43.84,1,0,1,0.5913285760175596
1.0,56.99,16.16,1,0,0,0.4726671557625641
1.0,34.9,16.6,1,0,0,0.4271731114105611
1.0,24.99,7.44,1,0,0,0.007126705905610962
1.0,69.9,12.43,1,0,0,0.43902408127786724
1.0,99.9,16.95,1,0,0,0.3683864119078345
1.0,454.0,25.5,1,0,0,0.2750163062401382
1.0,2300.0,28.4,1,0,0,0.26580165672575534
1.0,166.99,27.49,1,0,0,0.2671630885636768
1.0,32.9,13.81,1,0,0,0.3221259043833065
1.0,69.9,17.74,1,0,0,0.4780985640983793
2.0,398.0,36.26,1,0,1,0.5351933925318544
1.0,99.99,19.4,1,0,0,0.1847788634113418
2.0,179.98,52.5,1,0,0,0.4653803383250447
1.0,39.9,29.38,1,0,0,0.4186488647590169
1.0,1200.0,27.89,1,0,0,0.28787908047788585
1.0,135.9,23.67,1,0,0,0.2565160419083575
1.0,119.9,18.94,1,0,0,0.26444471078419785
1.0,26.8,12.69,1,1,1,0.5029433622657642
1.0,105.3,7.92,1,0,0,0.4491160915984229
1.0,14.99,15.23,1,0,0,0.2927155382697391
1.0,78.0,19.09,1,0,0,0.3246616740464185
1.0,99.9,21.19,1,0,0,0.3260426034396316
1.0,102.9,14.45,1,0,0,0.3273560111225005
1.0,98.9,8.85,1,0,0,0.2216323409946511
1.0,90.0,16.07,1,0,1,0.5125980595637907
1.0,141.4,22.07,1,0,0,0.29147850223282457
1.0,25.99,10.96,1,0,0,0.4285661442434663
1.0,93.8,14.24,1,0,0,0.3539535388076683
1.0,24.9,10.96,1,0,0,0.46249979838491934
1.0,67.91,19.07,1,0,0,0.3134324903337743
1.0,20.0,15.1,1,0,0,0.44740981797417323
1.0,86.9,21.1,1,0,0,0.44773041701131405
1.0,14.0,18.23,1,0,0,0.16784946786134836
1.0,129.9,12.3,1,0,0,0.3374831918749419
5.0,457.75,39.5,1,0,0,0.45354100854058527
3.0,170.97,45.45,1,0,0,0.4616527636878691
1.0,199.0,15.98,1,0,0,0.38553910072046005
1.0,229.99,19.49,1,0,0,0.2440483443893857
1.0,79.9,17.81,1,0,0,0.45272836422225177
1.0,109.9,16.4,1,0,0,0.3420469021513663
1.0,149.9,12.14,1,0,0,0.40112834857702184
1.0,14.9,12.48,1,0,0,0.4232635354804416
1.0,15.9,16.11,1,0,0,0.4182298467036206
1.0,36.49,15.1,1,0,0,0.4420011453796017
1.0,45.0,10.96,1,0,0,0.4315951791902279
1.0,199.0,0.0,1,0,0,0.4954901549243507
1.0,9.9,8.72,1,0,1,0.9080587299588668
1.0,64.9,24.9,1,0,0,0.3131474720089243
1.0,70.0,9.74,1,0,0,0.43569976709494074
1.0,57.99,17.66,1,0,0,0.4552055768774474
1.0,100.0,12.2,1,0,0,0.2690937032775951
2.0,43.8,25.58,1,0,0,0.38258931042640726
1.0,439.0,32.0,1,0,0,0.3376353069522969
1.0,59.9,13.44,1,0,0,0.3815268290961434
1.0,145.0,24.0,1,0,0,0.28889622464159304
1.0,69.9,12.43,1,0,0,0.43902408127786724
2.0,169.8,26.06,1,0,1,0.5537375971988284
1.0,29.99,12.79,1,0,0,0.3194605130006147
1.0,169.99,15.18,1,0,0,0.2824567082602919
1.0,104.0,15.48,1,0,0,0.36467725242739246
1.0,169.9,28.14,1,0,0,0.2770353669279779
1.0,66.99,50.97,1,1,0,0.32036710494237364
2.0,82.0,31.21,1,0,0,0.4711492470536833
1.0,89.9,14.38,1,1,0,0.4816073460114063
1.0,136.68,18.21,1,0,0,0.3008071531004996
1.0,99.0,24.34,1,0,0,0.3163743355112337
1.0,69.9,26.57,1,1,0,0.3277107723578525
1.0,259.9,41.77,1,0,0,0.30071226236383525
2.0,34.0,68.3,1,0,0,0.29744612999626807
1.0,70.0,18.37,1,0,0,0.23950295095023472
1.0,34.99,11.85,1,0,0,0.42592282953346244
1.0,79.9,20.64,1,0,0,0.3649009559134592
1.0,149.0,14.79,1,0,0,0.3480204525245888
1.0,29.99,15.31,1,0,0,0.33834400083290544
1.0,239.7,19.45,1,0,0,0.2636651880916894
1.0,22.0,7.41,1,0,0,0.003152663508243277
2.0,79.8,24.96,1,0,0,0.4350979090459424
1.0,169.99,23.77,1,0,0,0.22845784565103988
2.0,179.98,33.56,1,0,1,0.5461231354081072
1.0,149.0,15.13,1,0,0,0.3468976455070449
1.0,149.0,21.36,1,0,0,0.41103393753953243
1.0,179.9,13.6,1,0,0,0.40579631297786956
1.0,34.9,10.96,1,0,0,0.4288802717170616
1.0,259.9,19.39,1,0,0,0.2910408779775949
1.0,179.0,15.0,1,0,0,0.3907544543973918
2.0,112.0,27.94,1,0,0,0.40683114068259146
1.0,129.9,9.1,1,0,0,0.3197097597295025
1.0,66.9,26.94,1,1,0,0.3281190658015546
1.0,549.9,15.35,1,0,0,0.20828609264284442
1.0,39.97,15.1,1,0,0,0.46733184161795177
1.0,53.49,8.72,1,0,0,0.4116683113265263
1.0,129.99,12.11,1,0,0,0.38616156944646624
1.0,179.0,16.13,1,0,0,0.3850477173992871
1.0,84.9,23.39,1,0,0,0.25718278199558414
1.0,169.0,19.28,1,0,0,0.2949018245640536
1.0,73.99,36.62,1,0,0,0.39361106029246395
6.0,273.4,90.6,1,0,0,0.34225691001919245
1.0,89.0,13.64,1,0,0,0.43985118025541897
1.0,27.99,15.98,1,0,0,0.3994486110834855
1.0,34.0,9.55,1,0,0,0.4288802717170616
3.0,32.97,35.55,1,0,0,0.4336922543662709
1.0,88.9,13.98,1,0,0,0.38784183004704675
1.0,139.9,19.08,1,0,0,0.2723009221875444
1.0,110.0,62.44,1,0,0,0.34354953975226915
1.0,29.9,22.28,1,0,0,0.38783212928938854
2.0,86.0,32.739999999999995,1,0,0,0.4500805186766047
1.0,39.9,10.96,1,1,0,0.44568173460029226
1.0,14.9,12.79,1,0,0,0.29450952208336006
1.0,125.0,17.12,1,0,0,0.3462312109415931
2.0,195.8,35.94,1,1,0,0.4956107450463214
1.0,109.9,18.87,1,0,0,0.2636731941462985
1.0,175.0,13.89,1,0,0,0.30079856547509803
2.0,99.8,32.22,1,0,0,0.48860591442302254
1.0,29.1,21.5,1,0,0,0.23749005446278323
1.0,198.9,8.65,1,0,0,0.3617637666695476
1.0,176.99,29.23,1,0,0,0.30892662201117993
1.0,119.16,21.47,1,0,0,0.3908374824611679
1.0,39.9,11.74,1,1,0,0.43477663353241347
1.0,252.0,9.18,1,0,0,0.4141438383911344
1.0,29.99,7.78,1,0,0,0.40712747008579875
2.0,91.8,33.58,1,0,0,0.4148180982119621
1.0,49.0,17.64,1,0,0,0.4907201719899166
1.0,29.99,18.31,1,0,0,0.27781814509245967
1.0,129.99,17.16,1,0,0,0.32545355702193696
1.0,19.9,16.11,1,0,0,0.43663747025022315
1.0,99.9,13.72,1,0,0,0.37122544093035825
1.0,220.0,19.42,1,0,0,0.25291051917428947
1.0,184.9,16.92,1,0,0,0.386874085964945
1.0,56.0,16.15,1,0,0,0.4623587621804021
1.0,34.9,14.1,1,0,0,0.4266866467055584
1.0,598.99,15.69,1,0,0,0.18944784179075236
1.0,209.0,16.21,1,0,0,0.3686105423997706
1.0,122.99,15.61,1,0,0,0.312401467160698
1.0,48.0,16.11,1,0,0,0.4489819897078395
1.0,35.0,19.04,1,0,0,0.2297035965135062
1.0,99.9,18.8,1,0,0,0.2326075383960784
1.0,139.0,17.68,1,0,0,0.32094577387766093
1.0,53.99,15.13,1,0,0,0.4183897276528888
1.0,95.28,12.13,1,0,0,0.42213927599039747
1.0,49.9,14.1,1,0,0,0.39364138254956893
1.0,55.0,15.49,1,0,0,0.3147441102351433
1.0,143.99,21.09,1,0,0,0.3321421515301715
1.0,159.9,64.92,1,0,0,0.3155601695114966
1.0,99.99,13.14,1,0,0,0.3409540192453616
1.0,309.0,28.42,1,0,0,0.3281575043356952
1.0,49.0,7.78,1,0,0,0.43432072400816535
1.0,18.0,15.1,1,0,0,0.42075333949538124
1.0,179.99,16.82,1,0,0,0.3771135244277716
1.0,114.94,17.54,1,0,0,0.38453310137115604
1.0,37.84,8.88,1,0,0,0.3950786710807041
3.0,319.79999999999995,73.08,1,0,0,0.4641947652166841
1.0,69.9,17.74,1,0,0,0.4780985640983793
1.0,29.99,8.4,1,0,0,0.39393882657596324
1.0,44.98,16.79,1,0,0,0.4464463516935119
2.0,47.98,30.46,1,0,0,0.39997728335790467
1.0,130.0,7.93,1,0,0,0.3310870709637859
3.0,74.4,48.33,1,1,1,0.5710431199185902
1.0,16.8,10.96,1,0,0,0.45128845675983476
1.0,201.9,5.7,1,0,0,0.30341417339346854
1.0,27.9,7.87,1,0,0,0.36505373318177364
1.0,59.9,17.67,1,0,0,0.42173401220594686
1.0,699.99,19.66,1,0,0,0.35947052442491856
1.0,89.5,22.34,1,0,0,0.40860235343128326
1.0,31.9,15.79,1,0,0,0.39915634539701883
1.0,579.0,18.8,1,0,0,0.22850712607281673
1.0,69.9,11.15,1,0,0,0.4357672059568161
1.0,448.7,23.09,1,0,0,0.32150192617559054
1.0,399.9,13.41,1,0,0,0.24708207872115664
1.0,129.9,15.67,1,0,0,0.3452125472308687
1.0,27.99,11.85,1,0,0,0.41898953007609163
1.0,95.0,17.78,1,0,0,0.32317765050198055
1.0,196.8,27.68,1,0,0,0.4201608490108172
1.0,21.99,50.85,1,0,0,0.47291153923959767
1.0,19.9,11.15,1,0,0,0.44678155066195596
1.0,198.0,16.14,1,0,0,0.48916151924077345
1.0,29.99,7.87,1,0,0,0.3963348137763352
1.0,17.33,15.23,1,0,0,0.3126514199745269
1.0,87.5,17.05,1,0,0,0.478439321850964
1.0,669.99,31.23,1,0,0,0.3714505677502533
1.0,49.0,14.11,1,0,0,0.3931576050987488
1.0,19.95,15.1,1,0,0,0.4392317437917965
1.0,109.9,15.53,1,0,0,0.32571841281797337
1.0,179.9,13.6,1,0,0,0.40579631297786956
1.0,187.9,30.36,1,0,0,0.3727814317310951
1.0,27.99,17.06,1,0,0,0.3821999465667143
1.0,89.0,14.02,1,0,0,0.4182069536744934
1.0,208.0,14.82,1,0,0,0.37976119870753117
1.0,129.99,16.67,1,0,0,0.33492683450928457
1.0,219.0,15.62,1,0,0,0.33310624999033805
1.0,199.7,27.87,1,0,0,0.4065273236409091
1.0,48.9,16.11,1,0,0,0.45607899021712056
1.0,99.0,11.9,1,0,0,0.3762737909445317
1.0,135.0,7.97,1,0,0,0.30827517365314816
1.0,19.9,15.24,1,0,0,0.3249512782028627
1.0,27.99,25.63,1,0,0,0.39357589267550813
1.0,29.98,18.23,1,0,0,0.3229998449385523
2.0,179.98,18.88,1,0,0,0.4998521728462213
1.0,99.99,47.14,1,0,0,0.35046426356229193
1.0,109.9,25.61,1,0,0,0.32901516264366637
1.0,120.0,26.92,1,0,0,0.30350609481878915
1.0,10.9,18.23,1,0,0,0.3252052297770623
1.0,124.0,18.45,1,0,0,0.286633779741709
1.0,9.99,12.79,1,0,0,0.13785607071934214
2.0,260.0,46.98,1,0,0,0.3650291654993545
2.0,39.8,33.58,1,0,1,0.5100144387771475
1.0,89.49,8.37,1,0,0,0.4217009379982705
1.0,129.9,13.93,1,0,0,0.35544050723534254
1.0,86.3,11.94,8,1,1,0.9977777777777778
5.0,550.0,18.0,1,0,0,0.1846184311659131
1.0,59.9,17.67,1,0,0,0.42173401220594686
1.0,49.95,11.85,1,1,0,0.4313913088318721
1.0,79.99,9.37,1,0,0,0.4431790913047466
1.0,41.1,7.87,1,0,0,0.40111926143751553
2.0,92.66,15.56,1,0,1,0.7819924487566849
1.0,235.0,85.21,1,0,0,0.3003680149855352
1.0,899.0,21.2,1,0,0,0.05687438568117823
1.0,968.0,44.3,1,0,0,0.1793523341441833
2.0,1129.99,371.46,1,0,1,0.5525345518916722
1.0,199.0,0.0,1,0,0,0.4954901549243507
1.0,199.9,20.37,1,0,0,0.3060710197959743
1.0,90.0,13.99,12,1,1,1.0
1.0,59.99,11.44,1,0,0,0.4407894565143148
1.0,21.99,7.78,1,0,0,0.49803519768292676
1.0,330.0,23.07,1,0,0,0.39635430998576826
2.0,84.97999999999999,22.02,1,1,0,0.3715947834159322
1.0,89.9,16.35,1,0,1,0.5261852085404732
1.0,199.99,16.15,1,0,0,0.3591961148993496
1.0,48.97,17.47,1,0,0,0.4214849220049178
1.0,78.9,17.8,1,0,1,0.5443661214172406
1.0,29.99,16.4,1,0,0,0.39941391973206325
1.0,32.9,16.05,1,0,0,0.4790996199593429
1.0,39.9,8.72,1,0,0,0.4139899820021816
1.0,148.7,21.7,1,0,0,0.4218791900483962
1.0,74.9,14.25,5,1,1,1.0
1.0,60.0,13.44,1,0,0,0.38002778337379667
1.0,49.95,11.85,1,0,0,0.4313913088318721
1.0,105.0,12.23,1,0,0,0.32089888184372534
1.0,65.9,8.88,1,0,0,0.4147965612377388
1.0,29.99,15.23,1,0,0,0.37001578731748985
1.0,106.9,17.19,1,0,0,0.3726279851272643
1.0,139.9,9.79,1,0,0,0.3315679209284832
1.0,24.99,18.23,1,0,0,0.12777888071908589
1.0,79.9,18.44,1,0,0,0.28405913884604217
1.0,45.0,15.1,1,0,0,0.40194155894966216
2.0,419.8,32.61,1,1,1,0.5795120625998851
1.0,38.9,16.05,1,1,0,0.4991964732529368
1.0,59.99,9.34,1,0,0,0.44993679785232266
1.0,23.8,15.1,1,0,0,0.43504589847573355
1.0,24.99,11.85,1,0,0,0.4585296191019999
1.0,139.9,21.47,1,0,0,0.41708864396376377
1.0,36.0,15.35,1,0,0,0.39620348482524753
1.0,57.5,11.9,1,0,0,0.4337186551500721
1.0,22.9,16.05,1,0,1,0.550040301737121
1.0,189.0,8.58,1,0,0,0.3493455496343253
1.0,57.11,13.42,1,0,0,0.37861550257021415
1.0,49.99,16.79,1,0,0,0.4487091998732923
1.0,42.9,21.18,1,0,1,0.5056716972477271
1.0,300.0,26.94,1,0,0,0.30982571846780854
2.0,89.4,28.2,1,1,0,0.4615332466349443
1.0,79.99,13.16,1,0,0,0.3302323404012528
1.0,143.8,25.76,1,0,0,0.3115013020194463
2.0,122.8,93.74,1,0,0,0.3096367916716325
1.0,52.64,34.17,2,1,1,1.0
1.0,659.8,157.23,1,0,0,0.135595930614749
1.0,184.0,15.6,1,0,0,0.38835962642686706
1.0,47.9,11.85,1,1,0,0.4300926719820825
1.0,29.0,11.85,1,0,0,0.43079165399199887
1.0,65.0,18.33,1,0,0,0.2572504520731202
1.0,56.0,14.14,1,0,0,0.4043118881104213
1.0,229.99,27.69,1,0,0,0.38511664427835046
1.0,89.99,8.98,1,0,1,0.5923791726860421
1.0,169.9,19.49,1,0,0,0.35522193917948786
1.0,299.99,14.0,1,0,0,0.25358945997119214
1.0,94.9,19.85,1,0,0,0.38525914983480397
1.0,54.9,29.91,1,0,0,0.41984567461211614
1.0,119.9,15.59,1,0,0,0.3612231915905425
1.0,149.9,23.92,1,0,0,0.4396313186309805
1.0,45.9,16.25,1,0,0,0.44731544523811095
1.0,115.99,18.06,1,0,0,0.31752846640390625
1.0,191.0,18.59,1,0,0,0.3478415503306341
1.0,90.0,26.93,1,0,0,0.31246831981295886
1.0,319.9,56.32,1,0,0,0.3187938613450813
2.0,309.9,39.02,1,0,0,0.3579024080942022
1.0,179.0,16.01,1,0,0,0.33780821535163147
2.0,98.0,35.34,1,0,0,0.3710958171492694
1.0,73.97,12.86,1,0,0,0.395736197953957
1.0,269.0,19.76,1,0,0,0.3031847816999475
2.0,34.66,16.54,1,0,0,0.16884726591220986
,,,1,0,1,0.5676371073814253
1.0,129.99,19.15,1,0,0,0.2749479598904703
2.0,144.0,43.16,1,0,0,0.40526384721415953
1.0,338.0,50.74,1,0,0,0.2940663498206961
1.0,252.0,9.18,1,0,0,0.4141438383911344
2.0,159.98,42.42,1,0,0,0.37010878729802194
1.0,54.9,11.88,1,0,0,0.43520728856799384
1.0,208.0,17.9,1,0,0,0.37140563507563473
1.0,37.9,8.88,1,0,0,0.3959288338007595
1.0,99.9,20.19,1,0,0,0.20604572139124175
1.0,139.0,25.81,1,0,0,0.30723091027196575
1.0,179.9,15.01,1,0,0,0.39797363692603993
1.0,137.9,38.81,1,0,0,0.34685073881939893
1.0,45.99,17.6,1,0,0,0.4184674262877619
1.0,279.9,12.57,1,0,0,0.382117469770348
1.0,49.0,8.72,1,0,0,0.4089226900140161
1.0,64.99,27.51,1,0,0,0.3038018871168194
1.0,139.99,21.99,1,0,0,0.33158916197398336
1.0,49.6,9.1,1,0,0,0.42778997195696955
1.0,389.9,30.11,1,0,0,0.3220511185141759
1.0,579.75,21.34,1,0,0,0.2982981222516042
1.0,34.9,15.1,1,0,0,0.44060096419126454
1.0,276.99,21.18,1,0,0,0.37721812131184995
1.0,110.32,13.43,1,0,0,0.38551978985328694
1.0,65.0,14.62,1,0,0,0.41293805538466655
1.0,205.9,34.14,1,0,0,0.4218185443121249
1.0,279.0,18.39,1,0,0,0.3292211931340931
1.0,27.9,22.13,1,0,0,0.20553220317831877
1.0,12.9,15.1,2,1,1,1.0
1.0,160.0,14.14,1,0,0,0.3782672722842051
1.0,38.0,23.07,1,0,0,0.4155057602510523
1.0,49.99,7.39,1,1,1,0.5459717648915275
1.0,99.99,16.95,1,1,0,0.36893118306856215
1.0,54.9,11.73,1,0,0,0.43362719004489275
1.0,29.9,15.79,1,1,0,0.4122793641116803
1.0,29.0,15.23,3,1,1,1.0
1.0,189.0,12.53,1,0,0,0.46177514969558614
1.0,39.9,14.1,1,0,0,0.4487027603866264
2.0,113.6,30.32,1,0,0,0.4090629754469358
2.0,79.9,68.3,1,0,1,0.5203433301983602
1.0,26.99,14.1,1,0,0,0.4284186459642614
1.0,64.9,12.79,1,0,0,0.34179600719632225
1.0,129.49,13.57,1,0,0,0.343237705169067
2.0,84.9,23.44,1,0,0,0.37525081454760334
1.0,69.9,15.7,1,1,0,0.49753864311699253
1.0,30.0,19.32,1,0,0,0.30369476570790027
2.0,139.8,39.46,6,1,1,1.0
1.0,39.3,19.32,1,0,0,0.351076407060491
4.0,160.0,70.4,1,0,1,0.5138209008521307
1.0,59.9,13.0,1,1,0,0.38115958706154196
1.0,76.5,17.67,1,0,0,0.42325906309847516
1.0,229.8,8.86,1,0,0,0.29362517077223743
1.0,47.5,17.63,1,0,0,0.466398657404566
1.0,49.9,11.85,1,0,0,0.4313913088318721
1.0,42.0,8.45,1,0,0,0.39700599086997085
1.0,14.9,15.1,1,0,0,0.41260711046516896
1.0,36.9,19.59,1,0,0,0.4978522543391195
1.0,199.0,17.15,1,0,0,0.4517621499883624
1.0,84.99,24.72,1,0,0,0.21256922388452004
1.0,129.9,18.19,1,0,0,0.3155843095076492
1.0,42.93,7.56,1,0,0,0.05206666778177938
1.0,12.25,7.39,1,0,0,0.0999287471294012
1.0,159.9,12.62,1,0,0,0.37803250187034154
1.0,12.9,22.06,1,0,0,0.26627607755466864
1.0,82.8,14.89,1,0,0,0.3663146347732969
2.0,179.8,15.760000000000002,1,0,1,0.560423331217194
1.0,49.9,11.37,1,0,0,0.4313913088318721
1.0,955.0,17.71,1,0,0,0.04652132876860209
1.0,26.18,16.6,10,1,1,1.0
1.0,69.9,15.24,1,0,0,0.4283950751924322
1.0,79.0,13.57,1,0,0,0.2681928428574176
1.0,79.9,58.0,1,0,0,0.32211643603931867
1.0,29.9,18.23,1,0,0,0.3229998449385523
1.0,109.99,17.02,1,0,0,0.3919539434197119
1.0,135.0,19.92,1,0,0,0.2978963459224825
1.0,21.0,9.54,1,0,0,0.4571265911158008
1.0,67.0,20.96,1,0,0,0.3565372375077921
5.0,449.5,174.20000000000002,1,0,0,0.16593605968685268
1.0,134.9,24.09,1,0,0,0.28265117437208054
1.0,135.0,32.75,1,0,0,0.3392327965372212
2.0,52.98,16.54,1,0,0,0.14008308963980481
1.0,34.99,9.09,1,0,0,0.39894735384484137
1.0,151.24,82.73,1,0,0,0.2780921127375976
1.0,148.9,16.8,1,0,0,0.33813897526743913
1.0,179.9,18.54,1,0,0,0.3481045233173645
1.0,49.99,15.23,1,0,0,0.3898602897948958
1.0,42.99,8.72,1,0,0,0.3987168869330141
1.0,159.9,15.87,1,1,0,0.391007594258767
1.0,59.0,15.17,1,0,0,0.42477852797117915
1.0,119.9,26.12,1,0,0,0.32276543745995956
2.0,59.4,25.37,1,0,0,0.4197652703103052
1.0,1095.65,25.77,1,0,0,0.1983097429192545
1.0,89.0,17.87,1,0,0,0.41774527184019533
1.0,42.99,14.11,1,0,0,0.35569656058700005
1.0,120.0,19.38,1,0,0,0.25756244024460706
1.0,19.9,18.23,1,0,0,0.15688042095328103
1.0,39.8,19.32,1,1,0,0.3467654873802078
1.0,49.9,14.1,1,0,0,0.39364138254956893
1.0,59.9,8.58,1,0,0,0.4170792238643946
1.0,230.0,12.81,1,1,0,0.38836000662736814
,,,1,0,1,0.5676371073814253
1.0,33.0,8.72,1,0,0,0.3970466315115891
1.0,39.9,7.78,1,0,0,0.43131009253739117
1.0,359.99,68.26,1,0,0,0.2881341795012264
1.0,99.9,19.29,1,0,0,0.25135151920029447
1.0,49.9,18.23,1,0,0,0.2578580700996321
1.0,168.0,43.59,1,0,0,0.3359078958744473
1.0,79.0,12.89,1,0,0,0.3071703213140177
1.0,220.0,25.95,1,0,0,0.4087657321340643
1.0,278.0,37.61,6,1,1,1.0
1.0,17.9,18.23,1,0,0,0.35776716069250947
1.0,29.9,8.37,1,0,0,0.397765799369106
1.0,56.99,19.59,1,0,0,0.4149852325764688
1.0,189.9,18.04,1,0,0,0.3152886379699448
1.0,69.99,17.77,1,0,0,0.45752663447858577
1.0,70.84,16.77,1,0,0,0.490448368064568
1.0,149.9,25.18,1,0,0,0.2948596889892504
1.0,124.9,9.23,1,0,0,0.3435003600937518
1.0,42.9,17.78,1,0,0,0.47304292545199955
1.0,49.77,12.79,1,0,0,0.332250496321036
1.0,159.9,38.67,1,0,0,0.3071491804332255
2.0,12.7,15.56,1,1,0,0.3452185569247425
1.0,10.99,15.1,1,0,0,0.38715231979601833
1.0,59.9,11.73,1,0,0,0.43956680299001705
1.0,103.9,18.53,1,0,0,0.28116802731589563
3.0,33.81,38.37,1,0,0,0.46224502967144426
1.0,42.9,15.1,1,0,0,0.38156491234148665
1.0,377.9,35.92,1,0,0,0.27784409604327837
1.0,150.0,15.81,1,0,0,0.23832971690871332
1.0,159.0,13.55,1,0,0,0.3675476772678703
1.0,34.9,8.4,1,0,0,0.39444831954420506
1.0,99.9,0.0,1,0,0,0.002092274678111588
1.0,89.9,27.36,1,0,0,0.35805488757270953
1.0,69.9,17.62,1,0,0,0.4281030601531674
1.0,689.99,86.85,1,0,0,0.327748667163315
1.0,249.9,97.16,1,0,0,0.2882918766980972
1.0,379.0,20.68,1,0,0,0.3658048291873979
1.0,99.0,7.56,1,0,0,0.04444795108731898
1.0,149.9,23.63,1,0,0,0.2638953886721321
1.0,264.9,33.87,1,0,0,0.32100895753881786
1.0,249.0,22.38,1,0,0,0.41811474634469276
1.0,85.39,17.31,1,0,0,0.42058271846606265
1.0,13.9,7.39,1,0,0,0.456506338245401
1.0,257.9,16.91,1,0,0,0.25672028082040543
1.0,128.89,15.65,1,0,0,0.32980156986470033
1.0,113.0,20.28,1,0,0,0.23895998849451813
1.0,129.0,38.45,7,1,1,1.0
1.0,79.9,17.15,1,0,0,0.4982318168941304
1.0,24.9,8.27,1,0,0,0.4219044968668634
1.0,98.9,16.45,1,0,0,0.3094175724806993
1.0,20.0,15.23,1,0,0,0.330489255480146
2.0,107.8,42.7,1,0,0,0.448150188565763
1.0,99.0,19.93,1,0,0,0.33083779147127684
1.0,179.0,51.75,1,0,0,0.2682375287596182
4.0,79.6,31.13,1,0,1,0.5945209460572426
1.0,107.0,13.19,1,0,0,0.3791819526483273
1.0,62.0,18.01,1,0,0,0.4708689004235196
1.0,139.9,23.85,1,0,0,0.24074783857252066
1.0,16.9,10.96,1,0,0,0.45128845675983476
1.0,68.99,15.28,1,0,0,0.3876710128469363
2.0,33.8,30.2,1,0,0,0.4776088783491765
1.0,19.6,15.1,1,0,0,0.4372727634158048
1.0,38.79,18.37,1,0,0,0.2423148937000655
1.0,200.0,12.61,1,0,0,0.3527814984173622
2.0,466.0,41.84,1,0,1,0.5849971663289524
1.0,24.99,7.39,1,0,0,0.3137460385498941
1.0,28.99,16.79,1,0,0,0.4174734599733969
1.0,134.55,13.96,1,0,0,0.35851222287472034
1.0,259.9,14.48,1,0,0,0.2998898402723015
1.0,35.0,15.1,1,0,0,0.44060096419126454
1.0,244.99,18.82,1,0,0,0.33063659384583133
1.0,254.9,35.32,1,0,0,0.31962362731815847
1.0,193.0,18.6,1,0,0,0.34991198011370755
1.0,13.2,12.79,1,0,0,0.310893324583528
1.0,76.0,15.28,1,0,0,0.3864514167189549
1.0,29.99,22.14,1,0,0,0.39148029480964913
1.0,60.9,26.51,1,0,0,0.3263151798337359
1.0,122.99,8.63,1,0,0,0.3024772565754405
1.0,29.0,7.39,1,0,1,0.5657955270695437
1.0,72.9,47.37,1,0,0,0.4470590143906655
1.0,15.99,15.1,1,0,0,0.4299604423787041
1.0,50.0,7.78,1,0,0,0.4332548548918797
2.0,259.8,61.89,1,0,0,0.37294979960712243
1.0,36.9,15.36,1,0,0,0.44830983525962675
1.0,45.9,20.84,1,0,0,0.29727062070590654
1.0,119.9,9.75,1,0,0,0.3536983829783085
1.0,29.9,18.31,1,0,0,0.2972676002910965
1.0,115.9,18.69,1,0,0,0.2727832513422251
1.0,84.99,12.09,1,0,0,0.3036510792175049
1.0,29.99,15.23,1,0,0,0.37001578731748985
1.0,226.97,67.26,1,0,0,0.34826584979095526
1.0,75.9,12.03,1,0,0,0.4117581207261613
3.0,749.97,78.78,1,0,1,0.6254901423352597
1.0,39.9,11.85,1,0,0,0.4378791266072056
1.0,119.9,8.78,1,0,0,0.32125168561398626
5.0,284.9,120.44,1,0,0,0.453724859179685
1.0,45.75,7.39,1,0,0,0.39305930532121874
1.0,350.0,18.7,1,0,0,0.2959305445297568
1.0,144.99,30.85,1,0,0,0.3413029952914847
1.0,51.4,24.85,1,0,0,0.32331103510866077
1.0,78.0,16.31,1,0,1,0.5316294878058209
1.0,50.0,23.5,1,0,0,0.2624052575636347
1.0,79.99,8.91,1,0,0,0.420959390848467
1.0,59.5,17.16,1,1,0,0.3665750842076339
1.0,479.99,50.07,1,0,0,0.2964152312713703
1.0,48.89,16.79,1,0,0,0.4533494589386979
1.0,39.9,7.78,1,0,0,0.43131009253739117
1.0,149.99,34.85,1,0,0,0.27990837471970387
1.0,32.9,7.49,1,0,0,0.2940525858438663
1.0,349.9,13.06,1,0,0,0.24200614303265217
2.0,109.99,23.84,1,0,0,0.4301315638200695
1.0,122.99,14.61,1,0,0,0.3173550784534548
1.0,29.9,37.45,1,0,0,0.473143137682926
1.0,209.0,22.54,10,1,1,1.0
1.0,177.99,36.57,1,0,0,0.2870682426469387
1.0,449.99,11.52,1,0,0,0.20286555075356813
1.0,59.19,18.51,1,0,0,0.23042651626841368
1.0,59.9,12.76,1,0,0,0.43986478551350217
1.0,429.99,43.99,1,0,0,0.3046956447388857
1.0,89.99,26.25,1,0,0,0.3161708178254729
1.0,56.99,11.9,1,0,0,0.4337186551500721
1.0,55.0,51.11,1,0,0,0.3537823627007008
1.0,29.5,13.08,1,1,0,0.3613354204819131
1.0,157.77,15.85,1,1,0,0.39381636914823975
1.0,799.0,101.3,1,0,0,0.268020213122399
1.0,95.0,17.92,1,0,0,0.3218786512793247
,,,1,0,1,0.5676371073814253
1.0,122.99,13.3,1,0,0,0.31454710845155254
1.0,59.9,11.73,1,0,0,0.43956680299001705
1.0,19.0,14.1,1,0,0,0.4362958412275565
1.0,99.9,19.89,11,1,1,1.0
1.0,59.9,16.67,1,0,0,0.4285027739037726
1.0,99.99,38.25,1,0,0,0.3370977622509287
1.0,99.0,41.08,1,0,0,0.36181114737550185
1.0,58.99,21.38,1,0,0,0.2573728168958777
1.0,325.0,17.02,1,0,0,0.20585175746287435
1.0,109.99,23.35,1,0,0,0.3272398303839461
1.0,49.0,13.0,1,0,0,0.37987909556404265
1.0,120.0,18.09,1,0,0,0.34770853226680143
1.0,250.0,54.55,1,0,0,0.32234828516658687
1.0,60.99,33.32,1,0,0,0.3151890821175354
1.0,159.0,13.29,1,0,0,0.37736091602358757
1.0,139.0,25.81,1,0,0,0.30723091027196575
1.0,85.0,12.93,1,0,0,0.467512126747021
1.0,78.75,15.11,1,0,0,0.3765985079057946
2.0,282.63,33.97,1,0,0,0.4505791123433484
1.0,91.6,59.87,1,0,0,0.29402288896291734
1.0,19.99,7.78,1,0,0,0.4901219761289066
3.0,650.0,185.55,1,0,0,0.10759434539488169
1.0,51.92,12.7,1,0,1,0.5174650413294942
1.0,91.9,15.4,1,0,1,0.5774384056824151
1.0,450.0,20.73,1,0,0,0.4167445166726559
1.0,18.6,9.44,1,0,0,0.4554176757094473
1.0,499.99,18.38,1,0,0,0.31443882862740014
1.0,295.0,14.51,1,0,0,0.2688186108429763
1.0,540.0,18.53,1,0,0,0.3019346218987025
1.0,36.9,16.11,1,0,0,0.45471552427959505
1.0,24.9,15.1,1,0,0,0.46022497300716375
1.0,14.99,11.85,1,0,0,0.41875065799648137
1.0,149.9,25.13,1,0,0,0.24179849081593743
1.0,114.99,52.93,1,0,0,0.28894264307965584
1.0,97.9,12.19,1,1,1,0.5978947654707725
1.0,6.37,12.79,1,0,0,0.2661057310040757
1.0,79.9,19.75,1,0,0,0.4503846096723919
1.0,99.9,23.24,1,0,0,0.29981626854930526
1.0,18.99,19.04,1,0,0,0.31305087853749225
1.0,49.99,12.79,1,0,0,0.33206770329771756
1.0,250.0,87.42,1,0,0,0.35601810477022555
1.0,103.97,25.04,1,0,0,0.2537326990525424
1.0,73.9,9.26,1,0,0,0.42579944677171594
1.0,103.9,14.33,1,0,0,0.3822394379775533
1.0,169.0,17.43,1,0,0,0.2972906589502753
1.0,44.99,22.67,1,0,0,0.2385777193861173
1.0,349.99,17.21,1,0,0,0.2986100626904868
1.0,129.0,31.55,1,0,0,0.31343812918345404
1.0,139.0,61.35,1,0,0,0.3345412223550851
1.0,49.99,22.85,1,0,0,0.2556072562610849
2.0,109.8,29.1,1,0,0,0.39549823095602443
1.0,58.9,19.65,1,1,0,0.27429078590738937
1.0,109.0,14.34,1,0,0,0.32612888790940536
1.0,36.79,19.59,1,0,0,0.4927588619434014
1.0,105.0,20.0,1,0,0,0.2857049939599108
3.0,58.86,50.37,1,0,1,0.642319615329913
1.0,119.9,15.14,1,0,0,0.36144944485448427
2.0,169.8,18.0,1,0,1,0.6473102921889229
1.0,59.9,13.44,1,0,0,0.3815268290961434
1.0,49.95,13.71,1,0,0,0.3338852870662477
1.0,120.0,49.37,1,0,0,0.3223420722865372
1.0,59.9,17.7,1,0,0,0.4208296773778452
1.0,76.0,14.28,1,0,0,0.3771026850229906
1.0,155.9,23.96,1,0,0,0.30169513535324766
1.0,68.0,18.58,1,0,0,0.2168507928400186
1.0,71.82,13.52,1,0,0,0.3283141324847108
1.0,119.0,25.48,1,0,0,0.3134413089890511
1.0,169.0,114.62,1,0,0,0.23281075811978189
1.0,129.9,16.54,1,0,0,0.35809160794867734
1.0,89.0,17.87,1,0,0,0.41774527184019533
2.0,71.8,14.78,1,0,1,0.6377758817039093
1.0,29.0,10.96,1,0,0,0.43467458032884215
1.0,32.98,7.78,1,0,0,0.40640166893639346
1.0,126.99,21.34,1,0,0,0.381567861328009
1.0,199.9,63.2,1,1,0,0.3715388376551201
1.0,85.9,16.36,1,0,1,0.5742303933555397
1.0,31.92,15.79,1,0,0,0.39915634539701883
1.0,1199.9,34.72,1,0,0,0.19787720886121746
1.0,24.9,7.43,1,0,0,0.011063138171209894
1.0,53.9,42.44,1,0,0,0.4019635216602522
1.0,89.0,16.87,1,0,0,0.4458152024979888
1.0,35.0,10.96,1,0,0,0.42980575587030584
2.0,100.0,35.12,1,0,0,0.4050085274395973
2.0,318.0,28.09,1,0,0,0.3634993269851676
1.0,15.9,7.78,1,0,0,0.4653628919271654
1.0,20.3,8.11,1,0,0,0.44090482685717586
1.0,170.0,16.82,1,0,0,0.2809004698947382
1.0,84.9,11.93,1,0,1,0.6405906803249
1.0,119.99,16.05,1,0,0,0.339365812453092
1.0,349.9,24.38,1,0,0,0.23637781461107585
1.0,23.99,7.78,1,0,1,0.53432292661141
1.0,59.9,14.15,1,0,0,0.4143587516574212
2.0,559.8,301.12,1,0,0,0.12852355817977187
2.0,469.8,39.04,1,0,1,0.6070756829344742
1.0,189.99,15.08,1,0,0,0.48366492519814225
1.0,290.0,12.64,1,0,0,0.2737180945483387
1.0,129.0,18.15,1,0,0,0.33534122503222263
1.0,334.9,13.84,1,0,0,0.2522020848852883
1.0,56.99,15.15,1,0,0,0.4183760597418685
1.0,29.99,18.31,1,0,0,0.27781814509245967
1.0,72.0,17.75,1,0,0,0.48051613055674713
2.0,70.0,38.88,1,0,0,0.3603787089712878
1.0,165.0,8.41,1,0,0,0.25897982390262175
1.0,58.9,16.17,1,0,0,0.47760726212022897
1.0,15.99,14.1,1,0,0,0.4255630229002483
3.0,154.8,33.58,1,0,0,0.4754475680974744
2.0,198.0,91.98,1,0,0,0.3450741562330683
1.0,109.9,14.5,1,0,0,0.3254442144042972
1.0,199.65,16.15,1,0,0,0.49309803473832137
1.0,34.9,9.34,1,0,0,0.4368860439220527
1.0,19.9,11.85,1,0,0,0.4473177135004276
1.0,1800.0,18.23,1,0,0,0.09104246949791459
1.0,139.0,30.01,1,0,0,0.339325122930689
1.0,180.0,16.01,1,0,0,0.39210008285623893
1.0,103.49,13.74,1,0,0,0.3338916922896643
1.0,10.0,18.23,1,0,0,0.49334515028613957
1.0,230.0,61.37,1,0,0,0.3236988566703541
1.0,89.9,13.65,1,0,0,0.43324732704013114
1.0,525.0,27.73,1,0,0,0.3399430288431814
1.0,27.99,15.1,1,0,0,0.43602415438223857
1.0,205.0,26.27,1,0,0,0.45565031373445786
1.0,29.99,15.1,1,0,0,0.4375317102191416
1.0,36.9,12.69,1,0,1,0.5026640210515056
1.0,499.99,15.94,1,0,0,0.21983045813415264
1.0,16.9,15.1,1,0,0,0.43089283723445654
1.0,139.99,36.64,1,0,0,0.33461221058380874
1.0,109.0,14.34,1,0,0,0.32612888790940536
1.0,399.99,15.82,1,0,0,0.25027033384414976
1.0,219.9,36.16,1,1,0,0.3566181725865855
2.0,101.0,39.56,1,0,0,0.35497798081278786
1.0,56.97,12.8,1,0,0,0.32322143119374624
1.0,29.99,10.66,1,0,0,0.42926162968546017
1.0,43.0,12.96,1,0,0,0.3538963152965065
1.0,39.9,11.85,1,0,0,0.4378791266072056
1.0,131.99,13.92,1,0,0,0.35087396556544626
1.0,19.9,18.24,1,0,0,0.12480423584804083
1.0,155.99,26.37,1,0,0,0.3054783205878962
1.0,129.99,18.16,1,0,0,0.32278208799838437
1.0,265.0,84.93,1,0,0,0.28622708481093867
1.0,209.0,0.0,1,0,0,0.3256705615196421
1.0,119.99,62.87,1,0,0,0.3363811868304808
1.0,121.0,15.7,1,0,0,0.313047656587466
1.0,18.95,13.47,1,1,0,0.33969046062310665
1.0,204.99,18.0,1,0,0,0.4082434297294119
1.0,44.9,9.24,1,0,0,0.4146214724875183
1.0,17.99,16.05,1,0,1,0.6287803620837779
1.0,199.0,19.27,1,0,0,0.2519228975048311
1.0,48.9,9.26,1,0,0,0.4243997548626911
2.0,100.0,14.78,1,0,1,0.6657231221021359
2.0,518.0,32.17,9,1,1,0.9933333333333333
1.0,43.9,13.37,1,1,0,0.33118194841312865
1.0,69.9,20.98,1,0,0,0.3714951819346446
1.0,42.0,8.03,1,0,0,0.4029093168959735
1.0,1623.9,30.56,1,0,0,0.2861756701862804
1.0,209.9,21.55,1,1,0,0.41979073050229043
1.0,129.0,17.83,1,0,0,0.3189800422723716
1.0,44.99,11.85,1,0,0,0.42596146431188403
1.0,155.0,12.99,1,0,0,0.37281203410309105
1.0,33.8,42.38,1,0,0,0.44123377936865676
2.0,90.98,26.5,1,0,0,0.44868757898834766
1.0,205.0,22.27,1,1,0,0.4398225793038469
1.0,28.9,22.13,1,0,0,0.18126884325258846
1.0,46.98,22.93,1,0,0,0.24637250681789946
1.0,139.0,12.18,1,0,0,0.30733698283756855
1.0,49.0,14.1,1,0,0,0.39364138254956893
1.0,50.0,14.52,1,0,0,0.4094526452182471
1.0,175.9,38.19,1,0,0,0.3129330000015977
1.0,125.25,18.76,1,0,0,0.2502800177056393
1.0,68.99,8.85,1,0,0,0.4022883119960765
1.0,149.9,32.08,1,0,0,0.36941997551763656
1.0,39.9,9.26,1,1,0,0.44110889357432287
1.0,109.9,9.51,1,0,0,0.3023223361793283
1.0,156.94,61.58,1,0,0,0.3294947220861062
1.0,84.99,8.79,1,0,0,0.2977790623765796
1.0,199.9,21.89,1,0,1,0.5888939030989668
1.0,369.9,21.83,1,0,0,0.3261433409679295
1.0,195.9,14.39,1,0,0,0.48847078696390667
1.0,27.99,18.23,1,0,0,0.3189003778073297
1.0,106.0,20.23,1,0,0,0.23625882903080622
1.0,179.99,35.78,1,0,0,0.42300256160459154
1.0,45.9,16.11,1,1,0,0.4586537690451446
1.0,39.49,16.11,1,0,0,0.45045552010611006
1.0,18.9,18.23,1,0,0,0.3210169332811702
1.0,27.5,22.06,1,1,0,0.19111802097900063
1.0,44.99,19.04,1,0,0,0.26136137702973256
1.0,79.0,17.46,1,0,0,0.44819241654161424
1.0,39.9,8.72,1,1,0,0.4139899820021816
1.0,101.0,16.15,1,0,0,0.32926303942506346
1.0,65.0,16.08,1,0,1,0.5322151688646121
1.0,159.9,27.66,1,0,0,0.30233834322887165
1.0,89.99,15.39,1,0,1,0.6111527328900801
1.0,69.0,18.36,1,0,0,0.24086918771721136
1.0,29.99,18.23,1,0,0,0.3143869174044573
1.0,225.0,12.6,1,0,0,0.36334144234695254
1.0,65.5,19.37,1,0,0,0.3637212992079182
1.0,118.0,18.71,1,0,0,0.28935333042855876
1.0,20.99,14.52,1,0,0,0.44885684817908944
1.0,58.0,17.66,1,0,0,0.4552055768774474
1.0,49.0,15.1,1,0,0,0.4168195117953109
1.0,79.9,17.13,1,0,1,0.5079164543320502
5.0,596.65,191.95,1,0,0,0.01961689335077983
1.0,14.9,15.1,1,0,0,0.41260711046516896
1.0,22.9,15.26,1,0,0,0.33367588448716384
1.0,193.0,16.42,1,0,1,0.514121920820924
1.0,23.5,17.63,1,0,0,0.47749681364301905
1.0,25.99,14.1,1,0,0,0.4375669209168735
1.0,66.99,19.71,1,0,0,0.3829829867580365
1.0,48.99,7.6,1,0,0,0.11685493410573587
1.0,99.9,14.43,1,0,0,0.3528633668380584
1.0,230.0,82.92,1,0,0,0.3123437943119176
3.0,85.9,51.95,1,0,0,0.4509640132008831
1.0,74.67,15.62,1,0,0,0.36006065222239636
1.0,149.9,17.02,1,0,0,0.35043979483334375
1.0,89.0,12.12,1,1,0,0.3908164958614551
1.0,79.0,22.37,1,0,0,0.2979014016912388
1.0,117.9,12.83,1,0,0,0.3492691131060944
1.0,4.99,12.79,1,0,0,0.19808178402818868
1.0,329.0,19.55,1,0,0,0.24970302736557864
1.0,52.64,25.65,1,0,0,0.4171906530905656
1.0,299.0,24.96,1,0,0,0.1965311658200516
1.0,200.0,15.15,1,0,0,0.35592287107319964
1.0,89.99,18.43,1,0,0,0.14789306827356513
1.0,199.0,17.83,1,0,0,0.3256882722195502
1.0,1349.0,18.23,1,0,0,0.08919821356135724
1.0,99.9,18.58,1,0,0,0.22467926402969562
1.0,499.99,35.95,1,0,0,0.29539930765951267
2.0,104.89,23.73,1,0,0,0.4170295485125051
4.0,247.6,70.72,1,0,1,0.5138054188958577
1.0,39.99,11.85,1,0,0,0.4369403762224719
1.0,34.99,14.11,1,0,0,0.4262028692547383
1.0,169.9,24.06,1,0,0,0.2219146786854526
1.0,16.99,15.1,1,0,0,0.42323871961234033
3.0,114.0,48.33,1,0,0,0.4292265939203937
1.0,126.99,15.64,1,1,0,0.3298803546714567
1.0,233.0,18.07,1,0,0,0.31796786840172214
1.0,65.0,17.7,1,0,0,0.4398328832769992
1.0,99.9,18.75,1,0,0,0.22653244820439036
1.0,169.0,13.62,1,0,0,0.2747528503719494
1.0,49.0,7.39,1,0,0,0.4499145352751962
1.0,67.06,34.27,1,0,0,0.3148994135422741
1.0,1899.12,45.74,1,0,0,0.20984120462878525
1.0,49.99,38.62,1,0,0,0.38240376263291737
1.0,42.9,11.85,1,0,0,0.4251909143082547
1.0,114.9,29.2,1,0,0,0.31923859043720154
1.0,89.9,15.38,1,0,1,0.5942572858010134
1.0,31.9,15.79,1,0,0,0.39915634539701883
1.0,161.7,8.88,1,0,0,0.2672676735673438
1.0,16.9,15.1,1,0,0,0.43089283723445654
1.0,89.9,13.65,1,0,0,0.43324732704013114
1.0,89.9,8.79,1,0,0,0.4140782215976812
1.0,99.9,22.57,1,0,0,0.283378998683687
1.0,99.9,0.0,1,0,0,0.002092274678111588
1.0,53.9,0.0,1,0,0,0.39691352819634496
1.0,599.9,47.5,1,0,0,0.11484511915752452
1.0,103.0,8.49,1,0,0,0.22360136328564303
1.0,159.9,18.37,1,0,0,0.326819323026585
1.0,39.99,8.95,1,0,0,0.40923264625635325
6.0,479.94,401.58,1,0,0,0.014937949284229167
2.0,479.98,20.98,1,0,0,0.39288143380086243
1.0,19.99,12.8,1,0,0,0.3225424430400209
1.0,88.9,17.87,1,0,0,0.49428370244807496
3.0,662.99,29.6,1,0,1,0.5119744045894953
1.0,35.49,8.72,1,0,0,0.3965463003026375
1.0,159.0,15.28,1,0,0,0.3875827779543976
2.0,199.4,34.28,1,0,0,0.3552561080742269
1.0,319.0,16.98,1,0,0,0.2048512085378977
1.0,170.0,18.44,1,0,0,0.31995045684336093
1.0,109.9,8.02,1,0,0,0.3275253886675889
1.0,489.9,27.74,1,0,0,0.36644674793732135
1.0,13.65,7.39,1,0,0,0.3418451454887376
1.0,169.0,23.5,1,0,0,0.26721108343573174
1.0,57.89,12.77,1,0,0,0.32839669968980595
1.0,96.0,8.79,1,0,1,0.5235648047719366
1.0,132.2,22.86,1,0,0,0.2818484104262797
1.0,86.9,21.56,1,0,0,0.3918438031298421
1.0,34.99,11.85,1,0,0,0.42592282953346244
1.0,119.99,18.94,1,0,0,0.26076575602584007
1.0,49.9,37.9,1,0,0,0.3865082456735489
1.0,115.9,21.21,1,0,0,0.3181680459742015
1.0,13.65,7.78,1,0,0,0.46663945425457637
1.0,10.99,15.1,1,0,0,0.38715231979601833
1.0,686.21,53.82,1,0,0,0.19490203378727666
1.0,49.0,19.66,1,0,0,0.4210807442543261
1.0,109.9,14.86,1,0,0,0.32703637796596985
1.0,93.9,14.26,1,0,0,0.3539535388076683
1.0,81.9,20.3,1,0,0,0.21701456955552667
1.0,34.99,15.1,1,0,0,0.44060096419126454
1.0,19.9,15.1,1,0,0,0.4372727634158048
1.0,45.0,11.85,1,0,0,0.42596146431188403
1.0,24.9,20.67,1,1,0,0.3358093261047918
1.0,17.8,12.69,1,0,0,0.47997660378413004
1.0,178.0,16.32,1,0,0,0.36656783049121533
2.0,189.8,48.17999999999999,1,0,0,0.41314000421213026
1.0,40.8,15.11,1,0,0,0.3614607747781936
1.0,14.9,12.79,1,0,0,0.29450952208336006
1.0,180.0,13.17,1,0,0,0.41663318901360774
1.0,134.9,21.78,1,0,0,0.35290666368302953
1.0,29.9,12.48,1,0,0,0.4341473432274785
1.0,50.0,9.34,1,0,0,0.4394200090996614
1.0,599.0,49.03,1,0,0,0.11459542662761725
1.0,61.9,12.77,1,0,0,0.33364314312064286
2.0,167.8,35.68,1,0,0,0.3864583040630621
1.0,99.0,9.67,1,0,0,0.24313439842254236
1.0,13.99,17.78,1,1,0,0.39792482358092396
1.0,29.9,8.37,1,0,0,0.397765799369106
2.0,69.4,23.7,1,0,0,0.46953554881927334
1.0,54.9,11.15,1,0,0,0.43210007492488595
1.0,95.0,7.53,1,0,0,0.09305960528580709
1.0,199.9,28.35,1,0,0,0.42551352987666763
2.0,137.0,37.81,1,0,0,0.33517422717852163
1.0,17.9,11.85,1,1,0,0.4473182774769153
1.0,30.0,12.79,1,0,0,0.3224662110063126
1.0,59.9,12.55,1,0,0,0.4210084014912148
1.0,238.9,35.03,1,0,0,0.3568714135522498
1.0,149.9,9.24,1,0,0,0.34943659960104234
1.0,209.9,19.57,1,0,0,0.2638362903829721
1.0,69.9,15.24,1,0,0,0.4283950751924322
1.0,25.99,12.69,1,0,1,0.5043278141322544
1.0,59.9,13.44,1,0,0,0.3815268290961434
1.0,500.0,18.38,1,0,0,0.30133224691141924
1.0,59.9,13.08,1,0,0,0.38115958706154196
1.0,24.99,14.1,1,0,0,0.4570592549445728
1.0,27.99,15.1,1,0,0,0.43602415438223857
1.0,148.9,22.12,1,0,0,0.26785484642407376
1.0,110.32,7.64,1,0,0,0.46773903397807826
1.0,169.9,20.38,1,0,0,0.2781333948409863
1.0,149.9,53.18,1,0,0,0.3230918128473614
1.0,29.99,21.51,1,0,0,0.3236385468338152
1.0,49.0,17.63,1,0,0,0.4864824091053665
1.0,85.5,51.1,1,0,0,0.41740851179738403
1.0,149.9,23.37,1,0,0,0.2996302406210096
1.0,48.9,19.32,1,0,0,0.3318291287135402
1.0,69.9,16.19,1,0,1,0.5528353775291447
2.0,35.489999999999995,30.19,1,0,1,0.5053777296259679
1.0,38.9,18.23,1,0,0,0.32200730174483416
1.0,59.9,12.76,1,0,0,0.43986478551350217
1.0,89.99,15.38,1,0,1,0.5996212049653632
1.0,56.99,15.15,1,0,0,0.4183760597418685
1.0,24.99,14.1,1,0,0,0.4570592549445728
1.0,29.9,15.79,1,0,0,0.4122793641116803
1.0,118.9,15.0,3,1,1,1.0
1.0,49.95,15.1,1,0,0,0.41629867076139715
1.0,200.0,24.27,1,0,0,0.3755620432199215
1.0,99.0,16.94,1,0,0,0.360087733076774
1.0,67.7,19.95,1,0,0,0.34470029813957775
1.0,25.0,20.45,1,0,0,0.27082941840398006
1.0,1999.0,46.47,1,0,0,0.20507929986688048
1.0,65.0,26.76,1,0,0,0.34367420940506094
1.0,22.99,7.39,1,0,0,0.045240610860090014
1.0,89.98,27.48,1,0,0,0.3074544429396153
1.0,60.0,11.44,1,0,0,0.4390593685826211
2.0,355.0,33.0,1,0,0,0.3066556540254473
1.0,56.99,14.15,1,1,0,0.403786013961759
1.0,16.0,7.78,1,0,0,0.47254503967561845
1.0,56.99,19.59,1,0,0,0.4149852325764688
1.0,74.9,9.74,1,0,0,0.42836413913867755
1.0,34.9,16.05,1,0,0,0.4797339003022617
1.0,160.0,25.96,1,0,0,0.3048665565483751
1.0,89.0,13.06,1,0,0,0.45652984191697016
1.0,349.9,28.71,1,0,0,0.39929831901860763
2.0,69.98,32.22,1,0,0,0.47046003303392336
4.0,46.8,64.1,1,0,0,0.3427271455090467
1.0,155.44,14.84,1,0,0,0.46404344331676595
1.0,99.9,16.46,1,0,0,0.37037067680233265
1.0,25.0,16.79,1,0,0,0.4547541731217501
1.0,69.9,26.57,1,0,0,0.3277107723578525
1.0,99.99,14.45,1,0,0,0.34565032670867696
1.0,109.9,23.57,1,0,0,0.2294076221225482
1.0,529.9,21.59,1,0,0,0.4041507865696135
1.0,107.99,22.69,1,0,0,0.25870411444495534
1.0,72.9,18.08,1,0,0,0.34805259227892765
1.0,113.0,20.09,1,0,0,0.29809089104597675
1.0,94.0,19.63,1,0,0,0.2787763251607036
3.0,1797.0,97.41,1,0,0,0.124117247423085
1.0,792.0,30.06,1,0,0,0.32212893273318904
1.0,20.9,7.57,1,0,0,0.004085272887086167
1.0,739.98,44.82,1,0,0,0.2857811663452715
1.0,149.0,15.79,1,1,0,0.32128754604417675
1.0,119.0,47.56,1,0,0,0.3230982111287972
1.0,38.25,17.92,1,0,0,0.465177688827061
1.0,179.1,9.45,1,0,0,0.3772615592387405
1.0,68.9,52.61,1,0,0,0.312785768825838
1.0,34.5,8.99,1,0,0,0.39228929576576066
1.0,59.7,16.67,1,0,0,0.3764282274246246
1.0,45.49,14.52,1,0,0,0.39109437841648065
1.0,23.73,22.1,1,0,0,0.2546110285063761
1.0,209.9,24.62,1,0,0,0.3078012956084449
1.0,79.0,23.09,1,0,0,0.26173449126679205
1.0,105.9,21.23,1,0,0,0.4212295606996951
1.0,56.99,19.59,1,0,0,0.4149852325764688
1.0,204.0,18.68,1,0,0,0.34638389307908046
1.0,128.9,9.72,1,0,0,0.32314569049577585
1.0,13.98,14.52,1,0,0,0.3973692479929467
1.0,449.0,23.63,1,0,0,0.21784331430068035
2.0,39.8,23.7,1,0,0,0.45601688440530497
1.0,27.9,7.78,1,0,0,0.37761790748810736
1.0,259.99,51.69,1,0,0,0.3065834249382136
1.0,25.95,14.52,1,0,0,0.4451536710782799
1.0,13.9,7.39,1,0,0,0.456506338245401
1.0,137.9,25.81,1,0,0,0.30621798707747894
1.0,219.9,9.3,1,0,0,0.30784261120505857
1.0,102.9,16.48,1,0,0,0.3410129188314752
1.0,118.0,8.08,1,0,0,0.32928278830102625
1.0,14.89,17.06,1,0,0,0.3709694644688476
1.0,33.9,18.23,1,0,0,0.315288173612462
1.0,369.0,47.04,1,1,0,0.2941945763020712
3.0,509.7000000000001,57.87,1,1,1,0.5358847818982388
1.0,160.9,41.89,1,0,0,0.31455620671036
1.0,138.0,26.34,1,0,0,0.31945736655915286
1.0,144.0,15.1,1,0,0,0.3390464481216996
1.0,299.9,18.35,1,0,0,0.30366248114790434
1.0,70.0,17.42,1,0,0,0.4199559566191572
1.0,35.0,18.3,1,0,0,0.27366525239052847
1.0,66.9,26.55,1,0,0,0.3262866098562942
1.0,27.3,7.71,1,0,0,0.015211205065296692
1.0,102.9,17.97,1,0,0,0.27122532858335785
1.0,295.0,54.43,1,0,0,0.27266825469793493
1.0,60.99,15.31,1,0,0,0.3795688218143714
1.0,269.0,15.49,1,0,0,0.2604504978790529
1.0,89.99,16.39,1,1,1,0.5384960967765631
1.0,29.9,7.63,1,1,0,0.018273052038096916
1.0,13.99,12.79,1,1,0,0.29183265852006185
1.0,180.0,15.57,1,0,0,0.4162418062115692
1.0,205.0,26.27,1,0,0,0.45565031373445786
1.0,29.99,15.1,1,0,0,0.4375317102191416
2.0,229.98,20.57,1,0,0,0.315897606861829
1.0,229.0,17.23,1,0,0,0.3978255936651391
1.0,78.0,13.45,1,0,0,0.2655280069883859
1.0,79.9,23.36,3,1,1,1.0
1.0,14.4,12.79,1,0,0,0.29265575940767957
2.0,391.8,36.22,1,0,0,0.49552602135730706
1.0,19.9,15.1,1,1,0,0.4372727634158048
1.0,105.9,15.95,1,0,0,0.35625808270531373
1.0,45.0,24.84,1,0,0,0.3101120463284093
1.0,79.99,18.66,1,0,0,0.32382084245241854
1.0,15.0,14.1,1,0,0,0.3926748781455937
1.0,49.9,15.1,1,1,0,0.41629867076139715
1.0,54.99,11.73,2,1,1,1.0
1.0,107.0,12.25,1,0,0,0.36688916114813985
2.0,137.28,23.0,1,0,0,0.4823414787894362
1.0,24.99,7.78,1,0,0,0.466656290795292
1.0,119.9,12.54,1,0,0,0.35085603850464536
1.0,265.0,108.32,1,0,0,0.23916193496904137
1.0,18.99,15.23,1,0,0,0.33312626343423396
1.0,72.0,14.25,1,0,0,0.3934169160172084
1.0,503.34,53.39,1,0,0,0.2834945022801952
3.0,119.76,45.3,1,0,0,0.44875257698470356
1.0,229.99,43.89,1,0,0,0.3180644930860115
1.0,74.99,11.73,1,0,0,0.4458692986151498
1.0,184.99,27.83,1,0,1,0.5372979064147231
1.0,180.48,18.55,1,0,0,0.340321075931769
1.0,53.2,15.12,1,0,0,0.4169749477669656
1.0,199.9,12.6,1,0,0,0.45218289623683217
1.0,44.9,8.82,1,0,0,0.395778328224531
1.0,117.7,22.53,1,0,0,0.24239343509223385
1.0,54.75,16.14,1,0,0,0.4816143710510609
2.0,557.8,48.02,1,0,1,0.5544906900321371
1.0,18.9,12.48,1,0,0,0.4435806490325194
1.0,169.9,20.1,1,0,0,0.3301179035636381
1.0,47.9,8.88,1,0,0,0.407811533192873
1.0,16.9,7.78,1,1,0,0.48186054571855647
1.0,23.7,14.1,1,0,0,0.4289143684473307
1.0,55.9,26.47,1,0,0,0.38142948543495125
1.0,101.0,19.9,1,0,0,0.21430103105564338
1.0,19.83,11.85,1,0,0,0.4473177135004276
1.0,149.9,21.54,1,0,0,0.4511994242278476
1.0,79.9,15.31,1,0,0,0.3607483601251682
1.0,185.0,19.4,1,0,0,0.21972706826123858
1.0,28.49,7.87,1,0,0,0.3922821939236893
1.0,59.9,27.61,1,0,0,0.36724850146628224
1.0,39.99,11.85,1,0,0,0.4369403762224719
1.0,138.0,17.7,1,0,0,0.33830499147305326
1.0,164.99,20.12,1,0,0,0.32162640999216147
1.0,48.9,19.53,1,0,0,0.07500305244881189
3.0,71.69999999999999,48.33,1,0,1,0.5379166834079896
1.0,39.9,8.29,1,0,0,0.4125573302661515
1.0,40.0,34.5,1,0,0,0.47276251504843486
2.0,78.0,30.2,1,0,0,0.4501796376726925
1.0,13.9,14.1,1,0,0,0.3888969223843777
1.0,43.8,7.39,1,0,0,0.39686839704903887
1.0,84.99,14.36,1,0,0,0.49375431792686003
2.0,98.0,27.42,1,1,0,0.40792533388640995
1.0,199.0,35.15,1,0,0,0.39561015056957627
1.0,109.99,18.02,1,0,0,0.3789476978419717
1.0,258.9,15.98,1,0,0,0.2612475500652437
1.0,21.9,14.1,1,0,0,0.44378350122013405
1.0,13.47,18.23,1,0,0,0.16484293191363594
1.0,199.0,40.6,1,0,0,0.3669092863618708
1.0,20.3,15.1,1,0,0,0.44740981797417323
2.0,98.0,50.76,1,0,0,0.45023676572229665
1.0,115.9,12.15,1,0,0,0.34505791962143817
1.0,64.9,19.95,1,0,0,0.3599401993867759
1.0,99.9,57.25,1,0,0,0.3614276208040394
1.0,59.9,37.97,1,0,0,0.4025114616568789
1.0,79.9,27.54,1,0,0,0.364767431624029
1.0,39.9,14.1,1,0,0,0.4487027603866264
1.0,105.0,18.54,1,0,0,0.3311452139130851
1.0,215.97,15.59,1,0,0,0.34922068734515666
1.0,49.99,15.23,1,0,0,0.3898602897948958
1.0,890.0,24.11,1,0,0,0.09885757552353545
1.0,39.99,18.23,1,0,0,0.26948136991694244
1.0,330.0,32.17,1,0,0,0.32660281010681397
1.0,184.0,24.09,1,0,1,0.5631687360091381
1.0,17.77,7.39,1,0,0,0.06508369065946472
1.0,109.0,21.7,1,0,0,0.3471823956589414
1.0,239.9,18.39,1,0,0,0.353515352307609
2.0,309.98,58.89,1,0,0,0.3975561040283056
1.0,109.9,21.17,1,0,0,0.34163134342880364
1.0,989.0,19.95,1,0,0,0.08217707091048411
1.0,295.0,34.55,1,0,0,0.22994509044509462
1.0,45.9,16.11,1,0,0,0.4586537690451446
1.0,330.0,10.47,1,0,0,0.20791142466532794
1.0,16.9,7.94,1,1,0,0.450570457116704
2.0,315.98,31.72,1,1,0,0.42323795300671846
1.0,69.9,25.77,1,1,0,0.3446414321601595
1.0,79.99,16.53,1,0,1,0.5799823358024299
1.0,149.9,18.3,1,0,0,0.3201784142721043
1.0,84.9,27.44,1,0,0,0.30670301671766015
1.0,499.0,19.25,1,0,0,0.31579045853604265
1.0,99.0,45.99,1,0,0,0.33524335601902694
1.0,57.0,34.2,1,0,0,0.3687536862658935
1.0,69.9,17.74,1,0,0,0.4780985640983793
1.0,136.9,13.4,1,0,0,0.34127988862169367
1.0,99.9,11.31,1,0,0,0.21425599847274104
1.0,90.0,12.58,1,0,1,0.5816147059718203
1.0,76.0,7.79,1,0,0,0.3748024592336056
1.0,128.9,18.47,1,0,0,0.3003621502593716
1.0,89.9,36.29,1,0,0,0.38405024107401364
1.0,53.99,11.88,1,0,0,0.434465533202438
1.0,46.99,35.67,1,0,0,0.40863155967680637
2.0,207.98,48.24,1,0,0,0.3900158990662721
1.0,37.9,20.54,1,0,0,0.33812198712567837
1.0,179.0,15.0,1,0,0,0.3907544543973918
1.0,89.8,21.58,1,0,0,0.4405362528616109
1.0,269.99,13.34,1,0,0,0.29680063311038474
1.0,89.99,29.39,1,0,0,0.33196078806591134
1.0,89.99,27.17,1,0,0,0.30447778290995925
1.0,13.9,18.23,1,0,0,0.16484293191363594
1.0,116.0,13.47,1,0,0,0.3622920184851877
1.0,79.99,8.91,1,0,0,0.420959390848467
1.0,28.99,9.06,1,0,0,0.39719275344090077
1.0,133.9,19.04,1,0,0,0.24829874132437396
1.0,13.65,11.85,1,0,0,0.4037314702894981
1.0,174.0,30.01,1,0,0,0.3125476750915243
1.0,109.9,18.36,1,0,0,0.28851008475415113
1.0,89.9,12.97,1,0,0,0.4969784437505996
1.0,99.9,34.24,1,0,0,0.34321739381354877
1.0,149.0,26.32,1,0,0,0.32731940064787274
1.0,15.9,15.1,1,0,0,0.4279175680994815
1.0,329.0,60.16,1,0,0,0.35482159187337803
1.0,37.0,15.1,1,1,0,0.4386954147676261
1.0,225.0,36.72,1,0,0,0.3674236109539163
1.0,199.0,16.14,1,0,0,0.44100253053040167
1.0,24.9,11.74,1,0,0,0.4585296191019999
1.0,190.83,16.09,1,0,0,0.49854687230064715
1.0,12.99,14.1,1,1,0,0.38824921042817123
1.0,149.0,34.84,1,0,0,0.3106552053641016
1.0,41.9,14.1,1,0,0,0.3479622831066127
1.0,388.0,23.21,1,0,0,0.27744119501938747
1.0,17.99,7.78,1,0,0,0.47930881764868105
2.0,369.8,22.51,1,0,0,0.14856938942897835
1.0,39.99,15.1,1,0,0,0.46831082957734416
1.0,149.0,14.79,1,0,0,0.3480204525245888
1.0,93.9,15.41,1,0,1,0.5690829809021711
1.0,109.0,15.83,1,0,0,0.3218518629959804
1.0,72.99,28.91,1,0,0,0.4015754014461634
1.0,59.9,13.44,1,0,0,0.3815268290961434
1.0,169.0,27.5,1,0,0,0.2874236125003735
1.0,94.0,17.1,1,1,1,0.552708809123883
1.0,50.0,11.73,1,0,0,0.4312085158085536
1.0,117.3,17.53,1,0,0,0.37282609108433185
2.0,119.8,22.06,1,0,0,0.4214082351208527
2.0,57.4,28.2,1,0,0,0.4671369662024435
1.0,699.0,57.49,1,0,0,0.2296676758061136
1.0,89.9,11.24,1,0,0,0.455129416903418
1.0,179.0,22.99,1,0,0,0.25401874775180716
1.0,597.9,17.21,1,0,0,0.20067570016821137
1.0,240.0,30.72,1,0,0,0.38334728722494643
1.0,129.9,17.65,1,0,0,0.3180100206871162
1.0,53.9,22.96,1,0,0,0.2442841799815684
1.0,199.99,27.48,1,0,0,0.4196717169448428
2.0,366.0,32.06,1,0,0,0.248718426892088
1.0,41.9,12.48,1,0,0,0.4370514651571426
1.0,29.99,14.52,1,0,0,0.43627085300718077
1.0,349.9,20.43,1,0,0,0.36472531362265814
1.0,59.99,26.96,1,0,0,0.38079113019281424
1.0,29.0,16.11,1,0,0,0.44379316252841616
1.0,259.99,65.38,1,0,0,0.39816468330921073
2.0,548.0,161.74,1,0,0,0.14893406332317813
1.0,165.0,19.03,1,0,0,0.3257843611358518
1.0,98.9,23.45,1,1,0,0.2079691241986041
1.0,49.99,13.01,1,0,0,0.3730902110072445
1.0,118.9,34.37,1,0,0,0.3175151254840111
2.0,299.8,58.96,1,0,0,0.3963085295799729
1.0,99.9,16.95,1,0,0,0.3683864119078345
1.0,195.0,25.02,1,0,0,0.3961298693061196
1.0,54.9,17.63,1,1,1,0.5030282022537823
1.0,35.0,8.72,1,0,0,0.39797211566483337
1.0,27.99,18.23,1,0,0,0.3189003778073297
1.0,126.0,12.38,1,1,0,0.32266829899094485
1.0,56.0,17.97,1,0,0,0.46363769546210715
2.0,18.15,38.08,1,0,0,0.1331396563936347
2.0,99.8,25.38,1,0,0,0.4255934053636941
1.0,259.99,83.13,1,0,0,0.35592566717683316
2.0,19.8,30.46,1,0,0,0.10957959800644707
1.0,44.99,16.79,1,0,0,0.4464463516935119
1.0,69.9,14.58,1,0,0,0.4209996029115519
1.0,179.0,19.13,1,0,0,0.2860892995994412
1.0,59.9,24.77,1,0,0,0.3117385002660339
1.0,99.0,17.94,1,0,0,0.33496130334081564
1.0,119.9,13.86,1,0,0,0.37024965985444475
1.0,124.95,14.46,1,0,0,0.3360370352294221
1.0,29.9,18.23,1,0,0,0.3229998449385523
1.0,29.0,7.78,3,1,1,1.0
1.0,44.9,16.05,1,0,1,0.5418335324761236
2.0,179.96,79.12,1,0,0,0.3441104553331414
1.0,34.99,25.38,1,0,0,0.4369059956228643
1.0,174.99,24.5,1,0,0,0.21591887073201013
1.0,1058.0,20.43,1,0,0,0.1247069306974007
1.0,27.0,25.63,1,0,0,0.3653696859041474
1.0,149.9,12.55,1,0,0,0.31604143610209035
1.0,169.9,29.59,1,0,0,0.2925882274529093
1.0,79.0,14.28,1,0,0,0.3415900864735789
1.0,7.9,7.87,1,0,0,0.48067930175986817
3.0,59.7,35.550000000000004,1,0,1,0.6248794744752867
1.0,59.9,37.97,1,0,0,0.4025114616568789
2.0,49.8,31.12,1,0,1,0.5116092658289949
1.0,49.0,15.1,1,0,0,0.4168195117953109
1.0,69.9,14.24,1,0,0,0.4161897558950831
3.0,146.7,170.7,1,0,0,0.3637613506642933
1.0,189.99,15.27,1,0,0,0.4685978374957952
1.0,82.0,23.37,1,0,0,0.18530626341243517
1.0,92.9,16.28,1,0,1,0.5440051552125343
1.0,89.0,24.7,1,0,0,0.41242253057326406
1.0,205.0,22.27,1,1,0,0.4398225793038469
2.0,24.0,30.2,1,0,0,0.3375421152562197
1.0,69.9,12.43,1,0,0,0.43902408127786724
1.0,44.5,21.15,1,0,0,0.33157995850462485
1.0,59.9,19.66,1,0,0,0.4172820594413882
2.0,33.8,25.57,1,0,1,0.502127883161659
1.0,31.9,22.85,1,0,0,0.38165038892570574
1.0,29.45,8.72,1,0,0,0.4054584438792914
2.0,200.0,46.82,1,0,0,0.38389407482844823
1.0,54.16,12.48,1,0,0,0.43524581941604673
1.0,109.99,106.63,1,0,0,0.3067874403456452
1.0,49.99,15.53,1,0,0,0.31612671254988406
1.0,179.0,16.55,1,0,0,0.3678233685628214
2.0,199.8,35.9,1,0,1,0.5387471365041226
1.0,34.3,8.11,1,0,0,0.40107170176971596
1.0,194.91,8.62,1,0,0,0.33963877712342927
1.0,230.0,75.01,1,0,0,0.3175355311907135
1.0,999.9,97.08,1,0,0,0.1666101871944637
1.0,23.8,12.48,1,0,0,0.43324627398389
1.0,65.0,13.81,1,0,0,0.33008319293767174
1.0,39.9,22.56,1,0,0,0.3615211797485594
1.0,89.99,50.5,1,0,0,0.47684077366992134
1.0,79.99,7.42,1,0,0,0.046854137859789306
1.0,196.5,17.2,1,0,0,0.47874378061978234
2.0,163.98,15.84,1,0,1,0.5438553517891489
1.0,59.49,8.58,1,0,0,0.3996135040819717
2.0,93.8,27.82,1,0,0,0.3937965922777565
1.0,58.0,22.34,1,0,0,0.2569299305705524
1.0,54.0,22.44,1,0,0,0.26861325252585616
1.0,199.9,17.16,1,1,1,0.5016760227314649
1.0,45.0,14.44,1,0,0,0.3804444241178804
1.0,96.0,16.43,1,0,0,0.3028567088625962
1.0,109.9,27.07,1,0,0,0.3198647726564515
1.0,29.5,20.84,1,0,0,0.2987673539810553
1.0,121.99,23.65,1,0,0,0.22467835203984937
1.0,125.9,23.2,1,1,0,0.3106957526265689
1.0,750.0,21.69,1,0,0,0.1902149593535504
1.0,69.0,24.97,1,0,0,0.25509860917895383
1.0,119.9,15.59,1,0,0,0.3612231915905425
1.0,72.9,35.83,1,1,0,0.42545383656169594
1.0,79.9,34.36,1,0,0,0.37794032452207765
1.0,219.0,20.44,1,0,0,0.3595798819032245
1.0,29.99,15.1,1,0,0,0.4375317102191416
2.0,169.98,18.82,1,0,0,0.4974940478165208
4.0,67.6,31.12,1,0,1,0.6222065467243566
1.0,120.0,20.33,1,0,0,0.2046906302323284
1.0,79.0,8.92,1,0,0,0.3588710687194794
1.0,1300.0,51.51,1,0,0,0.13904383815643562
1.0,149.99,21.85,1,0,0,0.22698468135775907
1.0,24.99,15.1,1,0,0,0.46022497300716375
1.0,34.99,7.39,1,0,0,0.22453737074706098
1.0,49.99,11.85,1,0,0,0.4312085158085536
1.0,89.9,17.88,1,0,1,0.5669409744949782
1.0,239.99,10.49,1,0,0,0.34623978973797637
1.0,69.9,12.43,1,0,0,0.43902408127786724
1.0,179.0,17.99,1,0,0,0.3274887501023302
1.0,115.52,13.83,1,1,0,0.3631731026141033
1.0,21.6,15.1,1,0,0,0.4434989268850643
1.0,129.0,20.36,1,1,0,0.19814494186358472
1.0,49.78,11.85,1,0,0,0.4313913088318721
1.0,139.99,21.47,1,0,0,0.4178142008688182
1.0,41.79,27.57,1,0,0,0.34976383366133107
1.0,50.95,15.24,1,0,0,0.3854942163964163
1.0,35.9,15.35,1,0,0,0.40080270774915083
1.0,81.25,22.28,1,0,0,0.1795534907990349
1.0,122.99,17.3,1,0,0,0.3184190340117591
2.0,359.8,75.18,1,0,0,0.19713328083161719
1.0,139.9,35.5,1,0,0,0.33090916433851947
2.0,219.78,33.06,1,0,1,0.5111228515311931
2.0,1198.0,53.02,1,0,0,0.3082798837522354
1.0,29.99,50.93,1,0,0,0.4683463416697711
1.0,84.99,14.34,1,0,0,0.48021458026456165
1.0,24.9,7.71,1,0,0,0.01795661022720106
1.0,69.9,8.11,1,0,0,0.41640780434149455
1.0,27.9,18.23,1,0,0,0.34299655426223663
4.0,639.96,75.32,1,0,1,0.5219733738678859
1.0,129.0,17.47,1,0,0,0.339322195829679
1.0,45.9,12.69,1,0,1,0.5216640333188963
1.0,85.0,12.09,1,0,0,0.3194258254892507
1.0,120.0,15.59,1,0,0,0.3225863452388941
1.0,60.0,22.13,1,0,0,0.2652256134145112
1.0,18.99,7.39,1,0,0,0.05582443140020547
1.0,42.0,14.12,1,0,0,0.35103335388085366
1.0,110.0,18.35,1,0,0,0.3284609470910653
1.0,157.77,13.23,1,0,0,0.3718622018938165
1.0,349.9,29.3,1,0,0,0.3865766440068155
,,,1,0,1,0.5676371073814253
1.0,199.9,18.65,1,0,0,0.36318880591158875
1.0,99.99,20.0,1,0,0,0.2353650515941099
1.0,45.0,22.25,1,0,0,0.23225081340820716
1.0,139.99,19.95,1,0,0,0.26897307767165446
1.0,26.0,9.34,1,0,0,0.47028583555867015
1.0,228.0,35.4,1,1,0,0.31862731358316854
1.0,23.99,7.78,1,0,1,0.53432292661141
1.0,62.9,15.54,1,0,0,0.40711603976827454
1.0,259.4,19.07,1,0,0,0.33445745977791425
1.0,139.9,13.53,1,0,0,0.34269885443769893
1.0,48.9,9.26,1,0,0,0.4243997548626911
1.0,119.99,21.92,1,0,0,0.3007363412219367
1.0,92.0,14.73,1,0,0,0.2797499665438458
1.0,199.9,24.2,1,0,0,0.3993044743434733
1.0,144.0,19.98,1,0,0,0.26863642743943783
1.0,52.5,15.12,1,1,0,0.4169749477669656
1.0,24.99,7.44,1,0,0,0.007126705905610962
1.0,47.9,16.11,1,0,0,0.4489819897078395
1.0,42.0,7.39,1,0,0,0.3992387674194093
2.0,220.64,16.06,1,0,0,0.19545014304085223
1.0,169.9,14.97,1,0,0,0.2909467100718988
1.0,700.0,67.29,1,0,0,0.19775110771286267
1.0,99.9,16.33,1,0,0,0.37409826487378517
1.0,54.9,20.83,1,0,0,0.35794534854223276
1.0,21.99,24.35,1,0,0,0.29798004151253643
1.0,49.99,24.22,6,1,1,1.0
1.0,117.9,39.34,1,0,0,0.3029457398512593
1.0,29.0,35.67,1,0,0,0.3848336130186749
3.0,318.0,63.69,1,0,0,0.474002143293718
1.0,169.0,23.72,1,0,0,0.27479732310431804
1.0,29.99,34.15,1,0,0,0.4794885409231631
1.0,238.99,22.47,1,0,0,0.4258994521189719
1.0,169.99,51.06,1,0,0,0.30671688509047146
1.0,24.97,15.1,1,1,0,0.46022497300716375
2.0,149.8,36.18,1,0,0,0.4053099480677491
1.0,72.9,17.44,1,0,0,0.42141024451290426
1.0,39.99,17.63,1,0,0,0.45401622953958204
1.0,63.0,64.02,1,0,0,0.2772373209531807
1.0,99.9,21.19,1,0,0,0.3260426034396316
1.0,95.0,15.42,1,0,1,0.6219694027186243
1.0,99.0,41.08,1,0,0,0.36181114737550185
1.0,69.9,15.59,1,0,0,0.3947781208041412
1.0,104.9,14.9,1,0,0,0.3614858900447529
1.0,249.9,17.59,1,0,0,0.31798818899779085
1.0,150.0,22.13,1,0,0,0.20698508153098197
1.0,29.9,15.1,1,0,0,0.4436085002978538
1.0,115.99,18.39,1,0,0,0.2889128095238613
1.0,118.9,7.7,1,0,0,0.2664417801365633
1.0,59.9,9.34,1,0,0,0.44865260824067843
1.0,21.94,14.1,1,0,0,0.44378350122013405
1.0,148.99,14.79,1,0,0,0.34196856166119666
2.0,119.8,23.46,1,0,0,0.41847003515262815
1.0,34.99,14.1,1,0,0,0.4266866467055584
2.0,108.17,39.77,1,0,0,0.33872597949909755
1.0,492.0,22.63,1,0,0,0.3529565146423632
1.0,28.3,16.11,1,0,0,0.4517737047633808
1.0,399.0,17.54,1,0,0,0.24828755587743132
1.0,150.0,15.8,1,0,0,0.23658874026327809
1.0,16.99,16.79,1,0,0,0.424939208295064
1.0,159.0,9.8,1,0,0,0.34940211063505944
1.0,22.99,19.32,1,0,0,0.13143952521924981
1.0,25.0,22.06,1,0,0,0.21358836317570692
1.0,104.36,17.98,1,0,0,0.3156620295673516
1.0,59.9,17.67,1,0,0,0.42173401220594686
1.0,18.9,15.23,1,0,0,0.33003718261899495
1.0,129.99,14.66,1,0,0,0.33922150922572547
1.0,145.97,90.15,1,0,0,0.24909324038738906
1.0,48.9,16.11,1,0,0,0.45607899021712056
1.0,84.0,13.17,1,0,0,0.3748709234220641
1.0,34.99,25.38,1,1,0,0.4369059956228643
1.0,34.0,9.34,1,0,0,0.4368860439220527
1.0,299.0,29.15,1,0,0,0.3107922054083041
1.0,56.97,9.94,1,0,0,0.43694873757599645
1.0,8.59,12.79,1,0,0,0.17711985807535077
1.0,35.9,16.32,1,0,0,0.41220192376596965
1.0,50.9,13.38,1,0,0,0.37169560761986103
1.0,139.9,16.61,1,0,0,0.3586433049026031
1.0,39.99,7.39,1,0,0,0.43799087447705026
1.0,59.9,17.67,1,0,0,0.42173401220594686
1.0,117.3,26.96,1,0,0,0.2844380559756508
1.0,379.9,124.45,1,0,0,0.2515313153837334
2.0,38.2,17.44,1,0,0,0.27993425102477737
1.0,251.51,16.64,1,0,0,0.29387955636443436
1.0,199.99,30.33,1,0,0,0.40737658375112207
1.0,64.9,15.2,1,1,0,0.40958516450953747
1.0,194.9,16.24,1,0,1,0.5020754706238489
1.0,101.0,32.63,1,0,0,0.32027523997522644
2.0,220.64,26.42,1,0,0,0.45057774290610686
1.0,25.04,8.88,1,0,0,0.4266886336474738
1.0,39.9,16.11,1,0,0,0.44885536465370424
1.0,899.0,14.63,1,0,0,0.056323108830600516
1.0,99.9,17.27,1,0,0,0.3946015059735697
1.0,38.25,16.11,1,0,0,0.47314003298044244
1.0,359.9,10.71,1,0,0,0.20770311127944652
1.0,169.9,35.71,1,0,0,0.30106320968416866
1.0,122.99,15.61,1,0,0,0.312401467160698
1.0,188.0,16.07,1,0,0,0.38193922565821375
1.0,159.0,12.61,1,0,0,0.369098946805045
1.0,78.99,53.3,1,0,0,0.36029341882502314
1.0,59.0,8.88,1,0,0,0.4136214370377565
1.0,49.99,11.85,1,0,0,0.4312085158085536
1.0,39.99,13.71,1,0,0,0.32860895173216514
1.0,29.5,20.84,1,0,0,0.2987673539810553
1.0,31.9,17.63,1,0,0,0.4508867531785334
1.0,124.9,14.62,1,0,0,0.3365666981231426
1.0,120.0,9.59,1,0,0,0.3300772426594057
1.0,105.6,13.08,1,0,0,0.37514214458394607
1.0,109.9,12.9,1,0,0,0.31398408221491897
1.0,69.9,16.18,1,0,1,0.5528353775291447
1.0,109.9,13.79,1,0,0,0.33491956864525
1.0,259.0,104.98,1,0,0,0.3400330640763398
2.0,158.0,46.18,1,0,0,0.3468273870323762
1.0,21.99,12.69,1,0,0,0.4832911920795015
1.0,129.99,38.46,1,0,0,0.327166579611712
1.0,109.8,24.06,1,0,0,0.3113584917536379
1.0,109.9,25.61,1,0,0,0.32901516264366637
1.0,87.67,12.94,1,0,0,0.41158128602693556
1.0,41.99,11.73,1,0,0,0.42826595706051346
1.0,399.99,43.78,1,0,0,0.31265484404688426
1.0,138.94,12.88,1,0,0,0.31525928217763766
1.0,718.9,14.6,1,0,0,0.1593413164590055
1.0,32.9,10.96,1,0,0,0.42702285926162026
1.0,22.0,8.82,1,0,0,0.4082830822091783
1.0,109.9,9.14,1,0,0,0.32504317128339394
1.0,116.0,21.47,1,0,0,0.3764948572115019
1.0,299.0,16.84,1,0,0,0.22975294082634087
1.0,99.0,25.53,6,1,1,1.0
1.0,339.0,11.19,1,0,0,0.22305669000285694
,,,1,0,1,0.5676371073814253
2.0,139.8,39.96,1,0,0,0.3455429112928671
4.0,183.6,60.92,1,0,0,0.4705646260184063
1.0,99.9,17.95,1,0,0,0.3176070724508967
1.0,143.8,25.82,1,0,0,0.3089116580307911
1.0,439.99,40.63,1,0,0,0.2878906921632764
1.0,25.64,7.39,1,0,0,0.23497861301877884
1.0,79.9,8.75,1,1,0,0.41466649317027415
1.0,25.6,16.11,1,0,0,0.49983007350981884
1.0,116.0,11.42,1,0,0,0.3692186317086925
1.0,77.9,13.89,1,0,0,0.3375033152701721
1.0,27.9,7.87,1,0,0,0.36505373318177364
1.0,899.9,13.55,1,0,0,0.030442336994402068
1.0,14.6,21.15,1,0,0,0.24949488041670842
1.0,173.9,59.77,1,0,0,0.3401414358293351
1.0,299.9,19.19,1,0,0,0.27004816627379485
1.0,465.0,24.09,1,0,0,0.2948683983987359
1.0,52.9,15.12,1,0,0,0.4169749477669656
1.0,49.9,20.99,1,0,0,0.3301717313023532
1.0,74.99,23.1,1,0,0,0.27175618502597665
1.0,17.89,18.23,1,0,0,0.35776716069250947
2.0,69.8,27.42,1,0,0,0.4243520274576021
1.0,308.0,15.91,1,0,0,0.2194898969980386
1.0,54.9,11.15,1,0,0,0.43210007492488595
1.0,62.8,14.61,1,0,0,0.4113958626575719
1.0,113.9,18.05,1,0,0,0.39677816016316036
1.0,24.9,42.38,1,0,0,0.44544081742610153
1.0,78.0,18.65,1,0,0,0.2830697824281813
1.0,129.99,17.16,1,0,0,0.32545355702193696
2.0,37.2,30.2,1,1,0,0.43912611088410586
1.0,89.9,12.13,1,0,0,0.39996673571096586
1.0,219.9,10.35,1,0,0,0.3291627096162284
1.0,205.81,19.98,1,0,0,0.30882351197750907
1.0,153.0,15.16,1,0,0,0.41690219942330553
1.0,279.99,73.59,1,0,0,0.2902673170342808
1.0,219.9,15.74,1,0,0,0.3256118920459379
1.0,64.9,14.21,1,0,0,0.4123043075725277
1.0,23.9,12.83,1,0,0,0.3725246064570405
1.0,84.9,25.43,1,0,0,0.29172369653218627
2.0,354.0,32.9,1,1,0,0.32169491885418583
2.0,98.2,36.46,1,0,0,0.35381528395589795
3.0,97.0,42.29,1,0,0,0.43320995648560334
1.0,299.9,22.9,1,0,0,0.343383053140039
1.0,110.99,14.17,1,0,0,0.3754473048977726
1.0,76.0,23.47,1,0,0,0.2909337431685171
1.0,69.9,17.74,1,1,0,0.4780985640983793
1.0,109.9,21.26,1,0,0,0.44245699333896843
2.0,174.9,32.28,1,0,1,0.5634560259735306
1.0,18.9,15.1,1,0,0,0.4347467115112415
1.0,159.0,18.39,1,0,0,0.32616525448449235
1.0,39.0,13.37,1,0,0,0.36528723151826353
1.0,59.9,13.44,1,0,0,0.3815268290961434
1.0,519.9,21.52,1,0,0,0.4310409957539171
1.0,89.99,18.2,1,0,0,0.13305229584826295
1.0,124.0,15.62,1,0,0,0.312989353485085
1.0,89.99,27.17,1,1,0,0.30447778290995925
1.0,79.9,17.0,1,0,0,0.4890100963202937
1.0,29.99,8.29,1,0,0,0.39582000131320977
1.0,44.99,15.42,1,0,0,0.4254458768809896
1.0,139.0,34.05,1,0,0,0.33690269199347256
1.0,48.9,19.59,1,0,0,0.37643498938280745
2.0,129.98,37.12,1,0,0,0.3412765328801095
1.0,54.99,23.19,1,0,0,0.23224602367740743
1.0,199.9,13.84,1,0,0,0.4124013850806522
1.0,48.9,12.69,1,0,1,0.5140708013854988
2.0,153.4,85.42,1,0,0,0.29893050685872313
1.0,99.18,23.84,1,0,0,0.24714960700420874
1.0,99.9,29.1,1,0,0,0.35968045227479467
2.0,29.6,14.78,1,0,1,0.6637579773301799
2.0,59.8,36.62,1,0,0,0.3446463243547889
2.0,55.8,33.58,1,1,0,0.4793171095461804
1.0,1999.99,29.63,1,0,0,0.28660130207135887
1.0,98.67,27.23,1,0,0,0.27159551199780735
,,,1,1,1,0.5676371073814253
1.0,79.9,9.31,1,0,0,0.4355173665413075
1.0,84.89,7.94,1,0,1,0.6222914611034803
1.0,137.9,23.11,1,0,0,0.27705716120760365
1.0,84.99,22.91,1,0,0,0.1968837781111215
3.0,168.0,51.6,1,0,1,0.508339441278865
1.0,49.0,16.6,1,0,0,0.45238330363782303
1.0,47.65,7.39,1,0,0,0.45797159071777704
1.0,26.5,19.1,1,0,0,0.10696650230891101
1.0,34.99,14.1,1,0,0,0.4266866467055584
1.0,113.85,12.13,1,0,0,0.3673332252413281
1.0,31.9,13.37,1,0,0,0.3584926813646554
1.0,32.9,18.23,1,0,0,0.315288173612462
1.0,183.0,17.72,1,0,0,0.3672035967754418
1.0,33.41,15.1,1,0,0,0.4423741980033868
1.0,13.9,18.63,1,0,0,0.3375347131838418
1.0,99.99,16.46,1,0,0,0.3638198206284763
1.0,75.89,8.28,1,0,0,0.36592983965779563
1.0,109.9,51.06,1,0,0,0.3098123004809244
1.0,89.9,29.03,1,0,0,0.3839391814141897
1.0,76.95,7.8,1,0,0,0.37374236493417184
1.0,49.9,8.29,1,0,0,0.4074900382779859
2.0,59.8,18.68,1,0,0,0.41154758772664035
1.0,46.89,15.79,1,0,0,0.4150302358151506
1.0,19.9,7.39,1,0,0,0.04764061086009002
1.0,12.9,12.79,1,0,0,0.2957355266803055
1.0,128.0,19.0,1,0,0,0.2338085913530555
3.0,104.7,28.02,1,0,0,0.4369069054148629
1.0,55.0,17.1,1,0,0,0.4746590086379626
1.0,969.99,51.25,1,0,0,0.23176421357042903
1.0,174.33,22.02,1,0,0,0.27258837153935256
1.0,88.34,23.9,1,0,0,0.4400644597207406
1.0,189.99,23.04,1,0,0,0.46312673153613576
1.0,29.9,18.23,1,0,0,0.3229998449385523
1.0,29.99,15.1,1,0,0,0.4375317102191416
1.0,124.99,15.62,1,0,0,0.3349920518504019
1.0,27.9,15.1,1,0,0,0.43892364414447343
1.0,679.0,14.52,1,0,0,0.31990894633376654
1.0,59.9,14.59,1,0,0,0.416176873346445
1.0,47.9,13.37,1,1,0,0.3817749272292989
1.0,69.0,7.78,1,0,0,0.41691372495628437
1.0,59.99,13.44,1,0,0,0.38002778337379667
1.0,129.9,11.93,11,1,1,1.0
1.0,79.9,11.17,1,0,0,0.4236100834334634
1.0,89.96,18.88,1,0,0,0.21879042112254912
1.0,120.0,26.46,1,0,0,0.30966429361406517
1.0,49.89,22.28,1,0,0,0.25781125704270785
2.0,81.0,74.68,1,0,0,0.4768355005727706
1.0,149.0,15.79,1,0,0,0.32128754604417675
1.0,99.9,17.95,1,0,0,0.3176070724508967
1.0,29.93,15.1,1,0,0,0.44053583215214503
1.0,109.38,15.52,1,0,0,0.3257515887103666
1.0,74.9,12.23,1,0,0,0.4604639768493301
1.0,38.9,19.59,1,0,1,0.5105975390701446
2.0,80.0,27.04,1,0,0,0.460779673332146
1.0,37.49,8.0,1,0,0,0.39497650305463927
1.0,99.0,116.31,1,0,0,0.331121967641452
1.0,119.0,13.41,1,0,0,0.36879843401656615
4.0,286.8,55.36,1,0,1,0.5110057468974283
1.0,89.99,42.91,1,0,0,0.2904087821767283
1.0,18.9,22.06,1,0,0,0.20502982410937512
1.0,72.9,23.31,1,0,0,0.3135559219556239
1.0,59.7,11.92,1,0,0,0.41962944034177374
2.0,110.0,38.72,1,0,0,0.3632910556286086
1.0,180.0,13.92,1,0,0,0.3825044450737538
1.0,259.9,41.77,1,0,0,0.30071226236383525
1.0,138.9,13.68,1,0,0,0.33387627230835376
2.0,124.98,30.48,1,0,1,0.5273843576636627
1.0,48.0,18.44,1,0,0,0.24921398825271404
1.0,130.0,12.11,1,0,0,0.40729768912950337
1.0,200.0,21.89,1,0,0,0.4927872212089537
1.0,27.99,7.39,1,0,0,0.4084263780466883
1.0,74.7,19.21,1,0,0,0.2878342424566254
1.0,1049.0,52.83,1,0,0,0.14654348623914046
1.0,69.0,11.33,1,0,0,0.42253381856297434
1.0,152.4,23.65,1,0,0,0.24495290974331704
1.0,29.98,50.85,1,0,0,0.4590658740150913
1.0,121.99,26.13,1,0,0,0.31390250644520573
1.0,1699.99,87.73,1,0,0,0.14656530440298818
1.0,35.79,15.1,1,1,0,0.43815922368030885
1.0,23.8,7.78,1,0,0,0.4565195633760817
1.0,299.0,15.21,1,0,0,0.2244209939103024
1.0,36.29,8.94,1,0,0,0.38783497041656506
1.0,79.9,25.11,1,0,0,0.2844361869823864
1.0,69.99,7.78,1,0,0,0.4303051961338563
4.0,589.96,62.38,1,0,1,0.5325865520706929
1.0,160.0,27.89,1,0,0,0.29770593026178716
1.0,57.9,17.99,1,0,0,0.39563354559858516
1.0,89.9,35.76,1,0,0,0.39074239399151867
1.0,14.9,10.96,1,0,0,0.4241932537518172
1.0,12.88,18.23,1,0,0,0.1625493238638974
4.0,150.0,56.400000000000006,1,0,0,0.4846917773495775
1.0,27.99,19.04,1,0,0,0.2314093074384127
1.0,52.0,11.73,1,0,0,0.43288543467933693
1.0,65.99,12.43,1,0,0,0.43253467594582845
2.0,39.98,35.26,1,0,0,0.4853662495532045
1.0,99.9,0.0,1,0,0,0.002092274678111588
1.0,219.9,51.79,1,0,0,0.30917254091369634
1.0,62.9,14.2,1,0,0,0.4123043075725277
1.0,29.9,16.05,1,0,0,0.49405946261407935
1.0,119.99,44.64,1,0,0,0.32448773331976033
1.0,99.0,12.19,1,1,0,0.31690466011507096
1.0,12.9,7.78,1,0,1,0.5021224021583973
2.0,87.3,21.72,1,0,0,0.41492759129094753
1.0,465.0,24.09,1,0,0,0.2948683983987359
2.0,119.8,35.34,1,0,0,0.3847617918479975
1.0,16.0,7.87,1,0,0,0.4974960327296767
1.0,139.0,36.42,1,0,0,0.335506553464802
1.0,779.89,20.22,1,0,0,0.27525833392734944
1.0,49.99,14.1,1,0,0,0.39345858952625057
1.0,34.9,11.85,1,0,0,0.4249973453802182
1.0,113.57,14.88,1,0,0,0.387005142124545
1.0,129.99,25.11,1,0,0,0.2452869974723067
1.0,24.99,18.23,3,1,1,1.0
1.0,56.99,14.15,1,0,0,0.403786013961759
1.0,102.0,23.64,1,0,0,0.21007678514265676
1.0,49.0,17.64,1,0,0,0.4907201719899166
1.0,96.0,13.38,1,0,1,0.5504743199595106
1.0,196.8,13.68,1,0,0,0.4430130883618064
1.0,69.9,14.22,1,0,0,0.4135562019244528
1.0,1299.0,23.97,1,0,0,0.22812911265203145
1.0,265.0,10.67,1,0,0,0.31067529251128706
1.0,129.9,18.8,1,0,0,0.2749701287783695
1.0,67.0,16.23,1,0,1,0.6027581744670327
1.0,78.0,14.3,1,0,0,0.32672872333655667
1.0,196.0,17.62,1,0,0,0.3143681608782474
1.0,119.99,13.86,1,0,0,0.35479320541106946
1.0,69.9,16.25,1,0,1,0.5604267480009151
1.0,129.0,22.37,1,0,0,0.23750721688441515
1.0,74.9,23.1,1,0,0,0.2698049655137816
1.0,170.0,16.82,1,0,0,0.2809004698947382
1.0,109.9,13.35,1,0,0,0.3301042940841747
1.0,199.9,16.7,1,0,0,0.47358583979676716
1.0,63.87,13.81,1,0,0,0.3285410002105771
1.0,74.9,17.77,1,0,0,0.44913293094915324
1.0,19.49,7.87,1,0,0,0.4938968816181829
1.0,320.0,20.13,1,0,0,0.4182313765435735
1.0,97.2,19.59,1,0,0,0.27265477252956166
1.0,104.97,16.93,1,0,0,0.37087391029692074
1.0,12.5,15.1,1,0,0,0.37963795119764804
1.0,259.0,18.25,1,0,0,0.30365993558056187
1.0,99.9,18.53,1,0,0,0.25960623407200517
1.0,89.99,12.13,1,0,1,0.5068331344446013
1.0,22.0,11.85,1,0,0,0.44771031902269176
1.0,7.9,8.11,1,0,1,0.5384424534361505
1.0,180.0,19.54,1,0,0,0.3042507142908414
2.0,319.8,86.8,1,0,0,0.22950396873108508
2.0,150.0,40.04,1,0,0,0.3316550932390296
1.0,110.0,30.57,1,0,0,0.3270408505470147
1.0,99.9,13.69,1,0,0,0.3681431087020953
1.0,789.0,22.77,1,0,0,0.20893168048747496
1.0,35.0,16.32,1,0,0,0.40981433564129577
2.0,108.0,15.56,1,0,1,0.8213959324733283
2.0,379.8,38.42,1,0,1,0.5709144493923419
1.0,24.9,15.79,1,0,0,0.3884961020941923
1.0,15.0,12.79,1,0,0,0.29240386716378985
1.0,325.0,16.02,1,0,0,0.22163457440298567
1.0,413.91,33.77,1,0,0,0.31821125436742576
1.0,29.9,25.38,1,0,0,0.4430237998920697
1.0,24.99,15.28,1,0,0,0.3138637599104614
1.0,79.99,15.38,1,0,0,0.3614904613318704
1.0,46.22,18.0,1,1,0,0.35124086434316276
2.0,49.98,14.88,1,0,0,0.3117402482813364
1.0,25.9,12.48,1,0,0,0.4232739735632765
1.0,69.9,18.37,1,0,0,0.24131963816766178
1.0,79.9,18.13,1,0,0,0.2721248438317202
1.0,9.4,34.15,1,0,0,0.33176953219187383
1.0,89.9,18.91,1,0,0,0.20090761061861748
1.0,69.9,12.43,1,0,0,0.43902408127786724
1.0,45.0,8.72,1,0,0,0.40060646072184425
1.0,59.99,8.29,1,0,0,0.4175494795657624
1.0,86.9,16.24,1,0,0,0.4884250126785442
1.0,97.65,18.56,1,0,0,0.24886946954796652
1.0,40.6,15.23,1,0,0,0.35047916868822043
1.0,89.0,19.21,1,0,0,0.22407426519722137
1.0,18.89,7.55,1,0,0,0.019249864207283897
1.0,99.9,23.5,1,0,0,0.22477513124627066
2.0,129.8,40.36,1,0,0,0.3499892071661886
1.0,59.99,17.67,1,0,0,0.4193785349537994
1.0,119.99,15.73,1,0,0,0.33891220349086615
1.0,243.68,14.73,1,0,0,0.3344658535899412
1.0,49.9,15.45,1,0,0,0.34069973742337595
1.0,89.9,21.12,1,0,0,0.45042066960734295
1.0,580.27,22.76,1,0,0,0.29742062948277326
1.0,122.99,18.74,1,0,0,0.24579542139873026
2.0,75.9,30.2,1,0,0,0.4518527130221164
1.0,59.9,7.78,1,0,0,0.4320708458283
1.0,119.9,26.12,1,0,0,0.32276543745995956
1.0,129.9,18.2,1,0,0,0.3187547222498174
1.0,349.0,27.19,1,0,0,0.35049225974227544
1.0,27.99,15.1,1,0,0,0.43602415438223857
1.0,40.0,14.1,1,0,0,0.4387704149777298
1.0,23.9,7.43,1,0,0,0.003152663508243277
2.0,739.8,70.72,1,0,0,0.45103023730032854
1.0,41.9,15.1,1,0,0,0.3711848365043559
1.0,54.9,14.13,1,0,0,0.4039458559761137
1.0,39.9,18.23,1,0,0,0.281560851376136
1.0,42.9,13.64,1,0,0,0.2930506884580035
1.0,12.25,11.85,1,0,1,0.511563936657533
1.0,117.0,15.57,1,0,0,0.35636689228389445
1.0,849.9,37.47,1,0,0,0.20325028682126872
2.0,142.8,17.0,1,0,0,0.2653778093043683
1.0,32.5,11.85,1,0,0,0.4224205845372737
1.0,13.65,7.39,1,0,0,0.3418451454887376
1.0,59.0,18.51,1,0,0,0.23042651626841368
1.0,48.9,52.48,1,0,0,0.36236473198173724
1.0,279.9,13.86,1,0,0,0.2854288638672818
1.0,54.9,19.57,1,0,0,0.10096882023269459
1.0,116.99,14.57,1,0,0,0.35901973213555294
1.0,212.0,16.23,1,0,0,0.37106562389849507
1.0,60.0,15.17,1,0,0,0.42535051473897284
2.0,98.9,31.94,1,0,0,0.4784881309220821
1.0,149.0,18.92,1,0,0,0.2954849594431205
1.0,67.9,15.69,1,0,0,0.37858834139641234
1.0,159.0,11.39,1,0,0,0.34130230350240837
1.0,51.92,12.7,1,0,1,0.5174650413294942
1.0,138.0,12.17,1,1,0,0.4426989849510528
1.0,86.9,16.24,1,0,0,0.4884250126785442
1.0,244.0,28.99,1,0,0,0.3981490312034587
1.0,19.0,12.79,1,0,0,0.31649759887576967
1.0,16.99,16.79,1,0,0,0.424939208295064
1.0,19.99,7.4,1,0,0,0.025504101037901284
1.0,12.77,7.78,1,0,0,0.4981051274223287
2.0,135.6,77.04,1,0,0,0.32633040922707723
1.0,129.2,18.15,1,0,0,0.33534122503222263
1.0,119.99,23.83,1,0,0,0.22721307924024964
1.0,989.0,33.65,1,0,0,0.15847744967117353
1.0,129.9,26.19,1,0,0,0.330875495182564
1.0,629.0,19.15,1,0,0,0.35887896813107034
1.0,48.9,46.88,1,0,0,0.3653129673877052
1.0,49.9,17.26,1,0,0,0.4079985572710213
1.0,104.97,18.54,1,0,0,0.32870218264652434
1.0,10.0,15.23,1,0,0,0.4202899834460985
1.0,169.9,108.85,1,0,0,0.21651074216042487
1.0,166.99,23.04,1,0,0,0.27850490121989935
1.0,11.87,15.23,1,0,0,0.2851448184319764
2.0,69.8,17.76,1,0,0,0.2510119388836264
1.0,143.6,18.89,10,1,1,1.0
1.0,49.9,15.1,1,0,0,0.41629867076139715
1.0,197.5,13.51,1,0,0,0.49747185018019574
1.0,129.0,36.98,1,0,0,0.3069236451506581
1.0,58.9,14.5,1,0,0,0.40447640279973746
1.0,99.99,17.27,1,0,0,0.38931294380096404
1.0,99.9,21.65,1,0,0,0.34249605986026616
1.0,169.0,24.17,1,0,0,0.2615211205973876
1.0,89.9,17.11,1,0,1,0.5554745389103147
1.0,50.9,16.12,1,0,0,0.4295828829062674
1.0,24.9,22.1,1,0,0,0.256993786764254
1.0,110.32,7.64,1,0,0,0.46773903397807826
1.0,289.0,35.78,1,0,0,0.24085125549469255
1.0,149.9,18.98,1,0,0,0.27624926106150066
1.0,24.99,22.85,1,0,0,0.25016552699605654
1.0,89.99,50.5,1,0,0,0.47684077366992134
1.0,55.9,14.14,1,0,0,0.4043118881104213
1.0,49.9,41.33,1,0,0,0.3843770959662507
1.0,60.0,32.78,1,1,0,0.3151890821175354
1.0,124.9,18.0,1,0,0,0.3466460399151333
1.0,38.97,16.11,8,1,1,1.0
1.0,49.9,11.37,1,0,0,0.4313913088318721
2.0,197.38,39.76,1,0,0,0.3648318398154039
1.0,159.0,29.63,1,0,0,0.3049946151231543
1.0,799.99,54.34,1,0,0,0.283199427921707
2.0,20.0,16.94,1,0,0,0.07770472992400465
1.0,59.99,9.34,1,0,0,0.44993679785232266
1.0,1350.0,44.77,1,0,0,0.2278243619892594
1.0,134.99,27.48,1,0,0,0.3112757853863406
2.0,199.9,85.46,1,0,0,0.33014439800753703
1.0,89.9,21.12,1,0,0,0.45042066960734295
1.0,39.98,11.74,1,0,0,0.43477663353241347
1.0,75.4,13.55,1,0,0,0.34046146755196743
1.0,89.9,18.06,1,0,0,0.19033644548141115
1.0,149.0,15.79,1,0,0,0.32128754604417675
1.0,14.9,15.1,1,0,0,0.41260711046516896
1.0,105.99,16.5,1,0,0,0.37091719606292456
1.0,29.0,18.23,1,0,0,0.2897553300109066
1.0,119.9,16.6,1,0,0,0.38696902839731695
2.0,110.98,30.5,1,0,0,0.4456515569081418
1.0,99.0,14.45,1,0,0,0.33691942616696813
1.0,89.9,11.83,1,0,0,0.38839004601624644
1.0,59.9,15.18,1,0,0,0.42535051473897284
1.0,113.0,17.53,1,0,0,0.3988694999789541
1.0,29.15,7.46,1,0,0,0.015017243571440192
1.0,119.9,21.77,1,0,0,0.340953303687292
1.0,69.9,18.07,1,0,0,0.2225831683289748
1.0,129.99,15.08,1,0,0,0.3401239158996214
1.0,30.9,15.79,1,0,0,0.3940326060766211
1.0,509.0,41.83,1,0,0,0.29880984273845834
1.0,179.99,9.63,1,0,0,0.40142150591672193
1.0,99.9,23.28,1,0,0,0.3048844995815375
1.0,23.89,14.52,1,0,0,0.4364929286806499
1.0,149.99,17.49,1,0,0,0.25763985150204244
1.0,74.9,12.65,1,0,1,0.6219944757955465
1.0,160.55,31.87,1,1,0,0.3189949573386867
1.0,17.45,18.23,1,0,0,0.35776716069250947
1.0,299.9,42.17,1,0,0,0.2471816587782755
1.0,119.9,14.44,1,0,0,0.36297186834851325
1.0,110.0,20.26,1,0,0,0.239605470205587
1.0,59.9,17.67,1,0,0,0.42173401220594686
1.0,56.99,16.84,1,0,0,0.47228602291322735
1.0,29.9,17.93,1,0,0,0.3534974590676719
1.0,80.0,14.14,1,0,0,0.3534588218130167
1.0,79.9,28.96,1,0,0,0.38968158496931415
1.0,108.0,29.13,1,0,0,0.3494036041246972
1.0,359.0,9.38,1,0,0,0.293393144868154
1.0,367.9,59.33,1,0,0,0.3528888450508022
,,,1,0,1,0.5676371073814253
1.0,329.9,25.18,1,0,0,0.26730247603655083
1.0,28.9,14.1,1,0,0,0.43126157746293586
2.0,124.0,25.42,1,0,0,0.4201628444959446
1.0,21.9,16.11,1,0,0,0.4871969345655061
1.0,104.0,13.75,1,0,0,0.36684096292324053
1.0,109.9,24.97,1,0,0,0.25174826280695667
1.0,110.0,62.44,1,0,0,0.34354953975226915
1.0,134.2,18.52,1,0,0,0.32923092742511817
1.0,75.0,12.43,1,0,0,0.4520927489316182
1.0,52.0,16.63,1,0,0,0.45115387371686066
1.0,13.47,15.23,1,0,0,0.28488466867092005
1.0,99.0,27.24,1,0,0,0.3634828379206755
1.0,53.49,11.87,1,0,0,0.434465533202438
1.0,165.9,15.91,1,0,0,0.4039718977087498
1.0,84.99,22.91,1,0,0,0.1968837781111215
1.0,49.9,64.8,1,0,0,0.3214709332580705
1.0,29.99,14.1,1,0,0,0.42514557449657153
1.0,299.9,35.27,1,0,0,0.23838689245610567
1.0,24.9,16.36,1,0,0,0.43274178083997866
,,,1,0,1,0.5676371073814253
1.0,134.9,18.82,1,1,0,0.2633951802920369
1.0,29.99,18.23,1,0,0,0.3143869174044573
1.0,1190.0,94.78,1,0,0,0.16783821765241821
1.0,59.9,15.17,1,1,0,0.42535051473897284
1.0,84.0,16.35,1,0,0,0.409521807214495
1.0,324.3,33.02,1,0,0,0.31203939240079603
1.0,160.0,34.88,1,0,0,0.3029018227058294
1.0,66.9,17.72,1,0,0,0.446584462142029
1.0,9.9,8.88,1,0,1,0.5209621724939947
1.0,45.0,18.23,1,0,0,0.2527981015060449
1.0,56.97,19.37,1,0,0,0.3019422956927954
1.0,52.0,14.11,1,0,0,0.3941660837107577
1.0,32.99,14.1,1,0,0,0.4266866467055584
1.0,339.0,21.34,1,0,0,0.35773965133086316
1.0,194.99,17.12,1,0,1,0.5490965535609275
1.0,34.99,11.85,1,0,0,0.42592282953346244
1.0,67.99,19.67,1,0,0,0.35821154301689223
2.0,49.23,29.2,1,0,0,0.38473283392922636
1.0,89.99,36.86,1,0,0,0.31387430492901996
1.0,143.8,40.52,1,0,0,0.33546414159870547
1.0,14.99,7.39,1,0,0,0.037974595123885006
1.0,129.9,43.84,1,0,0,0.33511313280315647
2.0,139.98,16.58,1,0,0,0.2661106106887541
1.0,124.99,37.21,1,0,0,0.31161958663536715
1.0,129.9,13.93,1,0,0,0.35544050723534254
1.0,37.99,20.8,1,0,0,0.4347923141212945
1.0,69.9,13.51,1,0,0,0.3348271060759655
1.0,116.9,16.58,1,0,0,0.3693767519140137
1.0,325.0,13.77,1,0,0,0.27720337955564633
1.0,60.0,23.22,1,0,0,0.24912829730360192
1.0,169.9,18.62,1,0,0,0.34563645615667393
1.0,196.8,18.51,1,0,0,0.33972593832233033
1.0,510.0,40.26,1,0,0,0.2839700896414034
1.0,143.8,24.0,1,0,0,0.28332485969661636
1.0,142.0,97.32,1,0,0,0.25258083403278514
1.0,59.9,11.73,1,1,0,0.43956680299001705
1.0,25.0,16.6,1,0,0,0.44231579509932883
1.0,26.69,13.5,1,0,0,0.32933532292016504
1.0,153.75,23.01,1,0,0,0.2698182496626365
2.0,117.0,29.16,1,0,0,0.4357610163136433
1.0,152.0,14.81,1,0,0,0.4260421615635376
1.0,91.2,23.22,1,0,0,0.3419094968678111
1.0,649.9,21.8,1,0,0,0.19195719489496038
1.0,37.99,14.11,1,0,0,0.42276908009175895
1.0,69.99,14.24,1,0,0,0.402237155121181
1.0,89.99,45.09,1,0,0,0.2736150759177601
1.0,14.95,7.39,1,0,0,0.037974595123885006
1.0,99.0,32.02,1,0,0,0.36392009507594286
1.0,59.9,15.18,1,0,0,0.42535051473897284
1.0,398.0,64.63,1,0,0,0.3727185202372882
1.0,27.99,7.78,1,0,0,0.37761790748810736
1.0,146.99,13.58,1,0,0,0.3234767990458967
1.0,199.9,15.57,1,0,0,0.44099614936355
1.0,23.9,7.43,1,0,0,0.003152663508243277
1.0,19.99,14.52,1,0,0,0.44885684817908944
2.0,253.98,82.56,1,0,0,0.29546502930539426
1.0,104.4,15.48,1,0,0,0.36385634852509324
1.0,149.99,40.38,1,0,0,0.2558632498562678
1.0,138.0,26.01,1,0,0,0.3253408639226914
2.0,196.0,36.77,1,0,0,0.36146210104271653
1.0,125.0,14.96,1,0,0,0.3369310927568882
1.0,44.55,11.74,1,0,0,0.42517616927800417
1.0,199.0,12.89,1,0,0,0.4376848741064762
2.0,196.8,46.71,1,0,0,0.4046164344631079
1.0,200.0,19.33,1,0,0,0.295781406262952
1.0,29.99,25.63,1,0,0,0.4746067386507628
1.0,42.0,15.1,1,0,0,0.374739684729417
1.0,50.9,14.52,1,0,0,0.4065697284732744
1.0,49.9,16.79,1,0,0,0.45027739905503894
1.0,36.49,8.0,1,0,0,0.39237940737840393
1.0,39.99,15.23,1,0,0,0.42530951867986855
1.0,169.0,24.17,1,0,0,0.2615211205973876
1.0,38.0,15.1,1,0,0,0.4675092378811356
1.0,139.0,75.77,1,0,0,0.336745117902709
1.0,88.0,23.2,1,0,0,0.45810837232865737
1.0,129.0,13.56,1,0,0,0.343237705169067
1.0,24.5,15.1,1,0,0,0.45167427923230663
1.0,109.9,89.22,1,0,0,0.2814239681155849
2.0,459.8,37.94,1,0,0,0.49205172312413253
1.0,129.99,17.16,1,0,0,0.32545355702193696
2.0,275.8,36.44,1,0,0,0.39690005409755064
1.0,300.0,50.63,1,0,0,0.25936331765073956
1.0,149.99,23.85,1,0,0,0.17396266474896954
1.0,449.0,19.39,1,0,0,0.3128716625706253
1.0,53.99,12.82,1,0,0,0.3150051587779174
1.0,129.99,17.16,1,0,0,0.32545355702193696
1.0,129.0,13.56,1,0,0,0.343237705169067
1.0,246.62,24.05,1,0,0,0.309142994201805
1.0,49.9,7.39,1,0,0,0.44467558483241976
1.0,129.99,9.1,1,0,0,0.3182804803162801
1.0,170.0,12.69,1,0,0,0.27546785412193603
1.0,27.9,14.52,1,0,0,0.4371096146139421
1.0,79.99,8.3,1,0,0,0.402327872708933
1.0,122.99,15.61,1,0,0,0.312401467160698
1.0,119.0,14.17,1,0,0,0.3679061165189905
1.0,91.55,8.8,1,0,1,0.5567795725518374
1.0,179.99,23.84,1,0,0,0.3599787891909696
2.0,678.9,36.27,1,0,0,0.47358761362115637
1.0,34.9,14.1,1,0,0,0.4266866467055584
1.0,255.0,23.5,1,0,0,0.26577306043105875
1.0,89.99,9.44,1,0,1,0.6013008434299644
1.0,53.9,0.0,1,0,0,0.39691352819634496
1.0,2130.0,60.4,1,0,0,0.12799310348871545
1.0,29.98,7.39,1,0,0,0.49468561642617376
1.0,141.9,22.7,1,0,0,0.25274813226666204
1.0,30.97,10.96,1,1,0,0.4291989730438561
1.0,103.9,12.68,1,0,0,0.3337391306527164
1.0,350.0,14.89,1,0,0,0.27326933348469445
1.0,94.22,12.79,1,0,0,0.4989622957361213
2.0,55.98,30.46,1,0,0,0.49104056794333456
1.0,74.99,27.58,11,1,1,1.0
1.0,49.9,17.6,9,1,1,1.0
1.0,136.76,15.27,1,0,0,0.3417287416969876
1.0,59.0,19.65,1,0,0,0.277242393220094
1.0,64.9,17.16,1,0,1,0.5011282951274934
3.0,147.0,35.55,1,0,0,0.4675276094754966
1.0,38.0,14.52,1,0,0,0.4579016058114687
1.0,18.95,13.47,1,0,0,0.33969046062310665
1.0,84.99,7.85,1,0,0,0.44779127148721404
1.0,55.0,23.19,1,0,0,0.23068801567582276
1.0,139.9,18.56,1,0,0,0.2971461505251278
1.0,115.0,30.01,1,0,0,0.2938420627049875
1.0,129.99,29.26,1,0,0,0.3505152265556781
1.0,32.9,10.96,1,0,0,0.42702285926162026
1.0,177.99,17.01,1,0,0,0.3474156190609881
1.0,49.9,15.1,1,0,0,0.41629867076139715
1.0,8.99,19.04,1,0,0,0.2347455753796093
1.0,9.0,15.23,1,0,0,0.4681540639912034
1.0,99.89,15.45,1,1,0,0.40036396776804123
1.0,114.38,23.6,1,0,0,0.2127920450262259
2.0,80.0,17.44,1,1,0,0.2082090823896978
1.0,43.9,10.96,1,0,0,0.4263750280767552
1.0,34.9,20.84,1,0,0,0.41625300725300535
1.0,329.0,20.18,1,0,0,0.38803827659426254
2.0,109.98,30.52,1,0,0,0.4412263432329282
1.0,19.9,14.1,1,0,0,0.4341070453532137
1.0,199.0,13.83,1,0,0,0.3915109383322059
1.0,69.9,39.42,1,0,0,0.33886001651005143
1.0,264.99,18.35,1,0,0,0.36640768593231854
1.0,115.0,22.52,1,0,0,0.24151555203363387
,,,1,0,1,0.5676371073814253
2.0,109.8,18.68,1,0,0,0.47712945448308586
1.0,46.55,18.59,1,0,0,0.21729444033303755
1.0,55.0,16.15,1,0,0,0.458639421609433
2.0,145.8,22.24,1,1,1,0.577141429961241
1.0,248.0,16.49,1,0,0,0.3096751385322004
1.0,139.0,22.9,1,0,0,0.27168684918421215
1.0,119.9,20.03,1,0,0,0.23304295574590284
1.0,125.0,16.63,1,0,0,0.35169369449147614
1.0,9.99,7.78,1,0,0,0.38371499178261015
2.0,90.0,32.22,1,0,0,0.45529461858167913
1.0,279.9,18.01,1,0,0,0.4034020319240845
1.0,49.9,11.85,1,0,0,0.4313913088318721
1.0,75.99,14.7,1,0,0,0.3780944656398766
1.0,110.0,17.21,1,1,0,0.3843370979107821
1.0,33.0,22.41,1,0,0,0.3479458238394007
1.0,22.9,11.85,1,0,0,0.4396502132254593
1.0,190.0,13.99,1,0,0,0.43054691584435156
1.0,59.9,13.44,1,0,0,0.3815268290961434
1.0,69.99,17.23,1,0,0,0.4218939098472194
2.0,47.98,28.2,1,0,0,0.37929739429703113
1.0,279.9,43.82,1,0,0,0.274199544303553
1.0,94.99,33.11,1,0,0,0.3053582962554121
1.0,24.99,15.28,1,0,0,0.3138637599104614
1.0,1100.0,50.11,1,0,0,0.2438284499810845
1.0,599.0,16.75,1,0,0,0.17954988747797473
6.0,53.94,96.66,1,0,0,0.18923462934396934
1.0,59.9,18.0,1,0,0,0.4636164087700474
1.0,138.0,23.29,1,0,0,0.29114829814412724
1.0,34.99,10.96,1,0,0,0.42980575587030584
1.0,509.0,21.71,1,0,0,0.42142531648613607
1.0,29.3,12.79,1,0,0,0.3248734636439966
,,,1,0,1,0.5676371073814253
1.0,113.0,16.55,1,0,0,0.39436485033871205
1.0,103.99,18.0,1,0,0,0.370757680102678
1.0,59.9,17.67,1,0,0,0.42173401220594686
1.0,143.0,38.55,1,0,0,0.3277031889149024
1.0,31.6,7.48,1,0,0,0.009705049671886956
1.0,178.6,18.5,1,0,0,0.35280432742003276
1.0,169.9,21.68,1,0,0,0.4507488559582887
1.0,99.9,22.63,1,0,0,0.2914373600753817
1.0,27.99,20.8,1,1,0,0.36215062980172663
1.0,45.9,11.85,1,0,0,0.4327410546725607
1.0,49.0,18.44,1,0,0,0.2562731514447186
1.0,179.99,12.76,1,1,0,0.40131657086343325
1.0,59.9,18.7,1,0,0,0.28368933212905184
2.0,160.0,23.54,1,0,1,0.538255631338607
1.0,99.9,19.94,1,0,0,0.23065865248384104
1.0,88.0,22.33,1,0,0,0.43105287871755543
2.0,65.2,49.68,1,0,0,0.4808817275791557
1.0,98.9,19.88,1,0,0,0.24643434843563408
1.0,105.0,15.81,1,0,0,0.3611080187824319
1.0,499.0,67.19,3,1,1,1.0
1.0,29.0,15.3,1,0,0,0.3412030757005604
1.0,189.9,29.73,1,0,0,0.47153728707603904
1.0,17.63,14.52,1,0,0,0.42269020257223117
1.0,99.0,15.44,1,0,0,0.3710530202068443
1.0,15.0,17.63,1,0,0,0.42025555085543953
1.0,29.99,17.63,1,0,0,0.4399951198125279
1.0,440.0,26.01,1,0,0,0.3407972928235323
1.0,199.0,12.0,1,0,0,0.47943615625456704
1.0,129.9,18.8,1,0,0,0.2749701287783695
1.0,56.0,15.49,1,0,0,0.3147441102351433
1.0,89.99,15.38,1,0,1,0.5996212049653632
1.0,96.0,13.11,1,0,1,0.5610702474384219
1.0,59.99,16.05,1,0,0,0.4042175101054994
1.0,250.0,62.49,1,0,0,0.41343084983687645
1.0,65.99,16.71,1,0,1,0.5173876355925324
2.0,459.8,30.72,1,0,1,0.5461370635238058
1.0,149.0,28.42,1,0,0,0.3658764500851873
1.0,169.99,17.16,1,0,0,0.3078145819651068
1.0,99.0,19.93,1,0,0,0.33083779147127684
1.0,139.9,15.74,1,0,0,0.3355317610997494
1.0,334.8,16.09,1,0,0,0.22578674334376178
1.0,79.9,11.76,1,0,0,0.426195398825045
1.0,135.91,13.97,1,0,0,0.36626015909237203
1.0,220.7,24.35,1,0,0,0.3022614786887273
1.0,49.9,13.92,1,0,0,0.33280578270483585
1.0,125.7,16.51,1,0,0,0.34733973769223453
1.0,199.0,57.87,1,0,0,0.3431352695003815
5.0,44.5,59.25,1,0,0,0.45338925662715845
1.0,52.3,32.26,1,1,0,0.4185757456719582
1.0,47.2,17.6,1,0,0,0.4184674262877619
1.0,120.0,25.68,1,0,0,0.29691631040742794
1.0,18.9,12.48,1,0,0,0.4435806490325194
1.0,27.9,18.23,1,0,0,0.34299655426223663
1.0,59.0,17.66,1,0,0,0.4623929022678652
1.0,16.9,16.79,1,0,0,0.424939208295064
1.0,109.9,13.89,1,0,0,0.32660793345772576
1.0,155.97,51.81,1,0,0,0.2995914658220563
1.0,109.0,18.01,1,0,0,0.3749906150242152
1.0,35.0,15.35,1,0,0,0.34505287146029406
1.0,64.99,22.39,1,0,0,0.28358550004788413
1.0,36.9,8.72,1,0,0,0.3916395320579223
1.0,89.18,8.98,1,0,0,0.4167117935419932
1.0,109.9,15.87,1,0,0,0.3218186871035872
1.0,110.32,15.87,1,0,0,0.37405566098223697
2.0,59.8,16.22,1,0,0,0.12375745231960412
1.0,65.0,22.39,1,0,0,0.28740678164694355
1.0,49.99,7.61,1,0,0,0.1152879453382329
1.0,39.9,7.78,1,0,0,0.43131009253739117
1.0,120.0,45.3,1,0,0,0.32485386467877414
1.0,79.99,23.36,1,0,0,0.21194819496789427
1.0,12.5,15.23,1,0,0,0.27476344346501774
1.0,110.0,27.75,1,0,0,0.31470388446516173
1.0,399.0,18.55,1,0,0,0.32737812405694944
1.0,54.9,11.88,1,0,0,0.43520728856799384
2.0,398.0,29.02,1,0,1,0.7287603981533703
1.0,59.9,18.7,1,0,0,0.28368933212905184
1.0,120.9,38.22,1,0,0,0.3163031760798683
1.0,379.95,48.96,1,0,0,0.30096291489555904
1.0,7.99,18.23,1,0,0,0.3082944420508154
,,,1,1,1,0.5676371073814253
1.0,29.99,11.85,1,0,0,0.4253787033486169
3.0,89.97,111.37,1,0,0,0.31298484504766916
1.0,27.9,14.52,1,0,0,0.4371096146139421
6.0,1050.0,1794.96,1,0,0,0.1987500434931808
1.0,29.9,17.92,1,0,0,0.43099274865913856
1.0,40.0,8.88,1,0,0,0.4164795228430685
1.0,238.0,68.72,1,0,0,0.2761616349893497
1.0,3699.99,36.23,1,0,0,0.2858790178560357
2.0,190.0,31.16,1,0,1,0.5554798414315236
1.0,108.0,14.51,1,0,0,0.3108712515901051
1.0,176.99,96.63,1,0,0,0.23303087528459268
1.0,99.9,17.95,1,0,0,0.3176070724508967
1.0,49.9,20.99,1,0,0,0.3301717313023532
1.0,132.0,15.67,1,0,0,0.33956164553203955
1.0,149.0,8.3,1,0,0,0.3557318027033998
2.0,52.28,23.46,1,0,0,0.41518922322020685
1.0,139.9,13.88,1,0,0,0.3497473886190848
1.0,58.99,15.29,1,0,0,0.38294793422814055
1.0,19.9,25.63,1,0,0,0.41871621871203035
2.0,83.8,24.96,1,0,0,0.42677708372442275
1.0,49.0,7.78,1,0,0,0.43432072400816535
1.0,350.9,17.22,1,0,0,0.29716838220403013
1.0,48.0,14.52,1,0,0,0.4100429565492324
3.0,246.26,58.07,1,0,1,0.5433982726237193
1.0,43.0,8.04,1,0,0,0.4000938764277212
1.0,13.65,15.1,1,1,0,0.39654489283656136
1.0,119.9,18.27,1,0,0,0.3133413835764016
1.0,19.99,7.39,1,0,0,0.045240610860090014
1.0,149.9,23.37,1,0,0,0.2996302406210096
1.0,15.99,15.1,1,0,0,0.4299604423787041
1.0,12.99,15.23,1,0,0,0.3027813628897557
1.0,99.99,14.43,1,0,0,0.3397307417540725
1.0,123.0,13.3,1,1,0,0.3132025706364265
1.0,44.9,15.1,1,0,0,0.38345588501529326
1.0,379.99,18.91,1,0,0,0.34127957162327693
1.0,139.0,23.29,1,0,0,0.29117642271757654
1.0,65.0,25.73,1,0,0,0.3544006317078084
1.0,69.0,15.36,1,0,0,0.4170079122114638
1.0,89.9,5.82,1,0,0,0.06893545338732582
1.0,37.18,14.52,1,1,0,0.434816974436543
1.0,119.99,34.2,1,0,0,0.31903458505594884
1.0,64.9,18.55,3,1,1,1.0
1.0,21.99,15.25,13,1,1,1.0
1.0,49.9,14.44,1,0,0,0.39766018273814596
3.0,299.70000000000005,87.30000000000001,1,0,0,0.38305178258170297
1.0,59.9,7.39,1,0,0,0.11140707364711214
1.0,329.9,18.07,1,0,0,0.21757836004439587
1.0,92.0,17.0,1,0,0,0.47064674880647317
1.0,10.9,12.48,1,0,1,0.5216114538372729
3.0,69.69999999999999,50.27,1,0,1,0.6008222146935492
1.0,325.0,13.77,1,0,0,0.27720337955564633
1.0,120.0,27.14,1,0,0,0.3017416558291293
2.0,43.0,36.5,1,0,0,0.35669399712837396
1.0,45.95,10.96,1,1,0,0.43375046643379495
1.0,104.0,16.98,1,0,0,0.3843785556973676
1.0,115.0,18.69,1,0,0,0.27104379632169506
1.0,49.0,8.5,1,0,0,0.4068441576583865
1.0,75.0,8.72,1,0,0,0.38610321453834234
1.0,399.0,39.19,1,0,0,0.29395769591773224
1.0,95.03,17.92,1,0,0,0.2677487358835382
1.0,109.9,14.35,1,0,0,0.32609571201701215
1.0,39.9,7.78,1,1,0,0.43131009253739117
1.0,93.0,21.73,1,0,0,0.3396108900639008
1.0,22.99,7.42,1,0,0,0.003152663508243277
1.0,161.62,14.73,1,0,0,0.3908738094852469
1.0,58.9,19.38,1,0,0,0.3052756290261287
2.0,159.8,26.0,1,0,1,0.5652736087608242
1.0,19.99,7.39,1,0,0,0.045240610860090014
1.0,116.9,14.16,1,0,0,0.3576950259740443
1.0,32.0,11.73,1,0,0,0.4224205845372737
1.0,144.0,18.89,1,0,0,0.27078177222384725
1.0,325.0,17.15,1,0,0,0.2570402331449697
1.0,52.9,23.52,1,0,0,0.26344460236242667
1.0,349.9,17.0,1,0,0,0.21069422007156385
1.0,199.9,45.2,1,0,0,0.35050447854241584
1.0,58.99,21.38,1,0,0,0.2573728168958777
1.0,49.9,26.43,1,0,0,0.40748399081129266
1.0,70.97,13.52,1,0,0,0.3259218422352777
1.0,95.0,17.92,1,0,0,0.3218786512793247
1.0,129.9,16.35,1,0,0,0.3517343596681716
1.0,84.99,14.36,1,0,0,0.49375431792686003
1.0,89.99,7.88,1,0,1,0.6041791500022688
1.0,119.9,16.6,1,0,0,0.38696902839731695
1.0,65.9,14.21,1,0,0,0.41384650029962233
1.0,59.99,24.91,1,0,0,0.39663290366553056
1.0,149.0,44.84,1,0,0,0.3279676490487807
1.0,119.9,51.13,1,0,0,0.3111308013522039
1.0,40.0,22.21,1,0,0,0.38303250045663084
1.0,179.0,15.42,1,0,0,0.37066411871499744
1.0,28.99,11.85,1,0,0,0.43079165399199887
1.0,40.8,15.11,1,0,0,0.3614607747781936
1.0,124.78,9.69,1,0,0,0.31923393556292756
3.0,449.7000000000001,64.62,1,0,1,0.6057993117404723
1.0,114.9,57.35,1,0,0,0.3207896470510047
1.0,35.0,15.11,1,0,0,0.44224200417503823
1.0,156.99,23.68,1,0,0,0.26119990148058475
1.0,349.0,22.93,1,0,0,0.3859742411153053
1.0,53.9,13.46,1,0,0,0.3297041384582343
1.0,25.0,15.79,1,0,0,0.3807033093013996
1.0,135.0,17.88,1,0,0,0.3409310453184993
1.0,119.9,18.73,1,0,0,0.27007893691029145
1.0,120.0,15.59,1,0,0,0.3225863452388941
1.0,79.0,25.83,1,0,0,0.3827045709977464
1.0,14.67,17.63,1,0,0,0.4135739283568752
1.0,39.0,8.88,1,0,0,0.41289362982507966
1.0,24.9,8.27,1,0,0,0.4219044968668634
1.0,117.9,18.93,1,0,0,0.26852922502088233
1.0,199.98,119.51,1,0,0,0.22047668429444822
1.0,299.0,15.84,1,0,0,0.2237397532420321
1.0,124.99,17.31,1,0,0,0.33202109524188733
1.0,79.9,27.94,1,0,0,0.37103665862990604
3.0,173.0,40.35,1,0,0,0.48295175073230906
1.0,220.0,51.2,1,0,0,0.30961210135325673
1.0,89.9,27.36,1,0,0,0.35805488757270953
1.0,39.9,7.54,1,0,0,0.11519434599689132
1.0,169.99,34.39,1,0,0,0.2642032625875528
1.0,31.9,8.97,1,0,0,0.3897125349228162
1.0,64.0,18.55,1,0,0,0.23110589206547189
1.0,29.98,15.23,1,0,0,0.372260571036165
1.0,299.99,18.41,1,0,0,0.29515763767906233
1.0,39.99,17.6,1,0,0,0.4231920039640997
1.0,326.16,33.03,1,0,0,0.31203939240079603
1.0,42.0,8.45,6,1,1,1.0
1.0,20.0,15.79,1,0,0,0.4104863787396594
2.0,63.6,78.56,1,0,0,0.3656995922579797
2.0,99.98,30.22,1,0,0,0.4746160236209849
1.0,194.91,24.08,1,0,0,0.42507296688547647
1.0,19.95,15.1,1,0,0,0.4392317437917965
1.0,79.9,36.91,1,0,0,0.3598361306530652
1.0,279.9,14.98,1,0,0,0.2923091149105088
1.0,42.0,8.29,1,0,0,0.3976518714895703
1.0,28.9,15.3,1,0,0,0.3453896194596907
1.0,34.9,14.52,1,0,0,0.4387590906801666
1.0,179.99,14.09,1,0,0,0.37996502783761155
1.0,92.99,14.8,1,0,0,0.2680396505732853
1.0,120.0,14.59,1,0,0,0.3313565245789882
1.0,38.0,9.34,1,0,0,0.4465152860034395
1.0,59.9,21.26,1,0,0,0.26646775414859636
1.0,89.9,12.33,1,0,1,0.5634833788106621
1.0,99.9,58.9,1,0,0,0.3627565566974799
1.0,15.9,21.15,1,0,0,0.26155278466290377
1.0,259.9,26.66,1,1,0,0.37887340468265657
1.0,170.0,19.08,1,0,0,0.3259732731395327
1.0,23.9,13.51,1,0,0,0.3289757789077906
2.0,91.8,30.19,1,0,0,0.4222369303056242
1.0,75.0,20.02,1,0,0,0.3497492034556174
1.0,169.9,37.27,1,0,0,0.302558807387294
1.0,39.9,8.11,1,0,0,0.4185348318720629
1.0,269.0,15.49,1,0,0,0.2604504978790529
1.0,114.9,23.6,1,0,0,0.2127920450262259
1.0,149.0,15.79,1,0,0,0.32128754604417675
1.0,79.9,7.42,1,0,0,0.04949395888887208
1.0,69.9,20.06,1,0,0,0.32489012540151774
1.0,169.99,8.44,1,0,0,0.1849434282908552
1.0,159.99,41.07,1,0,0,0.31831108318772516
1.0,28.99,18.3,1,0,0,0.25694434059472526
1.0,199.9,38.95,1,0,0,0.47412405684212644
1.0,23.99,14.1,1,0,0,0.47006459019737806
1.0,248.25,19.31,1,0,0,0.3575386423135135
1.0,0.85,18.23,1,0,0,0.2281444484923009
1.0,59.9,17.67,1,1,0,0.42173401220594686
1.0,15.49,18.23,1,0,0,0.3863618384154952
1.0,19.9,15.44,1,0,0,0.3524988890112248
1.0,29.9,7.47,1,0,0,0.008343788445154878
1.0,29.99,16.11,1,0,0,0.44601654973091875
1.0,130.0,20.15,1,0,0,0.2599399653227319
1.0,185.81,14.64,1,0,0,0.40198909552237627
1.0,169.99,32.63,1,0,0,0.2980824573675542
1.0,728.0,29.94,1,1,0,0.24262165595581697
1.0,124.88,24.02,1,0,0,0.2663423214448809
1.0,119.9,26.92,1,0,0,0.310723741301145
1.0,19.9,15.1,1,0,0,0.4372727634158048
1.0,122.99,15.61,1,0,0,0.312401467160698
1.0,13.77,22.06,1,0,0,0.18854129837348158
1.0,154.89,10.5,1,0,0,0.37501858806361954
1.0,24.4,18.23,1,0,0,0.12924619083124259
1.0,19.9,15.1,1,0,0,0.4372727634158048
1.0,124.9,14.96,1,0,0,0.3374691047970385
1.0,21.99,13.08,1,0,0,0.38169825042692734
1.0,115.0,18.69,1,0,0,0.27104379632169506
1.0,231.27,27.88,1,0,0,0.38104211011685984
,,,1,0,1,0.5676371073814253
1.0,101.0,39.22,1,0,0,0.3229371237594424
1.0,146.99,33.48,1,0,0,0.3320171126607828
1.0,109.0,16.2,1,0,0,0.3209570795129075
1.0,31.9,8.29,1,0,0,0.39251743932086
1.0,89.0,15.37,1,0,0,0.4803279358541578
1.0,9.9,15.1,1,0,1,0.5901529881273017
1.0,95.28,12.13,1,0,0,0.42213927599039747
1.0,78.0,15.3,1,0,0,0.33664119765808637
1.0,69.9,28.89,1,0,0,0.32469917737150134
1.0,73.5,28.91,1,0,0,0.39979681411566353
1.0,30.0,7.39,1,0,0,0.32942735493042996
1.0,125.0,11.5,1,0,0,0.28439286221263704
4.0,104.65,60.4,1,1,1,0.6535908684299264
2.0,103.8,26.48,1,0,0,0.3795185235818917
1.0,58.9,14.13,1,0,0,0.4073608710462636
1.0,45.0,9.27,1,1,0,0.4328151367424946
1.0,240.0,14.7,1,1,0,0.3344658535899412
1.0,59.9,16.67,1,0,0,0.4285027739037726
1.0,38.85,11.85,1,0,0,0.42813995588984016
1.0,136.99,82.28,1,0,0,0.3281228549793098
1.0,149.0,26.32,1,0,0,0.32731940064787274
1.0,219.0,19.78,1,0,0,0.33187898319802117
1.0,169.9,25.01,1,0,0,0.1962281025719261
1.0,32.9,33.62,1,0,0,0.46337715039272087
1.0,99.99,52.83,1,0,0,0.3297798674840424
3.0,330.0,55.08,1,0,0,0.4489085909916773
1.0,190.83,12.84,1,0,1,0.538977658723899
1.0,21.89,17.08,1,0,0,0.4731857614176367
1.0,27.9,34.15,1,0,0,0.3445253807933177
1.0,33.49,7.78,1,0,0,0.40640166893639346
1.0,179.99,45.72,1,0,0,0.25052899782846494
1.0,37.99,25.63,1,0,0,0.41797497172923814
1.0,79.9,13.0,1,0,0,0.32352839162684643
1.0,34.5,27.73,1,0,0,0.42749750243892964
1.0,35.99,25.38,1,0,0,0.38067749839461434
1.0,122.9,8.21,1,0,0,0.311830367737139
2.0,159.98,17.5,1,0,0,0.4109334362197812
1.0,199.99,23.98,1,0,0,0.3632276023038517
3.0,146.97,16.59,1,0,0,0.226527902417549
1.0,159.0,32.14,1,0,0,0.30896440395137753
1.0,88.9,12.77,1,0,0,0.43965033022629474
1.0,25.0,7.44,1,0,0,0.007126705905610962
1.0,14.95,8.29,1,0,0,0.3848920261335275
1.0,69.9,12.43,1,0,0,0.43902408127786724
1.0,169.9,25.64,1,0,0,0.252969628661918
1.0,198.9,8.65,1,0,0,0.3617637666695476
1.0,119.9,15.59,1,0,0,0.3612231915905425
1.0,6.9,15.23,1,0,0,0.4739985586187829
1.0,129.0,26.27,1,0,0,0.3030571309860192
1.0,57.5,15.15,1,0,0,0.4183760597418685
1.0,99.9,22.41,1,0,0,0.28718847834174244
1.0,103.99,37.24,1,0,0,0.3476292545467753
1.0,146.01,39.99,1,0,0,0.324973415825771
1.0,59.9,19.66,1,0,0,0.4172820594413882
1.0,49.7,34.44,1,0,0,0.3992581206092768
1.0,23.98,14.1,1,1,0,0.44820028802668505
1.0,57.99,18.29,1,0,0,0.24982280756593112
1.0,87.9,9.36,1,0,0,0.32419572472951924
1.0,199.9,43.81,1,0,0,0.42662244056855425
1.0,274.9,10.74,1,0,0,0.30282205514213906
1.0,78.0,15.65,1,0,0,0.3094939610510331
1.0,34.0,9.55,1,0,0,0.4288802717170616
1.0,49.9,15.45,1,0,0,0.34069973742337595
1.0,75.9,13.87,1,0,0,0.3085667760711429
1.0,17.0,12.79,1,0,0,0.3064291818998104
1.0,208.9,17.09,1,0,0,0.4082223072438057
1.0,27.9,15.3,1,0,0,0.3035289820329875
1.0,66.7,18.57,1,0,0,0.23232215719358607
1.0,99.99,9.51,1,0,0,0.21930737104981682
1.0,29.0,15.1,1,0,0,0.44478496511457155
2.0,219.8,36.34,1,0,0,0.4318655803122466
1.0,135.0,21.75,1,0,0,0.372349505993124
1.0,59.0,17.66,1,0,0,0.4623929022678652
10.0,685.4,99.84,8,1,1,0.9933333333333333
1.0,99.9,15.45,1,0,0,0.35909356857621
1.0,31.9,11.85,1,0,0,0.4224205845372737
1.0,19.9,9.27,1,0,0,0.4560080215520166
1.0,144.99,19.25,1,0,0,0.27794051726653846
1.0,259.9,44.62,1,0,0,0.29820789598531644
1.0,115.0,15.56,1,0,0,0.3593756195388738
1.0,173.0,15.96,1,0,0,0.3162354000227961
1.0,16.0,12.69,1,0,0,0.4781573503089607
1.0,205.81,18.28,1,0,0,0.33698211861082983
1.0,29.99,15.1,1,0,0,0.4375317102191416
11.0,287.98,252.78,1,0,0,0.17662330903684675
1.0,89.99,9.44,1,0,1,0.6013008434299644
1.0,297.0,17.71,1,0,0,0.2708330641832552
1.0,139.99,60.89,1,0,0,0.3313865567136222
1.0,209.0,20.37,1,0,0,0.27159163148991095
1.0,92.9,16.28,1,0,1,0.5440051552125343
1.0,165.0,9.97,1,0,0,0.3843212754931015
1.0,105.9,23.32,1,0,0,0.2839580174929707
1.0,99.0,8.85,1,0,0,0.24966573506584352
2.0,178.48,31.76,1,0,1,0.5697578927858713
1.0,14.9,15.1,1,0,0,0.41260711046516896
1.0,43.99,14.1,1,0,0,0.35905079193501044
1.0,36.99,23.06,1,0,0,0.37596844237260824
2.0,98.0,36.28,1,0,0,0.4228804476522578
,,,3,1,1,1.0
1.0,149.9,23.11,1,0,0,0.2857599000829716
1.0,109.95,16.53,1,0,0,0.3634214123810681
1.0,58.67,14.16,1,0,0,0.40414160048864434
1.0,166.66,19.05,1,0,0,0.33624842707051217
2.0,77.99000000000001,33.77,1,0,1,0.5003204107611117
1.0,10.99,15.1,1,0,0,0.38715231979601833
1.0,134.9,15.82,1,0,0,0.35752662079902137
1.0,43.99,16.11,1,0,0,0.44926750659106185
1.0,10.6,11.85,1,0,0,0.43965477698998323
1.0,56.99,15.15,1,0,0,0.4183760597418685
1.0,59.9,34.22,1,0,0,0.40057875323141495
1.0,14.9,15.1,1,0,0,0.41260711046516896
1.0,35.9,8.41,1,0,0,0.39189272063231734
1.0,39.99,15.1,1,0,0,0.46831082957734416
1.0,146.99,35.19,1,0,0,0.33476386367418126
2.0,34.0,24.86,1,0,1,0.5106143242641074
1.0,199.99,9.77,1,0,0,0.31800600036710885
1.0,79.9,23.06,1,0,0,0.2691357304729157
1.0,109.95,18.2,1,0,0,0.36015965411252787
2.0,340.99,34.379999999999995,1,0,0,0.4039496943954172
1.0,219.9,25.7,1,0,0,0.35263699032086754
1.0,29.89,15.1,7,1,1,1.0
1.0,499.9,17.25,1,0,0,0.22996992475324465
1.0,27.9,14.52,1,1,0,0.4371096146139421
2.0,69.8,27.42,1,0,0,0.4243520274576021
1.0,59.9,17.67,1,0,0,0.42173401220594686
1.0,68.5,14.79,1,0,0,0.41109477127921534
1.0,106.9,0.0,1,0,0,0.00963957362303861
1.0,10.99,14.52,1,0,0,0.29315592786915884
1.0,250.0,58.42,1,0,0,0.33732499459758863
1.0,10.5,18.23,1,0,0,0.28862250214282525
1.0,21.9,25.63,1,0,0,0.4274789677878941
1.0,30.97,14.52,1,0,0,0.43620819636557673
1.0,119.9,18.09,1,0,0,0.3534551875253613
1.0,89.49,8.37,1,0,0,0.4217009379982705
1.0,330.0,10.07,1,0,0,0.21184417174556838
1.0,143.8,15.76,1,0,0,0.3301335954619097
1.0,199.99,34.6,1,0,0,0.38833228782187323
1.0,59.9,17.67,1,0,0,0.42173401220594686
1.0,45.9,16.11,1,0,0,0.4586537690451446
1.0,21.9,10.96,1,0,0,0.4566659924243527
1.0,429.0,27.31,1,0,0,0.3434836526798795
2.0,298.0,29.58,1,0,0,0.4281584175961518
1.0,139.9,18.23,1,0,0,0.3049050777120033
1.0,99.99,14.29,1,0,0,0.3416410385386301
1.0,54.9,14.14,1,0,0,0.4039458559761137
1.0,99.9,26.78,1,0,0,0.3687239477086457
1.0,39.9,15.1,1,0,0,0.46733184161795177
2.0,65.8,35.26,1,0,0,0.42498898956602893
1.0,74.9,24.39,1,0,0,0.3025849040754295
1.0,69.9,14.66,1,0,0,0.41980407484831955
4.0,599.6,77.32,1,0,1,0.5369841280082829
1.0,31.9,15.79,1,0,0,0.39915634539701883
1.0,14.4,14.1,1,0,0,0.39435597910519815
1.0,129.9,20.25,1,0,0,0.2144160017043696
3.0,643.91,45.61,1,0,1,0.5087984915282009
3.0,115.2,38.07,1,0,0,0.4347160368842039
1.0,29.9,8.72,1,1,0,0.40036411133649
3.0,384.0,128.79,1,0,0,0.4121268551367426
1.0,104.99,19.97,1,0,0,0.2649641296985189
1.0,199.9,35.16,1,0,0,0.4092318368713888
1.0,78.99,7.81,1,0,0,0.33654305008957297
1.0,91.8,7.51,1,0,0,0.07997771681694485
2.0,95.8,27.42,1,0,0,0.4223504184369578
1.0,120.0,18.41,1,0,0,0.29717532884490466
1.0,48.9,11.73,1,0,0,0.42624617831636785
1.0,59.9,25.26,1,0,0,0.43235445957338553
1.0,1041.0,114.56,1,0,0,0.17636131296577887
1.0,12.0,7.78,1,0,0,0.427624214619978
1.0,159.49,13.47,1,0,0,0.3658968836170767
1.0,17.9,12.79,1,0,0,0.3064291818998104
1.0,21.99,22.06,1,0,0,0.23868007146919373
1.0,159.99,18.25,1,0,0,0.3214213685196383
1.0,16.9,14.1,1,0,0,0.42649541775600075
1.0,150.0,12.55,1,0,0,0.24102762600236735
1.0,399.99,36.6,1,0,0,0.2942348891998067
1.0,149.0,23.84,1,0,0,0.24740496741331025
1.0,149.0,44.84,1,0,0,0.3279676490487807
1.0,124.9,14.21,1,0,0,0.3352419919616339
1.0,89.99,18.43,1,0,0,0.14789306827356513
3.0,167.68,48.95,1,0,1,0.5296796832157257
1.0,184.9,14.41,1,0,0,0.3955623083265435
1.0,88.3,13.17,1,0,0,0.3897830140583338
1.0,119.0,30.63,1,0,0,0.3210909311642575
1.0,24.9,8.64,1,0,0,0.4238372864229017
1.0,150.0,17.02,1,0,0,0.25469556951640526
1.0,69.49,13.61,1,0,0,0.31933141591467434
2.0,99.8,34.52,1,0,0,0.4007031290024086
1.0,45.9,13.37,1,0,0,0.3852562336945023
1.0,89.9,17.07,1,0,1,0.5563581814230996
1.0,85.0,17.84,1,0,0,0.44759296229757184
3.0,180.0,41.34,1,0,0,0.4785181888886703
1.0,129.0,33.29,1,0,0,0.31391742595728
1.0,37.95,7.87,1,0,0,0.3972417385217756
2.0,139.8,0.0,1,0,0,0.1512763993454163
2.0,149.0,27.72,1,0,1,0.5282735221421421
1.0,88.0,17.06,1,1,0,0.47299316009284087
2.0,79.8,18.68,1,0,0,0.431552896772156
1.0,40.0,17.6,1,0,0,0.4318317938696445
1.0,119.0,18.08,1,0,0,0.32594163137614723
1.0,79.9,17.81,1,0,0,0.45272836422225177
1.0,128.56,18.15,1,0,0,0.31775657885451214
1.0,129.0,13.46,1,0,0,0.3360356779197539
1.0,115.0,23.39,1,0,0,0.3002202074267905
1.0,133.0,13.27,1,0,0,0.34528525402467264
1.0,69.9,11.15,1,0,0,0.4357672059568161
1.0,129.99,13.93,1,0,0,0.3447028498339318
1.0,49.9,18.23,1,0,0,0.2578580700996321
1.0,205.0,18.14,1,0,0,0.45500985561783647
1.0,79.9,16.75,1,0,0,0.4631938193603973
1.0,41.99,13.87,1,0,0,0.2874043054556573
1.0,119.9,18.41,1,0,0,0.2985220160079791
1.0,362.45,17.55,1,0,0,0.2478757161356755
1.0,304.99,15.88,1,0,0,0.2194898969980386
1.0,499.0,62.64,1,0,0,0.32123466994354427
1.0,138.5,20.21,1,0,0,0.2219776678310093
1.0,24.99,15.1,1,0,0,0.46022497300716375
1.0,139.9,18.23,1,0,0,0.3049050777120033
2.0,56.0,45.06,1,0,1,0.5229149972320256
1.0,13.65,50.85,1,0,0,0.4331641399319263
1.0,65.9,14.62,1,0,0,0.41293805538466655
1.0,55.88,16.11,1,0,0,0.44150142164179634
1.0,12.99,7.39,1,0,0,0.09415031575685218
1.0,209.0,18.71,1,0,0,0.35918489637866474
1.0,298.9,10.45,1,0,0,0.3765044749776064
3.0,201.0,62.61,1,0,0,0.48205429340146033
1.0,49.99,11.73,1,0,0,0.4312085158085536
1.0,99.9,0.0,1,0,0,0.002092274678111588
1.0,29.99,22.14,1,0,0,0.39148029480964913
1.0,39.9,18.23,1,0,0,0.281560851376136
1.0,119.0,16.56,1,0,0,0.3801891947305763
1.0,189.9,22.17,1,0,0,0.43063754948587196
1.0,659.0,210.09,1,0,0,0.18101047217410057
1.0,39.99,6.78,1,0,0,0.236170258891765
1.0,29.99,18.23,1,0,0,0.3143869174044573
1.0,29.99,7.39,1,0,0,0.32942735493042996
1.0,179.0,9.45,1,0,0,0.3772615592387405
1.0,388.35,76.67,1,0,0,0.3241250934177179
1.0,179.0,83.1,1,0,0,0.22473531908148284
1.0,28.9,25.38,1,0,0,0.28844305797287056
1.0,449.0,54.68,1,0,0,0.30312227127038693
1.0,399.0,14.29,1,0,0,0.2882132743728116
1.0,162.9,19.24,1,0,0,0.29591945467191505
1.0,29.0,7.78,1,1,0,0.4114624963538499
1.0,189.9,39.84,1,0,0,0.343850237356103
1.0,110.0,23.35,4,1,1,1.0
1.0,249.0,30.94,1,0,0,0.3680157314092052
1.0,117.8,18.07,1,0,0,0.32438480134154235
1.0,35.0,19.44,1,0,0,0.17817250829620468
1.0,27.9,15.1,1,0,0,0.43892364414447343
1.0,239.0,77.19,1,0,0,0.31094496743606737
1.0,65.0,15.75,1,0,0,0.4747701055663214
1.0,99.99,38.25,1,0,0,0.3370977622509287
1.0,56.99,23.2,1,0,0,0.2349202913777563
2.0,110.5,26.14,1,0,0,0.4062882616639166
1.0,149.0,9.79,1,0,0,0.3418015740878526
1.0,30.9,15.1,1,0,0,0.43746905357753757
1.0,69.9,16.46,1,0,1,0.545175426248842
1.0,659.0,53.14,1,0,0,0.12078182829436758
2.0,279.98,23.74,1,0,0,0.31523871724015456
1.0,205.0,26.27,1,0,0,0.45565031373445786
1.0,190.9,14.36,1,0,0,0.4916379023516017
2.0,107.98,25.44,1,0,0,0.38923471756153694
1.0,42.99,8.72,1,0,0,0.3987168869330141
1.0,74.9,14.1,1,0,0,0.3976899240634536
1.0,42.97,23.1,1,0,0,0.22536028786050646
1.0,109.9,8.53,1,0,0,0.3274524648877716
1.0,109.0,11.78,1,0,0,0.2958695741586655
1.0,33.99,11.26,1,0,0,0.4249973453802182
1.0,19.9,15.1,1,0,0,0.4372727634158048
1.0,84.89,12.09,1,0,1,0.6302049286201785
1.0,75.0,15.28,1,0,0,0.4092643968812551
1.0,109.0,24.96,1,0,0,0.23701737277224386
1.0,54.9,17.63,1,0,1,0.5030282022537823
1.0,99.9,12.4,1,0,0,0.3454562500023415
1.0,949.9,104.73,1,0,0,0.1666101871944637
1.0,22.49,7.78,1,0,0,0.46821893999473163
1.0,72.0,12.75,1,0,0,0.4796610849102683
1.0,29.9,25.19,1,1,0,0.44190078154069745
1.0,89.99,45.09,1,0,0,0.2736150759177601
1.0,29.9,11.85,6,1,1,1.0
1.0,36.99,12.48,1,0,0,0.42795930874310834
1.0,99.9,17.95,1,0,0,0.3176070724508967
6.0,123.0,137.57999999999998,1,0,0,0.4948487906696022
1.0,24.9,15.1,1,0,0,0.46022497300716375
1.0,149.62,18.63,1,0,0,0.29942364830927365
1.0,105.0,13.17,1,0,0,0.3743818472180522
1.0,78.9,22.15,1,0,0,0.2987628176180545
1.0,159.0,18.68,1,0,0,0.35578853326280324
1.0,69.9,23.29,1,0,0,0.2230484555288429
1.0,410.0,15.89,2,1,1,1.0
1.0,115.0,27.54,1,0,0,0.2790856028074009
1.0,162.5,21.78,1,0,0,0.4048160476983558
1.0,79.99,22.49,1,0,0,0.20388803831926156
1.0,19.9,15.1,1,0,0,0.4372727634158048
1.0,69.9,15.24,1,0,0,0.4283950751924322
1.0,159.9,14.85,1,0,0,0.39092375778239385
1.0,79.9,11.76,1,0,0,0.426195398825045
1.0,29.99,7.39,1,0,0,0.32942735493042996
2.0,511.8,29.62,1,0,0,0.4531899375153405
1.0,34.99,7.78,1,0,0,0.4133580352595401
1.0,97.9,16.94,1,0,0,0.2915025019106956
1.0,131.9,25.76,1,0,0,0.31410864208955275
1.0,120.0,16.05,1,0,0,0.31167923835171585
3.0,179.7,40.32,1,0,0,0.4645490894308594
1.0,89.5,10.04,1,1,0,0.41378382256992635
1.0,75.0,15.28,1,0,0,0.4092643968812551
1.0,112.89,12.24,1,0,0,0.35514427961816564
1.0,119.9,9.59,1,0,0,0.3577262535138191
1.0,569.0,26.3,1,0,0,0.3183067593514014
1.0,126.12,15.63,1,0,0,0.3330074989297485
1.0,19.95,15.1,1,0,0,0.4392317437917965
1.0,45.8,18.42,1,0,0,0.2440849678447872
1.0,15.99,17.78,1,1,0,0.40116101701263013
1.0,189.0,19.42,1,0,0,0.2717389944044218
2.0,194.8,39.53,1,0,0,0.3918099416542571
1.0,105.0,18.31,1,0,0,0.3035143608939396
1.0,73.0,13.53,1,0,0,0.3249008440195308
1.0,16.9,18.23,1,0,0,0.35776716069250947
2.0,26.99,28.19,1,0,0,0.18024006471718507
2.0,199.8,22.62,1,0,0,0.4318872563189081
1.0,239.0,19.25,1,0,0,0.28577194477554296
1.0,189.9,9.52,1,0,0,0.34628802987508883
1.0,60.0,16.67,1,0,0,0.4591429543829385
1.0,84.9,15.34,1,0,1,0.6729938886675373
1.0,99.7,15.45,1,0,0,0.3727845357724397
1.0,75.0,14.7,1,0,0,0.41309889367491615
1.0,109.99,31.8,1,0,0,0.3276002976362023
1.0,122.99,36.63,1,0,0,0.3154814991425121
1.0,106.8,41.73,1,0,0,0.3383488396813613
1.0,59.9,13.44,1,0,0,0.3815268290961434
1.0,185.0,22.09,1,0,1,0.5017889901367205
1.0,66.99,60.53,1,0,0,0.29007723490402026
1.0,89.9,27.58,1,0,0,0.3594207239973696
1.0,199.9,17.16,1,0,1,0.5016760227314649
2.0,99.8,49.22,1,0,0,0.4643732905506091
1.0,69.99,23.21,1,0,0,0.23702260566190805
1.0,64.99,22.95,1,0,0,0.24547210119446716
1.0,150.0,12.55,1,0,0,0.24102762600236735
1.0,88.9,12.75,1,0,0,0.49733762778357865
1.0,21.53,22.93,1,0,0,0.3675843821571529
1.0,158.0,25.95,1,0,0,0.35514618516837
1.0,648.0,26.82,1,0,0,0.19401347198898744
1.0,59.9,15.17,1,0,0,0.42535051473897284
2.0,36.99,26.26,1,0,0,0.442007624594764
1.0,59.7,15.17,1,0,0,0.41211658053603556
1.0,110.0,42.83,1,0,0,0.33108458532165314
1.0,32.64,17.6,1,0,0,0.4234223833307391
1.0,85.0,13.71,1,0,0,0.4159151305542022
1.0,59.9,18.3,1,0,0,0.24982280756593112
1.0,299.0,32.74,1,0,0,0.2590850299699519
1.0,124.9,15.04,1,0,0,0.3374691047970385
1.0,65.0,9.74,1,0,0,0.4366896226857728
1.0,379.9,25.24,1,0,0,0.23869081456246793
1.0,199.9,8.66,1,0,0,0.3577639735691509
1.0,64.8,27.4,1,0,0,0.28732354314432307
1.0,49.4,9.34,1,0,0,0.44047680271676637
1.0,369.0,17.33,1,0,0,0.2738188404435408
1.0,104.49,37.42,1,0,0,0.35159685754020037
1.0,42.99,8.72,1,0,0,0.3987168869330141
1.0,50.0,22.06,1,0,0,0.3486662978249446
,,,1,0,1,0.5676371073814253
1.0,28.7,11.85,1,0,0,0.4302045414557337
1.0,49.9,12.23,1,0,0,0.4298332339255204
1.0,129.0,58.76,1,0,0,0.3304903966182796
1.0,103.0,8.49,1,0,0,0.22360136328564303
1.0,239.0,58.21,1,0,0,0.32759472869693385
1.0,10.0,7.39,1,0,0,0.2073785130196181
1.0,9.9,7.39,1,0,0,0.08561207127717588
1.0,1360.02,76.44,1,0,0,0.14008442649785344
1.0,449.9,47.0,1,0,0,0.29844934220589187
1.0,20.9,8.72,1,0,0,0.4231020361157583
1.0,145.9,37.71,1,0,0,0.32764085348402844
1.0,64.89,8.27,1,0,0,0.4135179597610125
1.0,39.99,15.1,12,1,1,1.0
1.0,139.0,18.22,1,0,0,0.29867172769220135
1.0,59.99,9.17,1,0,0,0.43724996709252567
1.0,99.1,14.99,1,0,0,0.31095145677434083
1.0,499.99,110.52,1,0,0,0.33464029299638515
1.0,79.0,16.31,1,0,1,0.5518247859296733
1.0,229.9,22.53,1,0,0,0.42026951377203514
1.0,29.9,16.05,1,0,0,0.49405946261407935
1.0,559.0,37.27,1,0,0,0.2685193369122878
1.0,74.8,17.77,3,1,1,1.0
1.0,30.0,8.37,1,0,0,0.3922721599092966
1.0,20.0,9.34,1,0,0,0.4632449255423209
1.0,34.5,8.99,1,0,0,0.39228929576576066
1.0,149.9,17.49,1,0,0,0.3405712848531972
1.0,99.99,32.03,1,0,0,0.33976163723490516
1.0,99.99,44.5,1,0,0,0.34055721831571795
1.0,148.0,23.62,1,0,0,0.2780485481300915
1.0,67.0,15.35,1,0,0,0.4633848639212761
1.0,69.9,16.25,1,0,1,0.5604267480009151
1.0,105.9,36.06,1,0,0,0.3416657687042018
1.0,48.9,7.6,1,0,0,0.11685493410573587
1.0,72.9,16.95,1,0,1,0.5222872988184041
1.0,30.5,16.95,1,0,0,0.42421864950277627
1.0,81.99,7.92,1,0,0,0.397318650913519
1.0,30.97,10.96,1,0,0,0.4291989730438561
1.0,75.0,13.08,1,0,0,0.39373670101325764
1.0,58.9,14.5,1,0,0,0.40447640279973746
1.0,146.9,19.31,1,0,0,0.27657177813393297
1.0,64.0,13.28,1,0,0,0.3735885258440615
1.0,148.0,17.29,1,0,0,0.32732590583076454
1.0,309.0,20.09,1,0,0,0.39288416020353284
2.0,50.0,21.92,1,0,0,0.43336799135041304
1.0,297.0,125.47,1,0,0,0.22765111721570055
1.0,57.9,14.58,1,0,0,0.4057668934412257
1.0,116.94,20.79,1,0,0,0.3237909381490396
1.0,69.9,17.74,1,0,0,0.4780985640983793
1.0,104.9,12.86,1,0,0,0.34927517567919353
1.0,119.99,16.28,1,0,0,0.3448160492862037
1.0,155.0,15.87,1,0,0,0.46156106905240807
2.0,229.8,31.11,1,0,1,0.5053215547388177
1.0,99.0,13.83,1,0,0,0.34566313314697233
1.0,39.9,14.1,1,0,0,0.4487027603866264
1.0,119.9,15.04,1,0,0,0.36589577760453257
1.0,175.99,13.67,1,0,0,0.3875096819316407
1.0,24.99,18.28,1,0,0,0.0979292037036039
1.0,113.0,18.04,1,0,0,0.3746202884441211
1.0,113.9,27.34,1,0,0,0.2747643728692377
1.0,109.9,18.02,1,0,0,0.31894274462190436
1.0,92.9,16.41,1,0,1,0.5305480907881422
1.0,149.0,14.79,1,0,0,0.3480204525245888
1.0,19.9,7.78,1,0,0,0.48004366312064073
1.0,139.0,41.95,1,0,0,0.33377239288155586
1.0,135.3,36.27,1,1,0,0.3324775569553671
1.0,24.9,15.27,1,0,0,0.3138637599104614
1.0,244.0,18.99,1,0,0,0.3248224894068597
1.0,37.99,15.23,1,0,0,0.40586876122456245
1.0,99.56,12.83,1,1,0,0.3488204284218762
1.0,54.9,17.63,1,0,1,0.5030282022537823
1.0,23.9,15.1,1,0,0,0.43504589847573355
1.0,53.87,12.72,1,1,0,0.4979304523280422
1.0,18.4,15.1,1,0,0,0.42075333949538124
1.0,37.99,18.23,1,0,0,0.3211079048549335
1.0,109.9,9.58,1,0,0,0.30505845274347787
1.0,199.99,19.28,1,0,0,0.2616167653267531
1.0,86.99,13.63,1,0,0,0.3342910465003166
1.0,129.99,29.19,1,0,0,0.3567261439553532
1.0,59.0,13.43,1,0,0,0.3810931971051895
1.0,199.0,47.92,1,0,0,0.3212879015572747
1.0,134.9,20.13,1,0,0,0.2579986550804507
1.0,19.9,15.1,1,0,0,0.4372727634158048
2.0,33.8,30.2,1,0,0,0.4776088783491765
1.0,122.99,18.74,1,0,0,0.24579542139873026
1.0,129.99,20.88,1,0,0,0.3390089991438495
1.0,330.0,15.98,1,0,0,0.21910246864099855
1.0,299.99,58.65,1,0,0,0.28388055112877436
1.0,59.9,17.99,1,0,0,0.410744322650021
1.0,149.9,39.1,1,0,0,0.3507357892940728
1.0,85.0,21.43,1,0,0,0.32633537596128204
1.0,57.9,23.56,1,0,0,0.2470607561264328
2.0,150.0,26.16,1,0,1,0.562593487828507
3.0,161.7,27.0,1,0,0,0.33568728611154897
1.0,890.0,29.38,1,0,0,0.13924687305844094
2.0,59.8,25.58,1,0,0,0.39958102683879204
1.0,199.9,22.87,1,0,0,0.4479510780189717
2.0,34.0,23.7,1,0,1,0.5767048498397445
1.0,259.9,43.96,1,0,0,0.3052575311151126
1.0,81.25,18.45,1,0,0,0.15330039234004433
1.0,49.95,13.71,1,1,0,0.3338852870662477
2.0,25.98,33.2,1,0,0,0.13509649953755004
1.0,179.49,10.07,1,0,0,0.38815386482733916
1.0,129.99,19.15,1,0,0,0.2749479598904703
1.0,99.9,17.95,1,0,0,0.3176070724508967
1.0,49.9,17.6,1,0,0,0.42697186726283365
1.0,89.9,23.43,1,0,0,0.45070374615539954
1.0,59.9,15.17,1,0,0,0.42535051473897284
1.0,79.9,16.81,1,0,0,0.46078634571024774
1.0,84.99,16.35,1,0,0,0.4945762007310757
1.0,152.15,15.82,1,0,0,0.44182748458037724
1.0,79.0,26.63,1,0,0,0.39596387322261395
2.0,179.9,41.71,1,0,0,0.3910499480519058
2.0,139.98,34.24,1,0,0,0.3134707987496851
1.0,330.0,10.47,1,0,0,0.20791142466532794
1.0,74.99,11.55,1,0,0,0.4250136696973545
1.0,224.9,12.78,1,0,0,0.35675379814920494
1.0,109.9,20.01,1,0,0,0.2737116256719037
1.0,299.99,39.22,1,0,0,0.2318814645231372
1.0,229.99,22.1,1,0,0,0.3982642967311949
1.0,19.99,15.1,1,0,0,0.44740981797417323
1.0,79.0,13.57,1,0,0,0.2681928428574176
1.0,159.0,13.41,1,0,0,0.37736091602358757
1.0,89.99,45.09,1,1,0,0.2736150759177601
1.0,199.9,28.78,5,1,1,1.0
1.0,89.9,17.88,1,0,1,0.5669409744949782
1.0,34.99,15.1,1,0,0,0.44060096419126454
1.0,90.0,17.88,1,0,1,0.5665274793607203
1.0,284.9,34.44,1,0,0,0.24376762512225505
1.0,94.9,18.76,1,0,0,0.2672897633798054
1.0,111.9,23.58,1,0,0,0.26699257869693105
1.0,109.0,18.01,1,0,0,0.3749906150242152
1.0,535.9,20.19,1,0,0,0.32826981380313525
1.0,57.5,37.09,1,0,0,0.3593028416464119
1.0,219.99,14.09,1,0,0,0.35417910176321793
1.0,17.9,18.99,1,0,0,0.1144695195832397
1.0,59.0,17.66,1,0,0,0.4623929022678652
1.0,14.99,15.23,1,0,0,0.2927155382697391
1.0,19.9,34.15,1,0,0,0.3985927311841659
1.0,126.99,28.27,1,0,0,0.30164025195760596
1.0,503.34,25.53,1,0,0,0.27097337379093467
1.0,279.0,32.6,1,0,0,0.3018414362059831
1.0,78.0,7.81,1,0,0,0.33035365614135787
1.0,50.9,19.06,1,0,0,0.27078740837988213
1.0,49.0,8.29,1,0,0,0.4074900382779859
1.0,99.5,8.86,1,0,0,0.22549950453101716
1.0,129.0,14.99,4,1,1,1.0
1.0,29.5,13.08,1,0,0,0.3613354204819131
1.0,45.0,11.03,1,0,0,0.4315951791902279
1.0,110.0,27.04,1,0,0,0.3152818207684819
1.0,179.49,9.61,1,0,0,0.3946532071067873
1.0,14.8,7.39,1,0,0,0.037974595123885006
1.0,330.0,19.89,1,0,0,0.3008439202499888
1.0,13.9,14.52,1,0,0,0.39273329215974384
1.0,179.0,17.99,1,0,0,0.3274887501023302
1.0,146.99,41.02,1,0,0,0.3362039880425711
1.0,78.0,15.85,1,0,1,0.6001532027383109
2.0,179.8,32.78,1,0,1,0.5731698175266544
1.0,134.9,38.08,1,0,0,0.3344279371064377
1.0,119.99,44.4,1,0,0,0.32448773331976033
2.0,139.99,25.66,1,0,0,0.45039950671410794
1.0,59.99,16.86,1,0,0,0.4274054247266029
1.0,89.9,21.12,1,0,0,0.45042066960734295
1.0,42.0,11.73,1,0,0,0.4246555095370224
1.0,35.9,15.1,1,0,0,0.43874153481026973
1.0,69.9,15.24,1,0,0,0.4283950751924322
1.0,139.0,32.77,1,1,0,0.3370016756224661
1.0,119.0,65.91,1,0,0,0.34802452435280445
1.0,19.99,7.39,1,0,0,0.045240610860090014
1.0,45.99,8.29,1,0,0,0.40905052888345383
1.0,129.99,17.16,1,0,0,0.32545355702193696
1.0,30.0,18.23,1,0,0,0.3173926154101553
1.0,22.0,15.1,1,0,0,0.4423519497125098
1.0,22.3,7.78,1,0,0,0.46821893999473163
2.0,339.8,27.78,1,0,0,0.39069091431461006
1.0,348.8,16.19,1,0,0,0.2304148454392708
1.0,48.0,15.11,1,0,0,0.41689482849653736
1.0,198.95,30.27,1,0,0,0.39646655092468974
1.0,59.9,27.8,1,0,0,0.3963757528323246
1.0,122.99,15.74,1,0,0,0.3048068645307753
1.0,24.0,11.85,1,0,0,0.4410006725481851
2.0,98.0,15.56,1,0,1,0.660042975901531
1.0,118.58,13.17,1,0,0,0.37178266303354957
2.0,106.0,32.68,1,0,0,0.4151654867686814
1.0,23.9,10.96,1,0,0,0.43864019874121124
1.0,300.0,21.29,1,0,0,0.3637885405178705
1.0,34.49,9.27,1,0,0,0.4368860439220527
1.0,12.0,15.23,1,0,0,0.2511247847124078
1.0,119.99,32.44,1,0,0,0.31950249383926943
3.0,179.97,58.17,1,1,0,0.45327314683553727
1.0,179.9,18.1,1,0,0,0.354419436707585
2.0,144.9,78.34,1,0,0,0.30067845996660475
1.0,299.98,52.6,1,0,0,0.24554397878026302
1.0,535.9,18.5,1,0,0,0.3019346218987025
1.0,7.9,12.79,1,0,0,0.21536671732117876
2.0,79.8,28.2,1,0,0,0.44245550877285905
1.0,139.0,19.07,1,0,0,0.27846270677892226
1.0,120.0,46.31,1,0,0,0.3238779684837082
1.0,19.9,15.1,1,0,0,0.4372727634158048
1.0,78.0,8.74,1,0,0,0.33774230273055245
1.0,115.96,13.83,1,0,0,0.3631731026141033
1.0,45.5,16.79,1,1,0,0.4464463516935119
1.0,129.9,15.76,1,0,0,0.33657409611391903
1.0,19.9,18.23,1,0,0,0.15688042095328103
1.0,59.33,14.51,1,0,0,0.3945595134667828
1.0,29.99,14.1,1,0,0,0.42514557449657153
1.0,269.9,11.02,1,0,0,0.38505382805199323
1.0,116.5,8.16,1,0,0,0.32752899386907575
1.0,109.9,14.11,1,0,0,0.32609571201701215
1.0,39.5,22.93,1,0,0,0.34604209034441286
1.0,18.5,8.29,1,0,0,0.40165563143358457
1.0,21.9,15.23,1,0,0,0.3339395478778069
1.0,34.0,18.23,1,0,0,0.3165163974567442
1.0,99.99,16.95,1,0,0,0.36893118306856215
1.0,29.99,7.78,1,0,0,0.40712747008579875
1.0,166.99,13.72,1,0,0,0.33316539603709083
1.0,27.99,18.3,1,0,0,0.28153700150761357
2.0,140.0,84.7,1,1,0,0.289582440890088
1.0,139.99,57.65,1,0,0,0.33327963156218005
1.0,32.9,17.6,1,0,0,0.4234223833307391
3.0,74.69999999999999,25.92,1,0,0,0.4246520386484763
1.0,139.0,21.46,1,0,0,0.41895391316620156
1.0,299.99,18.35,1,0,0,0.30738802135196963
2.0,122.0,32.38,1,0,0,0.435940617067924
1.0,29.9,15.1,1,0,0,0.4436085002978538
1.0,399.0,16.54,1,0,0,0.24280516747978426
1.0,19.9,12.76,1,0,0,0.39862707818777954
1.0,145.9,38.16,1,0,0,0.32764085348402844
1.0,109.9,9.14,1,0,0,0.32504317128339394
1.0,898.0,146.03,1,0,0,0.24097540984572627
1.0,89.99,23.21,1,0,0,0.3607106476390025
1.0,59.9,17.67,1,0,0,0.42173401220594686
2.0,27.98,25.58,1,0,0,0.3470525268452432
1.0,56.0,47.83,1,0,0,0.349907423182357
1.0,22.99,18.23,1,0,0,0.1306297131290506
1.0,157.0,21.59,1,0,0,0.3734774427725125
1.0,264.5,10.21,1,0,0,0.34618854264793025
1.0,23.99,7.78,1,0,1,0.53432292661141
1.0,359.0,10.71,1,0,0,0.20770311127944652
1.0,54.9,11.73,1,0,0,0.43362719004489275
1.0,29.9,21.15,4,1,1,1.0
3.0,239.97,54.81,1,0,1,0.5619754276807013
1.0,59.9,16.18,1,0,0,0.45167663020463256
1.0,42.9,16.11,1,0,0,0.44817389651889206
1.0,599.98,188.55,1,0,0,0.11833800141403548
1.0,38.9,8.72,1,0,0,0.40637636821399614
1.0,22.5,18.43,1,0,0,0.10472116250402953
1.0,99.0,17.94,1,0,0,0.33496130334081564
1.0,189.0,14.15,1,0,0,0.40739287220808673
1.0,229.99,22.45,1,0,0,0.4258392378377514
1.0,14.99,7.39,1,0,0,0.037974595123885006
1.0,17.9,18.23,1,0,0,0.35776716069250947
1.0,200.0,15.01,1,0,0,0.373849309697155
1.0,2299.99,33.98,1,0,0,0.22837885256979806
1.0,119.4,20.08,1,0,0,0.2718405613488077
2.0,116.89,13.42,1,0,0,0.2688041990727175
1.0,49.0,18.44,1,0,0,0.2562731514447186
2.0,63.46,22.48,1,0,0,0.41873615173655165
1.0,89.0,15.37,1,0,0,0.4803279358541578
1.0,139.0,19.07,1,0,0,0.27846270677892226
1.0,15.9,15.1,1,0,0,0.4279175680994815
1.0,2110.0,250.42,1,0,0,0.1260322484433665
1.0,49.9,20.75,1,0,0,0.3278579709756275
1.0,4.99,37.04,1,0,0,0.20275152209498265
2.0,124.8,21.48,5,1,1,1.0
1.0,88.0,17.87,1,0,0,0.4240854471445612
1.0,64.99,12.58,1,0,0,0.4207011637560452
1.0,174.9,16.33,1,0,0,0.3728808938226338
1.0,72.9,11.12,1,0,0,0.42983139784911745
1.0,649.9,17.13,1,0,0,0.24802136437499758
1.0,65.9,12.8,1,0,0,0.33053769124968424
1.0,119.9,15.59,1,0,0,0.3612231915905425
1.0,74.9,16.28,1,1,1,0.5547114341231484
1.0,50.9,7.87,11,1,1,1.0
1.0,23.99,12.83,1,0,0,0.41058643883086965
1.0,62.99,11.73,1,0,0,0.4303372228473941
1.0,179.99,18.0,1,0,0,0.3633263679017356
1.0,149.99,14.8,1,0,0,0.33748915851737427
1.0,122.99,9.06,1,0,0,0.3401782646006746
1.0,49.0,15.1,1,0,0,0.4168195117953109
1.0,207.5,36.77,1,0,0,0.4488266210355222
1.0,22.9,13.5,1,0,0,0.3330744009452633
1.0,229.9,26.45,1,0,0,0.4105772434485748
1.0,139.9,18.86,1,0,0,0.2643723054686244
2.0,76.8,32.22,1,0,0,0.47086277315429764
1.0,78.0,18.65,1,0,0,0.2830697824281813
1.0,53.9,10.13,2,1,1,1.0
1.0,150.99,15.81,1,0,0,0.25297044802562724
1.0,39.0,17.63,1,0,0,0.45540328470309976
1.0,79.9,12.9,1,1,0,0.32352839162684643
1.0,259.99,33.26,1,0,0,0.34066655468771795
1.0,110.0,18.65,1,0,0,0.2866278623626169
1.0,313.9,17.9,1,0,0,0.3380332098200309
1.0,69.9,19.98,1,0,0,0.33913636175460626
1.0,56.9,11.42,1,0,0,0.43393168609185373
1.0,186.5,43.51,1,0,0,0.3076583933879094
1.0,229.9,26.1,1,0,0,0.4357573173638117
1.0,45.0,12.69,1,0,1,0.5117479146314738
1.0,56.97,19.37,1,0,0,0.3019422956927954
1.0,66.99,27.75,1,0,0,0.2906140803267943
1.0,59.9,14.59,1,0,0,0.416176873346445
1.0,49.0,15.23,1,1,0,0.3931867986822354
6.0,642.0,48.0,1,0,0,0.3511834339764011
1.0,69.99,9.34,1,0,0,0.44131781844323487
1.0,209.99,10.28,1,0,0,0.31555632372902803
1.0,278.0,26.5,1,0,0,0.3591177983220129
2.0,167.98,30.68,1,0,1,0.5696627879212118
,,,1,0,1,0.5676371073814253
1.0,229.0,16.35,1,0,0,0.296773339855133
1.0,146.99,20.52,1,0,0,0.32544614917490666
1.0,29.9,16.95,1,0,0,0.4286927380189042
4.0,523.6,38.92,1,0,1,0.5080294988306846
1.0,79.9,68.13,1,1,0,0.26478563301694247
1.0,95.0,15.42,1,0,1,0.6219694027186243
1.0,20.0,15.1,1,0,0,0.44740981797417323
1.0,469.99,20.54,1,0,0,0.4674673069794908
1.0,39.99,8.29,1,0,0,0.4125573302661515
1.0,100.0,38.97,1,0,0,0.3359774643474166
1.0,39.99,15.1,1,0,0,0.46831082957734416
1.0,25.0,16.11,1,0,0,0.47994284776126356
1.0,29.99,15.1,1,0,0,0.4375317102191416
1.0,79.99,9.31,1,0,0,0.44188581720114894
1.0,329.0,20.99,1,0,0,0.3580407804080074
1.0,129.9,11.93,1,0,0,0.39971915056687657
1.0,105.0,16.93,1,0,0,0.37087391029692074
1.0,16.9,12.79,1,0,0,0.311421706890448
1.0,23.99,7.43,1,0,0,0.003152663508243277
1.0,370.0,28.85,1,0,0,0.3466979072600209
1.0,59.0,15.16,1,0,0,0.41794846761789084
1.0,15.0,39.04,1,0,0,0.37987343059736306
1.0,79.9,14.31,1,0,0,0.3659232102082957
2.0,39.8,24.96,1,0,0,0.42627909056250535
2.0,111.8,55.71,1,0,1,0.5164057177829007
1.0,138.0,17.22,1,0,0,0.3475547246996031
1.0,18.99,7.78,1,0,0,0.48070999622464977
1.0,14.9,18.23,1,0,0,0.3329332273654443
1.0,54.9,13.74,1,0,0,0.33230757579857395
1.0,93.99,15.42,1,1,1,0.5747827865942033
1.0,44.9,12.61,1,0,1,0.5242821576164826
1.0,82.0,8.73,1,0,0,0.49478635808840615
1.0,44.9,13.89,1,0,0,0.2912410510488467
1.0,120.0,45.3,1,0,0,0.32485386467877414
1.0,32.9,14.11,1,0,0,0.4262028692547383
1.0,69.9,15.7,1,0,0,0.49753864311699253
1.0,459.9,20.06,1,0,0,0.3384833350172541
1.0,249.9,83.61,1,0,0,0.3004265755301514
1.0,14.0,15.1,1,0,0,0.41366627174659126
1.0,492.0,19.63,1,0,0,0.33729725540907546
1.0,129.99,21.75,1,0,0,0.3673478509530517
1.0,513.9,14.8,1,0,0,0.3227184681808495
1.0,19.99,7.78,1,0,0,0.4901219761289066
1.0,199.0,12.41,1,0,0,0.43634467080836215
1.0,45.0,17.6,1,0,0,0.4263517527157664
1.0,129.0,18.15,1,0,0,0.33534122503222263
1.0,138.0,28.35,1,0,0,0.35437936495816047
1.0,420.0,45.0,1,0,0,0.31523197769726163
1.0,19.0,8.27,1,0,0,0.4386528213041005
1.0,105.9,14.47,1,0,0,0.3642408728247776
1.0,519.9,25.24,1,0,0,0.27743449171051277
1.0,48.9,13.71,1,0,0,0.34251060691525914
1.0,259.99,10.75,1,0,0,0.306045137477781
1.0,150.0,10.04,1,0,0,0.25256854204726675
1.0,89.9,17.07,1,0,1,0.5563581814230996
1.0,55.0,17.67,1,0,0,0.49328707711740627
1.0,149.9,12.75,1,0,0,0.32202102215823736
1.0,55.0,17.67,1,0,0,0.49328707711740627
1.0,24.99,11.85,1,0,0,0.4585296191019999
2.0,70.0,27.42,1,0,0,0.425585755268253
2.0,99.8,35.2,1,0,0,0.42834398285780956
1.0,77.9,18.63,1,0,0,0.3120149954362621
5.0,97.45,46.35,5,1,1,1.0
1.0,19.9,7.39,1,0,0,0.04764061086009002
1.0,649.9,32.95,1,0,0,0.1672460641580768
1.0,69.9,15.24,1,1,0,0.4283950751924322
1.0,48.85,26.09,1,0,0,0.39708981635244006
1.0,95.9,15.52,1,0,0,0.42222182810575803
,,,1,0,1,0.5676371073814253
1.0,55.0,18.27,1,0,0,0.2833135761905096
1.0,38.25,9.94,1,1,0,0.4444907439477106
2.0,199.98,35.9,1,0,1,0.5165666416640605
1.0,599.0,73.41,1,0,0,0.10720455212070526
1.0,219.9,14.56,1,0,0,0.3690431200812597
1.0,59.0,16.04,1,0,0,0.44365675141964506
1.0,27.9,18.23,1,0,0,0.34299655426223663
1.0,198.0,15.56,1,0,0,0.45180903106552034
1.0,799.0,158.42,1,0,0,0.30248781983996087
1.0,118.9,21.32,1,0,0,0.36550366266110973
1.0,29.99,14.1,1,0,0,0.42514557449657153
1.0,110.0,23.31,1,0,0,0.3276953011119337
1.0,59.99,8.88,1,0,0,0.42312687167951135
1.0,22.49,7.42,1,0,0,0.003152663508243277
1.0,179.0,90.12,1,0,0,0.17775213193576134
1.0,55.9,8.27,1,0,0,0.41257518698412793
2.0,119.8,36.5,1,0,0,0.3402528625859591
1.0,72.48,16.27,1,0,1,0.5523143608619407
1.0,119.99,12.04,1,0,0,0.4092257993904626
1.0,41.9,7.87,1,0,0,0.3971518701331677
1.0,99.9,20.19,1,0,0,0.20604572139124175
2.0,69.98,23.46,1,0,0,0.3902867163647857
1.0,89.9,13.21,1,0,0,0.4634479170998741
1.0,849.0,22.38,1,0,0,0.11291338904137914
1.0,499.0,20.74,1,0,1,0.5445440817485815
1.0,79.9,7.81,1,0,0,0.4025153874091322
1.0,22.99,13.37,1,0,0,0.3719959260014188
1.0,149.9,23.37,1,0,0,0.2996302406210096
1.0,54.9,13.72,1,0,0,0.33230757579857395
1.0,169.9,16.95,1,0,0,0.3040817480860253
1.0,79.9,15.06,1,0,0,0.36992671268290084
1.0,210.0,16.22,1,0,0,0.3860631456431343
1.0,189.99,30.86,1,0,0,0.4667823344312251
1.0,19.9,18.23,1,1,0,0.15688042095328103
1.0,16.99,15.1,1,0,0,0.42323871961234033
1.0,160.0,28.37,1,0,0,0.33296402423086857
1.0,91.5,15.39,1,0,1,0.5525779246730714
1.0,129.0,27.45,1,1,0,0.284707077433777
2.0,79.8,33.2,1,0,0,0.4695547542060815
2.0,439.94,107.1,1,0,1,0.6067577938671661
1.0,26.9,7.78,1,0,0,0.38499656808575544
1.0,52.0,12.7,1,0,1,0.5179502466780332
1.0,58.99,7.67,1,0,0,0.06748328058893556
1.0,180.0,19.14,1,0,0,0.29271146096512446
1.0,179.17,27.57,1,0,0,0.24484064598147198
1.0,30.21,19.59,1,0,0,0.40984709035500155
1.0,119.9,62.64,1,0,0,0.33840008103002917
3.0,59.97,22.98,1,0,1,0.5744841973987049
1.0,340.0,18.53,1,0,0,0.29076820400342657
1.0,65.99,18.03,1,0,0,0.2400884925515064
2.0,118.9,24.96,1,0,0,0.4432358209480509
1.0,39.9,15.1,1,0,0,0.46733184161795177
1.0,47.4,11.85,1,0,0,0.4339665493342422
1.0,89.0,13.64,1,0,0,0.43985118025541897
1.0,18.9,7.78,1,0,0,0.476132851983445
1.0,131.0,56.27,1,0,0,0.3297549323013894
1.0,75.0,11.73,1,0,0,0.430747062937438
1.0,94.5,15.41,1,0,1,0.5546365299758711
1.0,41.8,15.1,1,1,0,0.36854847286799225
1.0,39.9,14.1,1,0,0,0.4487027603866264
1.0,42.0,13.37,1,0,0,0.32917048736813326
1.0,49.0,7.78,1,0,0,0.43432072400816535
1.0,210.0,50.0,1,0,0,0.3647305081807172
2.0,58.8,32.22,1,0,0,0.4554708615927342
1.0,56.99,7.78,1,0,0,0.42980194511730135
1.0,79.9,19.75,1,0,0,0.4503846096723919
1.0,29.9,11.85,1,0,0,0.43029201987465515
1.0,89.9,17.88,1,0,1,0.5669409744949782
1.0,102.0,18.59,1,0,0,0.20789895245041257
1.0,45.0,77.65,1,0,0,0.2879564600068868
1.0,150.0,15.81,1,0,0,0.23832971690871332
1.0,59.0,19.38,1,0,0,0.30599535228086233
2.0,106.0,68.34,1,0,0,0.47929842719315274
1.0,185.89,20.54,1,0,0,0.4626003650248066
1.0,139.99,14.37,1,0,0,0.34181110823733174
1.0,110.0,13.67,1,0,0,0.3757304666348361
1.0,10.0,22.06,1,0,1,0.5639221394972548
1.0,59.9,16.18,1,1,0,0.45167663020463256
1.0,59.9,18.52,1,0,0,0.23042651626841368
1.0,209.99,22.55,1,0,0,0.366738288534557
1.0,183.0,16.03,1,0,0,0.39302618202517625
1.0,65.0,19.65,1,0,0,0.2743529124445027
1.0,47.9,19.32,1,0,0,0.32792351096109085
1.0,117.99,21.32,1,0,0,0.35257433176409897
1.0,134.9,19.02,1,0,0,0.24758930395968762
1.0,12.88,7.87,1,0,0,0.4492732017276264
1.0,249.9,13.14,1,0,0,0.38599890022003047
1.0,12.0,7.78,1,0,0,0.427624214619978
1.0,71.0,19.99,1,0,0,0.34079834596925834
1.0,194.8,15.11,1,0,0,0.4936316707149977
1.0,119.9,16.14,1,1,0,0.3584319287709234
1.0,45.9,15.1,1,0,0,0.42271485382520946
1.0,69.9,13.51,1,0,0,0.3348271060759655
1.0,119.9,13.5,1,0,0,0.37024622897174975
1.0,59.9,11.92,1,0,0,0.4376083001455039
1.0,49.0,17.64,1,0,0,0.4907201719899166
1.0,49.9,11.85,1,0,0,0.4313913088318721
1.0,395.65,20.65,1,0,0,0.3742591406751748
1.0,79.0,24.63,1,0,0,0.29699905761079426
1.0,94.55,18.54,1,0,0,0.17087497008526167
1.0,80.5,18.66,1,0,0,0.19185677337208823
1.0,58.32,27.36,1,0,0,0.33429108682009984
1.0,89.9,12.13,1,0,0,0.39996673571096586
1.0,524.9,60.22,1,0,0,0.3018553067255775
1.0,50.35,15.48,1,0,0,0.3120092279036768
1.0,46.9,18.43,1,0,0,0.24206424851463407
1.0,15.99,9.34,1,0,0,0.45573366558574946
2.0,379.96,65.44,1,0,1,0.5787503419136439
1.0,159.0,17.36,1,0,0,0.33926836843998476
1.0,179.0,26.53,1,0,0,0.27969979618506224
1.0,10.0,14.1,1,0,0,0.1626166284094414
2.0,25.8,23.7,1,0,0,0.12009658010381472
1.0,29.89,15.11,1,0,0,0.4406911626879866
1.0,181.0,18.52,1,0,0,0.35969004093389684
1.0,119.9,43.12,1,0,0,0.3278381847464935
3.0,153.67,38.81,1,0,1,0.5013010301344963
1.0,69.9,26.79,1,0,0,0.3269247395082914
1.0,15.99,7.78,1,0,0,0.47254503967561845
1.0,66.9,17.38,1,0,0,0.45706563828409474
1.0,399.9,21.71,1,0,0,0.36477120634444815
1.0,198.0,9.95,1,0,0,0.38383908461569555
1.0,19.9,15.11,1,0,0,0.416203070582003
1.0,69.9,15.25,1,0,0,0.43189065269196003
1.0,184.9,24.22,1,0,1,0.577426316269039
2.0,79.89,29.28,1,0,0,0.430861220430757
1.0,78.0,7.81,1,0,0,0.33035365614135787
1.0,148.0,20.77,1,0,0,0.3365956459095996
1.0,166.99,27.49,1,0,0,0.2671630885636768
1.0,378.0,60.82,1,0,0,0.34196803989218416
1.0,22.99,16.11,1,0,0,0.4839456584098567
1.0,16.9,15.1,2,1,1,1.0
1.0,49.9,22.28,1,0,0,0.25781125704270785
1.0,14.6,7.39,1,0,0,0.037974595123885006
1.0,31.9,16.79,1,0,0,0.4305884805419051
1.0,29.9,20.75,1,1,0,0.4485801311068034
2.0,70.0,32.64,1,0,0,0.46236894938747375
1.0,89.99,54.9,1,0,0,0.3578082777206794
1.0,21.9,15.23,1,0,0,0.3339395478778069
1.0,109.9,16.53,1,0,0,0.34504379547673353
1.0,49.9,12.79,1,1,0,0.332250496321036
1.0,49.0,17.67,1,0,0,0.48161614290239657
1.0,949.0,35.26,1,0,0,0.15313921973674355
1.0,119.9,15.59,1,0,0,0.3612231915905425
2.0,65.8,62.88,1,0,0,0.498831006008148
2.0,84.0,21.92,1,0,0,0.3947850691625995
1.0,19.9,15.79,1,0,0,0.4051675317402653
1.0,29.9,7.71,1,0,0,0.02254167362613241
1.0,64.99,8.62,1,0,0,0.40800999262340487
1.0,24.9,7.39,1,0,0,0.4115233477084794
1.0,39.9,15.1,1,0,0,0.46733184161795177
1.0,569.0,25.69,1,0,0,0.30519271337827725
1.0,1599.99,53.61,1,0,0,0.15940643798423715
1.0,55.0,13.97,6,1,1,1.0
1.0,122.99,27.92,1,0,0,0.29729819962697274
1.0,589.9,20.0,1,0,0,0.21196663271961624
1.0,49.9,7.78,1,0,0,0.4318516290854281
1.0,610.0,37.54,1,0,0,0.11153040309266656
1.0,112.99,32.31,1,0,0,0.31411935553855325
1.0,41.47,23.44,1,0,0,0.268324516714576
1.0,19.9,8.3,1,0,0,0.4020928155771317
1.0,1004.99,29.35,1,1,0,0.13924687305844094
1.0,169.0,44.98,1,0,0,0.3428174494529151
1.0,52.82,23.3,1,0,0,0.24983141133825398
1.0,144.41,13.14,1,0,0,0.3277379868219026
1.0,19.9,16.79,1,0,0,0.405032835846471
1.0,265.99,96.82,1,0,0,0.2710444455329067
1.0,449.0,42.41,1,0,0,0.3139033563010478
1.0,49.9,10.96,1,0,0,0.4344083603160148
1.0,134.9,12.44,1,0,0,0.33612702480647316
1.0,18.99,12.35,1,0,0,0.44223146451064127
1.0,108.0,14.1,1,0,0,0.3115227492028201
1.0,119.99,36.16,1,0,0,0.3220250990970608
1.0,29.99,11.85,1,0,0,0.4253787033486169
1.0,430.0,36.81,1,0,0,0.28932673207893966
1.0,87.9,16.38,1,0,0,0.4613770923948203
1.0,529.9,25.42,1,0,0,0.2632509510326267
1.0,110.32,15.65,1,0,0,0.39381586732616375
1.0,539.0,21.65,1,0,0,0.410003584891924
1.0,103.9,11.75,1,0,0,0.2815928294187155
1.0,19.74,17.63,1,0,0,0.40868863659994503
1.0,16.9,16.11,1,1,0,0.4470173336384338
1.0,129.0,29.3,1,0,0,0.32864520890377896
1.0,254.9,16.53,1,0,0,0.2872165915709128
1.0,80.0,16.19,1,0,1,0.5367664278062253
1.0,199.0,8.26,1,0,0,0.3611399316721898
1.0,25.99,20.4,1,0,0,0.24111908778870467
1.0,89.0,35.94,1,0,0,0.3986860145771782
1.0,14.99,11.85,1,0,0,0.41875065799648137
1.0,645.0,35.26,1,0,0,0.15568293845512984
1.0,59.9,17.26,1,0,0,0.3750693505871846
1.0,39.9,15.1,1,0,0,0.46733184161795177
1.0,122.99,36.63,1,0,0,0.3154814991425121
1.0,46.0,12.79,1,0,0,0.3402877631924013
1.0,39.0,13.71,1,0,0,0.3279328801012563
1.0,179.49,9.45,1,0,0,0.4046237628408879
1.0,139.0,57.45,1,0,0,0.33643429720364293
1.0,193.0,17.6,1,0,0,0.34268710772448374
1.0,89.9,52.76,1,0,0,0.44539289732926124
2.0,1175.8,113.2,1,0,0,0.2488028028304469
1.0,127.0,18.47,1,0,0,0.3003621502593716
,,,1,0,1,0.5676371073814253
1.0,499.99,28.78,1,0,0,0.3557685357139036
1.0,128.9,21.01,1,0,0,0.33462567414662414
1.0,259.0,8.68,1,0,0,0.3740766733197423
1.0,49.9,37.9,1,0,0,0.3865082456735489
1.0,24.9,24.35,1,0,0,0.33017356384216046
1.0,4.9,15.23,1,0,0,0.11550878081627584
1.0,29.99,7.39,1,0,0,0.32942735493042996
1.0,119.0,15.59,1,0,0,0.3642471429764622
1.0,64.0,13.11,1,0,0,0.3729654273896377
1.0,15.3,8.72,1,0,0,0.4021771306809359
1.0,39.0,15.1,1,0,0,0.4657170196023092
1.0,49.9,16.16,1,0,0,0.4540468475743549
1.0,249.99,15.5,1,0,0,0.27180193119084833
1.0,115.0,18.38,1,0,0,0.2897534771141596
1.0,49.9,11.74,1,0,0,0.4313913088318721
1.0,119.9,13.28,1,0,0,0.3657744826306465
1.0,38.0,8.43,1,0,0,0.3932924765507664
1.0,89.99,12.97,1,0,1,0.5434160893074317
1.0,42.99,10.96,1,0,0,0.42501585071164316
1.0,47.0,16.6,1,0,0,0.43752660954432826
1.0,1899.0,93.42,1,0,0,0.1325628425776645
1.0,299.0,20.33,1,0,0,0.3440991732889253
1.0,109.9,14.5,1,1,0,0.3254442144042972
1.0,55.0,16.15,1,0,0,0.458639421609433
1.0,59.98,12.55,1,0,0,0.4210084014912148
1.0,159.94,33.51,1,0,0,0.32081782235301
1.0,13.9,11.85,1,1,0,0.41230629167895994
1.0,124.99,15.62,1,0,0,0.3349920518504019
1.0,56.99,15.15,1,0,0,0.4183760597418685
1.0,219.0,27.79,1,0,0,0.36796700189059683
1.0,81.99,16.14,1,0,1,0.5330843234786704
,,,1,0,1,0.5676371073814253
1.0,286.9,27.51,1,0,0,0.33737998444659034
1.0,55.5,17.13,1,0,0,0.4540565482433155
1.0,99.9,17.18,1,0,0,0.3745900977963993
1.0,59.0,13.43,1,0,0,0.3810931971051895
3.0,105.0,21.81,1,0,0,0.4798124941765127
1.0,49.9,16.79,1,0,0,0.45027739905503894
1.0,79.0,17.8,1,0,1,0.5015706932504038
1.0,19.9,15.1,1,0,0,0.4372727634158048
1.0,1988.0,26.99,1,0,0,0.29267904231893865
1.0,35.0,15.35,1,0,0,0.34505287146029406
1.0,99.9,18.13,1,0,0,0.27325102073421564
1.0,295.0,18.78,1,0,0,0.31839977821881477
1.0,32.9,16.79,1,0,0,0.4316124839816022
1.0,760.0,312.41,1,0,0,0.37874536993872165
1.0,120.9,51.24,1,0,0,0.30499717840443513
1.0,349.9,18.7,1,0,0,0.2959305445297568
1.0,119.9,14.59,1,0,0,0.36620687129457946
1.0,69.99,49.0,1,0,0,0.37526953358484394
1.0,32.5,12.69,1,0,0,0.4925614963490571
1.0,107.53,18.85,1,0,0,0.2596726755066822
1.0,199.99,13.1,1,0,0,0.3678459666141112
1.0,113.0,36.81,1,0,0,0.31435599823516974
1.0,23.99,14.52,1,0,0,0.4746773384648852
1.0,114.0,21.29,1,0,0,0.3500797742646508
1.0,165.2,18.73,1,0,0,0.37130145214645266
1.0,174.9,57.99,1,0,0,0.3484208424446786
3.0,389.97,67.86,1,0,1,0.5315529580003404
1.0,105.0,19.7,1,1,0,0.2570039550035715
1.0,390.0,98.6,1,0,0,0.29574455141064815
1.0,22.99,14.1,1,0,0,0.4331677282720797
1.0,59.9,14.15,1,0,0,0.4143587516574212
1.0,67.0,20.87,1,0,0,0.3550241638563925
1.0,99.99,9.69,1,0,0,0.21969316736890931
1.0,56.99,13.98,1,0,0,0.33229771507856093
1.0,239.9,16.43,1,0,0,0.32067375642884843
1.0,190.9,16.09,1,0,0,0.49854687230064715
1.0,25.9,11.85,1,0,0,0.4194186502104531
1.0,73.9,15.96,1,0,1,0.5102062687900373
1.0,129.99,18.16,1,0,0,0.32278208799838437
1.0,39.9,9.34,1,0,0,0.45269537423079387
1.0,54.9,14.55,1,0,0,0.4112649504474841
1.0,189.0,13.98,1,0,0,0.4052572646305249
1.0,138.0,17.25,1,0,0,0.3503752375201159
1.0,100.0,7.57,1,0,0,0.010470940185308392
1.0,44.35,13.37,1,0,0,0.33118194841312865
2.0,259.94,58.86,1,0,0,0.3755655792523138
1.0,50.9,11.86,1,0,0,0.4304523061529042
1.0,109.9,18.82,1,0,0,0.26903662115663984
1.0,44.9,16.11,1,0,0,0.4520592282995603
1.0,20.3,15.1,1,0,0,0.44740981797417323
1.0,55.92,11.15,1,0,0,0.4324661070591935
1.0,21.2,15.23,1,0,0,0.330489255480146
1.0,26.0,9.94,1,0,0,0.45605784113145686
1.0,64.9,17.7,1,0,0,0.4329175573279454
1.0,19.99,15.1,1,1,0,0.44740981797417323
1.0,195.0,13.81,1,0,0,0.43874325890442556
1.0,89.8,15.38,1,0,1,0.5489267304497712
1.0,35.9,12.79,1,0,0,0.32179188059437724
1.0,47.6,15.1,1,0,0,0.41722703010297785
2.0,294.02,38.26,1,0,0,0.415601590914786
1.0,59.9,16.18,1,0,0,0.45167663020463256
1.0,54.99,16.63,1,0,0,0.4742379102604547
1.0,85.71,12.9,1,0,0,0.43920816273596225
1.0,124.9,11.89,1,0,0,0.409629778366387
1.0,299.99,52.82,1,0,0,0.24554397878026302
2.0,58.0,15.56,1,0,0,0.22323221726811193
1.0,59.99,16.39,1,0,0,0.4061391989082548
1.0,35.0,15.1,1,0,0,0.44060096419126454
1.0,14.9,12.48,1,0,0,0.4232635354804416
1.0,49.0,22.06,1,0,0,0.35152243217715334
1.0,199.0,32.14,1,0,0,0.41410440769282797
1.0,19.95,14.1,1,0,0,0.43606602572920544
1.0,59.9,25.26,1,1,0,0.43235445957338553
1.0,29.99,15.28,5,1,1,1.0
1.0,45.0,10.96,1,0,0,0.4315951791902279
1.0,49.9,12.79,1,0,0,0.332250496321036
1.0,12.25,17.63,1,0,0,0.41046523568727195
1.0,84.9,29.52,1,1,0,0.3434260159221651
1.0,99.9,13.72,1,0,0,0.37122544093035825
1.0,98.99,17.97,1,0,0,0.24335032310763371
1.0,114.9,21.6,1,0,0,0.3512137833265938
1.0,59.0,7.78,1,0,0,0.4275085647738167
,,,2,1,1,1.0
1.0,50.0,16.6,1,0,0,0.4427493167843831
2.0,599.8,25.44,1,0,1,0.5018258468559913
1.0,11.6,15.23,1,0,0,0.26563930199442604
1.0,72.8,9.27,1,0,0,0.4385322097518661
1.0,70.0,17.42,1,0,0,0.4199559566191572
1.0,74.39,19.71,1,0,0,0.41155418452542736
1.0,89.9,19.6,1,0,0,0.36829478452498754
1.0,79.9,19.53,16,1,1,1.0
1.0,72.5,13.87,1,0,0,0.3234006311797778
1.0,34.9,8.99,9,1,1,1.0
1.0,94.9,12.57,1,0,1,0.5272496707698554
1.0,59.9,14.01,1,0,0,0.33430737551203055
1.0,259.99,84.52,1,1,0,0.38856124421354243
1.0,229.0,38.51,1,0,0,0.29986907611654035
1.0,59.0,8.29,1,0,0,0.4099887733660961
1.0,34.2,20.52,1,0,0,0.36227695393581527
1.0,119.6,18.0,1,0,0,0.35407140805845766
1.0,69.9,15.24,1,0,0,0.4283950751924322
1.0,169.0,25.73,1,0,0,0.2860777983360543
1.0,34.89,12.79,1,0,0,0.32395803412082436
1.0,79.0,24.16,1,0,0,0.3083764204450487
1.0,89.9,14.71,16,1,1,1.0
1.0,37.9,13.08,1,0,0,0.3556729763115774
1.0,210.0,23.18,1,0,0,0.3597328282859493
1.0,144.9,12.22,1,0,0,0.30652644463337514
1.0,69.9,26.11,1,0,0,0.32570974679857734
1.0,129.8,39.84,1,0,0,0.34141730985562885
3.0,130.0,37.17,1,0,0,0.4471141652200209
1.0,134.17,21.43,1,0,0,0.4091805786785358
1.0,29.9,15.31,1,0,0,0.34684929110459645
1.0,45.0,15.42,1,0,0,0.4293371660483907
1.0,99.9,11.31,3,1,1,1.0
1.0,119.9,17.28,1,0,0,0.36147258628892426
1.0,199.89,18.65,1,0,0,0.35570077217845697
2.0,270.0,32.1,1,0,0,0.4809840654629036
1.0,108.0,16.52,1,0,0,0.32869516274968774
1.0,379.0,17.4,1,0,0,0.26230665625474237
1.0,98.7,12.19,1,0,0,0.2512041704503227
1.0,49.9,17.6,1,0,0,0.42697186726283365
9.0,1161.0,458.73,1,0,0,0.13429151835818504
1.0,116.0,12.31,1,0,0,0.3531069289874082
1.0,18.99,14.1,1,0,0,0.4353891384616142
1.0,74.9,18.13,1,0,0,0.27459945763745014
1.0,19.0,17.19,1,0,0,0.4090643380780131
1.0,102.9,18.82,1,0,0,0.21522310407506032
1.0,69.9,14.58,1,0,0,0.4209996029115519
1.0,55.9,17.32,1,0,0,0.4209666115903265
1.0,44.99,15.1,1,0,0,0.3950651334026084
1.0,149.9,9.02,1,0,0,0.32550982149056606
1.0,24.75,11.74,1,0,0,0.43901776656527913
1.0,98.99,48.6,1,0,0,0.32593327460974497
1.0,39.9,8.72,1,0,0,0.4139899820021816
1.0,59.9,17.67,1,0,0,0.42173401220594686
1.0,39.99,18.38,1,0,0,0.23999354393401315
1.0,162.99,22.22,1,0,0,0.27374136357448625
1.0,69.99,9.54,1,0,0,0.43640095371845744
1.0,43.0,13.37,1,0,0,0.3362737717479765
3.0,449.82,148.74,1,0,0,0.3496923853008809
1.0,219.0,43.56,1,0,0,0.30725732270386125
1.0,56.99,12.74,1,0,0,0.443539595815349
1.0,49.0,19.04,1,0,0,0.2832396166268891
1.0,27.99,15.1,1,0,0,0.43602415438223857
1.0,90.0,14.86,1,0,0,0.29559663267607345
1.0,29.9,7.78,1,0,0,0.40689404210884805
1.0,120.0,14.45,1,0,0,0.3231215216329219
1.0,86.99,19.85,1,0,0,0.4563392919611972
1.0,38.0,11.85,1,0,0,0.4324917758814495
1.0,148.0,18.62,1,0,0,0.3245915900015549
1.0,139.99,41.96,1,0,0,0.3277726957896126
1.0,12.67,14.1,1,0,0,0.35697371242849735
1.0,38.99,8.72,1,0,0,0.40881181564542435
1.0,165.1,15.92,1,0,0,0.39349603368116853
1.0,54.0,14.13,1,0,0,0.4037996818727793
1.0,108.0,17.33,1,0,0,0.3352805946309423
1.0,139.9,25.82,1,0,0,0.3081861011257367
1.0,109.9,12.67,1,0,0,0.31483528455497095
1.0,25.0,12.48,1,0,0,0.46106710369362197
1.0,53.0,12.71,1,0,1,0.5231115801046399
1.0,1890.0,48.74,1,0,0,0.2333372914700349
1.0,85.0,15.47,1,0,0,0.4032228921864488
1.0,74.9,13.1,1,0,0,0.3934411982318798
1.0,57.0,8.77,1,0,0,0.4136877586327536
2.0,99.8,15.56,1,0,1,0.7720991581022422
1.0,114.9,18.05,1,0,0,0.4433395732299373
1.0,179.49,9.02,1,0,0,0.3070360410857004
1.0,79.9,13.58,1,0,0,0.3289891142228561
1.0,254.9,16.53,1,0,0,0.2872165915709128
1.0,6.5,8.72,1,0,1,0.7790288164059413
1.0,139.0,9.79,1,0,0,0.321169811530483
1.0,54.0,14.69,1,0,0,0.40907357871254824
1.0,59.2,17.98,1,0,0,0.3563842839551072
1.0,139.99,38.5,1,0,0,0.3277031889149024
2.0,53.8,30.58,1,0,0,0.49336240501195355
1.0,69.9,12.43,1,0,0,0.43902408127786724
1.0,49.0,15.1,1,0,0,0.4168195117953109
1.0,479.9,21.6,1,0,0,0.48241868237256313
1.0,120.0,14.59,1,0,0,0.3313565245789882
1.0,121.9,13.87,1,0,0,0.32490518157856324
1.0,117.8,41.3,1,0,0,0.3000815099955902
1.0,89.99,16.78,1,0,0,0.45413533085454655
1.0,45.0,18.23,1,0,0,0.2527981015060449
1.0,169.9,22.66,1,0,0,0.22279360477859222
1.0,51.9,16.8,1,0,0,0.4430378677059761
2.0,88.0,21.1,1,0,0,0.4105668423584117
1.0,435.0,79.41,1,0,0,0.3113040193382238
1.0,49.9,10.96,1,0,0,0.4344083603160148
1.0,99.99,18.94,1,0,0,0.21896355428234793
1.0,149.99,16.16,1,0,0,0.2611540171678291
1.0,129.99,17.35,1,0,0,0.3243997306362849
1.0,19.9,16.11,1,0,0,0.43663747025022315
1.0,35.0,14.49,1,0,0,0.42543961995518476
1.0,59.99,14.18,1,0,0,0.41588979019816846
,,,1,0,1,0.5676371073814253
1.0,109.95,36.09,1,0,0,0.32667837410423634
1.0,49.99,13.37,1,0,0,0.3745785243648338
3.0,497.7000000000001,95.43,1,0,0,0.49864510014178404
1.0,19.9,11.85,1,0,0,0.4473177135004276
1.0,318.0,13.73,1,0,0,0.2506548154496057
1.0,59.9,15.17,1,0,0,0.42535051473897284
1.0,494.99,20.71,1,0,1,0.5463678752390418
1.0,69.0,16.45,1,0,1,0.5405326066504806
1.0,66.55,14.78,6,1,1,1.0
1.0,75.0,13.08,1,0,0,0.39373670101325764
1.0,144.97,9.18,1,0,0,0.3223432877128727
1.0,249.9,18.0,1,0,0,0.36794538873899707
1.0,31.9,17.63,1,0,0,0.4508867531785334
1.0,42.9,34.15,1,0,0,0.38404550057606196
1.0,29.9,14.52,1,0,0,0.44194350774754726
1.0,689.0,24.01,1,0,0,0.276961470418948
1.0,87.85,17.86,1,0,0,0.40135114214465645
1.0,11.55,7.78,1,0,0,0.3627359149581318
1.0,54.9,20.83,1,0,0,0.35794534854223276
1.0,23.9,15.2,1,0,0,0.35957493762274484
,,,1,0,1,0.5676371073814253
1.0,524.9,17.76,1,0,0,0.1909735631970176
1.0,169.9,17.44,1,0,0,0.3079606500355125
1.0,89.0,26.7,1,0,0,0.4163754284746144
1.0,499.99,25.66,1,0,0,0.33520032660439947
1.0,28.99,9.54,1,0,0,0.43467458032884215
1.0,599.0,17.55,1,0,0,0.17702344884533075
1.0,18.9,14.52,1,0,0,0.43507671694449074
1.0,53.0,16.13,3,1,1,1.0
1.0,77.9,23.35,1,0,0,0.3188164808082198
1.0,129.9,27.21,1,0,0,0.3090793650034322
1.0,49.0,13.44,1,0,0,0.3840988223421388
1.0,119.9,15.59,1,0,0,0.3612231915905425
1.0,55.0,18.27,1,0,0,0.2833135761905096
1.0,24.0,9.34,1,0,0,0.4520103851677065
1.0,49.9,20.84,1,0,0,0.3218264023425976
1.0,49.9,25.63,1,0,0,0.4030080307895229
1.0,34.54,7.78,1,0,0,0.40640166893639346
1.0,282.0,28.27,1,0,0,0.3074522956038198
1.0,359.0,17.39,1,0,0,0.25391043332003627
1.0,39.0,7.53,1,0,1,0.5753736500707961
1.0,35.15,15.1,1,0,0,0.4395850390425048
1.0,49.99,15.1,1,0,0,0.4161158777380788
1.0,327.9,39.21,1,0,0,0.26979775750989604
1.0,42.99,15.56,1,0,0,0.4110773132731594
2.0,250.0,37.96,1,0,0,0.2762458415609287
1.0,179.9,103.12,1,0,0,0.1934626225689014
1.0,122.99,14.61,1,0,0,0.3173550784534548
1.0,27.9,11.85,1,0,0,0.4218890198383265
1.0,29.99,18.31,1,0,0,0.27781814509245967
1.0,24.5,11.85,1,0,0,0.43901776656527913
1.0,68.0,15.23,1,0,0,0.39612221558805477
1.0,99.9,13.72,1,0,0,0.37122544093035825
1.0,65.0,15.33,1,0,0,0.4719090886417638
1.0,29.9,34.15,1,0,0,0.4893902388952737
2.0,35.06,22.3,1,0,0,0.4167393908920659
1.0,38.25,17.92,1,0,0,0.465177688827061
1.0,99.0,53.54,1,0,0,0.41877116088413874
1.0,275.0,74.69,1,0,0,0.28311361434222526
1.0,9.0,16.79,1,0,0,0.3936586761053126
1.0,59.99,8.88,1,0,0,0.42312687167951135
1.0,27.99,14.1,1,0,0,0.42367835439108725
1.0,129.0,44.67,1,0,0,0.3163802255078959
1.0,21.99,17.63,1,0,0,0.48446816777137797
1.0,196.8,15.72,1,1,0,0.4338106379427249
1.0,55.0,15.49,1,0,0,0.3147441102351433
1.0,219.0,14.87,1,0,0,0.3744638377394353
1.0,36.0,11.85,1,0,0,0.42164551362948754
1.0,45.9,31.95,1,0,0,0.41747511007776633
1.0,38.0,12.69,1,0,1,0.5128378146439213
1.0,139.9,47.69,1,0,0,0.3288927829588318
1.0,250.0,37.77,1,0,0,0.2907195595873457
1.0,39.0,22.93,1,0,0,0.34365078599658677
1.0,179.49,16.14,1,0,0,0.39887270830501287
1.0,21.99,15.1,1,0,0,0.44752408411776873
1.0,26.19,18.28,1,1,0,0.09674640800467917
1.0,34.9,12.79,1,0,0,0.32395803412082436
1.0,610.0,37.54,1,0,0,0.11153040309266656
1.0,59.9,11.81,1,0,0,0.43611308775547986
1.0,59.9,15.17,1,0,0,0.42535051473897284
1.0,12.5,14.52,1,0,0,0.3619898318459517
1.0,49.0,7.78,1,1,0,0.43432072400816535
1.0,29.9,20.75,1,0,0,0.4485801311068034
1.0,119.9,19.81,1,0,0,0.2534552187439574
1.0,118.0,12.62,1,0,0,0.353013024109234
1.0,27.99,11.85,1,0,0,0.41898953007609163
1.0,89.9,13.18,1,0,0,0.4610236746756317
2.0,35.599999999999994,32.89,1,0,0,0.4668177738298283
1.0,69.0,26.95,1,0,0,0.3295432283031129
1.0,74.99,18.33,1,0,0,0.2601666696019844
1.0,39.0,13.71,1,0,0,0.3279328801012563
1.0,59.99,9.34,1,0,0,0.44993679785232266
1.0,128.89,15.65,1,0,0,0.32980156986470033
2.0,97.4,54.0,1,0,1,0.507285718215602
1.0,119.99,44.64,12,1,1,1.0
1.0,199.0,0.0,1,0,0,0.4954901549243507
1.0,109.97,36.86,1,0,0,0.3204603979321511
1.0,34.6,15.1,1,0,0,0.4423741980033868
1.0,19.9,18.24,1,0,0,0.12480423584804083
1.0,385.9,19.41,1,0,0,0.25521133394097206
1.0,185.0,19.81,1,0,0,0.3237862671776645
1.0,69.9,16.12,1,0,1,0.5227168817587426
1.0,149.9,45.4,1,0,0,0.3348492400301488
1.0,49.9,12.69,1,0,1,0.5170013393330795
1.0,69.0,17.61,1,0,0,0.4190120833749641
1.0,99.0,15.44,1,0,0,0.3710530202068443
1.0,54.0,8.82,1,0,0,0.41206032994268577
1.0,29.0,15.1,1,0,0,0.44478496511457155
1.0,45.95,15.1,1,0,0,0.4217359793429996
1.0,129.0,22.61,1,0,0,0.23973116988719853
1.0,257.19,95.78,1,0,0,0.32339688538027644
1.0,999.99,69.05,1,0,0,0.1649504452356024
2.0,199.8,62.0,1,0,0,0.3861130256959921
1.0,122.99,30.11,1,0,0,0.3128030391659326
1.0,59.9,14.15,1,0,0,0.4143587516574212
1.0,135.9,18.2,1,0,0,0.3327417281144656
2.0,27.4,30.2,1,0,0,0.20851149703573438
1.0,149.9,39.1,1,0,0,0.3507357892940728
1.0,98.9,17.97,1,0,0,0.241572545329856
1.0,22.8,16.11,1,0,0,0.4839456584098567
1.0,129.9,8.09,1,0,0,0.292715786067171
1.0,284.1,19.24,1,0,0,0.27254544349920207
1.0,69.59,17.42,1,0,0,0.41816786186488114
1.0,16.88,7.39,1,0,0,0.04571682861458853
1.0,39.9,34.15,1,0,0,0.42028198847860243
1.0,109.9,20.01,1,0,0,0.2737116256719037
1.0,29.9,8.11,1,0,0,0.4043891815946168
1.0,29.99,15.31,1,0,0,0.33834400083290544
1.0,129.0,18.73,1,0,0,0.2639048733983717
1.0,110.32,13.43,1,0,0,0.38551978985328694
1.0,56.99,21.2,1,0,0,0.26023654693106374
1.0,12.97,8.72,1,0,0,0.433169717436728
1.0,55.0,11.41,1,0,0,0.43393168609185373
1.0,65.9,15.34,1,1,0,0.4270735125908143
1.0,64.9,17.7,1,0,0,0.4329175573279454
1.0,204.0,18.68,1,0,0,0.34638389307908046
1.0,84.99,13.15,1,0,0,0.44587165686556945
1.0,229.99,69.07,1,0,0,0.2848784791316915
1.0,17.9,11.85,1,0,0,0.4473182774769153
1.0,449.0,57.77,1,0,0,0.3143780136640664
1.0,38.0,17.63,1,0,0,0.4597355726869993
1.0,59.9,15.63,1,0,0,0.4115325182917492
1.0,104.9,18.56,1,0,0,0.2821252194543224
1.0,65.0,34.25,1,0,0,0.33558635024635897
1.0,62.9,14.19,1,0,0,0.4123043075725277
2.0,113.98,28.3,1,0,0,0.4081606755862801
1.0,80.0,34.36,1,0,0,0.21277720441145026
2.0,258.68,35.64,1,1,0,0.4307856117965691
1.0,169.0,16.94,1,0,0,0.28249285798480417
1.0,109.99,17.51,1,0,0,0.4252585510305188
,,,1,0,1,0.5676371073814253
2.0,249.99,30.37,1,0,0,0.4073598438224199
1.0,59.99,24.55,1,0,0,0.30448088030293113
1.0,199.99,14.42,1,0,0,0.3821395407872564
1.0,49.0,8.72,1,0,0,0.4089226900140161
1.0,13.99,14.1,1,0,0,0.3935328782175805
1.0,26.88,14.64,1,0,0,0.4431304430101536
4.0,195.6,68.24,1,0,0,0.4776246418222833
1.0,125.0,17.12,1,0,0,0.3462312109415931
1.0,79.0,16.18,1,0,1,0.525468575165753
1.0,199.0,53.89,1,0,0,0.34865358264149543
2.0,119.8,35.34,1,0,0,0.3847617918479975
1.0,44.6,14.52,1,0,0,0.37239961415253947
1.0,509.0,62.57,1,0,0,0.30253738422716225
1.0,97.9,12.39,1,0,1,0.6117741086048247
1.0,89.0,14.93,1,0,0,0.34848444112363464
,,,1,0,1,0.5676371073814253
1.0,63.9,23.25,1,0,0,0.2521698851422873
1.0,158.0,13.55,1,0,0,0.38493103280195173
1.0,449.99,42.09,1,0,0,0.31683499830245726
1.0,252.9,106.23,1,0,0,0.3516913725127804
1.0,15.9,15.1,1,0,0,0.4279175680994815
1.0,85.9,38.15,1,0,0,0.4014323548448375
1.0,55.9,17.64,1,0,1,0.50079549329961
1.0,59.9,17.67,1,0,0,0.42173401220594686
1.0,39.9,23.22,1,0,0,0.3769660725258223
1.0,138.9,18.61,1,0,0,0.2921261716254832
1.0,36.15,18.23,1,0,0,0.3186494330941362
1.0,179.0,27.91,1,0,0,0.25153495177673885
,,,1,0,1,0.5676371073814253
1.0,29.99,19.04,1,0,0,0.22727083491036784
1.0,109.99,16.4,1,0,0,0.40375939880846246
1.0,14.9,7.39,1,0,0,0.037974595123885006
1.0,399.0,19.23,2,1,1,1.0
1.0,849.98,98.37,1,0,0,0.23205703326415186
1.0,887.0,25.65,1,0,0,0.16595674304373287
1.0,29.9,15.31,1,0,0,0.34684929110459645
1.0,169.9,19.88,1,0,0,0.3775021319581644
1.0,199.0,10.21,1,0,0,0.38251807299825635
1.0,69.9,15.25,1,0,0,0.43189065269196003
1.0,152.0,21.18,1,0,0,0.3122178575232715
1.0,46.4,14.1,1,0,0,0.39182197162105115
1.0,78.0,9.36,1,0,0,0.3612488449563237
1.0,140.0,12.48,1,0,0,0.31631587810290496
1.0,150.0,13.95,1,0,0,0.2931913264512187
1.0,39.99,15.1,1,0,0,0.46831082957734416
1.0,25.5,7.44,1,0,0,0.007126705905610962
1.0,189.0,8.58,1,0,0,0.3493455496343253
1.0,1299.9,38.51,1,0,0,0.1812711541201664
1.0,24.9,11.85,1,0,0,0.4585296191019999
1.0,599.9,22.74,1,0,0,0.1855852742286802
1.0,179.9,25.39,1,0,0,0.28788825217751074
1.0,24.99,18.23,1,0,0,0.12777888071908589
1.0,379.0,27.14,1,0,0,0.329086412049588
1.0,122.99,15.61,1,0,0,0.312401467160698
1.0,24.9,15.1,1,0,0,0.46022497300716375
1.0,195.9,19.96,1,0,0,0.3240721882293522
1.0,129.9,19.19,1,0,0,0.2758602406316395
1.0,429.9,36.55,1,0,0,0.2987835684045329
1.0,279.64,13.35,1,0,0,0.294200386849338
1.0,215.0,13.41,1,0,0,0.39607913381524623
2.0,78.0,35.86,1,0,0,0.39403136520403725
1.0,209.9,20.44,1,0,0,0.35332578795302944
1.0,39.9,14.1,1,0,0,0.4487027603866264
,,,12,1,1,1.0
1.0,10.8,15.1,1,0,1,0.5754058425218188
1.0,88.34,24.83,1,0,0,0.41459636638848457
1.0,25.0,16.79,1,0,0,0.4547541731217501
2.0,336.9,27.28,4,1,1,1.0
1.0,109.0,18.56,1,0,0,0.2773306088340042
1.0,90.0,16.39,1,0,1,0.5275829133275017
1.0,299.0,19.0,1,0,0,0.3343983170508182
1.0,110.0,16.74,1,0,0,0.3837601907015216
1.0,113.0,51.29,1,0,0,0.3018503574570933
1.0,35.9,8.88,1,0,0,0.39533307594624784
1.0,24.5,11.85,1,0,0,0.43901776656527913
1.0,987.0,38.71,1,0,0,0.14522794049721152
1.0,24.99,7.44,1,0,0,0.007126705905610962
1.0,219.99,60.09,1,0,0,0.34121430411908704
1.0,67.99,8.88,1,0,0,0.4154524820735883
1.0,53.9,14.47,1,0,0,0.4004023200125728
1.0,89.99,22.77,1,0,0,0.3356668350278335
1.0,56.8,18.28,1,1,0,0.2524330487182095
1.0,159.99,18.89,1,0,0,0.3298506041349645
1.0,79.9,8.3,1,0,0,0.4118249908112038
1.0,34.3,14.44,2,1,1,1.0
1.0,99.9,23.28,1,0,0,0.3048844995815375
1.0,39.9,23.0,1,0,0,0.3597514000748409
1.0,49.99,16.11,1,0,0,0.44750405918745295
1.0,68.0,41.24,1,0,0,0.32712264395792623
1.0,220.0,28.52,1,0,0,0.3959414975608986
,,,1,0,1,0.5676371073814253
2.0,499.8,149.4,1,0,0,0.183924357225422
1.0,109.9,20.26,1,0,0,0.23186351247317827
1.0,89.9,17.88,1,0,1,0.5669409744949782
1.0,53.0,7.94,1,0,0,0.41236118168436064
2.0,438.0,48.5,1,0,1,0.5474912833310921
1.0,149.9,21.97,1,0,0,0.3094720542159019
1.0,50.63,14.52,1,0,0,0.4065697284732744
2.0,1265.89,37.61,1,0,0,0.3100445525233447
1.0,65.0,18.03,1,0,0,0.2436996036626175
1.0,49.9,7.93,1,0,0,0.41026144099144984
3.0,234.0,124.59,2,1,1,1.0
1.0,59.99,8.88,1,0,0,0.42312687167951135
1.0,79.99,19.15,1,0,0,0.3898490421788986
2.0,225.8,22.53,1,0,0,0.3123274752500457
2.0,199.8,27.44,1,0,0,0.4784937553286785
1.0,119.34,18.09,1,0,0,0.3380457978656542
1.0,86.8,17.05,1,0,1,0.5365100933669147
1.0,57.99,16.17,1,0,0,0.46912493794994664
1.0,44.99,7.78,1,0,0,0.4108974464321725
1.0,49.99,8.72,1,0,0,0.40626686345575047
2.0,299.8,43.08,1,0,0,0.3875676854458135
1.0,83.79,10.93,1,0,1,0.6599115205211046
1.0,23.99,7.78,12,1,1,1.0
1.0,119.9,18.94,1,0,0,0.26444471078419785
1.0,199.0,10.21,1,0,0,0.38251807299825635
1.0,27.9,8.27,1,0,0,0.3730069475403353
2.0,240.0,25.94,1,0,0,0.3183924734428899
1.0,44.9,16.5,1,0,0,0.42185982015880186
1.0,64.99,19.14,1,0,0,0.3347641983198426
1.0,149.9,13.3,1,0,0,0.3295173754769497
1.0,37.99,8.72,1,0,0,0.39627144603727277
2.0,158.0,29.44,1,0,1,0.5550765900537159
1.0,120.0,31.49,1,0,0,0.3206173179132524
1.0,89.9,21.12,1,0,0,0.45042066960734295
1.0,104.0,15.48,1,0,0,0.36467725242739246
1.0,49.9,17.6,1,0,0,0.42697186726283365
1.0,139.9,16.95,1,0,0,0.34282949379661587
1.0,163.8,14.54,1,0,0,0.3870015640820937
1.0,79.9,9.37,1,0,0,0.43442819550383943
1.0,94.9,7.92,1,0,1,0.5565775238781606
1.0,20.0,10.96,1,1,0,0.45620539220571904
1.0,138.0,23.29,1,0,0,0.29114829814412724
1.0,35.0,14.56,1,0,0,0.4351582346074005
3.0,345.0,56.07000000000001,1,0,0,0.46985382117978997
1.0,379.9,11.83,1,0,0,0.26882598503919075
1.0,104.9,15.49,1,0,0,0.3618574804810488
1.0,47.0,11.85,7,1,1,1.0
1.0,1599.99,35.65,1,0,0,0.23602866068804224
1.0,33.8,14.1,1,0,0,0.4266866467055584
1.0,319.99,14.68,1,0,0,0.2627330625043869
2.0,69.8,35.2,1,0,0,0.4257190004318469
1.0,16.3,18.23,1,0,0,0.38579547754666843
1.0,26.55,9.06,1,0,0,0.38949266287644607
1.0,45.0,11.85,1,0,0,0.42596146431188403
1.0,62.0,16.06,1,0,1,0.5048743370894362
1.0,69.99,18.37,1,0,0,0.24131963816766178
1.0,118.9,18.4,1,0,0,0.3010204038777848
1.0,39.0,12.93,1,0,0,0.3622189060833795
1.0,45.9,22.25,1,0,0,0.24048179375757622
1.0,44.9,8.47,1,0,0,0.39085997307707604
1.0,89.0,16.06,1,0,1,0.5111539638991586
1.0,49.8,15.23,1,0,0,0.39142848897664245
1.0,49.99,26.89,1,0,0,0.4180892040780236
1.0,109.9,13.79,1,0,0,0.33491956864525
2.0,15.36,36.46,1,0,0,0.1285604132483772
1.0,109.18,9.51,1,0,0,0.30325187061513886
1.0,21.9,13.37,1,0,0,0.3826116989494731
1.0,129.9,40.1,1,0,0,0.33364056008564424
1.0,29.9,18.23,1,0,0,0.3229998449385523
1.0,47.9,15.11,2,1,1,1.0
1.0,69.9,0.0,1,0,0,0.04745360653759695
1.0,190.0,87.22,1,0,0,0.21142980957944393
1.0,49.9,19.59,1,0,0,0.3862514756033553
1.0,69.9,13.15,1,0,0,0.38117343357087663
1.0,40.8,22.22,1,0,0,0.23868118963262341
1.0,49.9,12.79,1,0,0,0.332250496321036
1.0,650.0,32.98,1,0,0,0.1672460641580768
1.0,133.0,16.56,1,0,0,0.35579862180523625
1.0,45.99,14.1,1,0,0,0.39277932317129743
1.0,599.0,15.4,1,0,0,0.20752281110258478
1.0,159.99,10.13,1,0,0,0.3637790554092327
1.0,114.9,13.24,1,0,0,0.37704949615407246
1.0,139.9,15.89,1,0,0,0.3425291381728007
2.0,15.8,16.58,1,0,0,0.1273073219392715
2.0,109.8,17.44,1,0,0,0.23828776766906729
2.0,858.0,126.72,1,0,0,0.2764850195924932
1.0,36.3,7.39,1,0,0,0.2218903119235316
1.0,69.9,14.66,1,0,0,0.41980407484831955
1.0,69.9,0.0,1,0,0,0.04745360653759695
1.0,39.9,22.06,1,0,0,0.27999092558746796
1.0,14.9,8.82,1,0,0,0.3962935175237989
1.0,122.9,9.68,1,0,0,0.3227490160137125
1.0,39.5,7.87,1,0,0,0.40971041451031875
1.0,149.99,40.38,1,0,0,0.2558632498562678
1.0,125.0,18.12,1,0,0,0.3282728822345637
1.0,29.98,18.23,1,0,0,0.3229998449385523
1.0,64.99,22.39,1,0,0,0.28358550004788413
1.0,199.9,13.84,1,0,0,0.4124013850806522
1.0,12.5,14.1,1,0,0,0.35697371242849735
1.0,99.0,17.94,1,0,0,0.33496130334081564
1.0,108.9,23.63,1,0,0,0.2188894130235757
1.0,27.99,14.1,1,0,0,0.42367835439108725
1.0,58.0,27.79,1,0,0,0.36645084127746874
1.0,89.9,12.97,1,0,0,0.4969784437505996
1.0,27.0,9.34,1,0,0,0.4350738142766673
1.0,119.0,18.4,1,0,0,0.3010204038777848
1.0,59.9,19.39,1,0,0,0.3026982298927411
1.0,18.9,7.78,1,0,0,0.476132851983445
1.0,12.99,12.79,1,0,0,0.29546930990021103
1.0,325.0,13.77,1,0,0,0.27720337955564633
1.0,86.99,11.23,1,0,0,0.31953138600900405
1.0,56.0,11.89,1,1,0,0.4355733207023014
1.0,26.99,7.78,1,0,0,0.38250620250935913
1.0,34.0,9.55,3,1,1,1.0
1.0,13.98,7.71,1,0,0,0.05116392380092007
1.0,277.0,48.47,1,0,0,0.28028281643513775
1.0,135.0,14.72,1,0,0,0.3494267341647608
1.0,22.9,11.85,1,0,0,0.4396502132254593
1.0,149.9,18.93,1,0,0,0.2776501038474602
1.0,53.0,15.12,1,0,0,0.4169749477669656
2.0,139.98,39.36,1,0,0,0.3747686438097165
1.0,171.9,19.5,1,0,0,0.3186841813110041
1.0,47.9,16.32,1,0,0,0.41762828361190596
1.0,585.0,37.86,1,0,0,0.1053722160869836
1.0,64.9,15.55,1,0,0,0.3772245429390953
1.0,277.72,12.57,1,0,0,0.3619105423993727
1.0,49.9,17.66,1,0,0,0.4796346785476759
1.0,146.0,19.95,1,0,0,0.26398653425182445
1.0,109.99,57.03,1,0,0,0.35213680848715184
1.0,89.9,12.13,1,0,0,0.39996673571096586
1.0,27.99,7.78,1,0,0,0.37761790748810736
1.0,95.0,14.42,1,0,0,0.2711759072220015
1.0,49.9,11.85,1,0,0,0.4313913088318721
1.0,39.99,11.15,1,0,0,0.43331105449975327
1.0,195.9,15.12,1,1,0,0.4980483620449045
1.0,13.5,7.39,1,0,0,0.16260593422682806
2.0,113.89,32.94,1,0,0,0.43035092782302303
1.0,72.0,13.08,1,0,0,0.37561246517081986
1.0,30.5,14.1,1,0,0,0.42508291785496755
1.0,19.9,15.1,1,0,0,0.4372727634158048
1.0,49.0,18.44,1,0,0,0.2562731514447186
1.0,1054.0,95.83,1,0,1,0.5475565075940899
1.0,119.39,15.59,1,0,0,0.3600693651986845
1.0,89.9,23.43,1,0,0,0.45070374615539954
2.0,139.98,34.24,1,0,0,0.3134707987496851
1.0,169.99,13.32,1,0,0,0.26958980489372963
1.0,99.9,11.9,1,0,0,0.33443396863250774
1.0,65.44,11.85,1,0,0,0.43276866689861293
2.0,39.8,42.3,1,0,0,0.3529028046583877
1.0,49.9,13.93,1,0,0,0.33280578270483585
1.0,149.9,9.86,1,0,0,0.34095065340422287
1.0,76.89,9.1,1,0,0,0.39718022088743754
1.0,225.0,44.25,1,0,0,0.31023068281143945
2.0,59.98,17.44,1,0,0,0.31295581763758884
3.0,49.6,51.18,1,0,1,0.5542025287947635
1.0,35.0,7.78,1,0,0,0.41497547717166416
1.0,44.9,9.09,1,0,0,0.3958003648084455
1.0,148.9,13.7,1,0,0,0.34169209200895123
1.0,109.0,25.25,1,0,0,0.3161321006874324
1.0,85.9,38.15,1,0,0,0.4014323548448375
1.0,115.0,15.56,1,0,0,0.3593756195388738
1.0,29.9,14.52,1,0,0,0.44194350774754726
1.0,358.99,16.26,1,0,0,0.2275308123991015
1.0,19.9,15.1,1,0,0,0.4372727634158048
1.0,13.65,7.78,1,0,0,0.46663945425457637
1.0,58.9,14.5,1,0,0,0.40447640279973746
1.0,122.99,15.61,1,0,0,0.312401467160698
2.0,78.98,16.54,1,0,0,0.1689356702515796
1.0,36.9,15.36,1,0,0,0.44830983525962675
1.0,129.0,13.34,2,1,1,1.0
1.0,79.9,7.81,1,0,0,0.4025153874091322
2.0,45.8,23.7,1,0,0,0.4704183752645982
1.0,19.9,8.72,1,0,0,0.41494393321537243
,,,1,0,1,0.5676371073814253
1.0,349.0,18.72,1,0,0,0.29268957739612
1.0,499.99,21.38,1,0,0,0.490742564148302
1.0,219.0,54.06,1,0,0,0.30650702774618294
1.0,139.9,34.52,1,0,0,0.3033101190718819
1.0,54.9,7.96,1,0,0,0.4144396693608383
1.0,105.0,22.6,1,1,0,0.2677715511733257
1.0,56.5,22.94,1,0,0,0.25195667164573665
1.0,35.99,8.72,1,0,0,0.3934013209429915
1.0,45.9,16.25,1,1,0,0.44731544523811095
2.0,130.0,30.4,1,0,1,0.5284455915839567
1.0,29.99,24.0,1,0,0,0.4578354592302796
1.0,20.0,7.4,1,0,0,0.025504101037901284
1.0,199.9,34.94,1,0,0,0.4570713348425114
1.0,299.0,91.32,1,0,0,0.2617890719356672
1.0,349.9,46.3,1,0,0,0.29503876814586716
1.0,125.0,14.22,1,0,0,0.3347039799214836
1.0,64.9,7.78,1,0,0,0.4302054793163271
1.0,58.9,22.73,1,0,0,0.26315985938357245
1.0,98.9,14.09,1,0,0,0.37012147749979085
1.0,229.0,16.35,1,0,0,0.296773339855133
1.0,107.6,16.51,1,0,0,0.3361343247763661
1.0,89.0,15.37,1,0,0,0.4803279358541578
1.0,531.9,21.82,1,0,0,0.3710573415784943
2.0,58.0,30.46,1,0,0,0.47807262655778565
1.0,170.0,18.44,1,0,0,0.31995045684336093
1.0,37.0,15.23,1,0,0,0.409327334693521
1.0,43.0,8.04,1,0,0,0.4000938764277212
1.0,109.9,19.96,1,0,0,0.2864820906323101
2.0,154.16,50.06,1,0,0,0.37918120218283535
1.0,219.99,16.29,1,1,0,0.32704456545303695
1.0,48.0,11.85,1,0,0,0.4288137058501752
1.0,670.0,49.15,1,0,0,0.3316937676427961
1.0,149.9,12.54,1,0,0,0.31604143610209035
1.0,135.21,18.83,4,1,1,1.0
1.0,39.99,7.78,1,0,0,0.43131009253739117
1.0,79.0,26.85,1,0,0,0.39349927411199015
1.0,39.0,44.2,1,0,0,0.3634416054020043
1.0,380.97,24.6,1,0,0,0.22094773523258507
1.0,47.0,7.71,1,0,1,0.6168431996022307
1.0,45.0,22.28,1,0,0,0.23529544617656878
1.0,13.9,10.96,1,0,0,0.4219393636247719
1.0,85.0,13.61,1,0,0,0.4539320950035207
1.0,59.9,17.67,1,0,0,0.42173401220594686
1.0,114.0,38.35,1,0,0,0.3019507761775991
1.0,56.99,19.59,1,0,0,0.4149852325764688
1.0,39.9,18.23,1,0,0,0.281560851376136
1.0,46.99,8.49,1,0,0,0.4106069554473569
1.0,187.9,21.4,1,0,0,0.4391584265492236
1.0,49.9,26.43,1,0,0,0.40748399081129266
1.0,186.99,60.89,1,0,0,0.30010097769637184
1.0,176.96,33.52,1,0,0,0.29641380593878464
1.0,34.0,18.23,1,0,0,0.3165163974567442
1.0,93.99,35.18,1,0,0,0.2890298453233817
1.0,16.9,16.79,1,1,0,0.424939208295064
1.0,318.0,27.51,1,0,0,0.30215415880942215
1.0,44.99,15.42,1,0,0,0.4254458768809896
1.0,21.99,7.39,1,0,0,0.045240610860090014
1.0,820.0,62.0,1,0,0,0.24464768933250794
1.0,22.5,12.69,1,0,0,0.4749163281758821
1.0,27.9,7.39,1,0,0,0.27047564833950055
1.0,20.0,29.55,1,0,0,0.402410610196221
1.0,89.99,18.73,1,0,0,0.23178516799883453
1.0,89.9,17.91,1,0,1,0.5179151391269535
1.0,23.99,15.1,1,0,0,0.473230308259969
1.0,89.9,16.07,1,0,1,0.5037380938932546
,,,1,0,1,0.5676371073814253
2.0,141.94,35.5,1,0,0,0.36464011671865726
1.0,174.9,40.21,1,0,0,0.31873181923709226
1.0,30.7,16.11,1,0,0,0.4459538930893147
2.0,107.8,32.14,1,0,0,0.4246703882485672
1.0,137.0,53.09,1,0,0,0.315801455484183
1.0,23.03,8.11,1,0,0,0.40362210479546934
1.0,12.99,14.52,1,0,0,0.3932653298456255
1.0,95.0,13.77,1,0,0,0.4072272227684413
1.0,90.0,26.93,1,0,0,0.31246831981295886
1.0,59.9,13.44,1,0,0,0.3815268290961434
1.0,129.9,38.46,1,0,0,0.32969289242464167
1.0,53.9,21.35,1,0,0,0.2661495750992913
1.0,149.9,23.98,1,0,0,0.281398479945251
1.0,23.9,9.3,1,0,0,0.4438921313410912
1.0,89.15,15.37,1,0,1,0.5172565308517855
2.0,29.78,31.58,1,0,0,0.44984586942043014
1.0,58.0,7.67,1,0,0,0.06472482147979079
1.0,110.6,18.65,1,0,0,0.28221290519542913
1.0,35.0,8.41,1,0,0,0.39537380369744934
1.0,89.9,15.38,1,0,1,0.5942572858010134
1.0,35.9,7.78,1,0,0,0.4135496618094683
1.0,32.5,12.79,1,0,0,0.3232386857333212
1.0,53.33,16.13,1,0,0,0.47341490618392906
1.0,129.99,14.67,1,0,0,0.33922150922572547
1.0,189.0,16.07,1,0,0,0.4258218227982235
1.0,99.9,16.95,1,0,0,0.3683864119078345
1.0,49.9,11.86,1,0,0,0.4322680159211954
1.0,64.99,41.15,1,0,0,0.3476033772381776
1.0,19.9,17.63,1,0,0,0.41090369586930475
1.0,25.99,7.78,1,1,0,0.3841016740680065
1.0,211.91,16.69,1,1,0,0.39237307946969086
1.0,49.99,16.11,1,0,0,0.44750405918745295
1.0,99.0,14.44,1,0,0,0.33291942616696807
1.0,46.22,20.43,2,1,1,1.0
1.0,40.0,16.6,1,0,0,0.4347366571308339
1.0,79.99,15.86,1,0,1,0.6474546501772771
1.0,98.0,15.44,3,1,1,1.0
1.0,103.99,18.61,1,0,0,0.28274268905656036
3.0,323.1,55.89,1,0,0,0.4444594328468226
1.0,99.99,15.01,1,0,0,0.34691367738025247
1.0,95.9,23.47,1,0,0,0.38755368568443094
1.0,22.0,11.85,1,0,0,0.44771031902269176
1.0,80.0,25.4,1,0,0,0.20851387978145725
1.0,49.9,19.59,1,0,0,0.3862514756033553
1.0,155.0,15.84,1,0,0,0.46156106905240807
1.0,810.0,39.03,1,0,0,0.2512404291315667
1.0,12.98,15.1,1,0,0,0.38688733892149546
2.0,59.98,32.22,1,0,0,0.4415845034521558
1.0,889.0,28.8,1,0,0,0.1444350856817851
1.0,649.9,23.79,1,0,0,0.11815310237594565
1.0,18.0,7.78,1,0,0,0.47930881764868105
2.0,43.8,15.56,1,0,0,0.33104972551319745
1.0,92.0,13.3,1,0,1,0.517583060359033
1.0,15.9,17.63,1,0,0,0.4052045582707611
3.0,115.2,48.33,1,0,0,0.4292265939203937
1.0,13.49,7.87,1,0,0,0.4416733277423069
1.0,79.99,13.58,1,0,0,0.3362239272133248
1.0,29.0,15.1,1,0,0,0.44478496511457155
1.0,19.0,14.1,1,0,0,0.4362958412275565
1.0,319.9,28.56,1,0,0,0.37529945667925696
1.0,134.17,13.49,1,0,0,0.34780688665710713
1.0,29.99,16.79,1,0,0,0.41969684717589967
1.0,349.0,21.93,1,0,0,0.36147074220935177
1.0,176.99,27.56,1,0,0,0.26805563663397647
1.0,43.9,16.11,1,0,0,0.44926750659106185
1.0,109.9,26.05,1,0,0,0.33086163231363436
1.0,110.0,16.4,1,0,0,0.40024635054988145
2.0,43.8,44.12,1,0,0,0.3951914633141087
1.0,109.9,34.31,1,0,0,0.324579798168325
1.0,34.99,16.11,1,0,0,0.4625441257784799
1.0,90.0,15.38,1,0,1,0.5893727129834733
1.0,109.99,15.52,1,0,0,0.3697677612677017
1.0,58.99,16.73,1,0,0,0.470678196644715
1.0,88.0,15.72,1,0,0,0.4802050217503044
1.0,39.9,12.48,1,0,0,0.4417344499600291
1.0,59.9,23.35,1,0,0,0.2795068462622964
1.0,75.0,12.43,1,0,0,0.4520927489316182
1.0,53.99,7.78,1,0,0,0.4299069629082897
2.0,146.0,29.36,1,0,1,0.5415525437122551
1.0,186.97,34.97,1,0,0,0.36218261362383375
1.0,100.0,31.35,1,0,0,0.33443040463718365
1.0,191.4,49.87,1,1,0,0.2990747261745858
1.0,329.99,17.06,1,0,0,0.21149941639214018
1.0,169.9,31.94,1,0,0,0.3049332591037213
2.0,239.98,37.22,1,0,0,0.2754260078831851
1.0,59.9,14.59,1,0,0,0.416176873346445
2.0,59.98,14.78,1,0,0,0.34875893954733456
1.0,47.6,14.11,1,0,0,0.3935651234064157
1.0,39.99,15.1,1,0,0,0.46831082957734416
1.0,285.99,68.87,1,0,0,0.34452040120378985
1.0,290.0,13.42,1,0,0,0.2533741062102315
1.0,117.9,14.58,1,0,0,0.3580855910372531
1.0,49.9,34.11,1,0,0,0.4044484962403023
1.0,58.99,16.66,1,0,0,0.47102354257306106
1.0,29.9,18.31,1,0,0,0.2972676002910965
1.0,35.9,37.9,1,0,0,0.43252428911099333
1.0,57.9,18.29,1,0,0,0.24982280756593112
1.0,99.9,11.31,1,0,0,0.21425599847274104
1.0,125.0,12.37,1,0,0,0.32266829899094485
1.0,39.9,15.11,1,0,0,0.4658801022722553
2.0,109.8,18.06,1,0,0,0.40349835017652247
1.0,198.9,67.76,3,1,1,1.0
1.0,67.91,12.61,1,0,1,0.6227430755781648
1.0,48.9,18.23,1,0,0,0.2716074989405716
2.0,120.0,22.3,1,0,0,0.4336841030334894
1.0,85.0,12.59,1,0,0,0.4774673095600819
1.0,214.9,15.67,1,0,0,0.3476269888386345
1.0,106.9,0.0,1,0,0,0.00963957362303861
2.0,79.8,45.75,1,0,0,0.44094797072883607
2.0,99.8,33.58,1,0,0,0.4511514515158842
1.0,589.0,18.87,1,0,0,0.2324203725257923
1.0,44.0,18.23,1,0,0,0.2537844533970479
1.0,49.0,15.1,1,0,0,0.4168195117953109
1.0,189.0,24.25,1,0,0,0.4013524538196587
1.0,159.99,13.56,1,0,0,0.36613211223910946
1.0,239.0,17.43,1,0,0,0.419126291492125
1.0,225.0,19.65,1,0,0,0.307758614149526
3.0,539.97,70.71000000000001,1,0,0,0.48587139644889465
2.0,74.8,36.72,1,0,0,0.4067346120966928
1.0,99.9,16.26,1,0,0,0.35499486542938824
1.0,18.99,15.23,1,0,0,0.33312626343423396
1.0,99.9,20.19,1,0,0,0.20604572139124175
1.0,99.97,18.58,1,0,0,0.2231208336207516
1.0,89.9,16.6,1,0,0,0.4520545177023259
1.0,94.5,13.24,1,0,1,0.5023537812951717
1.0,166.89,21.66,1,1,0,0.40066770270736435
1.0,49.9,17.6,1,0,0,0.42697186726283365
1.0,27.9,7.87,1,0,0,0.36505373318177364
1.0,129.9,9.28,1,0,0,0.326471817025611
1.0,115.0,13.25,1,0,0,0.3633683018178388
1.0,29.99,8.29,1,0,0,0.39582000131320977
1.0,122.99,17.57,1,0,0,0.3377787639485929
1.0,38.99,14.1,1,0,0,0.44708793837098376
1.0,29.5,22.22,1,0,0,0.26171564215043336
1.0,149.9,21.54,1,0,0,0.4511994242278476
2.0,59.8,25.74,1,0,0,0.40171777897554417
1.0,92.0,13.66,1,0,0,0.46555421685077164
1.0,86.99,11.7,1,0,0,0.29520816632191715
1.0,29.99,7.78,1,0,0,0.40712747008579875
1.0,26.9,16.05,1,0,1,0.5049840543651231
1.0,59.99,15.3,1,0,0,0.3740367773026138
1.0,144.0,18.89,1,0,0,0.27078177222384725
1.0,32.99,16.6,1,0,0,0.4298838194126306
1.0,83.41,17.83,1,0,0,0.49117816406415804
1.0,40.5,12.79,1,0,0,0.29809368852276397
1.0,98.0,13.35,1,0,0,0.4606624547204518
1.0,94.9,15.87,1,0,0,0.44726744911603317
2.0,258.0,117.52,1,0,0,0.3686112604828733
1.0,69.9,0.0,1,0,0,0.04745360653759695
1.0,18.95,24.35,1,0,0,0.25053991451283525
1.0,87.9,17.55,1,0,0,0.37909868849728756
1.0,185.81,19.4,1,0,0,0.2302321187662891
1.0,55.0,7.65,1,0,0,0.06681745895021951
1.0,99.9,9.45,1,0,0,0.22913366716785466
1.0,165.0,19.84,1,0,0,0.3370223102616483
1.0,173.0,19.09,1,0,0,0.31652268531583855
1.0,228.0,8.86,1,0,0,0.27685293927294985
1.0,29.9,14.1,1,0,0,0.43005889102260964
1.0,89.8,41.27,1,0,0,0.3598097679935261
1.0,279.0,43.02,1,0,0,0.26881482531163187
1.0,110.0,18.02,3,1,1,1.0
1.0,89.99,9.0,1,0,1,0.5836519625037236
1.0,94.9,21.46,1,0,0,0.3402097759551793
1.0,39.99,14.1,1,0,0,0.44776401000189253
1.0,18.61,14.52,1,0,0,0.4202048224552721
1.0,219.0,16.28,1,0,0,0.32787142144160186
1.0,79.99,7.82,1,0,0,0.39045416674275885
1.0,15.99,8.88,1,0,0,0.41474285354026386
1.0,180.0,11.89,1,0,0,0.4178341538562957
1.0,58.0,46.94,1,0,0,0.3431275183526166
1.0,259.77,10.01,1,0,0,0.3499294126346017
1.0,21.99,14.1,1,1,0,0.4443583660551777
4.0,75.6,60.4,1,0,1,0.5630053077178395
1.0,32.9,14.1,1,0,0,0.4266866467055584
1.0,27.99,15.1,1,0,0,0.43602415438223857
1.0,105.0,15.53,1,0,0,0.3614619663125164
1.0,17.0,15.43,1,1,0,0.34643098261858907
2.0,145.98,46.18,1,0,0,0.38914376390558625
1.0,213.0,19.07,1,0,0,0.3188941932268118
1.0,45.9,37.04,1,0,0,0.403052060560217
1.0,100.0,14.79,1,0,0,0.34658510755479277
1.0,39.99,8.72,1,0,0,0.4139899820021816
1.0,149.99,27.59,1,0,0,0.23171504293533213
2.0,51.98,45.34,1,0,0,0.4895156002000719
1.0,196.0,11.98,1,0,0,0.47824279138039544
1.0,135.0,19.49,1,0,0,0.20585664967115733
3.0,34.89,42.3,1,1,0,0.4505429542300259
1.0,129.9,13.93,1,0,0,0.35544050723534254
1.0,57.5,15.15,1,0,0,0.4183760597418685
1.0,15.99,7.39,1,0,0,0.037290763451681246
1.0,39.9,13.37,1,0,0,0.36690205353390615
1.0,610.0,65.01,1,0,0,0.10088205630455577
1.0,59.0,11.91,1,0,0,0.43281029020852835
1.0,21.5,26.45,1,0,0,0.46489017591669374
2.0,340.0,42.92,1,0,0,0.47904804143762636
2.0,138.0,29.3,1,0,0,0.48824720683936607
1.0,37.4,11.73,1,0,0,0.42670108106652016
1.0,399.0,115.15,1,0,0,0.2789544130140836
1.0,69.9,18.29,1,0,0,0.24151577295645804
1.0,27.99,18.3,1,0,0,0.28153700150761357
1.0,97.0,13.78,1,1,0,0.42572538926656284
1.0,76.25,12.66,1,0,1,0.5347198527399497
1.0,119.0,15.28,7,1,1,1.0
1.0,109.9,25.61,1,0,0,0.32901516264366637
1.0,46.9,14.1,1,0,0,0.39182197162105115
1.0,99.9,14.43,1,0,0,0.3528633668380584
2.0,439.96,209.86,1,0,0,0.08041999726590507
1.0,124.85,14.21,1,0,0,0.3146858344768201
1.0,84.99,16.35,1,0,0,0.4945762007310757
1.0,58.99,11.73,1,1,0,0.43448072708663754
1.0,39.9,19.47,1,0,0,0.2800381032056236
1.0,31.9,17.06,1,0,0,0.43530835286260183
1.0,24.99,7.39,1,0,0,0.3137460385498941
1.0,42.49,12.79,1,0,0,0.32430106022474864
1.0,70.0,15.37,1,0,0,0.4681603315873112
1.0,53.0,21.17,1,0,0,0.4362850892201706
1.0,39.9,13.76,1,0,0,0.3284681977554871
1.0,19.9,8.27,1,0,0,0.43476158188085456
2.0,672.22,95.62,1,1,0,0.38996030872538984
2.0,133.1,29.56,1,0,1,0.5068808166636436
1.0,39.99,16.05,1,0,1,0.5508892430699531
1.0,272.01,18.83,1,0,0,0.3506018246118236
2.0,263.98,23.32,1,0,0,0.2779410537356786
1.0,119.9,13.18,1,0,0,0.3725121816928286
1.0,99.0,16.94,1,0,0,0.360087733076774
2.0,271.8,32.4,1,1,0,0.4709862621521845
1.0,29.0,7.78,1,0,0,0.4114624963538499
1.0,119.9,13.5,1,0,0,0.37024622897174975
1.0,45.99,15.1,1,0,0,0.4190502359221941
1.0,23.9,15.11,1,0,0,0.4201411995587781
1.0,50.0,19.54,1,0,0,0.08573429656618835
1.0,83.9,17.3,1,0,0,0.3693883646621732
1.0,49.0,25.38,1,0,0,0.3976490856366298
1.0,119.0,51.12,1,0,0,0.30853648876773077
1.0,199.0,24.26,1,0,0,0.4004888502616102
1.0,229.0,27.66,1,0,0,0.38134002649725846
2.0,230.0,29.12,1,0,0,0.4261880498778466
1.0,199.9,24.55,1,0,0,0.4198855077134341
1.0,47.64,22.26,1,0,0,0.24084334957736062
2.0,118.8,23.62,1,0,0,0.43297008902034634
1.0,149.0,15.79,1,0,0,0.32128754604417675
1.0,599.9,17.08,6,1,1,1.0
1.0,69.9,13.15,1,0,0,0.38117343357087663
1.0,119.9,18.09,1,0,0,0.3534551875253613
1.0,42.99,14.11,1,0,0,0.35569656058700005
1.0,19.9,12.48,1,0,0,0.4437760541938262
1.0,98.67,13.03,1,0,0,0.30793681624846714
1.0,110.0,62.44,1,0,0,0.34354953975226915
1.0,32.9,15.15,1,0,0,0.42029846118213193
1.0,135.0,12.45,1,0,0,0.33683101623960365
1.0,49.0,19.63,1,0,0,0.30381817130766353
1.0,109.9,38.32,1,0,0,0.330634359936281
1.0,269.0,10.7,1,0,0,0.30691884975674544
1.0,24.99,7.39,1,0,0,0.3137460385498941
1.0,129.99,29.84,1,0,0,0.34238017269704374
1.0,149.0,21.53,1,0,0,0.4404353880387324
1.0,6.8,18.23,1,0,0,0.2832580680920824
2.0,119.8,35.34,1,1,0,0.3847617918479975
1.0,38.0,20.71,1,0,0,0.356027512471396
1.0,39.9,22.67,1,0,0,0.3598093741930038
1.0,299.0,48.39,1,0,0,0.24828269043250348
1.0,129.99,21.54,1,0,0,0.42694166325615596
1.0,95.15,26.97,1,0,0,0.3015334162837991
1.0,85.0,17.84,1,1,0,0.44759296229757184
1.0,319.9,15.45,1,0,0,0.22555137383618865
2.0,159.8,28.58,1,0,1,0.555556522719394
1.0,349.97,25.03,1,0,0,0.23132006205209588
1.0,82.99,23.16,1,0,0,0.16253244313615642
1.0,149.9,21.89,1,0,0,0.4497094207090686
1.0,49.99,15.1,1,0,0,0.4161158777380788
1.0,700.0,68.59,1,0,0,0.19775110771286267
1.0,36.79,54.02,1,0,0,0.34277467560654107
2.0,259.0,39.43,1,0,0,0.3617773474293737
1.0,199.9,15.15,1,0,0,0.4461350789102835
1.0,79.94,22.88,1,0,0,0.2376345939491693
1.0,23.99,14.1,1,1,0,0.47006459019737806
1.0,149.99,14.07,1,0,0,0.29345077869111363
1.0,45.0,12.48,1,0,0,0.43186252198284053
,,,1,0,1,0.5676371073814253
1.0,8.99,7.39,1,0,0,0.07158288134180751
3.0,209.31,42.72,1,0,1,0.5145026185689439
1.0,56.0,9.7,1,1,0,0.43694873757599645
1.0,149.94,33.31,1,0,0,0.26311247142408395
1.0,179.99,45.72,1,0,0,0.25052899782846494
1.0,37.4,15.36,1,0,0,0.4367542797040711
1.0,95.9,42.95,1,0,0,0.4205676052724744
1.0,33.99,11.26,1,0,0,0.4249973453802182
1.0,68.9,15.23,1,1,0,0.39612221558805477
1.0,89.9,12.97,1,0,0,0.4969784437505996
1.0,157.5,9.4,1,0,0,0.3508222532507261
1.0,179.0,22.05,1,0,0,0.3788907245436033
1.0,16.99,15.1,1,0,0,0.42323871961234033
1.0,198.9,13.83,1,0,0,0.3788987246429478
1.0,12.98,7.78,1,0,0,0.4721713754073706
6.0,74.94,90.6,1,1,0,0.18461894732915599
2.0,559.8,23.84,1,0,0,0.4146616230740741
1.0,19.9,18.23,1,0,0,0.15688042095328103
1.0,45.0,15.42,1,0,0,0.4293371660483907
1.0,44.91,23.11,1,0,0,0.22587082434271474
2.0,48.9,33.53,1,0,0,0.4130239960614394
1.0,229.9,66.42,1,0,0,0.35092325021671467
2.0,553.78,38.38,1,0,1,0.5562122161335951
1.0,299.99,21.59,1,0,0,0.3625474807488398
,,,1,0,1,0.5676371073814253
1.0,59.9,16.18,1,0,0,0.45167663020463256
2.0,99.8,29.48,1,0,0,0.440019602188976
1.0,79.0,16.31,1,0,1,0.5518247859296733
1.0,13.9,16.05,1,1,1,0.6136065498203146
1.0,39.0,13.85,1,0,0,0.3329699247735681
1.0,27.9,18.23,1,1,0,0.34299655426223663
3.0,922.7,45.81,1,0,0,0.4500425289814247
2.0,49.5,17.44,1,0,0,0.2764427569222133
1.0,130.0,11.52,1,0,0,0.2852561410998254
1.0,12.9,17.06,1,0,0,0.372712800603389
1.0,597.9,21.44,1,0,0,0.2604252747773783
2.0,47.6,28.2,1,1,0,0.37929739429703113
1.0,32.98,15.1,1,0,0,0.4399666838483457
1.0,34.9,16.79,1,0,0,0.43224676432452097
1.0,13.99,7.78,1,0,0,0.45878947257060787
1.0,17.5,10.96,1,0,0,0.45128845675983476
1.0,20.0,9.27,1,0,0,0.4632449255423209
1.0,29.9,16.79,1,0,0,0.4241082790504235
2.0,79.98,30.46,1,0,0,0.44807434134098145
1.0,44.9,14.52,1,0,0,0.37239961415253947
1.0,169.99,16.4,1,0,0,0.3084738946808659
1.0,389.0,40.27,1,0,0,0.3014905382598977
1.0,29.9,15.1,1,0,0,0.4436085002978538
1.0,110.32,7.64,1,0,0,0.46773903397807826
2.0,189.8,35.82,1,0,1,0.5853208610520423
1.0,149.99,40.38,1,1,0,0.2558632498562678
1.0,80.9,12.7,1,0,1,0.6442921425938006
1.0,149.99,9.77,1,0,0,0.2530942512671249
1.0,45.0,8.82,1,0,0,0.4009984793380038
1.0,219.9,14.56,1,0,0,0.3690431200812597
1.0,119.0,15.71,1,0,0,0.35373045153173804
1.0,124.9,14.96,1,0,0,0.3374691047970385
1.0,43.63,14.1,1,1,0,0.35798357753067517
1.0,30.9,7.39,1,0,1,0.5858308972994869
1.0,44.9,8.72,1,0,0,0.3953863096083715
1.0,74.9,16.28,1,0,1,0.5547114341231484
1.0,89.99,15.38,1,0,1,0.5996212049653632
1.0,82.95,13.02,1,0,0,0.43661903163084637
1.0,61.9,16.87,1,0,1,0.5321523044753657
1.0,109.9,38.32,1,0,0,0.330634359936281
1.0,30.0,15.1,1,0,0,0.44053740822483967
1.0,152.0,26.34,1,0,0,0.29905502776380144
1.0,36.9,17.92,1,0,0,0.459572462068884
1.0,33.0,20.75,1,0,0,0.3805778148080037
1.0,48.99,21.15,1,0,0,0.34838820335798515
1.0,89.75,15.38,2,1,1,1.0
1.0,79.9,21.05,1,0,0,0.36585849912936313
3.0,104.7,54.03,1,0,1,0.5627250136765337
1.0,139.0,18.55,1,0,0,0.3263251100604425
5.0,35.0,36.95,1,0,0,0.398273629044329
1.0,139.99,14.73,1,0,0,0.3418493675123934
1.0,39.99,15.23,1,0,0,0.42530951867986855
1.0,700.0,115.43,1,0,0,0.2230030498557553
1.0,120.0,17.28,1,0,0,0.3301761264542487
1.0,29.9,14.1,1,0,0,0.43005889102260964
1.0,349.0,54.8,1,0,0,0.3099708211004073
2.0,197.99,32.38,1,0,1,0.5092563437961898
,,,1,0,1,0.5676371073814253
1.0,136.9,43.37,1,1,0,0.3290338611898094
1.0,95.0,17.92,1,0,0,0.3218786512793247
1.0,27.9,7.46,1,0,0,0.005246164817164093
1.0,26.99,14.1,1,0,0,0.4284186459642614
2.0,129.8,41.88,1,0,0,0.4288023147352003
1.0,80.0,23.36,1,0,0,0.18719994275422355
1.0,54.9,16.63,1,0,0,0.4742379102604547
1.0,52.9,18.47,1,0,0,0.2600271137792652
4.0,132.45999999999998,65.16,1,0,1,0.520357596876204
1.0,299.99,16.41,1,0,0,0.22947947103158242
1.0,44.9,16.11,1,0,0,0.4520592282995603
1.0,88.9,17.55,1,0,0,0.4398709940349921
1.0,110.0,18.65,1,0,0,0.2866278623626169
3.0,44.97,22.17,1,0,1,0.5177913100026891
1.0,448.89,14.64,1,0,0,0.26957460448418713
1.0,99.9,17.14,1,0,0,0.3698671107378997
1.0,99.9,42.99,1,0,0,0.34667837946881225
1.0,69.9,20.06,1,0,0,0.32489012540151774
1.0,119.9,17.03,1,0,0,0.3654350677658712
1.0,79.9,16.32,1,0,1,0.5558783855843396
1.0,77.0,18.64,1,0,0,0.31788679030805694
1.0,29.99,15.1,1,0,0,0.4375317102191416
1.0,27.99,7.78,1,0,0,0.37761790748810736
1.0,39.9,22.93,1,0,0,0.3496747460150433
1.0,59.9,11.73,1,0,0,0.43956680299001705
1.0,19.9,15.44,1,0,0,0.3524988890112248
1.0,84.0,13.25,1,0,0,0.3772951658463065
1.0,45.0,15.1,1,0,0,0.40194155894966216
1.0,19.9,9.43,1,0,0,0.4556130808707541
1.0,117.3,22.29,1,0,0,0.24333728534665378
2.0,25.98,28.2,1,0,0,0.2678035060298017
1.0,19.9,15.1,1,0,0,0.4372727634158048
1.0,35.0,22.93,1,0,0,0.34940704299944403
1.0,99.9,21.78,1,0,0,0.3245000459803532
1.0,245.4,33.51,1,0,0,0.34686773009862065
1.0,38.9,11.85,1,0,0,0.4335566895731001
1.0,187.9,24.19,1,0,0,0.41129275146302674
1.0,12.9,15.1,1,0,0,0.39561478484457835
1.0,239.99,14.23,1,0,0,0.3269861236411281
2.0,78.0,68.3,1,0,1,0.5340717926283197
1.0,118.0,27.81,1,0,0,0.2875365821106029
1.0,189.9,35.13,1,0,0,0.3953984714022613
1.0,53.89,21.18,1,0,0,0.440926271800008
1.0,65.9,18.34,1,0,0,0.25546692169738133
1.0,18.9,12.48,1,0,0,0.4435806490325194
1.0,160.0,13.03,1,0,0,0.3841359169989946
1.0,301.0,17.87,1,0,0,0.47018638374185334
4.0,264.84000000000003,77.53,1,0,0,0.49525079495935886
1.0,49.65,17.6,1,0,0,0.42697186726283365
1.0,69.9,12.62,1,0,1,0.5351616976279594
1.0,129.9,73.5,1,0,0,0.35017525797324417
1.0,25.99,10.96,1,0,0,0.4285661442434663
1.0,33.0,16.11,1,0,0,0.461909845435561
1.0,39.9,7.54,1,0,0,0.11519434599689132
1.0,56.99,8.72,1,1,0,0.4136877586327536
1.0,72.0,15.9,1,0,1,0.5068370942724623
1.0,249.99,124.74,1,0,0,0.22851743011152328
1.0,149.0,29.97,1,0,0,0.35463513961307114
1.0,150.0,88.56,1,0,0,0.21455435561181319
1.0,55.0,13.05,1,0,0,0.3749216499407803
1.0,79.9,7.81,1,0,0,0.4025153874091322
1.0,417.9,27.48,1,0,0,0.34978177459480714
1.0,99.0,17.94,1,0,0,0.33496130334081564
1.0,99.9,17.18,1,0,0,0.3745900977963993
1.0,49.9,22.28,1,0,0,0.25781125704270785
1.0,98.99,33.14,1,0,0,0.2888023016242425
1.0,130.0,9.82,1,0,0,0.32370950288885614
1.0,69.9,16.93,1,0,1,0.5232079710857971
1.0,27.99,14.1,1,0,0,0.42367835439108725
2.0,215.74,28.98,1,0,0,0.4704770187870077
1.0,10.9,8.72,1,1,1,0.8891727979131302
1.0,44.99,14.52,1,0,0,0.3855432540742461
1.0,19.49,18.24,1,0,1,0.5114670694088795
1.0,139.9,15.15,1,0,0,0.34142780430543945
1.0,55.99,18.49,1,0,0,0.25186236458636385
1.0,109.0,21.58,1,0,0,0.40270109491488026
3.0,1037.85,112.95,1,0,0,0.23617247094779575
1.0,85.0,12.09,1,0,0,0.3194258254892507
1.0,99.9,16.95,1,0,0,0.3683864119078345
1.0,100.0,19.89,1,0,0,0.22888716343875407
1.0,59.99,13.54,1,0,0,0.32975674681725664
1.0,17.5,8.29,1,0,0,0.40473033609274767
1.0,60.0,16.67,1,0,0,0.4591429543829385
1.0,11.9,15.1,1,0,0,0.44995891937439325
1.0,39.9,26.99,1,0,0,0.43131737270170845
1.0,119.5,17.09,1,0,0,0.36484674514241683
1.0,646.2,28.83,1,0,0,0.17530592580578636
1.0,279.99,22.59,1,0,0,0.36309099447963894
1.0,130.0,17.16,1,0,0,0.32966388843972594
1.0,50.9,12.7,1,0,1,0.5151856295647883
1.0,69.9,12.43,1,0,0,0.43902408127786724
1.0,76.0,14.62,1,0,0,0.3879556590014102
1.0,107.9,9.57,1,0,0,0.3074792906662479
2.0,220.64,16.06,1,0,0,0.19545014304085223
2.0,49.8,17.28,1,0,0,0.177723470624667
1.0,69.0,13.08,1,0,0,0.3667599780918965
1.0,199.99,25.05,1,0,0,0.34144180715828304
1.0,34.9,16.11,1,0,0,0.4625441257784799
1.0,89.9,15.38,1,0,1,0.5942572858010134
1.0,89.99,16.39,1,0,1,0.5384960967765631
1.0,34.9,15.34,1,0,0,0.32643585233743055
1.0,52.9,19.56,1,0,0,0.09926958320166565
1.0,27.99,10.96,1,0,0,0.42287245641293497
1.0,39.9,14.1,1,0,0,0.4487027603866264
1.0,34.9,15.1,1,0,0,0.44060096419126454
1.0,45.99,15.1,1,0,0,0.4190502359221941
1.0,119.9,14.59,1,0,0,0.36620687129457946
2.0,184.0,42.88,1,0,0,0.47534342014866504
1.0,89.0,7.97,1,0,0,0.42400607518351563
1.0,19.65,12.79,1,0,0,0.3181842069482313
2.0,59.8,25.74,1,0,0,0.40171777897554417
1.0,248.99,60.29,1,0,0,0.31382386487685626
1.0,52.9,12.62,1,0,1,0.5106367668755537
1.0,59.9,35.93,1,0,0,0.40057875323141495
1.0,29.99,25.63,1,0,0,0.4746067386507628
1.0,49.99,9.34,1,0,0,0.4394200090996614
1.0,109.9,21.57,1,0,0,0.4627170644514454
1.0,348.79,17.19,1,0,0,0.26638246960717565
3.0,40.5,45.3,1,0,1,0.6669025958305596
1.0,118.0,8.08,1,0,0,0.32928278830102625
1.0,249.0,16.84,1,0,0,0.31691117199435215
1.0,109.9,14.37,1,0,0,0.32609571201701215
1.0,379.9,16.83,1,0,0,0.22893328527106155
1.0,179.9,10.07,1,0,0,0.3736291454244664
4.0,499.6,76.6,1,0,1,0.5341398357718026
1.0,410.0,18.83,1,0,0,0.33202588604937927
1.0,50.0,8.88,1,0,0,0.40710890680229694
1.0,89.9,16.26,1,0,1,0.5278551927132316
2.0,75.0,32.22,1,0,0,0.4678854268759804
1.0,72.0,17.75,2,1,1,1.0
1.0,56.99,8.72,1,0,0,0.4136877586327536
1.0,99.9,15.8,1,0,0,0.35130089048493224
1.0,59.99,8.88,1,0,0,0.42312687167951135
6.0,1014.0,177.48,1,0,1,0.8923325224521382
1.0,69.9,17.74,1,0,0,0.4780985640983793
2.0,239.8,24.46,1,0,0,0.3187114900981199
1.0,586.0,21.98,1,0,0,0.241465485531742
3.0,38.97,45.33,6,1,1,0.9933333333333333
1.0,680.0,88.62,1,0,0,0.23918067440406826
1.0,49.9,14.52,1,0,0,0.4096354382415655
3.0,456.8,50.96,5,1,1,1.0
1.0,58.67,15.29,1,0,0,0.3769760958276378
1.0,89.0,18.72,1,0,0,0.20760828279261884
1.0,13.99,7.78,1,0,0,0.45878947257060787
2.0,70.0,30.36,1,0,0,0.4578991669557009
1.0,109.9,19.74,1,0,0,0.294857066762384
1.0,89.9,17.88,1,1,1,0.5669409744949782
1.0,59.0,19.65,1,0,0,0.277242393220094
2.0,69.98,36.45,1,1,0,0.38497261179563064
1.0,64.9,13.47,1,0,0,0.3275892483077444
2.0,168.0,34.06,1,0,0,0.3453594268490511
1.0,99.9,12.65,1,0,0,0.34542058238249274
2.0,229.8,27.64,1,0,0,0.41911072014497264
1.0,89.9,14.71,1,0,0,0.3528761546079911
1.0,79.9,13.58,1,0,0,0.3289891142228561
1.0,24.89,15.1,1,0,0,0.46022497300716375
1.0,29.7,29.46,1,0,0,0.43934247233213664
2.0,196.6,83.84,1,1,0,0.32242715328879296
1.0,21.6,7.41,1,0,0,0.003152663508243277
1.0,49.0,18.23,1,0,0,0.2596802696576807
1.0,89.9,32.43,1,0,0,0.37916897564120045
1.0,19.0,7.88,1,0,0,0.44857814309626604
1.0,89.9,23.91,1,0,0,0.4187928665976632
1.0,119.99,34.2,1,0,0,0.31903458505594884
1.0,79.0,15.3,1,0,0,0.3609054783601947
1.0,59.99,16.18,1,0,0,0.43541799851785346
1.0,60.0,16.12,1,0,0,0.4573963973507116
1.0,132.68,24.75,1,0,0,0.272805716404793
1.0,226.77,61.2,1,0,0,0.3358529896870558
1.0,723.74,17.02,1,0,0,0.23066197929595816
1.0,49.0,17.64,1,0,0,0.4907201719899166
1.0,49.9,13.01,1,0,0,0.37327300403056296
1.0,45.0,12.98,1,0,0,0.34215573495594637
2.0,173.8,126.97,1,0,0,0.32185382518082933
6.0,179.94,56.04,1,0,0,0.45124727691149125
1.0,69.5,13.15,1,0,0,0.36099377905832036
1.0,35.0,24.35,1,1,0,0.3731270319144589
1.0,19.9,7.4,1,0,0,0.07263356404135811
1.0,191.4,31.2,1,0,0,0.4278810408090833
1.0,49.9,17.92,1,0,0,0.488824029853747
1.0,298.0,14.52,1,0,0,0.2614483407204397
3.0,179.7,53.010000000000005,1,0,0,0.4457948793072127
1.0,99.99,9.23,1,0,0,0.21861633332950212
1.0,109.9,29.17,1,0,0,0.3383030691042189
1.0,149.8,19.29,11,1,1,1.0
1.0,71.99,12.0,1,0,0,0.43701186136986453
1.0,115.0,19.05,1,0,0,0.28047843365355474
1.0,325.0,10.47,1,0,0,0.2196645268510135
1.0,99.9,17.95,1,0,0,0.3176070724508967
1.0,130.0,12.61,1,0,0,0.3328038165597885
1.0,62.8,15.19,1,0,0,0.4077393827518154
1.0,849.0,23.52,1,0,0,0.09876164556731534
1.0,75.9,13.89,1,0,0,0.3085667760711429
1.0,64.99,20.9,1,0,0,0.3646832254847638
1.0,88.9,12.75,1,0,0,0.49733762778357865
1.0,108.9,23.56,1,0,0,0.21391371247663746
1.0,126.99,14.49,1,0,0,0.33092533805047697
1.0,329.0,38.99,1,0,0,0.27034872169722385
1.0,44.9,16.05,1,0,1,0.5418335324761236
1.0,69.9,16.25,1,0,1,0.5604267480009151
1.0,89.9,15.38,1,0,1,0.5942572858010134
1.0,87.9,13.64,1,0,0,0.3363509691460321
1.0,220.0,17.3,1,0,0,0.4366667923162028
1.0,53.99,11.88,1,0,0,0.434465533202438
1.0,425.0,18.73,1,0,0,0.3568859521161027
1.0,36.75,15.11,1,0,0,0.43753107425226434
1.0,225.0,27.0,1,0,0,0.39475521125770724
1.0,56.99,27.25,1,0,0,0.3392747273633783
1.0,179.9,71.25,1,0,0,0.23285857052067666
2.0,229.98,37.29,1,0,0,0.297682731111691
1.0,149.99,23.41,1,0,0,0.23606292277081872
1.0,54.9,16.14,1,0,0,0.48207324550993536
1.0,99.9,23.57,1,0,0,0.22361095214179305
1.0,169.99,43.6,1,0,0,0.31012086129213096
1.0,145.0,21.46,1,1,0,0.42230143848988033
1.0,48.9,18.63,1,1,0,0.278042757250938
2.0,109.8,30.26,1,0,0,0.3955349438121493
1.0,260.0,35.18,1,0,0,0.29216015292345665
1.0,133.2,27.25,1,0,0,0.30729546317920803
1.0,13.65,21.15,1,0,0,0.21927830419938932
1.0,99.9,23.5,1,0,0,0.22477513124627066
1.0,124.17,17.8,1,0,0,0.31835457907240744
1.0,29.0,12.69,1,0,1,0.5091523725670672
1.0,108.0,15.52,1,0,0,0.3111454500037813
1.0,104.9,16.98,1,0,0,0.37749556124998346
1.0,219.9,16.64,1,0,0,0.36577606100954146
1.0,80.99,14.66,1,0,0,0.4354257987001871
1.0,329.9,20.19,1,0,0,0.3852141194657808
1.0,59.15,17.98,1,0,0,0.3921281840323998
1.0,82.99,19.12,1,0,0,0.2172026427459894
1.0,50.5,16.6,1,0,0,0.43863183213817575
2.0,109.0,29.36,1,0,0,0.3955503654518873
1.0,460.0,77.8,1,0,0,0.30712313022948534
1.0,24.99,18.23,1,0,0,0.12777888071908589
1.0,69.9,12.83,1,0,0,0.4019008382610347
1.0,95.9,32.0,1,0,0,0.4041680379712736
1.0,53.9,13.46,1,0,0,0.3297041384582343
1.0,39.9,18.23,1,0,0,0.281560851376136
1.0,199.9,8.98,15,1,1,1.0
1.0,125.0,19.84,1,0,0,0.24566089479306602
1.0,99.0,47.4,1,0,0,0.389767441331276
1.0,58.9,15.17,1,0,0,0.4235869035063884
1.0,1299.9,38.51,1,0,0,0.1812711541201664
1.0,16.44,19.32,1,0,0,0.12084677242393745
1.0,110.0,14.13,1,0,0,0.3704180318688389
1.0,19.9,34.15,1,0,0,0.3985927311841659
1.0,149.9,51.77,1,0,0,0.3230918128473614
1.0,120.0,17.09,1,0,0,0.33519311531781015
1.0,149.0,18.92,1,0,0,0.2954849594431205
1.0,188.9,19.91,1,0,0,0.35991899354701995
1.0,296.0,33.87,1,0,0,0.26229296570490657
1.0,79.99,15.44,1,0,0,0.31556689348626216
1.0,86.9,13.68,1,0,0,0.34032051932982743
1.0,22.99,8.72,1,0,0,0.3982365655411774
1.0,1648.0,254.55,1,0,0,0.14773389501809656
1.0,49.0,11.85,1,0,0,0.4313913088318721
6.0,359.4,106.02,1,0,0,0.351834256659423
2.0,49.8,30.2,1,0,1,0.5024822204693594
1.0,61.0,15.64,1,0,0,0.4302062912246429
1.0,109.9,13.11,1,0,0,0.3305196745393294
1.0,35.9,11.15,1,0,0,0.42303143513860636
1.0,179.9,23.01,1,0,0,0.3053751773989848
2.0,233.8,31.84,1,0,0,0.49057479381763464
1.0,129.9,16.61,1,0,0,0.36288697843949314
1.0,58.0,16.17,1,0,0,0.46912493794994664
1.0,849.0,174.95,1,0,0,0.23782813418396534
1.0,79.9,19.1,1,0,0,0.3240128602851294
2.0,57.98,35.0,1,0,0,0.4333765415634676
1.0,155.0,9.28,3,1,1,1.0
1.0,59.9,17.13,1,0,0,0.41251589907939995
1.0,270.0,36.99,1,0,0,0.27716761136460216
2.0,65.8,36.46,1,0,0,0.37736432683440446
1.0,98.0,36.01,1,0,0,0.41772774821802316
1.0,14.5,15.23,1,0,0,0.3005254285545363
1.0,858.9,17.92,1,0,0,0.1912878814409454
1.0,99.9,21.19,1,0,0,0.3260426034396316
1.0,135.9,29.35,1,0,0,0.34837976572143026
1.0,99.99,16.95,1,0,0,0.36893118306856215
1.0,84.9,14.32,1,0,0,0.34482987419504546
1.0,69.9,14.66,1,1,0,0.41980407484831955
1.0,101.75,23.29,1,0,0,0.26735554167973463
1.0,89.99,9.44,1,1,1,0.6013008434299644
2.0,320.0,26.5,1,0,0,0.2906762479789492
1.0,117.0,12.32,1,0,0,0.3675392249046148
1.0,64.9,15.33,3,1,1,1.0
2.0,37.98,29.04,1,0,0,0.4356333335725567
1.0,79.9,23.36,1,0,0,0.306963929159096
1.0,46.0,10.96,1,0,0,0.4366234142393827
1.0,49.9,22.28,1,0,0,0.25781125704270785
1.0,110.32,8.35,1,0,0,0.3395092537911741
1.0,229.0,17.23,1,1,0,0.3978255936651391
1.0,58.67,19.6,1,0,0,0.2764275503774872
1.0,259.0,19.64,1,0,0,0.2839337630539849
1.0,119.85,15.15,1,0,0,0.36144944485448427
1.0,449.0,70.22,1,0,0,0.30303716463727587
1.0,19.99,14.52,1,0,0,0.44885684817908944
1.0,36.99,11.85,1,0,0,0.42410398539028493
1.0,89.9,17.06,1,1,1,0.5204817091850044
1.0,65.0,12.7,1,0,1,0.5412981382314673
1.0,49.99,18.45,1,0,0,0.2547760567974539
1.0,119.9,18.09,1,0,0,0.3534551875253613
1.0,39.9,8.72,1,0,0,0.4139899820021816
1.0,59.9,19.66,1,0,0,0.4172820594413882
2.0,59.98,37.54,1,0,0,0.3711008024024891
1.0,139.99,36.84,1,0,0,0.32998034856710673
1.0,348.8,16.19,1,0,0,0.2304148454392708
2.0,278.0,54.58,1,0,0,0.40043525822930537
1.0,160.0,12.14,1,0,0,0.3995699867830861
1.0,47.33,16.11,1,0,0,0.4516544408571778
1.0,64.0,14.03,1,0,0,0.3314647463059678
1.0,18.95,12.48,1,0,0,0.44383087019680106
2.0,61.8,25.58,1,0,0,0.43833627696583166
1.0,13.65,11.85,1,0,0,0.4037314702894981
1.0,169.0,36.31,1,0,0,0.3267128888651493
1.0,29.5,23.22,1,0,0,0.27980831132518924
1.0,54.9,14.55,1,0,0,0.4112649504474841
1.0,239.9,28.96,1,0,0,0.40178840092881196
1.0,20.3,11.85,1,0,0,0.45315641183288136
2.0,249.8,29.66,1,0,0,0.36647856440467164
1.0,25.9,35.67,1,0,0,0.369945510752671
1.0,89.5,13.75,1,0,0,0.49259059267892963
1.0,89.9,42.66,1,0,0,0.3679521722939077
1.0,45.0,15.23,1,0,0,0.38449612152956586
1.0,21.9,7.39,1,0,0,0.045240610860090014
1.0,128.9,20.0,1,0,0,0.2349007987647229
1.0,69.9,15.24,1,0,0,0.4283950751924322
1.0,174.9,16.85,1,0,0,0.3494983103594249
1.0,99.9,9.51,1,0,0,0.2286778267120142
1.0,179.0,82.07,1,0,0,0.21902103336719714
1.0,69.0,14.23,1,0,0,0.3953266959380578
1.0,149.9,14.64,1,0,0,0.34521700889699064
1.0,58.99,17.32,1,0,0,0.4217311316793014
1.0,20.0,8.29,1,0,0,0.4092596656976842
1.0,299.9,16.27,1,0,0,0.22217394432070042
1.0,85.0,22.3,1,0,0,0.3056927972828136
1.0,23.99,7.78,1,0,1,0.53432292661141
1.0,94.99,17.53,1,0,0,0.3295532730216783
1.0,22.9,29.55,1,0,0,0.40020574824063304
1.0,19.99,16.79,1,0,0,0.4074763806421362
1.0,75.0,44.45,1,0,0,0.37921227144480874
1.0,635.9,38.97,1,0,0,0.156406298648997
1.0,129.9,18.8,1,0,0,0.2749701287783695
1.0,219.0,10.04,1,0,0,0.3327730987644673
1.0,399.0,18.55,1,0,0,0.32737812405694944
1.0,24.99,11.85,1,0,0,0.4585296191019999
1.0,24.99,7.39,1,0,0,0.3137460385498941
1.0,19.9,16.79,1,0,0,0.405032835846471
1.0,64.8,27.18,1,0,0,0.28980842151562597
1.0,492.0,19.65,1,0,0,0.33729725540907546
1.0,27.9,15.1,1,1,0,0.43892364414447343
1.0,233.35,22.12,1,0,0,0.36497137904172844
1.0,70.9,15.94,1,0,1,0.5144688589202152
1.0,65.0,17.73,1,0,0,0.43757086005975204
1.0,64.9,9.27,1,0,0,0.44006429468345565
3.0,297.0,37.8,1,0,0,0.48084444400689846
2.0,24.98,30.2,1,0,0,0.15917076643913708
1.0,43.0,16.79,1,0,0,0.4464463516935119
1.0,55.49,15.14,1,0,0,0.41890193389053076
1.0,44.9,8.82,1,0,0,0.395778328224531
1.0,149.8,11.67,1,0,0,0.3982616479309422
1.0,29.99,8.11,1,0,0,0.40179750291912125
1.0,79.9,8.85,1,0,0,0.41430245864407605
1.0,28.9,9.51,1,0,0,0.434087467792577
2.0,398.0,32.28,1,0,1,0.5525026578110065
1.0,89.99,64.05,1,0,0,0.27609468928721276
1.0,20.0,12.8,1,0,0,0.3225424430400209
1.0,299.9,20.64,1,0,0,0.3633264509490792
1.0,22.9,18.26,1,0,0,0.10438577530372692
1.0,26.9,7.45,1,0,0,0.02894894877838846
1.0,18.9,7.39,1,0,0,0.05582443140020547
1.0,122.99,15.74,1,0,0,0.3048068645307753
1.0,28.9,15.79,1,0,0,0.4028528372023213
1.0,109.9,18.94,1,0,0,0.26079090751808526
1.0,144.99,11.64,1,0,0,0.3773097388807974
1.0,299.99,22.59,1,0,0,0.3419212725856016
1.0,119.85,11.86,1,0,0,0.4140967547990517
1.0,65.5,16.22,1,0,1,0.5656827997084447
1.0,379.99,14.16,1,0,0,0.29334943378307754
1.0,40.8,16.92,1,0,0,0.42707696188491856
1.0,99.9,21.19,1,0,0,0.3260426034396316
1.0,88.0,14.37,1,0,0,0.4287133903835585
1.0,149.9,13.34,1,0,0,0.3295173754769497
1.0,99.99,17.95,1,0,0,0.3146308617228917
1.0,76.0,16.72,1,0,0,0.47123863398741456
1.0,69.9,35.81,1,0,0,0.3174257982660546
1.0,119.94,21.85,1,0,0,0.27354151725887665
1.0,69.9,9.18,1,0,0,0.4324798704385995
1.0,99.0,69.57,1,1,0,0.347376657585215
1.0,11.99,15.65,1,0,0,0.37062048092253835
1.0,28.9,22.06,1,0,0,0.17882720175642522
1.0,215.49,13.01,1,0,0,0.41844078029284293
1.0,1050.0,321.88,1,0,0,0.1764198201040167
1.0,49.9,9.1,2,1,1,1.0
2.0,220.64,34.129999999999995,1,0,0,0.3549100706683467
1.0,18.9,12.48,1,0,0,0.4435806490325194
1.0,139.9,26.21,1,0,0,0.32467650123657865
1.0,19.99,7.78,1,0,0,0.4901219761289066
1.0,819.0,29.93,1,0,0,0.23202436434609983
1.0,89.99,45.09,1,0,0,0.2736150759177601
2.0,136.18,32.48,1,0,1,0.5105483225684565
1.0,29.49,9.44,1,0,0,0.4429414007863446
1.0,69.99,14.24,1,1,0,0.402237155121181
1.0,199.0,0.0,1,0,0,0.4954901549243507
1.0,55.0,7.78,1,0,0,0.43032781926596364
1.0,14.49,18.23,2,1,1,1.0
1.0,39.9,18.08,1,0,0,0.23962124895854855
1.0,299.0,9.35,1,1,0,0.3713042575894555
1.0,18.5,8.27,1,0,0,0.4357029803679556
1.0,57.39,9.34,1,0,0,0.4413397281521115
4.0,132.0,77.28,1,0,1,0.5269679301105455
1.0,229.0,96.41,1,1,0,0.3441836003032926
1.0,54.9,25.66,1,0,0,0.41132188191709224
1.0,39.99,8.29,1,0,0,0.4125573302661515
2.0,129.0,28.4,1,0,0,0.4965451660871256
1.0,78.0,23.05,1,0,0,0.2770484968337467
1.0,119.0,18.93,1,0,0,0.2686161905018347
1.0,120.0,8.1,1,1,0,0.33893302379878487
1.0,99.0,23.19,5,1,1,1.0
1.0,95.99,22.49,1,0,0,0.32625832638019037
1.0,74.9,7.78,1,0,0,0.4148734574540659
1.0,99.99,56.16,1,0,0,0.3436760389108417
1.0,29.9,8.72,1,0,0,0.40036411133649
1.0,119.9,11.86,1,0,0,0.4140967547990517
1.0,60.0,12.76,1,0,1,0.5081053306994114
1.0,13.65,7.78,1,0,0,0.46663945425457637
1.0,205.0,26.27,1,0,0,0.45565031373445786
1.0,60.0,18.3,1,1,0,0.24982280756593112
1.0,118.9,36.15,2,1,1,1.0
1.0,139.0,82.82,1,0,0,0.346553232298196
2.0,368.0,36.44,1,0,0,0.2012403707839631
1.0,149.99,19.29,1,0,0,0.19799375469222297
1.0,99.9,0.0,1,0,0,0.002092274678111588
1.0,88.34,16.25,1,0,0,0.46614356761505593
2.0,79.98,30.2,1,0,0,0.43521808441469007
1.0,110.99,33.23,1,0,0,0.33404598459042023
1.0,24.99,18.23,1,0,0,0.12777888071908589
1.0,37.0,14.52,1,0,0,0.434816974436543
1.0,29.8,8.82,1,0,0,0.4012866276097831
1.0,69.9,16.46,1,0,1,0.545175426248842
2.0,174.0,27.46,1,0,1,0.5529505172196542
1.0,59.9,16.18,1,0,0,0.45167663020463256
1.0,45.99,21.15,1,0,0,0.3374654925898091
1.0,119.9,43.07,1,0,0,0.3278381847464935
1.0,99.9,16.29,1,0,0,0.35625385823514366
1.0,29.99,12.79,1,0,0,0.3194605130006147
1.0,82.49,8.74,1,0,0,0.4602626400944259
1.0,229.69,24.19,1,0,0,0.3061139403987362
1.0,64.99,14.62,1,0,0,0.41293805538466655
1.0,209.99,46.48,1,0,0,0.3030262019442375
2.0,107.8,82.82,1,0,0,0.28816860074948225
1.0,85.0,8.95,1,0,0,0.325136939996591
1.0,12.49,10.96,1,0,1,0.54084072893042
1.0,32.99,22.93,1,0,0,0.3539232393177209
1.0,21.99,7.78,1,0,0,0.49803519768292676
2.0,127.8,30.4,1,0,1,0.5002055312370718
1.0,129.0,18.15,1,0,0,0.33534122503222263
2.0,154.0,15.73,1,0,1,0.7678095955023833
1.0,27.5,7.45,1,0,0,0.04887268352124745
1.0,349.9,19.7,1,0,0,0.2994121300291196
1.0,139.0,18.22,1,0,0,0.29867172769220135
1.0,49.9,8.27,1,0,0,0.4083149012575574
1.0,265.0,16.96,1,0,0,0.252297664333298
1.0,99.9,26.78,1,0,0,0.3687239477086457
1.0,29.7,16.4,1,0,0,0.3930879684269964
1.0,114.9,43.21,1,0,0,0.3054102322423884
1.0,89.9,18.21,1,0,0,0.12770402033511116
1.0,144.99,31.66,1,0,0,0.3400943720572448
1.0,79.99,8.91,1,0,0,0.420959390848467
1.0,11.6,8.4,1,0,1,0.5130887260252751
1.0,256.0,20.76,1,0,0,0.33371806865137205
1.0,56.1,19.36,1,0,0,0.3610785810192436
1.0,79.9,25.84,1,0,0,0.36196813353947477
1.0,130.0,16.01,1,0,0,0.31430850064475047
1.0,25.9,7.78,1,0,0,0.37976652256602533
1.0,69.99,8.65,1,0,0,0.40910844600461665
1.0,89.9,13.65,1,0,0,0.43324732704013114
1.0,35.0,14.52,1,0,0,0.4387590906801666
1.0,209.0,46.93,1,0,0,0.30757003253354176
2.0,50.0,36.46,1,0,0,0.45565829935296753
1.0,159.99,36.44,1,0,0,0.3184129807258185
1.0,27.99,7.78,1,0,0,0.37761790748810736
1.0,24.9,10.96,1,0,0,0.46249979838491934
,,,1,1,1,0.5676371073814253
1.0,69.9,20.98,1,0,0,0.3714951819346446
1.0,122.99,14.61,1,0,0,0.3173550784534548
1.0,99.99,17.14,1,0,0,0.3704118818986274
1.0,139.9,26.26,1,0,0,0.3216601549369125
1.0,69.9,15.24,1,0,0,0.4283950751924322
1.0,55.99,8.29,1,0,0,0.41175032400455647
1.0,44.9,12.79,1,0,0,0.3122586194631261
1.0,127.9,27.22,1,0,0,0.29372844551086336
1.0,49.0,16.32,1,0,0,0.43362851771269656
1.0,54.9,19.87,1,0,0,0.3440183033778489
1.0,53.9,16.07,1,0,0,0.4005679972208797
2.0,519.8,48.28,1,0,1,0.5337262802107379
2.0,89.98,23.46,1,0,0,0.38595996956218165
1.0,339.0,27.65,1,0,0,0.35144189334112447
1.0,25.49,15.23,1,0,0,0.3295127553398157
1.0,29.5,24.84,1,0,0,0.27612770524299296
1.0,37.9,15.1,1,0,0,0.433640460827287
1.0,49.9,11.85,1,0,0,0.4313913088318721
1.0,145.9,20.51,1,0,0,0.3241526168365982
1.0,379.0,31.03,1,0,0,0.32084456031643643
1.0,15.0,21.15,1,0,0,0.25890075472713286
1.0,90.0,14.05,1,0,0,0.417452698047936
1.0,34.9,18.59,1,1,0,0.24414731386884417
1.0,179.91,15.01,1,0,0,0.39797363692603993
1.0,74.9,14.27,1,0,0,0.40715206914876023
1.0,69.99,9.24,1,0,0,0.42899886861963116
1.0,59.9,15.18,1,0,0,0.42535051473897284
1.0,17.99,16.11,1,0,0,0.4439356952589526
1.0,194.65,10.18,1,0,0,0.38417846501947983
1.0,579.9,18.81,1,0,0,0.23384045940615006
2.0,263.98,43.0,1,0,0,0.4096081663378291
1.0,37.9,15.1,1,0,0,0.433640460827287
1.0,79.99,18.84,1,0,0,0.310972362400753
1.0,20.0,9.94,1,0,0,0.45620539220571904
1.0,488.99,23.91,1,0,0,0.26821788612302583
1.0,126.6,17.62,1,0,0,0.3076197185284489
1.0,149.0,37.95,1,0,0,0.3364356301060359
2.0,139.8,30.08,1,0,0,0.4866116146940774
1.0,65.99,11.73,1,0,0,0.4347923075605515
1.0,79.9,14.29,1,0,0,0.3659232102082957
1.0,37.8,12.93,1,0,0,0.3564118048139928
1.0,289.9,10.84,1,0,0,0.2519442043281839
1.0,17.0,11.85,1,0,0,0.4473182774769153
1.0,115.0,13.83,1,0,0,0.3645915423304154
1.0,51.5,9.15,1,0,0,0.4209527104530413
1.0,169.0,42.16,1,0,0,0.3372223284566107
1.0,177.0,34.78,1,0,0,0.253647817348156
1.0,3399.99,126.47,1,0,1,0.5156377499491348
1.0,64.99,15.33,1,1,0,0.46150504823772337
1.0,99.99,11.79,1,0,0,0.25545062151983244
1.0,119.85,23.64,1,0,0,0.2305684624729507
1.0,899.0,89.48,1,0,0,0.2142728321819136
1.0,368.9,27.42,1,0,0,0.3404526961348181
1.0,139.9,27.96,1,0,0,0.3210964209613992
1.0,129.0,18.78,1,0,0,0.2530238356137788
1.0,79.99,23.14,1,0,0,0.17080683783387665
2.0,64.99000000000001,42.25,1,0,0,0.47881350948030454
1.0,90.98,15.39,1,0,1,0.5525779246730714
1.0,129.99,20.88,1,0,0,0.3390089991438495
1.0,99.8,23.2,1,0,0,0.32635434316805456
1.0,148.99,17.48,1,0,0,0.3354821813857132
1.0,107.0,25.59,1,0,0,0.35042074936709733
2.0,58.8,25.38,1,0,0,0.44391788259364395
1.0,139.9,10.39,1,0,0,0.31904609718895577
1.0,29.99,15.23,1,0,0,0.37001578731748985
1.0,279.0,14.39,1,0,0,0.29942282928847563
1.0,119.99,13.86,1,0,0,0.35479320541106946
1.0,120.0,26.92,1,0,0,0.30350609481878915
1.0,197.99,16.14,1,0,0,0.48916151924077345
1.0,89.9,36.29,1,0,0,0.38405024107401364
1.0,64.9,20.18,1,0,0,0.37975690764081244
1.0,119.9,12.23,1,0,0,0.34580131034604017
1.0,79.9,7.81,1,0,0,0.4025153874091322
1.0,84.0,17.5,1,0,0,0.3049433394486599
1.0,75.0,16.72,1,0,1,0.5039711562360498
1.0,224.0,52.07,1,0,0,0.3085568156867502
1.0,89.0,17.87,1,0,0,0.41774527184019533
1.0,249.99,78.77,1,0,0,0.3003962724998483
1.0,205.0,26.27,1,0,0,0.45565031373445786
1.0,99.0,13.71,1,0,0,0.3527998888561336
1.0,117.8,121.76,3,1,1,0.9991111111111112
1.0,100.0,20.65,2,1,1,1.0
1.0,49.9,18.45,1,0,0,0.25578428522000335
1.0,105.0,12.23,1,0,0,0.32089888184372534
1.0,17.45,11.85,1,0,0,0.4473182774769153
1.0,49.99,18.23,1,0,0,0.25684984167708264
1.0,87.0,12.11,1,1,0,0.30947358394396274
1.0,80.0,15.31,1,0,0,0.3963353665181018
1.0,44.9,12.79,1,0,0,0.3122586194631261
1.0,430.0,17.18,1,0,0,0.2762253603255911
1.0,30.97,10.96,1,0,0,0.4291989730438561
1.0,79.9,21.01,1,0,0,0.3778316576320887
1.0,34.99,11.85,1,0,0,0.42592282953346244
1.0,129.99,29.95,1,0,0,0.3365167700695932
1.0,278.0,14.39,1,0,0,0.2955036373692837
1.0,79.9,19.75,1,0,0,0.4503846096723919
1.0,55.0,15.14,1,0,0,0.41890193389053076
1.0,29.9,14.08,1,0,0,0.3246031521222533
1.0,374.9,18.57,1,0,0,0.345205767304386
2.0,56.0,25.72,1,0,0,0.44533304692502557
1.0,39.99,12.94,1,0,0,0.3628949777142883
1.0,199.9,28.38,1,0,0,0.42551352987666763
1.0,25.0,11.85,1,0,0,0.4585296191019999
1.0,330.0,10.47,1,0,0,0.20791142466532794
1.0,61.4,22.36,1,0,0,0.2664107307955641
2.0,106.0,37.59,1,0,0,0.313658483565601
1.0,62.8,14.61,1,0,0,0.4113958626575719
1.0,27.9,7.94,1,0,0,0.37154416299364573
1.0,93.0,14.27,1,0,0,0.3570889775571433
1.0,52.99,16.13,1,0,0,0.4672950163630986
1.0,69.9,9.09,1,0,0,0.4179287868791125
1.0,75.27,17.44,1,0,0,0.4169992902985719
1.0,155.97,16.19,1,0,0,0.3998133416917878
1.0,221.5,17.31,1,0,0,0.43275096643344463
1.0,330.0,43.29,1,0,0,0.29512041521332827
1.0,123.78,16.63,1,0,0,0.33087827453393287
2.0,144.89,44.7,1,0,0,0.4108002175743287
1.0,44.9,11.74,1,0,0,0.42517616927800417
1.0,127.0,18.69,1,0,0,0.26100271344961695
1.0,69.9,16.25,1,0,1,0.5604267480009151
1.0,88.0,13.74,1,0,0,0.4237524956050034
1.0,899.0,33.54,1,0,0,0.15643964279734124
1.0,99.9,19.19,1,0,0,0.2466633518635841
1.0,62.9,23.16,1,0,0,0.24839092743068605
3.0,218.7,54.24,1,1,1,0.5099111043894208
1.0,115.97,18.06,1,0,0,0.31752846640390625
1.0,158.0,16.21,1,0,0,0.4005286194702591
1.0,61.72,15.18,1,0,0,0.4227234909746495
1.0,44.9,16.11,1,0,0,0.4520592282995603
1.0,84.9,8.95,1,0,1,0.5206541869666326
1.0,144.9,43.42,1,0,0,0.3256200289100214
1.0,148.91,16.8,1,0,0,0.33813897526743913
1.0,269.99,15.79,1,0,0,0.2541274456247921
1.0,29.9,15.1,1,0,0,0.4436085002978538
1.0,9.9,15.1,1,0,1,0.5901529881273017
1.0,229.9,15.39,1,0,0,0.2996274206642828
1.0,39.0,15.1,1,0,0,0.4657170196023092
1.0,99.0,35.75,1,0,0,0.34779396807227714
1.0,39.99,16.79,1,0,0,0.4309338927440559
1.0,295.0,52.79,1,0,0,0.25713172175192395
1.0,59.9,13.44,1,0,0,0.3815268290961434
2.0,41.98,28.2,1,0,0,0.3938551747735548
1.0,1499.9,64.17,1,0,0,0.13818414073018906
1.0,38.9,17.6,1,0,0,0.42457905912761745
1.0,36.97,7.39,1,0,0,0.2218903119235316
1.0,23.5,14.1,1,0,0,0.4289143684473307
1.0,229.9,35.41,1,0,0,0.31862731358316854
1.0,49.0,11.85,1,0,0,0.4313913088318721
1.0,29.29,18.31,1,0,0,0.25851284807752417
1.0,54.9,17.09,1,0,0,0.4846258006625422
1.0,69.0,18.06,1,0,0,0.22213271787852434
1.0,139.0,16.07,1,0,0,0.3269222009195499
1.0,18.9,14.1,1,0,0,0.4337255500825873
2.0,351.8,35.88,1,0,1,0.5875983023466436
1.0,58.9,14.13,1,0,0,0.4073608710462636
1.0,54.9,27.11,1,0,0,0.423135794928494
1.0,30.5,15.23,1,0,0,0.365658258881014
1.0,20.0,14.1,1,0,0,0.4442440999115822
1.0,289.9,19.6,1,0,0,0.29899065672998837
1.0,319.9,20.12,1,0,0,0.4433043386835352
1.0,99.9,19.89,1,0,0,0.2296858450556263
1.0,83.0,18.15,1,0,0,0.15870033331404998
1.0,78.99,19.52,1,0,0,0.08365590877294472
4.0,835.6,57.92,1,0,1,0.5529608817576626
1.0,69.9,16.25,1,0,1,0.5604267480009151
1.0,109.9,17.51,1,1,0,0.41931754197797205
1.0,130.0,18.16,2,1,1,1.0
1.0,24.99,15.1,1,0,0,0.46022497300716375
1.0,175.99,10.16,1,0,0,0.38907424972873883
1.0,388.0,23.21,1,0,0,0.27744119501938747
1.0,19.9,15.1,4,1,1,1.0
1.0,29.99,11.85,1,0,0,0.4253787033486169
1.0,105.0,23.54,1,0,0,0.22371444658933612
1.0,74.89,8.68,1,0,0,0.3974754297690325
1.0,129.9,14.66,1,0,0,0.3486883454975183
1.0,115.0,18.69,1,0,0,0.27104379632169506
2.0,43.98,23.7,1,0,0,0.42368974438895457
2.0,276.0,36.44,1,0,0,0.39690005409755064
1.0,189.9,16.54,1,0,1,0.5092122379295586
1.0,52.14,21.67,1,0,0,0.34194497142679275
1.0,32.9,24.84,1,0,0,0.41368611166173075
1.0,679.0,16.25,1,0,0,0.30522886188810344
1.0,80.0,14.87,1,0,0,0.41436204537935795
1.0,79.9,18.66,1,0,0,0.30040992587873844
2.0,113.98,32.32,1,0,0,0.427140210120601
1.0,49.0,28.79,1,0,0,0.40023746839043284
1.0,168.99,13.74,1,0,0,0.2690380718850363
1.0,149.9,8.31,1,0,0,0.3125492178532753
1.0,89.99,38.47,1,0,0,0.31465375530470646
1.0,82.99,18.52,1,0,0,0.14939629932925474
1.0,59.99,35.74,2,1,1,1.0
1.0,168.98,27.72,1,0,0,0.29737751821992797
1.0,30.0,14.44,1,0,0,0.424688457056415
1.0,279.99,19.4,1,0,0,0.25656667227314
1.0,117.3,37.96,9,1,1,1.0
1.0,90.0,51.13,2,1,1,1.0
1.0,54.0,14.13,1,0,0,0.4037996818727793
1.0,199.0,13.52,1,0,0,0.46285306124146797
1.0,199.99,16.16,1,0,0,0.36125717493793774
1.0,34.99,15.23,2,1,1,1.0
1.0,117.0,23.62,1,1,0,0.21197166147838067
1.0,97.0,15.43,1,0,1,0.5586972319128325
1.0,229.0,14.62,1,0,0,0.3396121524031503
2.0,57.0,38.64,1,0,0,0.4283893276050651
2.0,458.0,100.68,1,0,1,0.6229999470157519
1.0,53.0,18.25,1,0,0,0.2737246608432388
1.0,157.5,16.86,1,0,0,0.33256061998814557
1.0,44.99,15.23,1,0,0,0.3835806310732575
1.0,99.0,18.93,1,0,0,0.25543022873359156
1.0,104.9,16.98,1,0,0,0.37749556124998346
1.0,69.0,38.03,1,0,0,0.31530814952217384
1.0,109.9,18.35,1,0,0,0.30718309366255164
1.0,16.0,14.1,1,0,0,0.4255630229002483
1.0,44.0,12.97,1,0,0,0.32969363505553934
1.0,159.0,36.24,1,0,0,0.30093330683923614
4.0,139.6,60.44,1,0,0,0.4862942779924231
1.0,89.9,15.38,1,1,1,0.5942572858010134
1.0,79.2,8.91,1,0,0,0.3599984791542902
1.0,279.99,19.21,1,0,0,0.31279893103878836
3.0,165.0,69.57000000000001,1,0,1,0.532174476542799
2.0,87.98,32.22,1,0,0,0.47040417015990194
1.0,110.0,21.57,1,0,0,0.4603692118829421
1.0,47.99,12.35,1,0,0,0.4272258700416101
1.0,17.9,18.23,1,0,0,0.35776716069250947
1.0,95.0,7.93,1,0,0,0.47921983659079237
2.0,35.8,14.78,1,0,0,0.4961033907136735
1.0,159.99,15.29,1,0,0,0.3873749744414543
1.0,84.99,17.03,1,1,1,0.5089462429179196
4.0,99.56,29.56,1,0,0,0.3810677601419877
1.0,45.9,16.11,1,0,0,0.4586537690451446
1.0,113.9,13.92,2,1,1,1.0
1.0,27.9,19.39,1,0,0,0.28101975894172826
1.0,35.0,15.23,1,0,0,0.39790803388622603
1.0,129.9,14.66,1,0,0,0.3486883454975183
1.0,325.0,13.68,1,0,0,0.2562114843552306
1.0,45.0,19.32,1,0,0,0.3172014377621229
1.0,126.77,15.77,1,0,0,0.315064865502177
2.0,98.0,45.7,1,0,0,0.41743638774371383
1.0,74.9,18.62,1,0,0,0.3012568903627742
1.0,59.9,14.59,1,0,0,0.416176873346445
1.0,139.94,19.15,1,0,0,0.2719861237641589
1.0,61.97,18.31,1,0,0,0.25351991287199277
1.0,59.99,11.92,1,0,0,0.43889248975714823
1.0,20.0,13.61,1,0,0,0.3440879168377046
1.0,79.0,13.57,1,0,0,0.2681928428574176
1.0,49.0,18.44,1,1,0,0.2562731514447186
1.0,155.9,14.11,1,0,0,0.41314158222281366
1.0,38.9,8.29,1,0,0,0.40494371647796595
1.0,89.0,23.2,1,0,0,0.4374800046904348
1.0,199.0,18.97,1,0,0,0.28655893886038036
1.0,69.9,18.54,1,0,0,0.22021755184138347
1.0,38.97,11.85,1,0,0,0.4335566895731001
1.0,50.9,9.44,1,0,0,0.4342349831443879
2.0,369.58,19.3,2,1,1,0.9866666666666667
1.0,178.0,74.2,1,0,0,0.25287104023660256
2.0,99.8,35.2,1,0,0,0.42834398285780956
1.0,119.8,29.24,1,0,0,0.3428827506258785
1.0,29.5,15.98,1,0,0,0.43665986192276846
1.0,99.0,43.1,1,0,0,0.3335189242008451
1.0,279.0,16.71,1,0,0,0.28272866351448633
1.0,89.0,16.06,1,0,1,0.5111539638991586
1.0,549.0,16.5,1,0,0,0.20174771958481155
1.0,189.0,53.67,1,0,0,0.2782978610666558
1.0,109.9,29.8,1,0,0,0.3278827041365254
1.0,152.0,18.31,1,0,0,0.32103860744589324
1.0,40.0,7.54,1,0,0,0.10510090839036447
1.0,59.9,14.51,1,0,0,0.41235047602323616
1.0,15.12,13.47,1,0,0,0.3104429677582767
1.0,24.77,7.39,1,0,0,0.3939758644873476
2.0,69.98,41.6,1,0,1,0.5315957684919849
1.0,124.9,38.42,1,0,0,0.3147089095093759
2.0,37.98,23.7,1,0,0,0.49442676862191237
1.0,238.9,15.84,1,0,0,0.2952784103407227
1.0,79.0,15.3,1,0,0,0.3609054783601947
1.0,19.0,13.71,1,0,0,0.3433640742455872
1.0,50.0,15.1,1,0,0,0.4161158777380788
1.0,39.9,14.1,1,0,0,0.4487027603866264
2.0,180.0,18.88,1,0,0,0.4998521728462213
1.0,92.0,17.89,1,0,1,0.52927924063109
1.0,24.99,11.73,1,0,0,0.4594590352961885
1.0,19.9,15.23,1,0,0,0.3228320640735403
1.0,49.9,7.39,1,0,0,0.44467558483241976
1.0,54.99,13.97,1,0,0,0.3328235892272232
1.0,18.9,10.96,1,1,0,0.45109248762204024
1.0,119.99,18.09,1,0,0,0.35137359105629473
1.0,67.6,18.35,1,0,0,0.2646707556211619
1.0,38.0,44.81,1,0,0,0.3822033160182436
1.0,149.9,21.97,1,0,0,0.3094720542159019
1.0,47.49,7.39,1,0,0,0.4600108064040515
1.0,149.9,29.48,1,0,0,0.3693625680754275
1.0,105.4,19.93,1,0,0,0.26484602558041476
1.0,24.9,14.52,1,0,0,0.46167200321207996
1.0,69.0,16.24,1,0,1,0.5402973632007261
1.0,287.0,26.36,1,0,0,0.33666210071455205
1.0,99.9,17.95,1,1,0,0.3176070724508967
1.0,21.9,21.15,1,0,1,0.5037546150040106
1.0,189.9,18.26,1,0,0,0.3463053125406479
1.0,59.9,17.67,1,0,0,0.42173401220594686
1.0,96.0,16.6,1,0,0,0.28710569589930346
1.0,159.9,18.37,1,0,0,0.326819323026585
1.0,41.9,17.63,1,0,0,0.4765972124094491
1.0,29.9,7.47,1,0,0,0.008343788445154878
1.0,85.0,16.22,1,0,1,0.5371809704930325
2.0,208.0,71.72,1,0,0,0.3732484209123206
1.0,41.95,11.85,1,0,0,0.4304785909178841
2.0,24.98,30.2,1,0,0,0.15917076643913708
1.0,162.0,11.74,1,0,0,0.39782551114733194
1.0,161.25,22.84,2,1,1,1.0
1.0,135.9,19.92,1,0,0,0.3038450575030083
1.0,149.0,18.29,1,0,0,0.33644538814561886
3.0,79.97,38.37,1,0,0,0.4721022080191781
1.0,149.9,17.7,1,0,0,0.32586404969609
1.0,34.0,19.43,1,0,0,0.17483917496287135
1.0,116.9,13.16,1,0,0,0.36538841175860093
2.0,191.98,32.86,1,0,1,0.5560071145532317
1.0,34.0,26.9,1,0,0,0.4653814526801156
1.0,633.14,18.18,1,0,0,0.22362956197994946
1.0,68.8,16.18,1,0,1,0.5305500350162176
1.0,502.0,30.49,1,0,0,0.33367548377062595
1.0,499.99,21.38,1,0,0,0.490742564148302
1.0,299.9,30.41,1,0,0,0.2748244909419066
1.0,59.9,13.44,1,0,0,0.3815268290961434
1.0,79.9,7.42,1,0,0,0.04949395888887208
6.0,677.9399999999999,105.18,1,0,0,0.2596409624833901
1.0,89.99,12.97,1,0,1,0.5434160893074317
1.0,867.77,19.19,1,0,0,0.1367364299313987
1.0,279.99,74.91,1,1,0,0.2936151344776934
1.0,209.0,45.28,1,0,0,0.3114753247444335
1.0,149.65,51.55,1,0,0,0.31091770461078716
1.0,89.9,16.88,1,0,0,0.4878693093314687
1.0,94.9,15.36,1,0,0,0.4303653101535207
1.0,95.0,14.98,1,0,0,0.2712877521329332
1.0,28.0,9.94,1,0,0,0.4237565310550618
1.0,45.9,26.89,1,0,0,0.43688348564724855
1.0,26.99,19.32,1,0,0,0.15914363392178135
1.0,44.9,8.29,1,0,0,0.3915058536966755
1.0,59.99,13.44,1,0,0,0.38002778337379667
1.0,99.0,21.99,1,0,0,0.3455600651148651
1.0,144.5,34.77,1,0,0,0.30809771173953787
1.0,69.9,0.0,1,0,0,0.04745360653759695
6.0,197.94,76.14,1,0,1,0.535219676570975
1.0,1099.0,58.41,1,0,0,0.1844209851010494
1.0,40.5,26.79,1,0,0,0.40234333461437083
1.0,119.0,17.6,1,0,0,0.36288957814684686
1.0,129.99,12.11,1,0,0,0.38616156944646624
1.0,219.9,35.08,1,0,0,0.3168075203275373
1.0,69.0,14.65,1,0,0,0.3989410148912943
4.0,319.6,63.64,1,0,0,0.450642117564552
1.0,64.99,23.33,1,0,0,0.26419630065582084
1.0,68.0,22.41,1,0,0,0.24973742943073765
1.0,87.99,8.78,1,0,0,0.3234095519243465
1.0,249.9,9.01,1,0,0,0.4603240974531509
1.0,80.0,12.9,1,0,0,0.3970366771026366
1.0,89.18,16.59,1,0,0,0.4565645723126508
1.0,99.0,21.32,1,0,0,0.46001424941118707
1.0,99.9,53.05,1,0,0,0.34018010285953654
1.0,19.9,14.52,1,0,0,0.43871979362072094
1.0,164.5,15.9,1,0,0,0.3952926591128298
1.0,21.0,22.08,1,0,0,0.22449967441707552
1.0,34.9,13.82,1,0,0,0.3230634043833065
1.0,96.0,17.41,1,0,0,0.265041065349009
1.0,154.9,23.95,1,0,0,0.4446990698971416
1.0,74.0,12.02,1,0,0,0.4497704992778134
3.0,297.0,26.55,1,0,0,0.3052591327059919
1.0,19.99,15.1,1,0,0,0.44740981797417323
1.0,34.0,10.96,1,0,0,0.4288802717170616
1.0,139.99,16.74,1,0,0,0.34557396097475646
2.0,92.0,14.78,1,0,1,0.6698690605189309
1.0,160.0,23.92,1,0,0,0.44474445630927023
1.0,59.9,17.67,1,0,0,0.42173401220594686
1.0,114.94,34.16,1,0,0,0.29432135947881344
1.0,119.99,15.6,1,0,0,0.3494288949355903
1.0,184.99,58.9,1,0,0,0.27087586979119593
1.0,39.99,13.71,1,0,0,0.32860895173216514
3.0,137.7,38.07,1,0,0,0.4415511607916099
1.0,99.9,43.11,1,0,0,0.34667837946881225
1.0,279.9,13.46,1,0,0,0.29878729772210827
1.0,117.3,32.26,1,0,0,0.29527767617777717
1.0,94.0,18.46,1,0,0,0.16870420534575856
2.0,59.98,30.2,1,0,0,0.43857625306032816
1.0,52.0,22.94,1,1,0,0.29265110693349844
1.0,93.9,14.26,1,0,0,0.3539535388076683
1.0,277.0,19.19,1,0,0,0.3069675183054835
1.0,75.0,12.97,1,0,0,0.39244554874988313
1.0,24.99,7.44,1,0,0,0.007126705905610962
1.0,31.9,12.48,1,0,0,0.4262759078900971
1.0,309.99,13.37,1,0,0,0.2497321808685326
1.0,100.0,16.46,1,0,0,0.36704970395779957
1.0,149.9,34.85,1,0,0,0.35199827690683166
1.0,78.0,14.3,1,0,0,0.32672872333655667
1.0,79.0,18.65,1,0,0,0.2821563017649119
1.0,95.0,15.77,1,0,1,0.5706591786787738
1.0,59.5,13.0,1,0,0,0.36412742478726123
1.0,89.9,9.84,1,1,0,0.4237569832861962
2.0,71.8,26.74,1,0,0,0.4359665403514472
1.0,119.0,7.64,1,0,0,0.2859597717399585
1.0,48.99,15.44,8,1,1,1.0
1.0,200.0,18.11,1,0,0,0.332742042537358
1.0,73.35,12.85,1,0,0,0.395736197953957
1.0,79.99,16.75,1,0,0,0.46598788132546093
1.0,179.99,16.01,1,0,0,0.3643092929587398
1.0,39.9,15.11,1,0,0,0.4658801022722553
1.0,289.9,18.87,1,0,0,0.328097896450396
1.0,1964.0,147.57,1,0,0,0.17043029476791904
1.0,46.99,9.08,1,0,0,0.4102935004564048
1.0,99.9,18.98,1,0,0,0.21002011750959995
1.0,189.0,16.55,1,0,0,0.4568041544668253
2.0,59.89,26.95,1,0,0,0.42341725904145
1.0,9.99,15.23,1,0,0,0.4117224472955331
1.0,225.0,20.72,1,0,0,0.38547573643274957
1.0,300.0,49.54,1,0,0,0.2597428048302267
1.0,129.0,29.3,1,0,0,0.32864520890377896
1.0,185.81,51.8,1,0,0,0.24533549117526424
1.0,117.47,12.32,1,0,0,0.366605083806315
1.0,20.0,12.8,1,0,0,0.3225424430400209
1.0,44.9,18.23,1,0,0,0.2537844533970479
1.0,16.9,12.48,1,0,0,0.44489370007879786
1.0,129.89,19.88,1,0,0,0.2613649105270142
1.0,49.9,14.1,1,0,0,0.39364138254956893
1.0,455.88,26.34,1,0,0,0.346974561436958
1.0,29.99,7.87,1,0,0,0.3963348137763352
1.0,139.9,16.05,1,0,0,0.3351191296385937
1.0,210.0,19.24,1,0,0,0.27146458167062
2.0,56.0,49.68,1,0,1,0.5473141748466532
1.0,89.5,16.39,1,0,1,0.5898143554213298
1.0,47.0,9.34,1,0,0,0.44305204321913644
1.0,105.0,23.27,1,0,0,0.28984410303539365
1.0,299.9,15.86,1,0,0,0.21631137865025044
1.0,159.9,21.96,1,0,0,0.3465958359435581
,,,1,0,1,0.5676371073814253
1.0,139.4,83.68,1,1,0,0.36707830016736476
1.0,16.99,16.79,1,0,0,0.424939208295064
1.0,77.08,11.15,1,0,0,0.4002291008642527
1.0,89.9,23.27,1,0,0,0.42737478499584614
1.0,31.38,26.89,1,0,0,0.4945846923044661
1.0,2221.0,104.22,1,0,0,0.12009535164500354
4.0,307.6,79.12,1,0,0,0.40190138481651044
1.0,91.55,8.8,1,0,1,0.5567795725518374
1.0,117.9,9.2,1,0,0,0.3563655467995631
1.0,119.9,26.98,1,0,0,0.3099600942967368
1.0,120.0,19.81,1,1,0,0.2444528580790796
1.0,59.9,15.63,1,0,0,0.4115325182917492
1.0,19.0,18.23,1,0,1,0.6316923740595544
2.0,32.98,36.46,1,0,0,0.30605783747675636
1.0,77.0,11.87,1,0,0,0.4194547886623398
1.0,47.9,19.53,1,0,0,0.07501422241749801
1.0,13.99,7.78,1,0,0,0.45878947257060787
1.0,55.0,7.78,1,0,0,0.43032781926596364
1.0,120.9,18.1,1,0,0,0.3611718347329012
3.0,225.0,63.510000000000005,1,0,1,0.5149525864558058
1.0,69.9,18.42,1,0,0,0.2424046220213606
1.0,82.99,28.98,1,1,0,0.2387626687783927
1.0,179.9,27.34,1,0,0,0.30914272089526623
1.0,18.9,15.1,1,0,0,0.4347467115112415
1.0,103.99,38.28,1,0,0,0.349526412611598
2.0,79.98,30.46,1,0,0,0.44807434134098145
1.0,299.0,26.93,1,0,0,0.2949661869854498
2.0,178.36,30.76,1,0,1,0.5730227307561755
1.0,27.99,15.1,1,0,0,0.43602415438223857
1.0,96.99,29.08,1,0,0,0.38210197514651656
1.0,105.0,16.04,1,0,0,0.3616396049453122
1.0,185.0,23.88,1,0,1,0.5824688874660897
1.0,69.9,11.88,1,0,0,0.44494804394895937
1.0,29.9,16.11,1,0,0,0.4504279816054427
1.0,119.9,12.23,1,0,0,0.34580131034604017
1.0,284.0,39.54,1,0,0,0.255574287594005
1.0,289.9,70.39,1,0,0,0.3667058673886141
2.0,139.8,28.48,1,0,0,0.4744038174615717
1.0,59.97,17.67,1,0,0,0.41586001643528087
1.0,214.9,38.44,1,0,0,0.3242053448584583
1.0,37.99,11.73,1,0,0,0.42873589936963535
6.0,230.4,90.66,1,0,0,0.3556065697849258
1.0,48.9,18.23,1,0,0,0.2716074989405716
1.0,27.99,15.1,1,0,0,0.43602415438223857
1.0,349.9,74.08,1,0,0,0.33053090150517356
1.0,213.0,21.89,1,0,1,0.5299438376171497
1.0,39.9,11.3,1,0,0,0.43477663353241347
1.0,180.0,24.06,1,0,1,0.589646182908692
1.0,24.9,14.1,1,0,0,0.4570592549445728
1.0,37.0,13.71,1,0,0,0.32193063517562764
1.0,49.9,25.63,1,0,0,0.4030080307895229
1.0,55.0,35.71,1,1,0,0.3887765557882028
1.0,49.95,16.79,1,0,0,0.45027739905503894
1.0,55.5,12.83,1,0,0,0.3868789991399308
1.0,29.5,17.92,1,0,0,0.42763517317185556
1.0,119.99,17.09,1,0,0,0.3575535797226316
1.0,107.0,15.5,1,0,0,0.36406157071598766
1.0,24.9,22.06,1,0,0,0.2524165031324486
1.0,19.0,15.1,1,0,0,0.4373170026562106
1.0,125.9,18.45,1,0,0,0.2996971668059439
1.0,42.99,14.11,1,0,0,0.35569656058700005
1.0,59.9,14.17,1,0,0,0.4143587516574212
1.0,14.9,15.11,1,0,0,0.38328247048095826
1.0,56.99,8.72,1,0,0,0.4136877586327536
1.0,99.9,36.02,1,0,0,0.34511949177258133
1.0,89.5,13.75,1,0,0,0.49259059267892963
1.0,43.9,11.85,1,0,0,0.42517616927800417
1.0,230.0,26.59,1,0,0,0.40581086047105497
1.0,2649.0,32.29,1,0,0,0.4542628485792761
1.0,19.0,12.79,1,0,0,0.31649759887576967
1.0,49.9,9.26,1,0,0,0.42954488537819535
1.0,29.9,15.1,1,0,0,0.4436085002978538
2.0,59.98,17.44,1,0,0,0.31295581763758884
1.0,65.8,8.2,1,0,0,0.4080441829636894
2.0,105.98,18.72,1,0,0,0.4132011105226067
1.0,40.8,8.29,1,0,0,0.405965046699231
1.0,48.94,21.64,1,0,0,0.31912417061659665
1.0,284.0,44.05,1,0,0,0.2588797465575343
4.0,199.6,83.96,1,0,0,0.3977410247865529
3.0,159.7,38.43,1,0,1,0.5667835041018128
1.0,79.0,28.95,1,0,0,0.39276241301209364
1.0,65.0,7.78,1,0,0,0.42473170251900405
1.0,79.9,13.0,1,1,0,0.32352839162684643
1.0,339.9,16.13,1,0,0,0.22686789007175795
3.0,229.7,53.35,1,0,1,0.5215431322699
1.0,20.9,15.1,1,0,0,0.44740981797417323
2.0,358.0,52.0,1,0,0,0.20111010706733617
1.0,89.9,13.21,1,0,0,0.4634479170998741
1.0,49.0,14.1,1,0,0,0.39364138254956893
1.0,15.0,15.1,1,0,0,0.4037955846718788
1.0,59.99,17.67,1,0,0,0.4193785349537994
1.0,380.0,227.57,1,0,0,0.31029205341344646
1.0,127.0,18.47,1,0,0,0.3003621502593716
1.0,349.9,105.62,1,0,0,0.3021605082744929
1.0,28.9,15.1,1,0,0,0.44419785257830646
1.0,48.9,9.26,1,0,0,0.4243997548626911
1.0,19.99,14.1,1,0,0,0.4442440999115822
1.0,99.9,10.11,1,0,0,0.2290636230311067
2.0,217.99,78.64999999999999,1,0,0,0.3206016869953948
1.0,79.9,15.66,1,0,0,0.33591415711489914
1.0,199.9,19.28,1,0,0,0.28417656708944555
1.0,44.9,14.1,1,0,0,0.35905079193501044
1.0,21.9,15.1,1,0,0,0.44694921928272513
1.0,41.9,8.72,1,0,0,0.40581459149305943
1.0,119.99,12.04,1,0,0,0.4092257993904626
1.0,169.99,72.78,1,0,0,0.2614307195126672
1.0,128.8,16.11,1,0,0,0.32772580429513987
2.0,277.9,41.98,1,0,0,0.41950522083924674
1.0,149.0,8.3,1,0,0,0.3557318027033998
2.0,379.98,177.64,1,0,0,0.16080915582945868
1.0,53.9,17.63,1,0,0,0.49747649417809964
2.0,75.0,26.74,1,0,0,0.43383977679703084
1.0,115.0,13.25,1,0,0,0.3633683018178388
1.0,50.0,19.63,1,0,0,0.3080165904382586
1.0,27.99,15.23,1,0,0,0.32350394962047235
1.0,109.0,26.84,1,0,0,0.31534692312500906
1.0,69.9,22.2,1,0,0,0.24752554702336407
1.0,15.0,14.1,1,0,0,0.3926748781455937
1.0,179.99,12.76,1,0,0,0.40131657086343325
1.0,99.0,15.44,1,0,0,0.3710530202068443
1.0,108.0,18.33,1,0,0,0.2850605367910373
1.0,69.0,17.73,1,0,0,0.436327158260541
1.0,53.9,17.63,1,0,0,0.49747649417809964
1.0,197.5,39.65,1,0,0,0.3733538642554998
5.0,149.5,38.56,1,0,0,0.45169725007647166
1.0,99.99,9.69,1,0,0,0.21969316736890931
1.0,202.0,16.16,1,1,0,0.36026445709342175
1.0,98.9,15.44,1,0,0,0.32888071378872724
1.0,118.9,27.37,1,0,0,0.29254079031596264
2.0,164.98,36.97,1,0,0,0.30658257588488025
1.0,163.0,15.89,1,0,0,0.3976343920177286
1.0,29.9,28.75,1,0,0,0.4871797295053693
1.0,85.9,17.85,1,0,0,0.4442929114715627
1.0,31.9,21.15,1,0,1,0.6010619596339509
1.0,48.9,9.09,1,0,0,0.4041916146985857
1.0,103.9,11.75,1,0,0,0.2815928294187155
1.0,34.9,17.17,1,0,0,0.4248571971204439
2.0,444.38,52.02,1,0,1,0.5665540485491509
1.0,139.9,16.08,1,0,0,0.33575325582787763
1.0,69.9,20.06,1,0,0,0.32489012540151774
1.0,106.0,25.26,1,0,0,0.34760917007003406
1.0,58.99,15.51,1,0,0,0.31348369684723
2.0,339.8,38.58,1,1,1,0.6250723907115745
2.0,83.95,31.26,1,0,0,0.4666712091942585
1.0,105.0,9.49,1,0,0,0.3158942087931232
1.0,67.0,16.91,1,0,1,0.582493842876022
2.0,384.9,74.11,1,0,1,0.5184504548528804
1.0,119.9,22.77,1,0,0,0.30673373840595297
1.0,179.98,82.55,1,0,0,0.22370866364471742
1.0,199.99,10.09,1,0,0,0.3127797303408388
1.0,129.0,16.34,1,0,0,0.33958889065121106
2.0,130.0,22.47,1,0,1,0.5055098061299863
1.0,29.9,25.63,1,0,0,0.479046813691448
1.0,23.8,12.48,1,0,0,0.43324627398389
1.0,59.9,25.7,1,0,0,0.42902468619388806
1.0,199.0,17.64,1,0,0,0.3195396560009872
1.0,999.0,14.25,1,0,0,0.06101029973069943
1.0,28.49,18.23,1,0,0,0.29125878428609997
1.0,2999.89,48.38,1,0,0,0.12458565549531243
1.0,20.0,8.27,1,0,0,0.4357521882308359
1.0,79.0,27.5,1,0,0,0.3643950448310862
1.0,36.99,13.37,1,0,0,0.35749070943324407
1.0,34.99,15.1,2,1,1,1.0
1.0,14.9,22.85,1,0,0,0.249704717691492
1.0,109.97,34.04,1,0,0,0.3247922566006332
1.0,45.0,16.79,1,0,0,0.4464463516935119
1.0,52.64,11.87,1,0,0,0.434465533202438
1.0,39.9,21.15,1,0,1,0.5298587970769715
1.0,20.3,11.85,1,0,0,0.45315641183288136
3.0,277.9,46.0,1,0,1,0.543521645728205
1.0,19.9,13.47,1,0,0,0.3427726932483337
1.0,44.9,23.46,1,0,0,0.24733205729360686
1.0,152.49,27.84,1,0,0,0.29405259879166673
1.0,88.0,13.74,1,0,0,0.4237524956050034
1.0,38.62,18.42,1,0,0,0.24662100330151712
1.0,29.5,15.98,1,0,0,0.43665986192276846
1.0,330.0,14.27,1,0,0,0.26540386871712
1.0,1326.0,150.8,1,0,0,0.2222920733689185
1.0,285.0,27.02,1,0,0,0.32405246743755567
1.0,157.41,23.03,1,0,0,0.2770192406000355
1.0,669.9,11.94,1,0,0,0.238187616958442
1.0,75.0,13.08,1,0,0,0.39373670101325764
1.0,59.9,17.85,1,0,0,0.43009336654953073
1.0,64.9,17.7,1,1,0,0.4329175573279454
1.0,165.75,10.08,1,0,0,0.3744563196607523
1.0,199.0,18.13,1,0,0,0.3445955710718385
1.0,69.9,16.25,1,1,1,0.5604267480009151
1.0,24.9,15.23,1,0,0,0.32525881916312
1.0,59.9,13.44,1,0,0,0.3815268290961434
1.0,155.97,16.19,1,0,0,0.3998133416917878
1.0,99.9,0.0,1,0,0,0.002092274678111588
1.0,119.0,22.65,1,0,0,0.2622014626421547
1.0,329.9,37.85,1,0,0,0.2956495687418248
1.0,530.0,43.78,1,0,0,0.37056460392224155
1.0,92.0,44.31,1,0,0,0.34756003581333617
1.0,329.9,24.63,1,0,0,0.24815411696155565
1.0,27.99,18.3,11,1,1,1.0
1.0,29.99,7.78,1,0,0,0.40712747008579875
1.0,169.99,51.48,1,0,0,0.30671688509047146
1.0,24.99,14.1,1,0,0,0.4570592549445728
1.0,94.95,38.94,1,0,0,0.2953814573917708
2.0,15.26,14.78,1,1,0,0.3009960460771031
1.0,114.08,18.9,1,0,0,0.29119687164909874
1.0,149.9,23.37,1,0,0,0.2996302406210096
1.0,49.0,15.11,1,0,0,0.4164873101888705
1.0,79.0,18.78,1,0,0,0.2787671039532057
1.0,90.0,18.73,1,0,0,0.23411321032687682
1.0,119.9,29.24,1,0,0,0.3498498788189087
1.0,44.9,15.79,1,0,0,0.40439816718244015
1.0,57.88,27.36,1,0,0,0.33429108682009984
2.0,107.49,27.91,1,0,0,0.38681139216264576
2.0,314.0,33.46,1,0,0,0.4091190928476041
4.0,204.4,54.96,1,0,0,0.4751368277872849
1.0,104.9,16.36,1,0,0,0.371480536116966
1.0,49.0,7.6,1,0,0,0.11335964835990782
1.0,109.9,42.83,1,0,0,0.3287604826677369
1.0,294.0,16.81,1,0,0,0.2459691289505407
1.0,150.0,42.03,1,0,0,0.28470644559135716
1.0,139.9,16.08,1,0,0,0.33575325582787763
1.0,19.9,18.24,1,0,0,0.12480423584804083
1.0,259.9,23.12,1,0,0,0.38142502263765926
1.0,14.99,19.04,1,0,0,0.10668073751071662
1.0,112.8,16.09,1,0,0,0.3753152026029345
1.0,159.0,16.82,1,0,0,0.3285214942535612
1.0,298.9,21.28,1,0,0,0.36049463366091195
1.0,129.9,13.35,1,0,0,0.34064261223858044
1.0,93.99,21.06,1,0,0,0.36728341042928386
1.0,35.2,19.44,1,0,0,0.17817250829620468
1.0,29.99,7.78,1,0,0,0.40712747008579875
1.0,415.99,17.08,1,0,0,0.2834333438668682
1.0,112.99,14.54,1,0,0,0.3750252289268896
1.0,39.99,11.8,1,1,0,0.4369403762224719
1.0,13.9,8.29,1,0,0,0.3853983599494168
1.0,109.8,23.92,1,0,0,0.37214482525858456
1.0,29.9,19.4,1,0,0,0.19562862632346348
1.0,29.99,15.1,1,0,0,0.4375317102191416
2.0,272.0,15.96,1,0,0,0.1184397271273032
1.0,39.9,20.4,1,0,0,0.33798168843532433
1.0,129.9,20.0,1,0,0,0.2506636290909715
1.0,210.0,94.77,1,0,0,0.3679014329867713
1.0,145.0,37.7,1,0,0,0.3297725149260347
1.0,22.7,13.74,1,0,0,0.33906055264648366
1.0,187.57,32.06,5,1,1,1.0
2.0,79.8,28.2,1,0,0,0.44245550877285905
1.0,89.9,7.88,1,0,0,0.42652812040710614
2.0,68.4,33.2,1,0,0,0.4568094870810331
1.0,24.99,12.79,1,0,0,0.3599094727968259
4.0,655.96,67.12,1,1,1,0.5456311480302459
1.0,29.99,34.15,1,0,0,0.4794885409231631
2.0,90.0,30.22,1,0,0,0.429314112471846
1.0,44.99,9.01,1,0,0,0.3982144733752626
1.0,99.0,19.66,1,0,0,0.2974961684382706
1.0,65.0,17.02,1,0,1,0.5216734774605417
1.0,395.0,11.14,1,0,0,0.22888843759474942
1.0,123.62,13.21,1,0,0,0.3151589179620577
1.0,15.0,11.85,1,0,0,0.42986790882163056
1.0,80.0,17.81,1,0,0,0.456149694090077
2.0,38.89,50.0,1,0,0,0.29170680196149645
1.0,168.9,15.93,1,0,0,0.2828485770097615
1.0,269.0,17.59,1,0,0,0.3063118780573463
2.0,14.0,18.68,1,0,0,0.25190758082090037
1.0,49.9,7.39,1,0,0,0.44467558483241976
2.0,119.8,50.52,1,0,0,0.4540090956498593
1.0,113.0,28.15,1,0,0,0.2955127532565808
1.0,54.9,10.99,1,0,0,0.43658270544168887
1.0,102.0,38.88,1,0,0,0.3229371237594424
1.0,149.9,21.54,1,0,0,0.4511994242278476
1.0,74.99,18.4,1,1,0,0.2562766380681866
1.0,43.8,11.85,1,0,0,0.42517616927800417
1.0,159.0,18.39,1,0,0,0.32616525448449235
1.0,174.0,11.83,1,0,0,0.33096943882942703
1.0,51.9,16.12,1,0,0,0.4295828829062674
1.0,49.77,15.1,1,0,0,0.41629867076139715
1.0,119.9,65.65,3,1,1,1.0
1.0,48.9,9.09,1,0,0,0.4041916146985857
1.0,12.0,7.39,1,0,1,0.5513692886257956
1.0,169.9,38.15,1,0,0,0.3102886576417591
1.0,339.0,90.82,1,0,0,0.29785275453201576
1.0,59.9,24.55,1,0,0,0.314575379698658
1.0,149.99,14.82,1,0,0,0.33748915851737427
1.0,239.99,16.44,1,0,0,0.2933478291291076
1.0,59.91,7.68,1,0,0,0.07071006902120346
1.0,53.99,15.13,1,0,0,0.4183897276528888
,,,1,0,1,0.5676371073814253
2.0,98.0,45.86,1,0,0,0.41743638774371383
1.0,59.97,16.67,1,0,0,0.4159903636275196
1.0,49.9,7.39,1,0,0,0.44467558483241976
1.0,99.99,15.45,1,0,0,0.3459609434922241
1.0,89.9,26.93,1,0,0,0.36870917848013235
1.0,219.9,15.29,1,0,0,0.33100615026908464
6.0,59.94,80.22,1,1,0,0.20842068157837518
1.0,129.0,15.21,1,0,0,0.3341162898928411
1.0,37.9,17.6,1,0,0,0.41759141836153174
1.0,113.85,9.53,1,0,0,0.37242932084669744
1.0,106.99,18.0,1,1,0,0.3560004840842024
1.0,129.0,19.0,1,0,0,0.2374525582924916
1.0,18.0,11.85,1,0,0,0.44712230833912076
1.0,126.99,30.73,1,1,0,0.326509332622765
1.0,119.85,43.12,1,0,0,0.32524387216202033
1.0,19.99,16.79,1,0,0,0.4074763806421362
1.0,149.9,12.75,1,0,0,0.32202102215823736
1.0,75.0,7.79,1,0,0,0.3857332053928864
1.0,19.99,8.89,1,0,0,0.4202655135368169
1.0,9.0,18.23,1,0,0,0.40401578504983254
1.0,49.9,18.23,1,0,0,0.2578580700996321
1.0,42.95,11.85,1,0,0,0.424211433084871
1.0,229.0,16.35,1,0,0,0.296773339855133
1.0,299.9,67.18,1,0,0,0.34422324636547325
1.0,70.97,17.75,1,0,0,0.4736451124161053
1.0,129.9,20.15,1,0,0,0.25264478049521066
1.0,119.9,16.81,2,1,1,1.0
1.0,140.0,18.23,1,0,0,0.30563063461705775
1.0,155.99,16.85,1,0,0,0.34289761848454314
2.0,41.98,30.2,1,0,0,0.3989801154374811
1.0,10.0,18.23,1,1,0,0.49334515028613957
1.0,199.0,42.15,1,0,0,0.38401381252666633
1.0,49.9,12.43,1,0,0,0.4275926631863923
1.0,49.9,15.11,1,0,0,0.4159664691549567
1.0,225.0,23.28,1,0,0,0.35818508023810697
1.0,59.9,17.67,1,0,0,0.42173401220594686
1.0,29.9,18.31,1,0,0,0.2972676002910965
1.0,59.9,18.96,1,0,0,0.28463824048636566
1.0,299.99,18.35,1,0,0,0.30738802135196963
1.0,16.9,18.23,1,0,0,0.35776716069250947
2.0,78.0,17.76,1,0,0,0.22881666138202555
1.0,129.94,34.27,1,0,0,0.3426088067528959
1.0,99.8,17.63,1,0,0,0.3341612857688721
5.0,99.5,38.9,1,0,0,0.40638368121538815
1.0,190.0,19.43,1,0,0,0.24574163963676252
1.0,45.89,11.17,1,0,0,0.4349979157270465
1.0,135.0,15.15,1,0,0,0.3458828080886085
1.0,51.99,16.33,1,0,0,0.4198770462130493
1.0,99.0,22.83,1,0,0,0.37333898007427607
2.0,139.8,0.0,1,0,0,0.1512763993454163
1.0,119.0,57.09,1,0,0,0.34150386678934536
1.0,59.9,13.44,1,0,0,0.3815268290961434
1.0,132.0,9.67,1,0,0,0.327477601641017
1.0,82.99,17.83,1,0,1,0.5008306120369795
1.0,39.99,11.15,1,0,0,0.43331105449975327
1.0,109.9,59.94,1,0,0,0.3434603153653068
1.0,60.0,32.78,1,0,0,0.3151890821175354
1.0,24.9,14.52,1,1,0,0.46167200321207996
1.0,26.9,10.96,1,0,0,0.4323024378476402
1.0,122.99,52.99,1,0,0,0.31440420910626726
1.0,18.9,7.78,1,0,0,0.476132851983445
1.0,14.87,12.79,1,0,0,0.29450952208336006
1.0,153.0,27.15,1,0,0,0.29692389010836107
1.0,199.0,22.29,1,0,0,0.4391410674999403
1.0,21.99,7.78,1,0,0,0.49803519768292676
1.0,119.99,18.09,1,0,0,0.35137359105629473
1.0,59.9,15.17,1,0,0,0.42535051473897284
1.0,119.9,18.72,11,1,1,1.0
1.0,105.0,23.6,1,0,0,0.2286901471362743
1.0,899.0,106.43,1,0,0,0.17327685386113031
1.0,40.5,8.82,1,0,0,0.40195638371808734
1.0,49.99,10.96,1,0,0,0.43422556729269635
1.0,149.99,18.3,1,0,0,0.23978476811363753
1.0,27.9,15.1,1,0,0,0.43892364414447343
1.0,49.9,18.45,1,0,0,0.25578428522000335
1.0,58.99,16.66,1,0,0,0.47102354257306106
1.0,99.9,13.36,1,0,0,0.36695965827274324
1.0,59.9,17.16,1,0,0,0.4087521628156638
1.0,69.9,38.54,1,0,0,0.31530814952217384
1.0,139.9,17.23,1,0,0,0.34401018707951875
1.0,124.9,20.11,1,0,0,0.23838763468033317
1.0,68.9,15.23,1,0,0,0.39612221558805477
1.0,55.0,16.15,1,0,0,0.458639421609433
1.0,119.0,12.17,1,0,0,0.3721871947382021
1.0,204.9,20.4,1,0,0,0.29382346364383294
1.0,14.9,7.39,1,0,0,0.037974595123885006
1.0,18.49,16.79,1,0,0,0.41814822228517873
1.0,79.99,15.38,1,0,0,0.3614904613318704
1.0,199.99,17.16,1,0,0,0.39534053264903596
1.0,44.9,16.95,1,0,0,0.45049493864175605
1.0,1790.0,101.63,1,0,0,0.1377495746980387
2.0,157.8,35.88,1,0,0,0.44047252315999136
1.0,65.0,14.62,1,0,0,0.41293805538466655
2.0,199.98,27.16,1,0,0,0.45716556756764354
1.0,399.99,18.56,1,0,0,0.33482763900584955
1.0,200.0,25.85,1,0,0,0.4045260031313531
1.0,21.99,25.63,1,0,0,0.4274789677878941
1.0,12.88,18.23,1,0,0,0.1625493238638974
1.0,32.83,9.09,1,0,0,0.39616445723615573
1.0,38.0,15.1,1,0,0,0.4675092378811356
1.0,10.9,8.72,1,0,1,0.8891727979131302
1.0,45.0,18.42,1,1,0,0.24087818125947938
,,,1,0,1,0.5676371073814253
1.0,89.49,15.38,1,1,1,0.6926292658813722
1.0,10.8,7.87,1,1,1,0.5802819019855984
1.0,129.9,21.75,1,0,0,0.3696569852053069
1.0,209.99,29.95,1,0,0,0.3499942035712154
1.0,72.0,7.39,1,0,0,0.49415901069223367
1.0,98.9,18.26,1,1,0,0.2070072588022599
1.0,49.0,14.11,1,0,0,0.3931576050987488
1.0,29.99,18.31,1,0,0,0.27781814509245967
1.0,199.6,38.31,1,0,0,0.3863897728338655
1.0,59.9,13.44,1,0,0,0.3815268290961434
1.0,239.99,18.59,1,0,0,0.35349454804340347
1.0,129.9,14.66,1,0,0,0.3486883454975183
1.0,139.0,40.36,1,0,0,0.3341594020236254
1.0,89.9,23.43,1,0,0,0.45070374615539954
1.0,129.97,8.17,1,0,0,0.29045056977979994
1.0,89.99,26.25,1,0,0,0.3161708178254729
1.0,52.99,18.47,1,0,0,0.2600271137792652
2.0,43.98,30.2,1,0,0,0.3892163255398775
1.0,129.9,23.49,1,0,0,0.24635765086439382
1.0,23.7,8.82,1,0,0,0.3949386710237707
1.0,250.0,62.49,1,0,0,0.41343084983687645
3.0,104.97,60.6,1,0,0,0.4593986345741133
1.0,110.32,7.64,1,0,0,0.46773903397807826
1.0,79.0,24.63,1,0,0,0.29699905761079426
1.0,20.9,10.96,1,1,0,0.4571265911158008
1.0,35.9,11.85,1,0,0,0.42449701417126656
1.0,149.0,18.29,1,0,0,0.33644538814561886
1.0,1591.2,35.63,1,0,0,0.21590295240072005
1.0,228.0,18.04,1,0,0,0.32532672384625244
1.0,116.11,13.15,1,0,0,0.36471115461551173
1.0,59.99,9.74,1,0,0,0.4450199331275453
1.0,110.0,13.67,1,0,0,0.3757304666348361
1.0,679.99,41.72,1,0,0,0.25845528991159433
1.0,36.49,12.92,1,0,0,0.3597175354259685
1.0,44.9,7.78,1,0,0,0.4056772953186998
1.0,74.9,9.26,1,0,0,0.4195986480641389
1.0,69.9,38.04,1,0,0,0.31530814952217384
1.0,49.9,15.16,1,0,0,0.41690638955030457
1.0,21.52,23.3,1,0,0,0.28023185924336946
1.0,38.4,35.67,1,1,0,0.4300127996422131
1.0,120.1,16.6,1,0,0,0.3395440293540014
1.0,27.9,8.95,1,0,0,0.392419269686931
1.0,45.9,12.69,1,0,1,0.5216640333188963
1.0,26.4,13.77,1,0,0,0.3268072075042181
1.0,39.9,7.78,1,0,0,0.43131009253739117
1.0,24.99,7.78,1,0,0,0.466656290795292
1.0,86.99,16.37,1,0,0,0.4765717130597838
2.0,688.0,37.81,1,0,0,0.46581436921407393
1.0,109.9,26.05,1,1,0,0.33086163231363436
1.0,210.0,27.61,1,0,0,0.36012439241786326
1.0,94.99,17.1,1,0,0,0.42354760472522723
1.0,25.9,18.28,1,0,0,0.09674640800467917
2.0,299.8,33.62,1,0,1,0.553684877004554
1.0,780.0,58.32,1,0,0,0.2225286988383967
1.0,22.32,13.5,1,0,0,0.339519509722672
1.0,310.53,18.61,1,0,0,0.2795092053273182
1.0,12.9,7.39,1,0,0,0.0971836490901855
1.0,151.0,8.31,1,0,0,0.31668513219770866
1.0,49.9,7.39,1,1,0,0.44467558483241976
1.0,59.9,18.99,1,0,0,0.2679811743850063
1.0,175.0,19.33,1,0,0,0.315423365794938
1.0,45.65,11.85,1,0,0,0.42386469011833566
3.0,321.0,43.5,1,0,0,0.4980413500098036
1.0,74.8,17.65,1,0,0,0.43366707523288206
1.0,24.4,12.79,1,0,0,0.35135877902196877
1.0,74.99,30.33,17,1,1,1.0
1.0,64.9,11.95,1,0,0,0.4344517744932359
1.0,105.0,44.66,1,0,0,0.3469470947881874
1.0,49.8,14.43,1,0,0,0.39766018273814596
1.0,169.0,14.79,1,0,0,0.28849051517472907
1.0,23.99,14.1,1,0,0,0.47006459019737806
1.0,59.0,15.29,1,0,0,0.38413955869293126
1.0,349.0,14.78,1,0,0,0.2873817936886702
1.0,69.9,15.59,1,0,0,0.3947781208041412
1.0,124.9,23.45,1,0,0,0.21935129701958456
1.0,19.9,14.1,1,0,0,0.4341070453532137
1.0,59.9,17.67,1,0,0,0.42173401220594686
1.0,165.6,9.1,1,0,0,0.3008934890554874
1.0,309.99,22.49,1,1,0,0.37971191429595713
1.0,59.0,14.5,1,0,0,0.4018161754126764
1.0,29.9,15.31,1,0,0,0.34684929110459645
1.0,76.89,16.3,1,0,1,0.5139422829768607
1.0,259.77,15.57,1,0,0,0.2569671364772815
1.0,147.9,13.48,1,0,0,0.32981287254266634
1.0,42.9,18.4,1,0,0,0.2454151694846251
1.0,49.0,7.78,1,0,0,0.43432072400816535
1.0,74.9,11.62,1,0,0,0.43028535925947303
1.0,16.99,15.1,1,0,0,0.42323871961234033
1.0,169.99,15.94,1,0,0,0.26924591701304784
1.0,143.8,31.76,1,0,0,0.342247038936836
2.0,207.94,48.02,1,0,0,0.3900158990662721
1.0,31.9,15.1,1,0,0,0.43932686784736347
1.0,56.0,13.41,1,0,0,0.37914137671887643
1.0,49.9,15.1,1,0,0,0.41629867076139715
1.0,40.5,12.79,11,1,1,1.0
1.0,389.9,11.54,1,0,0,0.22213730321727118
1.0,217.32,34.6,2,1,1,1.0
1.0,39.99,7.54,1,0,0,0.10345341089602411
2.0,320.7,107.23,1,1,0,0.2536463363343644
1.0,59.0,7.87,1,0,0,0.41902206289316024
1.0,49.9,11.74,1,0,0,0.4313913088318721
2.0,37.48,30.2,1,1,0,0.43912611088410586
2.0,99.9,30.2,1,0,1,0.5024903473916648
1.0,109.9,12.9,1,0,0,0.31398408221491897
1.0,59.9,26.96,1,0,0,0.4099326756017872
1.0,59.89,19.61,1,0,0,0.2780397121013823
1.0,229.99,14.16,1,0,0,0.34981638818110733
1.0,152.0,15.81,1,0,0,0.41842903101257206
1.0,99.99,17.95,1,0,0,0.3146308617228917
1.0,33.9,18.29,1,0,0,0.27495392412069575
1.0,29.99,15.23,1,0,0,0.37001578731748985
1.0,109.0,18.04,1,0,0,0.3245453255992292
1.0,226.95,18.32,1,0,0,0.33773921246014055
1.0,10.0,24.84,1,0,0,0.3959943103656451
1.0,99.99,14.87,1,0,0,0.34691367738025247
1.0,38.95,15.37,1,0,0,0.4122855179277482
1.0,49.9,12.69,1,0,1,0.5170013393330795
1.0,49.9,12.79,1,0,0,0.332250496321036
1.0,488.0,12.17,1,0,0,0.2266682286380764
1.0,269.0,14.32,1,0,0,0.30076355255126597
1.0,17.33,15.1,1,0,0,0.42323871961234033
1.0,152.0,11.21,1,0,0,0.3487654080786699
1.0,53.99,15.13,1,0,0,0.4183897276528888
1.0,1389.9,36.68,1,0,0,0.20668849781093687
1.0,170.0,20.43,1,0,0,0.4465567690866077
1.0,135.9,10.52,1,0,0,0.33654459320052155
2.0,139.8,33.48,1,0,0,0.45885897570655687
1.0,128.0,19.0,1,1,0,0.2338085913530555
1.0,99.99,15.45,1,0,0,0.3459609434922241
1.0,219.0,32.28,1,0,0,0.35676999517493885
1.0,150.0,12.55,1,0,0,0.24102762600236735
1.0,104.0,16.49,1,0,0,0.37631400756930217
1.0,149.0,9.79,1,1,0,0.3418015740878526
1.0,279.99,73.59,1,0,0,0.2902673170342808
1.0,12.5,15.23,1,0,0,0.27476344346501774
1.0,102.0,16.47,1,0,0,0.33777305878489244
1.0,49.0,18.0,1,0,0,0.38531400625929335
1.0,349.9,19.7,1,0,0,0.2994121300291196
1.0,115.0,8.92,1,0,0,0.33669461280563673
3.0,105.0,26.64,1,1,0,0.38787176228298553
3.0,115.2,45.33,1,1,0,0.4245239133741658
1.0,5.9,15.11,1,0,0,0.13464728286605235
1.0,69.0,8.11,1,0,0,0.4011603488616468
2.0,200.0,32.08,1,0,0,0.4949626940568469
1.0,2399.0,68.33,1,0,0,0.12843868849740575
1.0,59.9,11.73,1,0,0,0.43956680299001705
1.0,97.9,33.39,1,0,0,0.4058800114767278
1.0,17.9,34.15,1,0,0,0.4026019998352746
1.0,13.99,18.23,1,0,0,0.16784946786134836
1.0,19.9,11.85,1,0,0,0.4473177135004276
1.0,110.0,20.01,1,0,0,0.2817595415363577
1.0,21.99,11.85,1,0,0,0.45714356200176515
1.0,174.0,18.5,1,0,0,0.3279921537319738
1.0,19.9,11.85,1,0,0,0.4473177135004276
1.0,47.99,16.11,1,1,0,0.4489819897078395
1.0,72.99,11.73,1,0,0,0.43171802990186725
1.0,1850.0,48.27,1,0,0,0.23501826763770936
1.0,149.9,21.13,1,0,0,0.3451698553627034
1.0,89.0,14.37,1,0,0,0.4889352944510145
1.0,23.99,15.79,1,1,0,0.3923982340062231
1.0,125.0,21.36,1,0,0,0.39963899958675664
2.0,418.8,22.7,1,0,1,0.683848916725534
1.0,129.9,9.26,1,0,0,0.324132400590927
1.0,219.9,17.17,1,1,0,0.4419108462570487
2.0,199.8,30.92,1,0,1,0.5045640187482171
1.0,189.9,22.17,1,0,0,0.43063754948587196
1.0,49.0,37.94,1,0,0,0.3878473024368639
1.0,139.0,45.43,1,0,0,0.33413852424056967
1.0,229.99,22.1,1,0,0,0.3982642967311949
1.0,99.9,57.25,1,0,0,0.3614276208040394
1.0,269.9,13.98,1,0,0,0.29394629642262043
1.0,59.99,15.17,1,0,0,0.42535051473897284
1.0,159.99,28.48,1,0,0,0.3322629394245846
1.0,719.0,13.85,1,1,0,0.14232361384471737
2.0,169.78,15.88,1,0,0,0.37698123569262604
1.0,99.0,14.86,1,0,0,0.33139272378748363
2.0,127.8,22.98,1,0,0,0.46992421635820314
1.0,109.9,38.32,1,0,0,0.330634359936281
1.0,49.95,15.1,1,1,0,0.41629867076139715
1.0,27.5,18.23,1,0,0,0.2771175144601825
1.0,54.9,22.7,1,0,0,0.2643282650855811
1.0,129.9,14.66,1,0,0,0.3486883454975183
1.0,31.0,18.23,1,0,0,0.3143242607628533
1.0,65.0,8.27,1,0,0,0.4080441829636894
1.0,45.0,60.41,1,0,0,0.3448144436524809
1.0,39.9,7.54,1,0,0,0.11519434599689132
1.0,64.99,15.33,1,0,0,0.46150504823772337
1.0,149.9,36.6,1,0,0,0.3421296082751712
1.0,49.9,18.45,1,0,0,0.25578428522000335
1.0,59.9,19.01,1,0,0,0.2679811743850063
1.0,36.9,17.6,1,1,0,0.42334339977425195
1.0,58.99,13.99,1,0,0,0.33396897033393075
1.0,69.9,7.78,1,0,0,0.43042490059502747
1.0,39.0,25.63,1,0,0,0.3992863483522623
1.0,27.9,12.94,1,0,0,0.3579218091527572
1.0,39.9,15.1,1,0,0,0.46733184161795177
1.0,214.9,24.08,1,0,0,0.3236927081644296
1.0,55.3,8.11,1,0,0,0.41552575769465416
1.0,44.4,12.04,1,0,0,0.42579069833044975
1.0,63.9,26.71,1,0,0,0.3310721595137231
1.0,519.9,16.08,1,0,0,0.24223553705833803
1.0,16.5,16.11,1,0,0,0.4222289253624053
1.0,69.9,16.35,1,0,1,0.5473002240845858
1.0,349.9,24.38,1,0,0,0.23637781461107585
1.0,29.99,16.05,1,0,0,0.4714553900469149
1.0,119.0,17.6,1,0,0,0.36288957814684686
1.0,89.9,18.93,1,0,0,0.20090761061861748
1.0,82.9,19.82,1,0,0,0.2566168135509051
1.0,72.9,14.24,1,0,0,0.3952019797694853
1.0,259.9,19.1,1,1,0,0.33033268249699616
1.0,99.0,33.08,1,0,0,0.3600085116428589
1.0,39.16,12.0,1,0,0,0.43586054961627896
1.0,1299.9,25.54,1,0,0,0.3667571740283888
2.0,198.0,31.2,1,0,1,0.5113558818262165
1.0,35.6,26.55,1,0,1,0.5681037661960081
1.0,1989.0,94.09,1,0,0,0.13478506479988672
1.0,109.9,37.17,1,0,0,0.3208641859984423
1.0,29.9,11.85,1,0,0,0.43029201987465515
1.0,65.0,7.78,1,0,0,0.42473170251900405
1.0,35.0,8.88,1,0,0,0.39881415901137984
1.0,219.0,53.54,1,0,0,0.30601558446282684
1.0,64.9,18.25,1,0,0,0.27714757448998567
2.0,240.0,36.18,1,0,0,0.38909305164049135
1.0,469.9,51.81,2,1,1,1.0
1.0,94.9,17.4,1,0,0,0.3195592466589844
1.0,86.0,11.81,1,0,0,0.31832603025031847
1.0,34.9,12.9,1,0,0,0.3586240783830835
1.0,80.0,14.14,1,0,0,0.3534588218130167
1.0,168.0,37.55,1,0,0,0.32540794331530776
1.0,2160.0,27.42,1,0,0,0.30474742117627346
1.0,128.8,43.13,1,0,0,0.317824285177391
1.0,1189.9,121.05,1,0,0,0.14325215663823374
1.0,83.9,17.84,1,0,0,0.356572636883647
3.0,624.7,77.48,1,0,0,0.47231187804513797
4.0,155.96,54.84,1,0,1,0.506878725616543
2.0,89.8,27.85,1,0,0,0.4526959651225501
1.0,17.1,12.79,1,0,0,0.3064291818998104
1.0,28.9,8.27,1,0,0,0.400235408282251
1.0,250.0,48.58,1,0,0,0.3175737167705098
1.0,105.43,12.24,1,0,0,0.32475154808657847
1.0,72.8,15.26,1,0,0,0.4044146731388842
1.0,47.99,15.36,1,0,0,0.39075261654556387
1.0,174.99,18.47,1,0,0,0.3288382461972349
1.0,390.0,24.03,1,0,0,0.24668395549527578
1.0,35.98,18.35,1,0,0,0.2487757408689064
1.0,13.65,14.1,8,1,1,1.0
1.0,65.0,23.61,11,1,1,1.0
1.0,121.99,17.28,1,0,0,0.33493134506021804
1.0,69.9,20.98,1,0,0,0.3714951819346446
1.0,348.9,10.6,1,0,0,0.2105259250187757
1.0,29.99,7.78,1,0,0,0.40712747008579875
1.0,65.99,13.12,1,0,0,0.3745076201167324
1.0,149.99,23.85,1,0,0,0.17396266474896954
1.0,48.9,9.09,1,0,0,0.4041916146985857
3.0,928.86,157.22,1,0,0,0.24371977344473456
1.0,229.04,22.62,1,0,0,0.4231424419488307
1.0,18.0,17.06,1,0,0,0.4024392945046417
1.0,82.9,20.53,1,0,0,0.22244084909373474
1.0,79.0,26.63,1,0,0,0.39596387322261395
2.0,305.22,173.47,1,0,0,0.23190120456680585
1.0,229.9,34.47,1,1,0,0.3067272905502236
2.0,129.8,33.4,1,0,0,0.48204086556395537
1.0,38.9,15.1,1,0,0,0.4657170196023092
1.0,44.99,14.1,1,0,0,0.3705785077285498
1.0,13.65,22.85,1,0,0,0.23228508497950642
1.0,69.9,15.25,1,0,0,0.43189065269196003
1.0,83.99,8.75,1,0,0,0.4758630402923482
1.0,49.0,10.96,1,0,0,0.4344083603160148
1.0,129.9,14.9,1,0,0,0.3495907521714143
2.0,79.98,30.2,1,0,0,0.43521808441469007
1.0,19.99,10.96,1,0,0,0.45620539220571904
1.0,28.78,11.74,1,0,0,0.4302045414557337
1.0,48.0,11.15,1,0,0,0.427348126817515
1.0,181.01,26.3,1,0,1,0.587963968737855
2.0,158.0,27.14,1,0,1,0.5617242823526423
1.0,24.99,14.1,1,0,0,0.4570592549445728
1.0,119.9,18.09,1,0,0,0.3534551875253613
1.0,84.9,14.36,1,1,0,0.38301299682000384
1.0,199.0,24.26,1,0,0,0.4004888502616102
1.0,25.99,20.4,1,0,0,0.24111908778870467
1.0,113.9,17.05,1,0,0,0.38542312011809526
1.0,34.05,14.1,1,0,0,0.4266866467055584
1.0,75.0,13.19,1,0,0,0.39023299998366584
1.0,38.9,8.72,1,0,0,0.40637636821399614
2.0,75.0,36.46,1,0,0,0.3829147102867634
2.0,78.0,15.56,1,0,1,0.6557159762680004
1.0,35.9,22.93,1,0,0,0.3272978552796609
2.0,99.98,29.18,1,0,0,0.4698825618736934
1.0,6.99,37.9,1,0,0,0.30602716590153944
1.0,49.0,35.93,1,0,0,0.395095863250588
1.0,64.9,15.33,1,0,0,0.44975561925312046
1.0,279.9,13.46,1,0,0,0.29878729772210827
1.0,35.94,13.59,1,0,0,0.3167944094371147
1.0,90.0,8.82,1,0,1,0.5592427804609014
1.0,179.49,9.45,1,0,0,0.4046237628408879
1.0,130.0,15.79,1,0,0,0.3313347063839912
1.0,21.99,18.25,1,0,0,0.13679564088419194
1.0,47.9,18.89,1,0,0,0.2615273055435875
1.0,149.9,23.92,1,0,0,0.4396313186309805
1.0,139.9,14.0,1,0,0,0.354554025735332
1.0,113.89,23.38,1,0,0,0.3028526151315355
1.0,9.99,8.72,1,0,1,0.8304283174561932
1.0,615.0,20.75,1,0,0,0.283066108548169
1.0,174.9,35.74,1,0,0,0.3145314215165474
1.0,169.0,19.07,1,0,0,0.34627488668001644
1.0,249.0,16.49,1,0,0,0.31767802806714057
1.0,29.99,14.1,1,0,0,0.42514557449657153
1.0,89.99,8.98,1,0,1,0.5923791726860421
3.0,38.7,26.160000000000004,1,0,0,0.441684439360626
1.0,109.0,41.74,1,0,0,0.3254735435003871
1.0,449.0,51.85,1,0,0,0.2943724002343662
1.0,49.0,28.82,1,0,0,0.40023746839043284
1.0,40.0,15.1,1,0,0,0.4588871910706689
1.0,29.9,12.87,1,0,0,0.3589462385817711
2.0,289.8,28.82,1,0,0,0.39642944638451777
1.0,109.9,18.02,1,0,0,0.31894274462190436
1.0,329.9,24.45,1,0,0,0.25112760059293404
1.0,32.9,22.16,1,0,0,0.4699318300192425
1.0,79.99,13.58,1,0,0,0.3362239272133248
1.0,39.0,11.15,1,0,0,0.43137265897610483
2.0,35.8,16.58,1,0,0,0.15392569728475888
1.0,25.9,15.11,1,0,0,0.4319014933411579
1.0,37.9,15.1,1,0,0,0.433640460827287
1.0,72.0,16.69,1,0,1,0.5018360016735977
1.0,1199.9,23.16,1,0,1,0.5518657459607739
1.0,65.0,26.99,1,0,0,0.3431642065797707
2.0,119.8,33.22,1,0,0,0.4528437967125379
1.0,9.6,15.23,1,0,0,0.4096514444491851
1.0,189.05,18.89,1,1,0,0.3341325462546892
1.0,109.0,19.95,1,0,0,0.2842307971814105
1.0,98.9,21.18,1,0,0,0.2959974174728164
1.0,649.99,16.05,1,0,0,0.1938534733932178
1.0,117.7,18.7,1,0,0,0.26872924275204474
1.0,129.0,15.78,1,0,0,0.3200239350148471
1.0,74.9,11.54,1,0,0,0.43028535925947303
1.0,22.9,16.11,1,0,0,0.4839456584098567
3.0,149.7,52.8,1,0,0,0.4411895483208093
2.0,99.8,15.56,1,0,1,0.7720991581022422
1.0,69.9,18.0,1,0,1,0.6214749730222076
1.0,1359.9,31.23,1,0,0,0.29871768881449573
2.0,69.8,17.76,1,0,0,0.2510119388836264
1.0,74.99,11.73,1,0,0,0.4458692986151498
1.0,139.96,21.29,1,0,0,0.37381852276722377
1.0,80.99,11.77,1,0,1,0.5204629864466858
1.0,299.9,19.99,1,0,0,0.27791691749617
1.0,78.0,12.05,1,0,0,0.3612514962457708
1.0,59.9,18.52,1,0,0,0.23042651626841368
1.0,35.9,7.39,1,0,0,0.22453737074706098
1.0,54.9,15.13,1,0,0,0.4185359017562232
1.0,59.9,17.67,1,0,0,0.42173401220594686
1.0,18.98,11.85,1,0,0,0.44737252950340256
1.0,68.9,15.58,1,0,0,0.36622717359689927
1.0,87.0,27.67,1,0,0,0.34836011960493213
1.0,49.0,11.85,1,0,0,0.4313913088318721
2.0,76.5,32.22,1,0,0,0.47086277315429764
1.0,109.0,19.95,1,0,0,0.2842307971814105
1.0,30.97,14.52,1,0,0,0.43620819636557673
1.0,17.9,14.1,1,0,0,0.418502317083037
1.0,45.9,16.11,1,0,0,0.4586537690451446
1.0,122.99,18.74,1,0,0,0.24579542139873026
1.0,49.9,13.93,1,0,0,0.33280578270483585
1.0,399.9,13.41,1,1,0,0.24708207872115664
1.0,29.9,9.44,1,0,0,0.43784706824354314
1.0,55.9,17.96,1,0,0,0.4707529075043707
1.0,127.99,16.01,1,0,0,0.3036300576123987
1.0,24.9,11.19,1,0,0,0.4594590352961885
1.0,24.9,15.27,1,0,0,0.3138637599104614
1.0,31.9,15.79,1,0,0,0.39915634539701883
1.0,79.9,11.28,1,0,0,0.4250756624661236
1.0,70.0,16.25,1,0,1,0.5501608239628407
1.0,129.9,17.35,1,0,0,0.3350361575513526
1.0,49.0,7.6,1,0,0,0.11335964835990782
1.0,114.97,25.11,1,0,0,0.22018144872633877
,,,1,0,1,0.5676371073814253
2.0,1099.98,50.82,1,1,0,0.3508055191528088
3.0,231.9,45.89,1,0,1,0.5127979640748177
1.0,68.5,14.06,1,0,0,0.33489647059681427
1.0,69.9,11.88,1,0,0,0.44494804394895937
1.0,59.9,17.67,1,0,0,0.42173401220594686
1.0,118.99,18.08,1,0,0,0.32594163137614723
1.0,109.9,25.32,1,0,0,0.3312858468895038
1.0,58.5,7.67,1,0,0,0.06472482147979079
1.0,13.99,15.56,1,0,0,0.4084535584269469
1.0,52.5,26.91,1,0,0,0.43298599997229853
1.0,599.0,120.96,1,0,0,0.10321252564631851
1.0,98.0,9.38,1,0,0,0.3096669811803313
1.0,39.0,16.11,1,0,0,0.4480642157582839
1.0,65.9,13.61,1,0,0,0.3278452569730863
1.0,55.0,37.08,1,0,0,0.37710110044803774
1.0,349.0,15.46,1,0,0,0.23446363642409035
1.0,239.99,14.23,1,0,0,0.3269861236411281
1.0,79.9,16.81,1,0,0,0.46078634571024774
1.0,34.9,14.1,1,0,0,0.4266866467055584
1.0,610.0,37.54,1,0,0,0.11153040309266656
1.0,180.0,17.02,1,0,0,0.4203382992008508
2.0,256.3,28.69,1,0,0,0.37006178330596956
1.0,43.5,15.11,1,0,0,0.38205646900451756
1.0,33.0,13.71,1,0,0,0.3241429087447183
1.0,169.0,23.98,1,0,0,0.2671588975087688
1.0,151.9,27.14,1,0,0,0.33778037172543485
2.0,24.5,30.2,1,0,0,0.16774197095607551
3.0,92.7,27.81,1,0,0,0.4225173311081155
1.0,129.9,16.12,1,0,0,0.34483034282477043
2.0,154.0,25.34,1,0,1,0.5693620446577548
1.0,29.9,19.32,1,0,0,0.335909036681068
1.0,270.0,16.64,1,1,0,0.30464851346823474
1.0,84.0,17.5,1,0,0,0.3049433394486599
1.0,110.32,15.87,1,0,0,0.37405566098223697
1.0,99.99,8.89,1,0,0,0.22326490146768288
1.0,169.9,39.01,1,0,0,0.3164379668508758
1.0,156.0,8.35,1,0,0,0.27081791301215685
1.0,64.8,23.03,1,0,0,0.24049402344637286
1.0,149.9,47.0,1,1,0,0.33598385528664587
1.0,26.99,8.72,1,0,0,0.4036666668465072
1.0,65.0,16.7,1,0,1,0.5269059046454471
1.0,99.99,11.9,1,0,0,0.2768277865992742
3.0,145.85000000000002,45.29,1,0,0,0.45354687914279196
1.0,119.99,19.43,1,0,0,0.2066809447014037
3.0,75.0,23.34,1,1,0,0.45542390681775
1.0,60.0,15.17,1,0,0,0.42535051473897284
1.0,149.49,12.55,1,0,0,0.30853931395957035
1.0,28.9,23.35,1,0,0,0.24102356938227942
2.0,80.0,46.16,1,0,0,0.4356900458736238
1.0,99.9,0.0,1,0,0,0.002092274678111588
1.0,429.98,35.0,1,0,0,0.34645519036499045
1.0,12.9,7.78,1,0,1,0.5021224021583973
1.0,12.99,15.11,1,0,0,0.3857909262688575
1.0,15.9,11.85,1,0,0,0.4376137945385356
1.0,122.61,34.66,1,0,0,0.28805003902319964
1.0,59.9,13.0,1,0,0,0.38115958706154196
1.0,25.99,14.1,1,0,0,0.4375669209168735
1.0,69.99,14.24,1,0,0,0.402237155121181
1.0,99.0,14.56,1,0,0,0.3341298030536256
1.0,69.0,14.23,1,0,0,0.3953266959380578
1.0,122.99,15.61,1,0,0,0.312401467160698
1.0,136.9,21.02,1,0,0,0.33853093004299495
1.0,15.0,12.79,1,0,0,0.29240386716378985
1.0,189.0,15.49,1,0,0,0.432560382542901
1.0,255.61,17.0,1,0,0,0.2629070974854856
1.0,74.99,44.33,1,0,0,0.37921227144480874
1.0,120.0,14.18,1,0,0,0.32734030412203036
1.0,129.0,67.49,1,0,0,0.311479581165431
1.0,959.99,51.32,1,1,0,0.20377908058444227
1.0,255.0,16.54,1,0,0,0.28353223345294637
1.0,24.9,22.85,1,0,0,0.3080416894517625
1.0,51.49,9.94,1,1,0,0.43134265054772364
1.0,80.0,14.87,1,0,0,0.41436204537935795
1.0,11.55,15.1,1,0,0,0.40637500498788554
2.0,418.0,90.62,1,0,1,0.5126577647074708
1.0,56.99,13.98,1,0,0,0.33229771507856093
1.0,219.0,19.11,1,0,0,0.316046362124157
2.0,89.8,32.22,1,0,0,0.4927766756636776
2.0,64.8,27.23,1,1,0,0.4233812716339051
1.0,158.26,15.41,1,0,0,0.4302793602642319
1.0,29.5,11.73,1,0,0,0.43172212314257963
1.0,17.9,7.78,1,0,0,0.48186054571855647
1.0,179.99,8.51,1,1,0,0.30831611930563835
1.0,91.55,7.9,1,1,1,0.5705763601484105
1.0,19.99,15.11,1,0,0,0.42892926695529304
1.0,42.99,15.1,1,0,0,0.380585431118103
1.0,59.9,15.17,1,0,0,0.42535051473897284
1.0,299.0,89.38,1,0,0,0.2617890719356672
1.0,58.99,13.43,1,0,0,0.3802867578255839
1.0,175.91,10.65,1,0,0,0.36576297592667617
1.0,79.0,13.57,1,0,0,0.2681928428574176
1.0,119.0,19.74,1,0,0,0.2832924641440827
1.0,49.9,15.45,1,0,0,0.34069973742337595
1.0,199.0,28.14,1,0,0,0.3869000753733206
1.0,45.9,7.58,1,0,0,0.05618887366592362
1.0,139.9,12.37,1,0,0,0.3177596386022606
1.0,94.0,13.78,1,0,0,0.37979466330087813
1.0,55.6,26.93,1,0,0,0.38461425733266996
1.0,116.6,28.18,1,0,0,0.27473683556394535
2.0,115.99,32.54,1,0,0,0.44820432592048914
1.0,14.99,11.85,1,0,0,0.41875065799648137
1.0,200.0,18.98,1,0,0,0.29786203140056927
6.0,137.39999999999998,44.52,1,0,1,0.5707771625588686
3.0,233.61,45.900000000000006,1,0,1,0.5127979640748177
1.0,189.0,8.58,1,0,0,0.3493455496343253
1.0,120.42,16.6,1,0,0,0.3395440293540014
1.0,39.9,17.63,1,0,0,0.45401622953958204
1.0,79.0,23.09,1,0,0,0.26173449126679205
1.0,109.9,15.53,1,0,0,0.32571841281797337
1.0,109.99,36.85,1,0,0,0.32744228979462764
1.0,198.0,43.42,1,0,0,0.39616698888947716
1.0,248.99,74.69,1,0,0,0.3009001263260593
1.0,53.0,15.12,1,0,0,0.4169749477669656
1.0,24.99,15.28,1,0,0,0.3138637599104614
1.0,107.99,11.8,1,0,0,0.28859922216256195
1.0,39.99,18.23,1,0,0,0.26948136991694244
1.0,34.0,13.82,1,0,0,0.3230634043833065
1.0,94.9,11.76,1,0,0,0.41068625086963284
1.0,179.9,39.53,9,1,1,1.0
1.0,168.0,13.84,1,0,0,0.338275886381208
1.0,69.0,11.98,1,0,0,0.42779859915065854
2.0,57.8,45.7,1,0,0,0.4538306328043609
1.0,13.62,18.23,1,0,0,0.16484293191363594
1.0,49.9,8.72,1,0,0,0.4089226900140161
1.0,109.99,29.7,1,0,0,0.3243299120376315
1.0,98.0,36.01,1,0,0,0.41772774821802316
2.0,719.4,34.54,1,0,1,0.5219932260752741
2.0,179.99,36.4,1,0,0,0.4496466609575219
1.0,47.99,19.04,1,0,0,0.26262728831729565
1.0,339.0,105.54,1,0,0,0.3030662019828772
1.0,58.99,11.73,1,0,0,0.43448072708663754
1.0,125.0,18.12,1,0,0,0.3282728822345637
1.0,10.9,7.39,1,0,0,0.21193303437561142
2.0,313.98,31.96,1,0,0,0.42938126096790824
1.0,42.99,14.44,1,0,0,0.3594832059675311
1.0,29.9,17.93,1,0,0,0.3534974590676719
1.0,130.0,15.79,1,0,0,0.3313347063839912
1.0,84.99,15.35,1,0,0,0.3782196456530912
1.0,103.97,24.01,1,0,0,0.3064100458340157
1.0,64.9,7.78,1,0,0,0.4302054793163271
1.0,159.9,17.77,1,0,0,0.34303998983234846
1.0,142.0,27.07,1,0,0,0.3160082397111916
1.0,17.0,7.39,1,0,0,0.4903725079831297
1.0,145.0,9.58,1,0,0,0.32243951755378414
1.0,39.9,13.37,1,0,0,0.36690205353390615
1.0,48.0,18.23,1,0,0,0.2545600870030929
1.0,97.9,25.97,1,0,0,0.31135350373816345
3.0,197.7,24.0,1,0,0,0.3608967562119312
2.0,83.8,33.71,7,1,1,1.0
1.0,190.83,12.84,1,0,1,0.538977658723899
1.0,72.0,16.75,5,1,1,1.0
1.0,44.9,34.69,1,0,0,0.4041625795874151
1.0,169.0,17.92,1,0,0,0.2870556907211254
1.0,722.5,47.09,1,0,0,0.24919419754065578
1.0,95.2,9.48,1,0,0,0.4523095178024836
1.0,32.99,16.83,1,0,0,0.434865644748111
1.0,120.0,17.55,1,0,0,0.341490182258452
1.0,49.99,19.32,1,0,0,0.3337060979237311
1.0,75.0,18.83,1,0,0,0.26901270211233796
1.0,109.99,57.03,1,0,0,0.35213680848715184
1.0,58.99,10.0,1,0,0,0.43743624248343366
1.0,120.0,14.59,1,0,0,0.3313565245789882
1.0,19.9,12.48,1,0,0,0.4437760541938262
1.0,269.0,9.65,1,0,0,0.3958923882021578
1.0,25.0,13.47,1,0,0,0.3570090187609931
1.0,199.0,15.11,1,0,0,0.42958236599766725
1.0,21.89,19.04,1,0,0,0.10442162201510385
1.0,199.99,9.16,1,0,0,0.2784793089820668
1.0,117.6,22.29,1,0,0,0.24333728534665378
1.0,39.9,7.78,1,0,0,0.43131009253739117
1.0,58.99,11.73,1,0,0,0.43448072708663754
1.0,69.9,11.99,1,0,0,0.44361925254539225
1.0,79.99,25.84,1,0,0,0.23186124303331496
1.0,144.99,17.26,1,1,0,0.3531997459014668
1.0,170.0,22.94,1,0,0,0.2486424732670649
1.0,45.0,7.58,1,0,0,0.05544376951548987
1.0,21.9,11.85,1,0,0,0.45269581314143326
1.0,87.12,25.16,1,0,0,0.4164520577297747
3.0,616.8,54.45,1,0,0,0.48415876759125565
1.0,229.99,14.16,1,0,0,0.34981638818110733
1.0,66.9,17.04,1,0,1,0.5642556572762314
1.0,369.9,51.12,1,0,0,0.29399529210734376
1.0,49.99,15.56,1,0,0,0.412632511876402
1.0,139.0,14.31,1,0,0,0.3329800533290039
1.0,105.0,23.66,1,0,0,0.2286901471362743
1.0,99.9,24.35,1,0,0,0.2876305740774354
1.0,139.0,22.9,1,0,0,0.27168684918421215
1.0,79.9,14.73,1,0,0,0.36514133317706515
1.0,199.0,26.67,1,0,0,0.4903856396711449
1.0,122.99,30.11,1,0,0,0.3128030391659326
1.0,24.9,7.78,1,0,0,0.47484342061638934
1.0,30.0,16.11,1,0,0,0.44902224773661675
1.0,69.9,18.59,1,0,0,0.21638878154329627
1.0,31.9,12.88,1,0,0,0.3549341782637377
1.0,49.0,19.32,1,0,0,0.3400075632546768
1.0,209.99,18.04,1,0,0,0.33199237622041694
1.0,69.9,15.24,1,0,0,0.4283950751924322
1.0,75.0,18.1,1,0,0,0.29829421334504314
1.0,61.0,16.19,1,0,1,0.5501017390060752
2.0,106.0,24.58,6,1,1,1.0
1.0,89.9,29.03,1,0,0,0.3839391814141897
1.0,45.0,11.86,1,1,0,0.4280071986300172
1.0,42.0,15.1,1,0,0,0.374739684729417
1.0,79.0,23.35,1,0,0,0.3057076637911586
1.0,18.9,12.79,1,0,0,0.31177386872275636
1.0,69.99,19.46,1,0,0,0.14016631084027525
1.0,122.99,63.11,1,0,0,0.33199112201219194
1.0,94.49,15.41,1,0,1,0.5532476410869822
1.0,109.9,18.36,1,0,0,0.28851008475415113
1.0,48.9,26.89,1,0,0,0.41104428315178015
1.0,325.0,10.47,1,0,0,0.2196645268510135
1.0,109.9,14.52,1,0,0,0.3261339712920739
,,,1,0,1,0.5676371073814253
1.0,89.0,12.08,1,0,0,0.3908164958614551
1.0,349.0,58.9,1,0,0,0.33989292815675015
1.0,65.0,11.95,1,0,0,0.4359939672203305
1.0,20.25,7.4,1,0,0,0.025504101037901284
1.0,109.0,53.36,1,0,0,0.3197224324230316
1.0,28.0,14.52,1,1,0,0.4349724959918054
1.0,122.9,43.14,1,0,0,0.31505137974202324
1.0,190.9,16.09,1,0,0,0.49854687230064715
1.0,333.0,14.67,1,1,0,0.2587372020504534
1.0,99.9,0.0,1,0,0,0.002092274678111588
1.0,143.8,26.5,1,0,0,0.322385711841967
2.0,460.8,99.97,1,0,1,0.598320187031759
1.0,81.99,7.92,1,0,0,0.397318650913519
1.0,119.4,22.77,1,0,0,0.3104368501090647
1.0,169.9,15.36,1,0,0,0.2935317572479673
1.0,220.0,16.29,1,0,0,0.3256200060535364
1.0,69.99,15.25,1,0,0,0.42035409283414615
1.0,45.5,12.98,1,0,0,0.3430361212457315
1.0,179.96,33.54,1,0,0,0.3382657735147955
1.0,28.99,18.23,1,0,0,0.2897553300109066
2.0,184.0,35.78,1,0,1,0.5889087184290132
2.0,51.8,15.56,1,0,0,0.24168110743129428
1.0,99.0,18.93,1,0,0,0.25543022873359156
1.0,19.9,15.1,1,0,0,0.4372727634158048
1.0,59.55,17.67,1,0,0,0.3774963628822155
1.0,249.9,17.59,1,0,0,0.31798818899779085
,,,1,0,1,0.5676371073814253
1.0,66.99,27.75,1,0,0,0.2906140803267943
1.0,129.9,18.16,1,0,0,0.3175238230879358
1.0,59.9,25.26,1,0,0,0.43235445957338553
1.0,89.9,18.91,1,0,0,0.20090761061861748
3.0,20.700000000000003,22.17,1,0,0,0.3245682250525597
1.0,35.33,18.35,1,0,0,0.2494456773697299
3.0,161.9,87.67,1,0,1,0.5037809644384518
1.0,89.15,16.87,1,0,0,0.4480689061341412
1.0,89.5,12.76,1,0,1,0.6131780654644688
1.0,59.0,22.99,1,0,0,0.2455617238970218
1.0,128.9,23.22,1,0,0,0.2957745640089476
1.0,24.9,7.78,1,0,0,0.47484342061638934
1.0,32.99,10.96,1,0,0,0.4288802717170616
1.0,349.99,18.76,1,0,0,0.29046784589693647
1.0,6.9,7.39,1,0,0,0.07250339976196778
2.0,138.89,20.73,1,0,0,0.4729528983736939
1.0,52.0,18.97,1,0,0,0.28672994953877234
2.0,118.0,35.32,1,0,0,0.45584504098054746
3.0,198.7,63.19,1,0,0,0.482254910685411
1.0,129.0,26.98,1,0,0,0.29613528518633503
1.0,89.99,18.2,1,1,0,0.13305229584826295
1.0,39.9,8.88,1,0,0,0.4148320253487281
1.0,212.0,12.98,1,1,0,0.40345973142264313
1.0,38.9,9.44,1,0,0,0.4451256307566375
1.0,80.0,17.0,1,0,1,0.5562936465925294
1.0,829.0,14.62,1,0,0,0.09281802715286486
1.0,69.9,21.45,1,0,0,0.313514086988197
1.0,62.7,12.78,1,1,0,0.33024819281618767
1.0,149.9,19.29,1,0,0,0.2779512011333238
1.0,590.0,15.41,1,0,0,0.1905205659434765
2.0,208.0,27.5,1,0,0,0.4681694350020828
1.0,89.9,12.58,1,0,1,0.5673507002200794
1.0,35.0,12.43,1,0,0,0.4218389833666645
1.0,224.99,15.74,1,0,0,0.28247010892515456
2.0,70.0,27.66,1,0,0,0.42492577799449655
1.0,159.99,17.56,1,0,0,0.34345984068883323
2.0,77.98,23.46,1,0,0,0.3970366995480117
1.0,13.65,50.85,1,0,0,0.4331641399319263
1.0,79.9,9.29,1,0,0,0.4355173665413075
1.0,57.49,11.15,1,0,0,0.4319402329105313
1.0,27.72,7.93,1,0,0,0.37154416299364573
1.0,29.99,8.9,1,0,0,0.39501383349064706
1.0,1340.0,33.83,1,0,0,0.2252266556961383
2.0,58.0,33.58,1,0,0,0.4621964056131804
1.0,39.99,17.6,1,0,0,0.4231920039640997
1.0,49.99,12.48,1,0,0,0.4341141190477745
1.0,59.9,13.44,1,0,0,0.3815268290961434
1.0,105.99,18.62,1,0,0,0.26667740284414443
1.0,38.99,8.72,1,0,0,0.40881181564542435
1.0,113.0,18.04,1,0,0,0.3746202884441211
1.0,899.0,18.2,1,0,0,0.05287431233290303
1.0,99.8,16.46,1,0,0,0.37689296635440434
1.0,189.99,28.28,1,0,0,0.43801850939396236
1.0,188.0,13.98,1,0,0,0.3658380368977747
1.0,28.5,13.71,1,0,0,0.32814730101106854
1.0,220.0,15.71,1,1,0,0.3248198302264788
1.0,99.99,38.25,1,0,0,0.3370977622509287
1.0,33.0,16.79,1,0,0,0.4316124839816022
1.0,65.0,26.89,1,0,0,0.34834122691949326
1.0,122.99,18.43,1,0,0,0.286633779741709
1.0,179.0,17.99,1,0,0,0.3274887501023302
1.0,26.99,15.79,1,0,0,0.3453222597917599
1.0,89.9,13.93,1,0,0,0.40867583808571095
1.0,79.99,15.31,1,0,0,0.3649902692489759
1.0,142.0,18.87,1,0,0,0.26829981942722597
1.0,73.9,13.64,1,0,0,0.3256497775629273
1.0,159.0,69.82,1,0,0,0.2704650327704092
1.0,106.0,20.23,1,0,0,0.23625882903080622
1.0,12.97,14.52,1,0,0,0.36372226691734955
1.0,38.9,13.37,1,0,0,0.3628517840868353
1.0,74.9,9.94,1,0,0,0.42836413913867755
3.0,42.84,52.8,1,0,0,0.49227731213046594
1.0,290.0,17.79,1,0,0,0.261224597126785
1.0,62.8,25.47,1,0,0,0.3357660257852219
1.0,899.0,21.17,1,0,0,0.06076585854939527
1.0,159.99,103.25,1,0,0,0.2386259022083757
1.0,63.72,17.7,1,0,0,0.4292081995732147
,,,1,0,1,0.5676371073814253
1.0,1899.0,284.6,1,0,0,0.12956050795490281
1.0,39.9,9.94,1,0,0,0.44568173460029226
1.0,55.0,22.1,1,0,0,0.2733729002513316
1.0,345.99,31.46,1,0,0,0.34292328222684765
1.0,99.9,13.04,1,0,0,0.3487215138506299
1.0,54.9,12.72,1,0,0,0.498672207693598
1.0,34.9,14.52,1,0,0,0.4387590906801666
1.0,54.91,14.14,1,0,0,0.4039458559761137
2.0,49.98,29.04,1,0,0,0.46103482878465524
1.0,89.99,7.88,1,0,1,0.6041791500022688
1.0,119.99,13.86,1,0,0,0.35479320541106946
1.0,107.9,21.56,1,0,0,0.45325991047435216
1.0,95.9,17.92,1,0,0,0.263927707650249
1.0,79.9,19.8,1,0,0,0.34940899885482546
1.0,135.0,19.05,1,0,0,0.2517907021836609
1.0,38.9,15.37,1,0,0,0.4122855179277482
1.0,21.9,7.78,1,0,0,0.49215599139113747
1.0,92.0,13.7,1,0,0,0.4497401397138517
2.0,12.0,45.86,1,0,0,0.31917263492512327
2.0,164.8,85.25999999999999,1,0,0,0.2509565907883137
1.0,59.95,8.27,1,0,0,0.41603244908000303
1.0,25.0,16.11,1,0,0,0.47994284776126356
1.0,43.0,18.4,1,0,0,0.2425226254211861
1.0,139.0,20.03,1,0,0,0.26358987833630726
1.0,27.9,12.86,1,0,0,0.35696273052053984
1.0,112.99,15.18,1,0,0,0.3714813028507372
1.0,35.9,19.32,1,0,0,0.3011018446299117
1.0,125.0,16.5,1,0,0,0.34733973769223453
1.0,49.9,14.1,1,0,0,0.39364138254956893
1.0,49.9,8.72,1,0,0,0.4089226900140161
1.0,69.77,17.77,1,0,0,0.4541857619465318
1.0,21.99,13.08,1,0,0,0.38169825042692734
1.0,30.0,14.1,1,0,0,0.42815127250226953
1.0,274.9,14.36,1,0,0,0.2955036373692837
1.0,199.9,24.27,1,0,0,0.39987065336007466
1.0,65.0,14.2,1,0,0,0.41384650029962233
1.0,158.0,21.6,1,0,0,0.44994262712049815
1.0,75.9,15.28,1,0,0,0.37659022335742115
1.0,145.0,15.76,1,0,0,0.32496484445948426
1.0,759.9,21.89,1,0,0,0.23157393528349512
1.0,48.0,7.78,1,0,0,0.43108855770856847
2.0,113.98,30.3,1,0,0,0.40555152506525644
1.0,105.0,16.7,1,0,0,0.3667602008618272
1.0,169.9,13.53,1,0,0,0.27138966185728297
4.0,99.6,64.44,1,0,0,0.44059228511550336
1.0,129.9,17.16,1,0,0,0.3360899839370047
1.0,550.0,145.99,1,0,0,0.4923529438223708
1.0,293.5,14.18,1,0,0,0.26154675942784406
1.0,169.99,23.99,1,0,0,0.21620137300227185
6.0,177.0,96.66,1,0,0,0.3434238658810561
,,,1,0,1,0.5676371073814253
1.0,69.99,14.58,1,0,0,0.40976059222175787
1.0,28.9,25.63,1,0,0,0.3607800165858297
1.0,109.9,12.27,1,0,0,0.3136661425192958
1.0,15.97,18.23,1,0,0,0.38579547754666843
1.0,189.0,19.42,1,0,0,0.2717389944044218
1.0,14.9,15.23,1,0,0,0.3049781957741604
1.0,139.9,16.08,1,0,0,0.33575325582787763
1.0,189.0,26.6,1,0,0,0.4184887200759201
1.0,24.99,11.74,1,0,0,0.4585296191019999
1.0,28.0,7.87,1,0,0,0.36753289984844034
1.0,12.5,13.47,1,0,0,0.29223067601428976
1.0,166.99,27.49,1,0,0,0.2671630885636768
1.0,142.9,14.58,1,0,0,0.34400670282998924
1.0,59.9,9.17,1,0,0,0.43596577748088133
1.0,48.9,15.1,1,0,0,0.41722703010297785
2.0,117.8,32.34,1,0,0,0.44617070976919204
1.0,129.89,16.67,1,0,0,0.345005875989175
1.0,10.99,15.79,1,0,0,0.4659751418258037
1.0,109.0,42.84,1,0,0,0.3254735435003871
1.0,18.99,7.78,1,0,0,0.48070999622464977
1.0,65.99,13.48,1,0,0,0.33219543164744864
1.0,115.0,15.57,1,0,0,0.35789591391889164
1.0,121.97,20.09,1,0,0,0.2539030654958877
1.0,49.99,13.69,1,0,0,0.3314989604668467
1.0,84.99,19.13,1,0,0,0.19653140194675894
1.0,119.99,13.86,1,0,0,0.35479320541106946
1.0,189.9,15.5,1,0,0,0.48733393743049663
1.0,166.99,23.49,1,0,0,0.24012478237929472
1.0,49.99,7.61,1,0,0,0.1152879453382329
2.0,114.0,45.44,1,0,0,0.44518876948202263
1.0,89.9,13.65,1,0,0,0.43324732704013114
1.0,89.9,15.38,1,0,1,0.5942572858010134
1.0,19.9,11.85,1,0,0,0.4473177135004276
1.0,189.0,32.07,1,0,0,0.3621179532784334
1.0,49.9,11.37,1,0,0,0.4313913088318721
1.0,217.99,16.63,1,0,0,0.36982860416768415
1.0,295.0,42.83,1,0,0,0.2587694017499364
1.0,55.0,15.27,1,0,0,0.3808567032794189
1.0,99.0,69.4,1,0,0,0.347376657585215
1.0,129.9,36.04,1,0,0,0.3341974414471459
1.0,28.9,13.47,1,0,0,0.32492640463026023
1.0,49.9,13.01,1,0,0,0.37327300403056296
1.0,250.0,85.16,1,0,0,0.34715410279550296
1.0,299.99,28.18,1,0,0,0.28544416069273837
1.0,18.9,12.79,1,0,0,0.31177386872275636
1.0,29.99,21.15,1,0,1,0.5674554805125244
1.0,31.0,18.23,1,0,0,0.3143242607628533
1.0,45.99,15.11,1,0,0,0.4187180343157536
1.0,49.95,15.1,1,0,0,0.41629867076139715
1.0,19.5,15.1,1,0,0,0.4372727634158048
1.0,167.0,14.92,1,0,0,0.3529615284188974
1.0,120.0,17.28,1,0,0,0.3301761264542487
1.0,79.6,15.41,1,0,0,0.34233090609609684
1.0,269.9,10.08,1,0,0,0.3511264318771943
1.0,87.99,17.33,1,0,0,0.45966788136252035
4.0,119.0,47.400000000000006,1,0,1,0.5060563011853592
1.0,132.93,15.1,1,0,0,0.3439866340983162
1.0,44.99,16.11,1,0,0,0.4520592282995603
1.0,7.9,16.79,1,0,0,0.45066870612130233
1.0,61.0,9.34,1,0,0,0.43715140269739283
1.0,38.9,9.34,1,0,0,0.4483729371966884
1.0,45.0,18.23,1,0,0,0.2527981015060449
1.0,97.0,25.52,1,0,0,0.32188643066191963
1.0,89.9,23.21,1,0,0,0.4303284638562774
1.0,66.99,27.75,1,0,0,0.2906140803267943
1.0,54.0,12.23,1,0,0,0.4307821412704742
1.0,39.97,7.39,1,0,0,0.4737893601423926
1.0,69.9,25.77,1,0,0,0.3446414321601595
1.0,79.9,23.14,1,0,0,0.265584960720394
1.0,89.9,16.88,1,0,0,0.4878693093314687
2.0,187.8,37.52,1,0,0,0.35852380347391005
1.0,43.5,18.23,1,0,0,0.25223207463190794
1.0,89.0,15.92,1,0,1,0.5049047127558459
1.0,197.9,36.74,2,1,1,1.0
1.0,38.8,15.1,1,0,0,0.46150821464458064
2.0,299.8,54.26,1,0,0,0.40024032385598624
2.0,299.74,36.6,1,0,0,0.3117842040790262
1.0,51.99,14.11,1,0,0,0.3900918953304577
1.0,159.9,13.02,1,0,0,0.37907671893614253
1.0,79.9,19.75,1,0,0,0.4503846096723919
1.0,37.5,18.36,1,0,0,0.24517551875557567
1.0,19.9,16.79,1,0,0,0.405032835846471
1.0,79.0,18.13,1,0,0,0.26549007162778193
1.0,52.99,28.77,1,0,0,0.4210380621332609
1.0,231.8,13.96,1,0,0,0.33564562944574394
1.0,39.9,7.71,1,0,0,0.10018071229434844
1.0,18.99,15.1,1,0,0,0.4364102998902684
1.0,199.9,18.33,1,0,0,0.35275104101527543
1.0,74.9,12.65,1,1,1,0.6219944757955465
1.0,59.99,14.17,1,0,0,0.4143587516574212
1.0,99.0,13.35,1,0,0,0.37602102841803653
4.0,1596.0,207.24,1,0,0,0.056904436522083574
1.0,120.0,22.2,1,0,0,0.24981782041757047
1.0,93.97,18.76,1,0,0,0.2657084542727231
1.0,15.9,18.23,1,0,0,0.38579547754666843
1.0,7.0,14.1,1,0,0,0.20238639139927414
1.0,36.9,13.37,1,0,0,0.35749070943324407
1.0,40.0,15.1,1,0,0,0.4588871910706689
1.0,99.99,13.72,1,0,0,0.3470812600592861
1.0,19.0,18.23,1,0,1,0.6316923740595544
1.0,59.9,9.94,1,0,0,0.443735743515901
1.0,102.99,17.16,1,0,0,0.3386281874291337
1.0,269.0,17.64,1,0,0,0.3063118780573463
1.0,1319.9,71.49,1,0,0,0.13900987408189436
1.0,120.0,14.59,1,0,0,0.3313565245789882
1.0,99.0,15.44,1,0,0,0.3710530202068443
1.0,204.0,14.45,1,0,0,0.3608723179439712
2.0,228.0,44.28,1,0,0,0.39030271118625975
1.0,19.9,7.78,1,0,0,0.48004366312064073
1.0,64.8,19.42,1,0,0,0.1669446744341786
1.0,109.9,12.67,1,0,0,0.31483528455497095
1.0,30.0,11.85,1,0,0,0.42838440135431494
1.0,108.0,23.08,1,0,0,0.26784155567459766
1.0,25.0,16.79,1,0,0,0.4547541731217501
1.0,90.0,16.39,1,0,1,0.5275829133275017
1.0,43.0,7.87,1,0,0,0.3900541655731224
1.0,127.26,15.28,1,0,0,0.3312511068728085
1.0,56.99,15.15,1,0,0,0.4183760597418685
2.0,18.0,33.66,1,0,0,0.17198734524061862
1.0,99.9,13.72,1,0,0,0.37122544093035825
1.0,17.0,7.39,1,0,0,0.4903725079831297
1.0,124.9,34.63,1,0,0,0.3065141330472773
1.0,67.0,16.23,1,0,1,0.6027581744670327
1.0,593.36,98.13,1,0,0,0.10696492923226211
1.0,89.0,18.05,1,0,0,0.20492453757870016
1.0,49.95,18.45,2,1,1,1.0
1.0,86.9,41.59,1,0,0,0.33798123727323903
1.0,84.94,9.41,1,0,0,0.2966984492173538
1.0,987.0,33.35,1,0,0,0.15489125570056705
1.0,23.99,15.79,1,0,0,0.3923982340062231
1.0,89.0,18.7,1,0,0,0.20990588709209407
1.0,29.9,13.08,1,0,0,0.35990531721398844
1.0,24.5,15.1,1,0,0,0.45167427923230663
1.0,54.9,14.13,1,0,0,0.4039458559761137
2.0,220.96,51.22,1,0,0,0.39037747921049415
1.0,35.0,14.1,1,0,0,0.4266866467055584
1.0,50.75,13.02,1,0,0,0.3702072942622718
1.0,254.0,20.69,1,0,0,0.34855598528758963
1.0,465.52,18.33,1,1,0,0.3382743628027566
1.0,144.77,14.03,1,0,0,0.342728357891482
1.0,94.9,17.91,1,0,0,0.31566008462523426
1.0,154.99,51.58,1,0,0,0.30184896639764025
1.0,29.5,17.92,1,0,0,0.42763517317185556
1.0,56.99,15.15,1,0,0,0.4183760597418685
1.0,125.0,13.89,1,0,0,0.3383043209587946
1.0,56.5,25.69,1,0,0,0.3885283586325719
1.0,550.0,21.73,1,0,1,0.5009771800321099
1.0,89.9,12.13,1,0,0,0.39996673571096586
,,,1,0,1,0.5676371073814253
1.0,29.0,8.36,1,0,0,0.3993517772193452
1.0,43.49,8.72,1,0,0,0.3953863096083715
1.0,51.9,16.12,1,0,0,0.4295828829062674
1.0,179.99,51.13,1,0,0,0.25355668785952085
1.0,119.99,8.1,1,0,0,0.3435872238547065
1.0,17.0,16.79,1,0,0,0.424939208295064
1.0,39.9,16.79,1,0,0,0.4309338927440559
1.0,75.9,13.65,1,0,0,0.30632884010655753
1.0,159.77,27.66,1,0,0,0.301091783222941
1.0,165.9,9.98,1,0,0,0.38085601426872
1.0,219.9,18.79,1,0,0,0.3232783385583739
1.0,35.99,8.72,1,0,0,0.3934013209429915
2.0,146.9,27.26,1,0,1,0.5497873735284926
1.0,42.15,18.23,1,0,0,0.2570505446212728
1.0,89.0,14.93,1,0,0,0.34848444112363464
1.0,45.9,15.11,1,0,0,0.42238265221876903
1.0,49.99,12.79,1,0,0,0.33206770329771756
1.0,682.98,20.08,1,0,0,0.3762972857517475
1.0,667.0,20.43,1,0,0,0.3533130658429347
1.0,25.0,15.79,1,0,0,0.3807033093013996
1.0,169.99,16.95,1,0,0,0.28340732516902667
1.0,65.99,16.22,1,0,1,0.562937701669229
1.0,15.0,8.29,1,0,0,0.39077563929066444
1.0,129.99,17.48,1,0,0,0.33634399678760385
1.0,56.99,12.74,1,0,0,0.443539595815349
1.0,134.9,16.09,1,0,0,0.3516173298447583
2.0,149.8,32.56,1,1,1,0.555273416889857
1.0,349.9,20.02,1,0,0,0.27749899006431056
2.0,145.8,27.05,1,0,1,0.5585671432916829
1.0,79.9,28.96,1,0,0,0.38968158496931415
1.0,31.9,15.79,1,0,0,0.39915634539701883
1.0,179.99,12.46,1,0,0,0.39844988251750824
1.0,48.0,17.06,1,0,0,0.4435876811782118
1.0,49.99,15.79,1,0,0,0.3952332262947305
1.0,285.0,35.76,1,0,0,0.26138297023954604
1.0,189.9,17.09,1,0,1,0.53641266623833
2.0,120.99,32.14,1,0,0,0.448523494545956
1.0,330.0,10.07,1,0,0,0.21184417174556838
1.0,68.9,12.61,1,0,1,0.6177821534586451
1.0,29.9,15.11,1,1,0,0.44327629869141344
1.0,26.9,20.4,1,0,0,0.24111908778870467
1.0,399.99,16.7,1,0,0,0.2376707786544126
1.0,79.9,26.86,1,0,0,0.3676560492813433
1.0,56.99,12.74,1,0,0,0.443539595815349
1.0,124.9,43.15,1,0,0,0.31816836557416517
1.0,109.9,14.52,1,0,0,0.3261339712920739
1.0,39.9,24.84,1,0,0,0.36442488431118764
1.0,224.0,19.45,1,0,0,0.26226342002728115
1.0,288.02,40.24,1,0,0,0.329662181711157
1.0,59.99,15.52,1,0,0,0.3131760457672311
1.0,99.0,8.89,1,0,0,0.2549933295182587
1.0,59.9,14.5,1,0,0,0.41005655500287536
1.0,229.9,29.92,1,0,0,0.3740507948299825
1.0,115.9,13.47,1,0,0,0.3631514095127377
1.0,59.9,17.67,1,0,0,0.42173401220594686
2.0,76.8,32.22,1,0,0,0.47086277315429764
1.0,117.99,43.24,1,0,0,0.30265125883418703
1.0,109.99,17.51,1,1,0,0.4252585510305188
1.0,55.0,19.36,1,0,0,0.3640811954941854
1.0,89.9,38.18,1,0,0,0.36853044210267955
1.0,49.0,8.82,1,0,0,0.40931470863017555
1.0,18.9,12.79,1,0,0,0.31177386872275636
1.0,493.0,25.77,1,0,0,0.347210444865414
1.0,159.9,13.7,1,0,0,0.3726918822146885
1.0,597.9,21.44,1,0,0,0.2604252747773783
1.0,39.98,19.32,1,0,0,0.34314643976116016
1.0,39.0,18.37,1,0,0,0.24887163668218548
1.0,40.0,8.27,1,0,0,0.41502969074006335
1.0,53.9,103.55,1,0,0,0.28964707391614863
1.0,95.0,23.25,1,0,0,0.368110589943273
1.0,14.99,8.72,1,0,0,0.3962935175237989
1.0,798.0,18.17,1,0,0,0.2251597461428334
1.0,41.8,13.71,1,0,0,0.2853807599271795
2.0,99.8,33.58,1,0,0,0.4511514515158842
1.0,19.99,12.6,1,0,0,0.41984733041445305
1.0,49.8,19.04,1,0,0,0.27320365988734135
1.0,36.9,14.43,1,0,0,0.41893480627774216
1.0,59.99,19.61,1,0,0,0.28198474310523686
1.0,59.9,13.08,1,0,0,0.38115958706154196
1.0,69.9,17.74,1,0,0,0.4780985640983793
1.0,249.99,79.48,1,0,0,0.3003962724998483
1.0,49.9,8.27,1,0,0,0.4083149012575574
1.0,159.9,17.86,1,0,0,0.3367308090241778
2.0,99.8,26.74,1,0,0,0.4260443196289589
1.0,503.34,62.75,1,0,0,0.30253738422716225
1.0,499.0,56.09,1,0,0,0.30817874095795966
1.0,229.99,31.02,1,0,0,0.3822939640565924
1.0,49.0,14.1,1,0,0,0.39364138254956893
1.0,93.0,21.73,1,0,0,0.3396108900639008
1.0,27.9,8.94,1,0,0,0.3933720437914023
,,,1,1,1,0.5676371073814253
1.0,59.99,8.72,1,1,0,0.42041814120622933
1.0,69.8,13.85,1,0,0,0.3165693518792598
1.0,32.99,8.88,1,0,0,0.3978886748581356
1.0,4.99,13.71,1,0,0,0.23843456950090636
1.0,24.99,12.84,1,0,0,0.3900178235340478
1.0,249.9,58.61,1,0,0,0.30792255736270185
1.0,148.0,14.06,1,0,0,0.35190473101591346
1.0,819.89,41.06,1,0,0,0.28612744631750897
1.0,16.99,14.1,1,0,0,0.418502317083037
1.0,23.6,7.91,1,0,0,0.40036732090354626
1.0,48.0,13.47,3,1,1,1.0
1.0,128.0,19.07,1,0,0,0.27556029680711897
1.0,18.7,8.72,1,0,0,0.41386086845222586
1.0,119.99,25.68,1,1,0,0.29691631040742794
2.0,37.8,32.1,1,0,0,0.4281144598337324
1.0,27.99,22.13,1,0,0,0.20062838463108934
1.0,69.9,17.62,1,0,0,0.4281030601531674
1.0,70.9,13.86,1,0,0,0.32620669314780165
1.0,349.9,19.02,1,0,0,0.2963013218704171
1.0,199.99,12.6,1,0,0,0.3518601065615065
1.0,79.9,21.05,1,0,0,0.36585849912936313
1.0,30.0,18.23,1,0,0,0.3173926154101553
1.0,49.0,11.85,1,0,0,0.4313913088318721
1.0,69.9,14.24,1,0,0,0.4161897558950831
1.0,105.0,18.0,1,0,0,0.3460144986671825
3.0,1467.8,75.45,1,0,0,0.24817482113907896
1.0,54.9,25.66,1,0,0,0.41132188191709224
1.0,39.9,8.72,1,0,0,0.4139899820021816
1.0,47.92,15.79,1,0,0,0.394106650367839
1.0,59.8,15.17,1,0,0,0.41211658053603556
1.0,113.9,18.05,1,0,0,0.39677816016316036
1.0,99.9,16.33,1,0,0,0.37409826487378517
1.0,129.0,69.05,1,0,0,0.311479581165431
1.0,29.99,14.51,1,0,0,0.43099710464989444
1.0,19.9,15.1,1,1,0,0.4372727634158048
1.0,169.9,36.51,1,0,0,0.30715524449802994
1.0,16.9,15.1,1,0,0,0.43089283723445654
1.0,40.0,17.63,1,0,0,0.4543545170259773
1.0,9.99,8.88,1,0,1,0.5424605617708561
1.0,45.0,13.37,1,0,0,0.3436440483135357
1.0,429.9,57.27,1,0,0,0.322210531354302
4.0,119.96,30.0,1,0,0,0.47005767297113416
1.0,78.0,7.8,1,0,0,0.32958862881895357
1.0,230.0,14.05,1,0,0,0.34616940900160575
1.0,39.9,8.11,1,0,0,0.4185348318720629
1.0,119.99,39.11,1,0,0,0.3273519631754295
2.0,59.8,16.35,6,1,1,1.0
1.0,119.9,14.31,1,0,0,0.3648821651330708
1.0,200.0,35.57,1,0,0,0.41324231320414595
1.0,31.89,15.79,1,0,0,0.3959738429354245
1.0,39.24,14.59,1,0,0,0.4583121621032825
1.0,599.0,25.9,1,0,0,0.17647594524319798
1.0,99.99,28.89,1,0,0,0.3541815008093041
1.0,59.0,15.17,1,0,0,0.42477852797117915
1.0,299.99,41.09,1,0,0,0.26092684516681847
1.0,45.0,16.79,1,0,0,0.4464463516935119
1.0,59.9,19.01,1,0,0,0.2679811743850063
1.0,59.9,17.67,1,1,0,0.42173401220594686
2.0,307.0,43.22,1,0,0,0.37685016045603353
1.0,78.9,13.89,1,0,0,0.2809444126540068
1.0,59.9,25.26,1,0,0,0.43235445957338553
1.0,199.0,18.0,1,0,0,0.3296569504488809
1.0,179.99,36.39,1,0,0,0.40880229542224505
1.0,69.99,17.23,1,0,0,0.4218939098472194
1.0,23.9,10.96,1,0,0,0.43864019874121124
1.0,169.9,10.0,1,0,0,0.28323612612657123
1.0,60.0,11.92,1,0,0,0.43889248975714823
1.0,138.0,60.2,1,0,0,0.33811606299971575
1.0,178.0,15.0,1,0,0,0.3812086293640398
2.0,39.8,15.56,1,0,0,0.45389757051245366
1.0,69.9,18.59,1,0,0,0.21638878154329627
1.0,132.7,26.43,1,0,0,0.3249930519120734
2.0,75.8,62.2,1,0,0,0.4908534071750235
2.0,216.0,79.38,1,0,0,0.33113332270237106
1.0,29.5,17.6,1,0,0,0.40928335932253385
1.0,79.0,17.8,1,0,1,0.5015706932504038
1.0,90.0,61.37,1,0,0,0.3192029150145532
1.0,950.0,75.76,2,1,1,1.0
1.0,32.5,15.1,1,0,0,0.4392473354608425
1.0,89.49,8.37,1,0,0,0.4217009379982705
1.0,98.81,13.81,1,0,0,0.30599143096984427
1.0,159.9,18.37,1,0,0,0.326819323026585
1.0,79.0,28.95,1,0,0,0.39276241301209364
1.0,94.9,19.63,1,0,0,0.27944015199160793
1.0,69.9,12.83,1,0,0,0.4019008382610347
1.0,179.0,13.69,1,0,0,0.35920859011466894
1.0,28.9,16.79,1,0,0,0.41897691424859035
1.0,6.5,18.23,1,0,0,0.2281979904488162
1.0,34.9,9.74,1,0,0,0.4288802717170616
1.0,54.9,16.63,1,0,0,0.4742379102604547
1.0,19.9,16.79,1,0,0,0.405032835846471
1.0,26.9,16.32,1,0,0,0.42426537440752377
1.0,99.49,8.81,1,0,0,0.22401802304953566
,,,1,0,1,0.5676371073814253
1.0,99.9,18.32,1,0,0,0.257871876652462
1.0,85.0,13.03,1,0,0,0.45666470045376106
1.0,259.99,66.63,1,0,0,0.4390964202055477
1.0,109.78,16.4,1,0,0,0.34081023677391825
1.0,199.0,0.0,1,0,0,0.4954901549243507
2.0,249.98,37.18,1,0,0,0.27124625233790883
1.0,24.99,11.85,1,0,0,0.4585296191019999
1.0,96.8,25.96,1,0,0,0.39092942692055144
1.0,19.99,11.85,3,1,1,1.0
1.0,869.95,19.85,1,0,0,0.17301730426190676
2.0,158.0,41.2,1,0,0,0.3360747759297985
1.0,129.34,21.4,1,0,0,0.3901440639234021
1.0,69.99,17.12,1,0,1,0.5253568254653034
1.0,286.4,79.02,1,0,0,0.38030521380178517
1.0,58.9,17.12,1,0,0,0.45959132421046367
2.0,378.0,37.14,1,0,0,0.4948726894696886
1.0,69.0,14.23,1,0,0,0.3953266959380578
1.0,136.99,36.89,1,0,0,0.3222710555717828
1.0,149.0,40.37,1,0,0,0.3352407651652907
1.0,35.0,15.23,1,0,0,0.39790803388622603
1.0,166.99,23.49,1,0,0,0.24012478237929472
2.0,113.98,27.96,1,1,0,0.3995450696891208
1.0,40.5,21.43,1,0,0,0.37006403349830513
1.0,99.0,17.26,1,0,0,0.3540776558648991
1.0,93.0,21.14,1,0,0,0.3982533044624636
1.0,178.9,18.82,1,1,0,0.2888686454796216
1.0,39.9,7.54,1,0,0,0.11519434599689132
1.0,26.8,14.1,1,0,0,0.43643476829161587
1.0,329.0,52.59,1,0,0,0.28496397889697705
1.0,56.0,7.65,1,0,0,0.06681745895021951
1.0,39.0,18.07,1,0,0,0.23548902081813003
1.0,119.9,8.78,1,0,0,0.32125168561398626
1.0,109.99,21.22,1,0,0,0.3894350721099748
1.0,174.9,12.61,1,0,0,0.30509774310242255
1.0,29.99,22.14,1,0,0,0.39148029480964913
1.0,19.99,15.1,1,0,0,0.44740981797417323
1.0,154.9,61.36,1,0,0,0.3260989833902837
6.0,28.68,94.74,1,0,0,0.21893931214256962
1.0,319.9,67.05,1,0,0,0.38719887721601837
1.0,120.0,7.71,1,0,0,0.3094001742055669
1.0,349.9,24.38,1,0,0,0.23637781461107585
1.0,172.33,26.49,1,0,0,0.2800944023362838
1.0,33.0,8.29,1,0,0,0.39509420016380453
1.0,16.9,18.23,1,0,0,0.35776716069250947
1.0,49.9,16.11,1,0,0,0.44907225836919956
1.0,215.0,21.0,1,0,0,0.35816273815245014
1.0,48.65,17.6,1,1,0,0.43776213640031375
1.0,15.99,7.78,1,0,0,0.47254503967561845
1.0,39.0,18.44,1,0,0,0.2553788691748417
1.0,149.9,36.37,1,0,0,0.3392368546519828
1.0,47.81,34.15,1,0,0,0.4031599126398429
1.0,166.99,23.49,1,0,0,0.24012478237929472
1.0,25.99,16.37,1,0,0,0.4389912470465862
1.0,88.0,15.37,1,0,0,0.3992981885380162
1.0,41.99,15.98,1,1,1,0.5224393550273877
1.0,38.99,35.67,1,0,0,0.40327440631845896
1.0,85.0,21.67,1,1,0,0.34282463760233733
1.0,48.9,15.1,1,0,0,0.41722703010297785
1.0,63.49,11.83,1,0,0,0.4312264741715183
1.0,26.4,22.12,1,0,0,0.1903755695712788
1.0,149.0,40.37,1,0,0,0.3352407651652907
2.0,112.0,25.66,1,0,0,0.4092544660814825
1.0,95.28,15.42,1,0,1,0.5886251583144005
1.0,59.9,16.18,1,0,0,0.45167663020463256
1.0,22.9,22.88,1,0,0,0.2790078693598948
1.0,53.79,10.83,1,0,0,0.43590248616347965
1.0,13.99,7.78,1,0,0,0.45878947257060787
1.0,349.99,19.7,1,0,0,0.2994121300291196
1.0,144.0,13.45,1,0,0,0.32504052215600043
1.0,159.9,20.61,1,0,0,0.4575962070593445
1.0,49.0,15.44,1,1,0,0.337277435343094
1.0,144.99,11.64,1,0,0,0.3773097388807974
1.0,154.9,15.25,1,1,0,0.49517045083008054
1.0,29.9,12.48,1,0,0,0.4341473432274785
1.0,118.44,12.56,1,0,0,0.3449482051907113
1.0,29.0,15.79,1,0,0,0.401936495463393
1.0,89.99,16.39,1,0,1,0.5384960967765631
1.0,13.77,18.23,1,0,0,0.16484293191363594
1.0,129.0,18.15,1,0,0,0.33534122503222263
1.0,166.99,15.92,1,0,0,0.3483156247770715
1.0,12.5,19.32,1,0,0,0.08486082361684603
1.0,349.9,19.7,1,1,0,0.2994121300291196
1.0,30.9,17.78,1,0,0,0.42906504789155697
4.0,599.52,73.2,1,1,1,0.5211440672891192
1.0,67.88,18.36,1,0,0,0.24178164946438416
1.0,88.34,29.08,1,0,0,0.3972806042612223
1.0,29.0,8.72,1,0,0,0.40195008918672925
1.0,129.99,17.16,1,0,0,0.32545355702193696
1.0,133.9,38.49,1,0,0,0.33020594421571414
1.0,55.9,8.29,1,0,0,0.41175032400455647
1.0,139.0,19.21,1,0,0,0.27035446701413063
1.0,99.0,18.93,1,0,0,0.25543022873359156
1.0,110.0,12.27,1,0,0,0.36300866624000666
1.0,89.99,9.44,1,0,1,0.6013008434299644
2.0,99.8,35.2,1,1,0,0.42834398285780956
1.0,45.49,8.27,1,0,0,0.3954540935961713
1.0,689.9,98.81,1,0,0,0.20916913270345946
1.0,32.5,11.85,1,0,0,0.4224205845372737
1.0,38.9,22.2,1,0,0,0.3283190265878408
1.0,28.9,8.27,1,0,0,0.400235408282251
1.0,12.25,14.1,1,0,0,0.3539058658208278
1.0,207.06,17.89,1,0,0,0.363142886700594
1.0,79.0,13.46,1,0,0,0.27175411270516747
1.0,59.9,12.48,1,0,0,0.441059982425762
1.0,1698.99,84.71,1,0,0,0.1495806985760951
1.0,12.99,9.34,1,0,1,0.5833208724329941
1.0,49.9,12.35,1,0,0,0.42674417833790745
1.0,129.9,16.31,1,0,0,0.3437897036212551
1.0,119.99,27.39,1,0,0,0.29131424006182294
2.0,139.4,32.57,1,0,0,0.47973273617031964
1.0,89.9,16.39,1,0,1,0.5261852085404732
1.0,59.9,25.18,1,0,0,0.4291579289655984
1.0,175.0,29.71,1,0,0,0.305680170535693
1.0,75.0,36.62,1,0,0,0.39897523847113764
1.0,168.9,21.98,1,0,0,0.3652377370333848
3.0,149.7,48.33,1,0,0,0.44004277295958694
1.0,159.49,17.32,1,0,0,0.34398345981824635
1.0,15.9,18.23,1,0,0,0.38579547754666843
1.0,118.89,18.63,1,0,0,0.27497909152235334
1.0,27.9,18.3,1,0,0,0.30137724779774794
1.0,49.0,7.6,1,0,0,0.11335964835990782
1.0,109.9,12.27,1,0,0,0.3136661425192958
6.0,237.9,48.12,1,0,0,0.478882263067892
1.0,89.0,17.87,1,0,0,0.41774527184019533
2.0,139.8,26.16,1,0,0,0.46078393886326524
1.0,105.0,23.27,1,0,0,0.28984410303539365
1.0,119.9,23.99,1,0,0,0.2783868077369301
1.0,38.0,13.71,1,0,0,0.3249483500533678
2.0,650.0,20.04,1,0,1,0.5714460213463933
1.0,110.32,8.03,1,0,0,0.3558713676831835
1.0,59.0,18.51,1,0,0,0.23042651626841368
1.0,16.9,11.85,1,0,0,0.4473182774769153
1.0,20.9,14.1,1,0,0,0.4442440999115822
1.0,87.0,12.74,1,0,0,0.42517207182434913
1.0,59.99,11.73,1,0,0,0.4408509926016614
1.0,229.0,12.81,1,0,0,0.363357486358955
1.0,148.0,19.14,1,0,0,0.32262042716573386
1.0,19.49,7.4,1,0,1,0.5922322783130191
1.0,129.8,70.13,1,0,0,0.3631752441151991
2.0,231.3,28.3,1,0,0,0.420028876551392
1.0,34.9,15.11,1,0,0,0.44224200417503823
1.0,45.9,11.85,1,0,0,0.4327410546725607
4.0,441.76,56.44,1,0,1,0.5518665761728936
1.0,209.99,50.0,1,0,0,0.33093274801242123
1.0,89.9,14.94,1,0,0,0.3627906684012031
1.0,15.0,17.63,1,0,0,0.42025555085543953
1.0,269.9,16.64,1,0,0,0.30464851346823474
1.0,29.9,15.1,1,1,0,0.4436085002978538
1.0,29.9,14.52,1,0,0,0.44194350774754726
1.0,39.99,11.89,1,0,0,0.4368601947551936
1.0,45.9,15.1,1,0,0,0.42271485382520946
1.0,139.0,18.22,1,0,0,0.29867172769220135
1.0,35.9,18.05,1,0,0,0.2399639120715391
1.0,69.0,8.99,4,1,1,1.0
3.0,969.0,128.7,1,0,0,0.3345893783441987
1.0,497.0,28.32,1,0,0,0.3608889200587895
1.0,1199.0,35.15,1,0,0,0.198302814985964
1.0,189.9,14.35,1,0,0,0.4903947427546969
1.0,27.9,15.1,1,0,0,0.43892364414447343
1.0,115.0,27.88,1,0,0,0.28286107863499715
1.0,13.99,7.78,1,0,0,0.45878947257060787
1.0,75.0,15.35,1,0,0,0.4167937743619578
1.0,56.99,15.15,1,0,0,0.4183760597418685
1.0,349.9,31.96,1,0,0,0.3419494979814151
1.0,129.0,18.15,1,0,0,0.33534122503222263
2.0,229.88,43.16,1,0,0,0.39667111245789954
1.0,89.15,21.04,1,0,0,0.473862411067048
1.0,27.9,7.94,1,0,0,0.37154416299364573
1.0,119.99,44.64,1,1,0,0.32448773331976033
1.0,25.0,14.1,1,1,0,0.4570592549445728
2.0,179.8,35.76,1,0,1,0.5715473432464283
1.0,29.5,32.8,1,0,0,0.43397523321297254
1.0,109.9,21.26,1,0,0,0.44245699333896843
2.0,179.8,35.76,1,0,1,0.5715473432464283
1.0,119.99,23.59,1,0,0,0.255305505160817
1.0,294.9,24.61,1,0,0,0.20043981328066254
1.0,37.5,8.27,1,0,0,0.39310905936594454
1.0,20.9,10.96,1,1,0,0.4571265911158008
1.0,330.0,18.77,1,0,0,0.28612641643209247
1.0,35.97,12.48,1,0,0,0.4272626258673802
1.0,59.0,37.96,1,0,0,0.4058920136599785
1.0,199.99,12.42,1,0,0,0.3557816751889575
1.0,129.0,18.15,1,0,0,0.33534122503222263
1.0,135.0,17.51,7,1,1,1.0
1.0,97.49,12.18,1,0,0,0.4713784879768656
1.0,559.0,100.84,1,0,0,0.2530234905448516
1.0,98.0,19.88,1,0,0,0.27341700436551963
1.0,99.97,28.08,1,0,0,0.3316847669541206
1.0,53.9,13.4,1,0,0,0.3793000443182239
1.0,79.99,20.61,1,0,0,0.2634335867093316
1.0,24.89,7.43,1,0,0,0.005947088788493844
1.0,67.9,11.98,1,0,0,0.4395932726251639
2.0,146.89,23.98,1,0,1,0.5631587073599505
1.0,149.0,15.79,1,0,0,0.32128754604417675
1.0,71.8,15.25,4,1,1,1.0
1.0,86.9,17.52,1,0,0,0.39607863630594753
1.0,64.99,11.06,1,0,0,0.43453863471326426
1.0,109.99,64.14,1,0,0,0.3530782954239348
1.0,109.0,21.4,1,0,0,0.44963522103923137
1.0,15.0,12.79,1,0,0,0.29240386716378985
1.0,32.2,12.69,1,0,0,0.4925614963490571
1.0,139.1,13.99,1,0,0,0.33849965321227193
1.0,48.9,16.11,1,0,0,0.45607899021712056
1.0,1599.99,27.85,1,0,0,0.278754522215061
2.0,207.94,50.08,1,0,0,0.41466352699153436
2.0,118.0,31.7,1,0,0,0.4567784466938657
1.0,37.9,15.1,1,0,0,0.433640460827287
1.0,70.0,57.26,1,0,0,0.3330124160034151
1.0,146.99,30.44,1,0,0,0.3361834431341517
1.0,205.0,15.04,1,0,0,0.42015506107202716
1.0,45.0,13.61,1,0,0,0.30443935531892585
2.0,55.99,36.46,1,0,0,0.4777600927631733
1.0,119.9,15.72,1,0,0,0.35070650014581833
1.0,29.9,21.15,1,0,1,0.5816794867461129
1.0,189.98,19.22,1,0,0,0.31544138021156165
1.0,93.0,16.41,1,0,1,0.5041982532299616
1.0,48.9,46.88,1,0,0,0.3653129673877052
1.0,99.0,30.1,1,0,0,0.3897614222162114
1.0,90.9,8.83,1,0,1,0.55271672182232
1.0,289.9,15.39,1,0,0,0.21704302230833789
1.0,35.0,8.27,1,0,0,0.3968445472966203
5.0,60.45,91.15,1,0,0,0.23258936732953753
1.0,107.9,13.78,1,0,0,0.32617197946262594
1.0,189.0,35.08,1,0,0,0.32534716842737427
1.0,48.9,9.09,1,0,0,0.4041916146985857
1.0,159.0,20.6,1,0,0,0.38452875353692106
1.0,29.9,15.1,1,0,0,0.4436085002978538
1.0,49.9,16.11,1,0,0,0.44907225836919956
1.0,15.0,12.79,5,1,1,1.0
1.0,369.9,33.34,1,0,0,0.31408508682011244
1.0,359.9,25.1,1,0,0,0.23012571478104
1.0,89.9,16.33,1,0,1,0.5291141855189869
1.0,209.99,17.72,1,0,0,0.3564209068373466
1.0,49.9,9.34,1,0,0,0.44047680271676637
1.0,94.0,17.1,1,1,1,0.552708809123883
1.0,249.9,58.23,1,0,0,0.30793372266798485
1.0,27.0,17.99,1,0,0,0.27333894758685795
2.0,198.0,66.16,1,0,0,0.39894652180457735
1.0,23.49,16.79,1,0,0,0.4569199467333062
1.0,22.0,18.25,1,0,0,0.11188674224568766
1.0,238.0,36.99,1,0,0,0.3029093429473387
1.0,29.9,17.6,1,0,0,0.4159181783995604
1.0,18.9,7.87,1,0,0,0.48931973737697815
3.0,116.7,57.96,1,0,0,0.42567197139608626
1.0,98.99,9.05,1,0,0,0.2335865554753351
1.0,52.9,14.46,1,0,0,0.3999274605219974
1.0,199.0,23.93,1,0,0,0.3990621300535862
1.0,59.9,11.81,1,0,0,0.43611308775547986
1.0,119.0,17.27,1,0,0,0.36783358709884995
1.0,69.99,13.51,1,0,0,0.3293122329238335
1.0,39.9,16.6,1,0,0,0.42586023983009597
1.0,79.9,9.37,1,0,0,0.43442819550383943
4.0,479.96,62.88,1,0,1,0.5910044592488184
1.0,98.99,11.71,1,0,0,0.2511918552261447
1.0,59.0,12.85,1,0,0,0.3766254917076111
1.0,18.99,7.78,1,0,0,0.48070999622464977
1.0,250.0,30.12,1,1,0,0.3575804349544612
1.0,69.2,38.03,1,0,0,0.31530814952217384
1.0,149.0,20.01,1,0,0,0.25837671662487477
1.0,56.99,8.72,1,0,0,0.4136877586327536
1.0,84.9,14.9,1,0,0,0.36271875482584465
1.0,299.99,24.97,1,0,0,0.1945293864708222
1.0,5.9,14.52,1,0,0,0.1803637293768612
1.0,59.9,14.0,1,0,0,0.33430737551203055
1.0,25.9,15.1,1,0,0,0.4430954643422537
1.0,610.0,90.89,1,0,0,0.11260417399743458
1.0,139.8,17.23,1,0,0,0.34401018707951875
1.0,189.9,37.1,1,0,0,0.3756800641226829
1.0,87.51,18.49,1,0,0,0.1435712979863513
1.0,349.9,18.21,1,0,0,0.22553825321501259
1.0,58.99,37.96,1,0,0,0.3825637973927813
1.0,289.99,28.33,1,0,0,0.2775940900095821
1.0,29.98,14.1,1,0,0,0.42739035821524674
1.0,34.9,19.59,1,0,1,0.572110371720426
1.0,229.9,43.75,1,0,0,0.3180644930860115
1.0,158.7,36.43,1,0,0,0.3055424948795889
1.0,18.99,22.06,1,0,0,0.20502982410937512
1.0,69.9,16.93,1,0,1,0.5232079710857971
1.0,969.0,128.17,1,0,0,0.16655859989287636
1.0,84.99,8.79,1,0,0,0.2977790623765796
1.0,69.9,28.8,1,0,0,0.3179417075540425
1.0,7.0,12.48,1,0,1,0.6083016534146289
1.0,189.0,42.62,1,0,0,0.2995487389689571
1.0,149.9,18.3,1,0,0,0.3201784142721043
2.0,144.76,14.78,1,0,0,0.21717005378816293
1.0,22.9,15.46,1,0,0,0.3587219790293628
1.0,13.99,14.1,1,0,0,0.3935328782175805
2.0,169.98,22.44,1,0,1,0.5431178351813594
1.0,79.9,16.32,1,0,1,0.5558783855843396
1.0,89.9,8.21,1,0,0,0.41781479858219855
1.0,220.0,22.03,1,0,0,0.33931250357498216
1.0,89.9,17.34,1,0,1,0.5418618318798523
1.0,104.9,12.07,1,0,0,0.30182675745154736
2.0,259.8,19.44,1,0,0,0.24452352285737344
1.0,27.9,18.23,1,0,0,0.34299655426223663
1.0,110.32,15.65,1,0,0,0.39381586732616375
1.0,359.9,33.17,1,0,0,0.3173947868945184
1.0,61.8,11.04,1,0,0,0.43223453797261546
1.0,89.99,45.09,1,1,0,0.2736150759177601
1.0,34.49,13.47,1,0,0,0.3221283240009909
1.0,109.9,14.32,1,0,0,0.32609571201701215
1.0,47.2,17.93,1,0,0,0.41154821165862004
1.0,18.3,7.78,1,0,0,0.476132851983445
1.0,143.8,24.0,1,0,0,0.28332485969661636
1.0,49.9,7.78,1,0,0,0.4318516290854281
1.0,199.99,17.03,1,0,0,0.40290008026975915
1.0,84.99,20.64,1,0,0,0.2706040208338234
1.0,29.9,11.85,1,0,0,0.43029201987465515
1.0,53.9,16.07,1,0,0,0.4005679972208797
2.0,134.8,28.1,1,0,0,0.48553165149904925
1.0,39.0,8.29,1,0,0,0.410618934742503
2.0,259.98,62.52,1,1,0,0.37294979960712243
1.0,138.23,24.12,1,0,0,0.2797687457241408
1.0,69.9,19.46,1,0,0,0.14016631084027525
1.0,69.9,13.07,1,0,0,0.38502591831437133
1.0,223.9,39.41,1,0,0,0.3026935420722266
1.0,118.9,18.93,1,0,0,0.2675050793907236
1.0,249.9,16.6,1,0,0,0.31247760521988327
1.0,61.9,17.14,1,0,1,0.5179647951238784
1.0,49.99,18.23,1,0,0,0.25684984167708264
1.0,88.34,21.11,1,0,0,0.45100850409441706
1.0,199.9,43.68,1,0,0,0.4345735576775661
1.0,47.49,19.32,1,0,0,0.3306481486422503
3.0,134.7,80.67,1,0,0,0.4434928806211285
1.0,329.9,37.37,1,0,0,0.3146268031204669
1.0,63.99,28.85,1,0,0,0.32156545599351866
1.0,89.9,73.58,1,0,0,0.23737780459930438
1.0,21.6,8.72,1,0,0,0.4168911450266494
1.0,289.0,46.48,1,0,0,0.25277475673348365
1.0,59.33,15.86,1,0,0,0.3838810195065758
5.0,200.0,75.5,1,0,1,0.5113436806824664
1.0,110.0,14.53,1,1,0,0.37045629114390066
1.0,220.0,38.23,1,0,0,0.2993793359630129
1.0,71.8,15.25,1,0,0,0.4309912189777338
1.0,35.0,12.69,1,0,0,0.4974525621643804
2.0,106.0,15.74,1,0,0,0.446947526590646
1.0,47.5,8.72,1,0,0,0.41084336719848624
1.0,49.9,17.6,1,0,0,0.42697186726283365
2.0,139.8,25.66,1,0,0,0.4535596798742811
1.0,30.49,8.29,1,0,0,0.39452205055395867
1.0,52.5,11.87,1,0,0,0.434465533202438
1.0,124.9,20.6,1,0,0,0.35506569905086793
2.0,279.8,31.46,1,0,1,0.5009688256981849
1.0,199.0,9.55,1,0,0,0.3702360924945991
1.0,89.99,19.82,1,0,0,0.39086651981766757
1.0,51.9,14.53,1,0,0,0.4065697284732744
1.0,65.0,11.95,1,0,0,0.4359939672203305
1.0,129.0,44.12,1,0,0,0.3163802255078959
1.0,15.0,15.79,1,0,0,0.40399413803941847
1.0,45.9,9.34,1,0,0,0.4379193590149713
1.0,109.9,23.35,1,0,0,0.29380944441292084
1.0,135.0,25.5,1,1,0,0.3078964444535821
1.0,219.9,14.56,1,0,0,0.3690431200812597
1.0,182.0,19.51,1,0,0,0.2783948352755313
1.0,99.9,23.5,1,0,0,0.22477513124627066
1.0,48.9,7.87,1,0,0,0.4052867683094401
1.0,89.9,38.2,1,0,0,0.36853044210267955
1.0,97.0,51.18,11,1,1,1.0
1.0,134.9,13.38,1,1,0,0.34780688665710713
1.0,57.99,11.15,1,0,0,0.43037346958876477
1.0,108.0,9.77,1,0,0,0.2882640573588645
1.0,119.99,21.29,1,0,0,0.3728569837132722
1.0,59.9,24.97,1,0,0,0.35627682960600543
1.0,69.99,9.34,1,0,0,0.44131781844323487
1.0,189.99,14.35,1,0,0,0.47674540796166837
1.0,99.9,0.0,1,0,0,0.002092274678111588
1.0,49.8,14.11,1,0,0,0.3931576050987488
1.0,13.9,15.1,1,0,0,0.4074197144862732
1.0,99.9,11.9,1,0,0,0.33443396863250774
1.0,42.9,25.63,1,0,0,0.3786947111998378
2.0,469.8,157.86,1,0,0,0.22479527933086696
1.0,49.49,8.27,1,0,0,0.4083149012575574
1.0,44.9,9.09,1,0,0,0.3958003648084455
1.0,157.0,13.54,1,0,0,0.3603802850065112
1.0,79.0,15.99,1,0,1,0.5032109571500794
1.0,29.99,15.23,1,0,0,0.37001578731748985
1.0,99.9,10.88,1,0,0,0.21766602176926672
1.0,49.0,17.64,1,0,0,0.4907201719899166
1.0,129.9,71.34,1,0,0,0.3577640620444909
1.0,49.99,7.78,1,0,0,0.4332548548918797
1.0,29.99,9.09,1,0,0,0.3975123767233553
1.0,59.49,17.67,1,0,0,0.3774963628822155
1.0,149.9,23.98,1,0,0,0.281398479945251
1.0,85.99,20.7,1,0,0,0.3818273979403059
1.0,40.0,14.52,1,0,0,0.45193575299374944
1.0,189.9,16.21,1,0,1,0.5071554626483784
1.0,205.0,17.06,1,0,0,0.4275457507722468
1.0,189.9,8.59,1,0,0,0.33857493507964603
1.0,27.9,8.27,1,0,0,0.3730069475403353
1.0,239.0,69.82,1,0,0,0.30715030649229724
5.0,52.95,63.7,1,0,0,0.4415613587937017
4.0,59.96,60.4,1,0,0,0.47829203781019003
1.0,9.8,7.55,1,0,0,0.20699199716583028
2.0,115.0,23.91,1,0,0,0.4209658631969693
1.0,98.8,7.95,1,0,0,0.2307019517667211
1.0,39.9,8.72,1,0,0,0.4139899820021816
1.0,726.35,31.62,1,0,0,0.2544112285311924
1.0,119.99,14.57,1,1,0,0.35319907427568437
1.0,97.9,16.99,1,0,0,0.2917495835349574
1.0,1890.0,35.77,1,0,0,0.21619604007985022
1.0,58.99,11.43,1,0,0,0.43441919099929094
1.0,299.9,22.88,1,0,0,0.343383053140039
2.0,58.0,15.74,1,0,0,0.16012191221666947
1.0,158.0,12.61,1,0,0,0.4070295245613488
1.0,29.99,15.23,1,0,0,0.37001578731748985
1.0,1997.0,63.2,1,0,0,0.13368220093278452
1.0,129.9,17.65,1,0,0,0.3180100206871162
1.0,45.0,18.23,1,0,0,0.2527981015060449
1.0,21.99,15.25,1,0,0,0.3326084696094684
1.0,39.9,15.1,1,0,0,0.46733184161795177
1.0,219.99,17.17,1,0,1,0.5035993901873292
1.0,114.9,26.88,1,0,0,0.2916147652553851
1.0,120.0,27.39,1,0,0,0.29131424006182294
1.0,99.99,17.95,1,0,0,0.3146308617228917
1.0,199.9,18.65,1,0,0,0.36318880591158875
1.0,35.9,14.1,1,0,0,0.42279065050457837
1.0,64.9,11.06,1,0,0,0.4329964419861696
1.0,102.9,18.55,1,0,0,0.2462934878535647
1.0,655.0,21.84,1,0,0,0.18346140465666827
2.0,59.9,41.370000000000005,1,0,0,0.41344905198118376
2.0,99.8,82.66,1,0,0,0.32595677325814143
1.0,129.0,17.83,1,0,0,0.3189800422723716
1.0,35.0,14.1,1,0,0,0.4266866467055584
3.0,204.66000000000005,53.0,1,0,0,0.4849848003791897
1.0,12.9,7.39,1,0,0,0.0971836490901855
1.0,79.99,11.95,1,0,0,0.44829013639909787
1.0,167.99,16.94,1,0,0,0.3190192289680615
1.0,65.0,16.89,1,0,1,0.5382112947282192
1.0,34.9,11.85,1,0,0,0.4249973453802182
1.0,23.99,12.79,1,0,0,0.3729148080496312
1.0,10.0,19.95,1,0,0,0.32749826190750725
1.0,29.6,8.96,1,0,0,0.39812322259148164
1.0,40.0,13.37,1,0,0,0.3676108006435127
1.0,69.9,18.59,1,0,0,0.21638878154329627
1.0,79.9,27.51,1,0,0,0.364767431624029
1.0,49.9,12.69,1,0,1,0.5170013393330795
1.0,54.9,17.31,1,0,0,0.4301316861478787
1.0,49.0,19.04,1,0,0,0.2832396166268891
1.0,99.99,13.14,1,0,0,0.3409540192453616
,,,1,0,1,0.5676371073814253
1.0,115.0,18.69,1,0,0,0.27104379632169506
1.0,55.5,22.32,1,0,0,0.2569299305705524
1.0,55.9,16.15,1,0,0,0.4623587621804021
2.0,99.8,23.48,1,0,0,0.41825087013548135
1.0,75.0,15.28,1,0,0,0.4092643968812551
1.0,58.2,14.16,1,0,0,0.4022192506399926
1.0,309.56,22.66,1,0,0,0.34587755279644583
1.0,39.99,7.39,1,0,0,0.43799087447705026
1.0,110.0,15.52,1,1,0,0.37004073266980014
1.0,69.99,15.24,1,0,0,0.41867081306924603
1.0,75.9,12.49,1,0,0,0.43309095230249434
1.0,183.37,16.72,1,0,0,0.41936618861650016
1.0,35.0,15.1,1,0,0,0.44060096419126454
1.0,39.0,18.23,1,0,0,0.31623143809015863
1.0,119.8,18.72,1,0,0,0.28724412952519124
1.0,45.0,18.23,1,0,0,0.2527981015060449
1.0,35.9,7.78,1,0,0,0.4135496618094683
1.0,13.3,14.1,1,0,0,0.43974380231887605
1.0,50.0,9.34,1,0,0,0.4394200090996614
1.0,93.02,17.9,1,0,0,0.4344946477477816
1.0,89.0,12.12,1,0,0,0.3908164958614551
2.0,29.8,35.56,1,0,0,0.3503354485354491
1.0,32.0,22.85,1,0,0,0.37337297765307176
1.0,97.9,25.24,1,0,0,0.3246162145914849
1.0,53.9,0.0,1,0,0,0.39691352819634496
1.0,49.9,24.17,1,0,0,0.35841289381525526
2.0,144.46,29.18,1,0,0,0.4698256313801128
1.0,389.0,59.39,1,0,0,0.3745173368080774
1.0,39.99,11.85,1,0,0,0.4369403762224719
1.0,69.9,16.25,1,0,1,0.5604267480009151
1.0,49.9,20.99,1,0,0,0.3301717313023532
1.0,38.9,14.1,1,0,0,0.4467029854130866
1.0,149.0,16.14,1,0,0,0.3422386068402854
1.0,17.9,16.79,1,0,0,0.4266866203033456
1.0,16.99,14.52,1,0,0,0.42269020257223117
1.0,111.9,11.99,1,0,0,0.35920620069718123
1.0,59.0,19.65,2,1,1,0.9933333333333333
1.0,15.99,15.1,1,0,0,0.4299604423787041
1.0,238.9,45.52,1,0,0,0.310265255408941
1.0,48.0,7.78,1,0,0,0.43108855770856847
1.0,79.9,19.75,1,1,0,0.4503846096723919
1.0,132.5,91.93,1,0,0,0.2687010829588334
1.0,95.0,7.93,1,0,0,0.47921983659079237
1.0,58.9,34.17,1,0,0,0.3933335840961411
1.0,84.9,23.39,1,0,0,0.25718278199558414
1.0,20.3,15.1,1,1,0,0.44740981797417323
1.0,99.99,16.95,1,0,0,0.36893118306856215
1.0,29.99,12.87,1,0,0,0.354032922055733
1.0,330.0,12.25,1,0,0,0.2669139330804121
1.0,92.0,13.66,1,0,0,0.46555421685077164
1.0,18.42,22.67,1,0,0,0.2537145058182601
2.0,70.0,52.86,1,0,0,0.46998963836552593
1.0,118.0,12.73,1,0,0,0.3559277912468583
1.0,69.9,14.24,1,0,0,0.4161897558950831
1.0,80.0,7.43,1,0,0,0.04891296818775133
3.0,269.97,45.09,1,0,1,0.581930459905525
1.0,116.6,30.66,1,0,0,0.2956540868618872
1.0,55.0,19.88,1,1,0,0.3384254403383628
1.0,299.99,14.54,1,0,0,0.2565416424539349
1.0,179.9,12.28,1,0,0,0.37562845466012074
2.0,109.8,24.8,1,0,0,0.41145293508896275
3.0,98.97,28.02,1,0,0,0.3406546280716971
1.0,109.9,14.5,1,0,0,0.3254442144042972
1.0,4.9,10.96,1,0,0,0.35491640751161757
1.0,228.0,26.09,1,0,0,0.4371999533055987
1.0,149.9,16.81,1,0,0,0.35104999888680466
1.0,119.9,16.6,1,0,0,0.38696902839731695
1.0,119.0,13.17,1,0,0,0.37553613307874834
1.0,29.9,15.1,1,1,0,0.4436085002978538
6.0,89.94,114.3,1,0,0,0.2275494920497994
1.0,74.9,15.59,1,0,0,0.37389261148284997
1.0,120.0,19.38,1,0,0,0.25756244024460706
1.0,168.0,15.93,1,0,0,0.36265940060157753
1.0,159.0,31.86,1,0,0,0.3127540458248117
1.0,189.0,16.07,1,0,0,0.4258218227982235
1.0,1750.0,28.01,1,0,0,0.26119277285197856
2.0,136.0,36.72,5,1,1,1.0
1.0,289.0,28.1,1,0,0,0.28026449180503277
1.0,299.0,37.0,13,1,1,1.0
1.0,105.18,15.49,1,0,0,0.3683808975390626
1.0,40.0,15.1,1,0,0,0.4588871910706689
1.0,146.99,20.52,1,0,0,0.32544614917490666
1.0,191.0,16.22,1,0,1,0.5204836676651577
1.0,146.99,20.52,1,0,0,0.32544614917490666
6.0,834.0,94.68,1,0,0,0.33114978558330993
1.0,32.9,7.39,1,0,0,0.2745692400200673
1.0,18.49,15.1,1,0,0,0.42075333949538124
1.0,71.9,13.52,1,0,0,0.3283141324847108
1.0,160.99,24.0,1,0,0,0.2651392529807371
1.0,130.0,12.41,1,0,0,0.3305781755341475
1.0,19.9,11.85,1,0,0,0.4473177135004276
1.0,78.0,19.43,1,0,0,0.1704749555658634
6.0,450.0,53.28,1,0,0,0.49251635265563315
1.0,99.9,60.77,1,0,0,0.36052738062412776
1.0,78.0,7.81,1,0,0,0.33035365614135787
1.0,170.0,53.54,1,0,0,0.3209647912705113
1.0,129.0,37.59,1,0,0,0.31161111232157934
1.0,89.99,7.88,1,0,1,0.6041791500022688
1.0,139.9,16.74,1,0,0,0.34557396097475646
2.0,35.8,30.46,1,0,0,0.4682348603849415
1.0,39.0,15.79,7,1,1,1.0
1.0,89.9,13.65,1,0,0,0.43324732704013114
1.0,699.0,22.14,2,1,1,1.0
1.0,940.0,21.49,3,1,1,1.0
1.0,60.0,18.3,1,0,0,0.24982280756593112
1.0,139.99,18.81,1,0,0,0.2690194452364204
1.0,26.0,16.11,1,1,1,0.5871321800126811
1.0,128.0,19.0,1,0,0,0.2338085913530555
1.0,89.99,12.97,1,1,1,0.5434160893074317
1.0,29.9,15.23,1,0,0,0.37852107758918085
1.0,47.49,9.94,1,0,0,0.43698360081838494
1.0,229.9,22.1,1,0,0,0.3982642967311949
1.0,259.9,41.77,1,0,0,0.30071226236383525
1.0,79.99,7.81,1,0,0,0.39045416674275885
,,,1,0,1,0.5676371073814253
1.0,66.9,22.97,1,0,0,0.22281926308801692
1.0,99.0,17.94,1,0,0,0.33496130334081564
1.0,435.19,20.93,1,0,0,0.37390572713261555
1.0,89.9,14.38,1,0,0,0.4816073460114063
1.0,31.5,15.32,1,0,0,0.3313604064568029
1.0,159.49,19.7,1,0,0,0.3556121275421288
1.0,109.9,17.02,1,1,0,0.34935605131144243
1.0,570.0,21.87,1,0,0,0.4064810782310853
3.0,279.0,23.91,1,0,0,0.3147097863102571
1.0,15.8,18.23,1,0,0,0.38579547754666843
1.0,59.99,13.25,1,0,0,0.3758080565957005
1.0,199.99,17.65,1,0,0,0.3403040186760313
2.0,898.0,41.72,1,0,1,0.5211639701791203
1.0,178.0,18.18,1,0,0,0.3131362641615113
1.0,364.0,14.05,1,0,0,0.25932068228150595
1.0,24.99,7.78,1,0,0,0.466656290795292
,,,1,0,1,0.5676371073814253
1.0,17.89,10.96,1,0,0,0.45128845675983476
1.0,98.0,27.23,1,0,0,0.30599440297117825
1.0,53.9,18.18,8,1,1,0.9933333333333333
1.0,26.9,10.96,1,0,0,0.4323024378476402
1.0,89.9,17.88,1,0,1,0.5669409744949782
1.0,157.0,21.59,1,0,0,0.3734774427725125
1.0,48.9,13.37,1,0,0,0.3817749272292989
1.0,24.9,15.1,1,0,0,0.46022497300716375
1.0,37.9,25.63,1,0,0,0.41101422526849163
1.0,145.0,16.12,1,0,0,0.3336201512746543
1.0,55.08,15.27,1,0,0,0.3808567032794189
1.0,295.0,15.67,1,0,0,0.22775898231700395
2.0,67.98,16.54,1,0,0,0.17007087743607682
1.0,59.9,14.51,1,0,0,0.41235047602323616
1.0,99.9,7.95,1,0,0,0.26401966705251
2.0,179.0,45.12,1,0,0,0.3646219585921415
1.0,19.5,15.1,1,0,0,0.4372727634158048
1.0,115.0,21.3,1,0,0,0.3424731552921822
1.0,84.89,19.28,1,0,0,0.22425276534638822
1.0,129.0,11.51,1,0,0,0.2844599621014139
1.0,59.55,16.18,1,0,0,0.4025206358428307
1.0,259.9,15.57,1,1,0,0.2569671364772815
1.0,79.9,13.92,1,0,0,0.3309375693771708
1.0,113.1,8.21,1,0,0,0.34303424404216
1.0,55.0,7.65,1,0,0,0.06681745895021951
1.0,599.99,21.77,1,0,0,0.2182448440343058
1.0,27.9,15.1,1,0,0,0.43892364414447343
1.0,170.0,30.44,1,0,0,0.31994438999405783
2.0,151.8,26.18,1,0,1,0.5508266794542783
1.0,49.99,23.28,1,0,0,0.25278762177676134
1.0,41.8,18.39,1,0,0,0.24277939010489272
1.0,636.0,15.84,1,0,0,0.24925379094583178
1.0,79.99,9.37,1,0,0,0.4431790913047466
1.0,99.9,30.11,1,0,0,0.3487158561029393
1.0,96.99,37.59,1,0,0,0.3700921330357642
1.0,79.9,11.76,1,0,0,0.426195398825045
1.0,194.99,10.38,1,0,0,0.37055551759653244
1.0,79.0,17.8,1,0,1,0.5015706932504038
1.0,987.0,18.81,1,0,0,0.08822998771958215
1.0,30.65,14.52,1,0,0,0.43620819636557673
1.0,22.9,18.23,1,0,0,0.1306297131290506
1.0,548.0,37.64,1,0,0,0.3498973138513646
1.0,79.0,13.57,1,0,0,0.2681928428574176
4.0,199.6,56.4,1,0,0,0.45367731111316073
1.0,195.0,26.78,1,0,0,0.4706304020441084
2.0,119.8,35.34,1,0,0,0.3847617918479975
1.0,56.99,15.84,1,0,1,0.5157682865768478
1.0,284.8,9.18,1,0,0,0.43480749120466927
1.0,629.99,11.66,1,0,0,0.2916491776666366
1.0,119.9,13.86,1,0,0,0.37024965985444475
1.0,185.99,17.06,1,0,0,0.4007557641808222
1.0,45.9,16.11,1,0,0,0.4586537690451446
1.0,55.9,29.32,1,0,0,0.38405447087781314
,,,1,0,1,0.5676371073814253
1.0,122.99,37.55,1,0,0,0.30958134166665197
1.0,82.9,17.83,1,0,0,0.46356411814298215
1.0,1299.65,23.04,1,0,0,0.22030722391555116
1.0,19.9,11.85,1,1,0,0.4473177135004276
1.0,65.0,11.73,1,0,0,0.4347923075605515
1.0,45.9,22.28,1,0,0,0.24352642652593778
1.0,29.0,9.27,1,0,0,0.4426803525338332
1.0,79.9,14.31,1,0,0,0.3659232102082957
1.0,149.87,16.81,1,0,0,0.3432280787349233
1.0,47.0,18.43,5,1,1,1.0
2.0,119.98,37.400000000000006,1,0,0,0.34612544961336617
1.0,105.9,13.76,1,0,0,0.3715836955339524
1.0,39.9,12.94,1,0,0,0.36383372809902215
1.0,49.49,7.39,1,0,0,0.437331249513131
1.0,69.49,16.25,1,1,1,0.5568632978098123
1.0,149.9,46.34,1,0,0,0.3338733438350829
1.0,13.99,7.78,1,0,0,0.45878947257060787
1.0,118.5,10.45,1,0,0,0.3193208875821608
1.0,99.9,13.72,1,0,0,0.37122544093035825
1.0,19.99,24.84,1,0,0,0.2758417596210672
1.0,39.0,13.85,1,0,0,0.3329699247735681
2.0,129.98,29.82,1,0,1,0.5059283562635327
2.0,38.9,40.72,1,1,0,0.2816182737059896
1.0,129.0,11.51,1,0,0,0.2844599621014139
1.0,117.3,14.43,1,0,0,0.35485058809118697
1.0,279.9,17.72,1,0,0,0.3675651417035561
4.0,104.6,52.33,1,0,1,0.6158332374446012
1.0,29.9,7.47,1,0,0,0.008343788445154878
3.0,299.70000000000005,115.62,1,0,0,0.41286080768443384
1.0,19.9,15.1,3,1,1,1.0
1.0,24.75,12.69,1,0,0,0.4863230836725732
1.0,25.9,13.71,1,0,0,0.3352221864589294
1.0,63.8,13.57,5,1,1,1.0
1.0,99.9,13.25,1,0,0,0.3705688926051634
1.0,12.88,7.87,1,0,0,0.4492732017276264
1.0,45.99,7.39,1,0,0,0.39380440947165246
1.0,102.0,13.15,1,0,0,0.3314338197582824
1.0,65.55,17.71,1,0,0,0.43757086005975204
1.0,13.99,7.78,1,0,0,0.45878947257060787
1.0,58.0,7.67,1,0,0,0.06472482147979079
1.0,26.85,18.29,1,0,0,0.09674640800467917
1.0,419.9,67.96,1,0,0,0.29552657628098006
2.0,51.98,31.58,1,0,0,0.49807961842731996
1.0,79.99,16.43,1,0,1,0.5633400541906214
1.0,89.99,7.88,1,0,1,0.6041791500022688
1.0,250.0,30.87,1,0,0,0.357361909320954
3.0,128.7,46.2,1,0,0,0.44520040986892134
2.0,58.0,28.2,1,0,0,0.46607377867318195
1.0,229.79,19.41,1,0,0,0.25673196849488633
2.0,182.98,25.2,1,0,1,0.5282217974757999
2.0,37.98,21.92,1,0,0,0.3714202661851253
1.0,712.5,26.99,1,0,0,0.27515731770863183
4.0,195.6,67.16,1,0,0,0.4776246418222833
1.0,112.0,15.53,1,0,0,0.3755804897569417
1.0,94.5,34.46,1,0,0,0.2890298453233817
1.0,116.59,18.07,1,0,0,0.31960465672555655
1.0,74.99,16.28,1,0,1,0.5532915964128816
1.0,39.9,15.1,1,0,0,0.46733184161795177
2.0,60.0,25.2,1,0,0,0.4460074133665713
5.0,299.95,50.0,1,0,0,0.45036082455004345
1.0,119.9,21.16,1,0,0,0.3467123515199535
2.0,95.8,75.8,1,0,0,0.42255216614393515
1.0,189.9,23.87,1,0,0,0.4398677046075689
1.0,59.99,16.18,1,0,0,0.43541799851785346
1.0,61.99,22.93,1,0,0,0.262491321074749
1.0,29.99,7.78,1,0,0,0.40712747008579875
1.0,233.35,18.34,1,0,0,0.3656069236590618
2.0,129.45,26.94,1,0,1,0.5022475992761103
1.0,149.0,41.33,1,0,0,0.32952320460433626
1.0,649.0,18.71,1,0,0,0.22573461796093294
2.0,51.2,32.22,1,0,0,0.48656345795396105
6.0,840.0,502.98,1,1,0,0.03917858307543842
1.0,65.0,16.89,1,0,1,0.5382112947282192
1.0,75.0,13.08,1,0,0,0.39373670101325764
1.0,9.5,7.39,1,0,0,0.06725539596169054
1.0,14.49,18.23,1,0,0,0.3329332273654443
1.0,88.0,23.42,1,0,0,0.4607697635252039
1.0,59.9,19.91,1,0,0,0.3485127330474103
1.0,26.0,11.74,1,0,0,0.44897494308376273
1.0,117.87,18.71,1,0,0,0.28555571001155305
1.0,34.99,15.79,1,0,0,0.40278551441190474
1.0,34.9,15.1,1,1,0,0.44060096419126454
1.0,75.0,12.03,1,0,0,0.4506227647933983
1.0,68.0,25.76,1,0,0,0.3339990683178278
1.0,34.0,12.54,1,0,0,0.4088010877984944
1.0,78.98,17.29,1,0,0,0.4516918522845884
1.0,149.0,18.29,1,0,0,0.33644538814561886
1.0,26.89,18.29,1,0,0,0.09674640800467917
1.0,38.0,15.37,1,0,0,0.47487066653799026
1.0,79.9,9.37,1,0,0,0.43442819550383943
1.0,98.8,11.71,1,0,0,0.22107221812963251
1.0,119.9,29.12,1,0,0,0.3441928867940468
2.0,96.79,49.28,1,0,1,0.5251418716532052
3.0,299.70000000000005,0.0,1,0,0,0.13816539095578473
1.0,44.99,12.98,1,0,0,0.3394854131861759
1.0,395.0,20.94,1,0,0,0.33517621990123897
1.0,56.99,16.16,1,0,0,0.4726671557625641
1.0,167.9,22.26,1,0,0,0.25880884786317343
1.0,89.9,21.12,1,0,0,0.45042066960734295
1.0,99.0,18.84,1,0,0,0.25821787645742245
1.0,49.0,11.73,1,0,0,0.4313913088318721
1.0,219.0,19.41,1,0,0,0.24612888866434518
1.0,60.9,11.15,1,0,0,0.42775190745581254
1.0,569.9,119.29,1,0,0,0.27076061834152365
1.0,57.0,13.42,1,0,0,0.37861550257021415
2.0,279.8,32.38,1,0,0,0.49206072366257114
1.0,169.9,18.96,1,0,0,0.3556047898415856
1.0,39.5,25.63,1,0,0,0.3992863483522623
2.0,399.8,43.78,1,0,1,0.5778539779431208
1.0,27.9,7.46,1,0,0,0.005246164817164093
1.0,690.0,53.57,1,0,0,0.19928007667672504
1.0,37.9,12.79,1,0,0,0.32106943204931826
2.0,61.0,24.21,1,0,0,0.45912383687996094
1.0,99.9,9.45,12,1,1,1.0
1.0,337.0,22.85,1,0,0,0.38701928880304354
1.0,79.9,9.37,1,0,0,0.43442819550383943
1.0,149.9,18.93,1,0,0,0.2776501038474602
1.0,79.99,11.17,1,0,0,0.4274768437619998
1.0,89.9,12.13,1,0,0,0.39996673571096586
1.0,39.98,12.69,1,0,1,0.5284772014260578
1.0,89.99,12.13,1,1,1,0.5068331344446013
1.0,149.0,51.33,1,0,0,0.31410927075792466
2.0,42.72,26.98,1,0,0,0.3917578432871376
1.0,99.0,13.71,1,1,0,0.3527998888561336
1.0,56.99,14.15,1,0,0,0.403786013961759
1.0,39.5,20.8,1,0,0,0.4452202604943922
2.0,91.8,32.22,1,0,0,0.445862205470028
1.0,81.0,37.26,1,0,0,0.2085383087915449
1.0,37.99,15.37,1,0,0,0.4422001963356117
1.0,165.99,17.87,1,0,0,0.3409805373511886
1.0,89.9,15.38,1,0,1,0.5942572858010134
1.0,117.99,23.7,1,0,0,0.2136072692186778
1.0,219.9,16.98,1,0,0,0.3648288877232448
1.0,65.0,16.15,1,0,1,0.5862434809207198
1.0,39.0,12.79,1,0,0,0.32633841427565413
1.0,129.97,44.61,1,0,0,0.3306913951536255
1.0,249.0,19.62,1,0,0,0.32398734480078134
1.0,95.0,17.92,1,0,0,0.3218786512793247
1.0,399.9,84.65,1,0,0,0.31658639662213794
1.0,205.99,65.02,1,0,0,0.4178948666188123
1.0,77.0,23.12,1,0,0,0.27066243928038813
1.0,252.0,43.79,1,1,0,0.2955288834822239
1.0,122.55,18.23,1,0,0,0.29546408176378336
1.0,96.9,14.77,1,0,0,0.25508871724310356
1.0,298.0,19.95,1,0,0,0.3186775771964541
1.0,56.99,17.68,1,0,0,0.49117013928602765
1.0,55.0,7.65,1,0,0,0.06681745895021951
1.0,74.9,17.77,1,0,0,0.44913293094915324
1.0,69.99,17.74,1,0,0,0.47655373814709945
1.0,170.0,9.54,1,0,0,0.2945144455315476
1.0,100.0,13.72,1,0,0,0.3467526902338264
1.0,95.0,18.55,1,0,0,0.356788040617259
1.0,44.99,21.85,1,0,0,0.2303787690761594
1.0,86.9,17.86,1,0,0,0.4183310899533164
1.0,18.9,7.78,1,0,0,0.476132851983445
1.0,229.04,18.42,1,0,0,0.35438240088936607
1.0,70.97,28.9,5,1,1,1.0
1.0,119.9,29.88,1,0,0,0.3275534225799237
1.0,199.9,36.91,1,0,0,0.411066103224607
1.0,18.99,14.52,1,0,0,0.43674030532351765
1.0,89.9,17.88,1,0,1,0.5669409744949782
1.0,41.8,22.11,1,0,0,0.23781964942853562
1.0,89.9,17.07,1,0,1,0.5563581814230996
1.0,117.99,20.91,1,0,0,0.3190635060606928
1.0,19.99,7.4,1,0,0,0.025504101037901284
1.0,39.9,14.1,1,0,0,0.4487027603866264
2.0,48.79,42.42,1,0,0,0.3744173608487335
1.0,272.9,56.35,1,0,0,0.2864367930877574
1.0,29.0,15.1,1,0,0,0.44478496511457155
1.0,131.9,47.45,1,0,0,0.34308108948123545
1.0,189.0,36.64,1,0,0,0.36392801754196596
1.0,57.81,16.84,1,0,0,0.4669723181859473
2.0,513.25,45.67,1,0,1,0.559091109436437
1.0,29.0,9.94,1,0,0,0.43467458032884215
2.0,98.0,28.2,1,0,0,0.41211956980269043
1.0,63.9,14.2,1,1,0,0.4123043075725277
1.0,339.99,22.43,1,0,0,0.3553177362244984
2.0,155.89,26.44,1,0,1,0.5703813489504296
1.0,59.9,16.18,1,0,0,0.45167663020463256
1.0,79.0,13.57,1,0,0,0.2681928428574176
1.0,249.9,19.0,1,0,0,0.31196203196067107
1.0,114.9,33.25,1,0,0,0.30389777544948865
1.0,179.0,26.53,1,0,0,0.27969979618506224
1.0,209.99,39.76,1,0,0,0.2857828591910662
1.0,330.0,16.76,1,0,0,0.23630876228831638
1.0,69.9,13.51,1,1,0,0.3348271060759655
1.0,64.99,11.73,1,0,0,0.4347923075605515
1.0,19.0,12.79,1,0,0,0.31649759887576967
1.0,96.8,14.76,1,0,0,0.25508871724310356
1.0,29.9,16.92,1,0,0,0.4286927380189042
1.0,129.9,18.34,1,0,0,0.33476439268482916
1.0,35.9,14.52,1,0,0,0.43486309447918653
1.0,159.99,20.31,8,1,1,1.0
2.0,69.98,36.46,1,0,0,0.38497261179563064
1.0,16.9,17.78,1,0,0,0.41110430097230055
1.0,157.49,18.68,1,0,0,0.3334139038781536
1.0,40.0,16.47,1,0,0,0.41562114443466713
1.0,89.9,17.88,1,0,1,0.5669409744949782
2.0,300.98,33.36,1,0,0,0.41016983400802237
1.0,24.9,9.09,1,0,0,0.430833164164632
1.0,29.9,7.47,1,0,0,0.008343788445154878
1.0,51.9,11.75,1,0,0,0.43388115461913646
1.0,215.0,32.16,1,0,0,0.39389819796044295
1.0,330.0,20.19,1,0,0,0.36468532365332623
1.0,169.9,26.22,1,0,0,0.272250379218328
1.0,109.9,23.99,1,0,0,0.31150880735114844
1.0,68.9,23.06,1,0,0,0.22224989623763694
1.0,41.9,9.34,1,0,0,0.4380232675137097
1.0,29.9,12.69,1,0,1,0.5086527384497235
5.0,625.0,134.75,1,0,0,0.32403268210312225
1.0,49.99,13.71,1,0,0,0.3337024940429293
1.0,69.9,16.25,1,0,1,0.5604267480009151
1.0,172.33,17.65,1,1,0,0.2870253056744972
1.0,113.1,18.89,1,0,0,0.3001183730503765
1.0,289.0,32.67,1,0,0,0.26048726868349603
2.0,59.89,15.09,1,0,0,0.2122146511347316
1.0,125.02,13.9,3,1,1,1.0
1.0,119.9,18.94,1,0,0,0.26444471078419785
1.0,54.16,20.87,1,0,0,0.362204001490077
1.0,13.65,14.1,1,0,0,0.3827804234166249
1.0,179.0,26.53,1,0,0,0.27969979618506224
1.0,56.99,11.01,1,1,0,0.4364228634273341
1.0,24.99,14.1,1,0,0,0.4570592549445728
1.0,27.9,8.27,1,0,0,0.3730069475403353
2.0,119.8,32.36,1,0,0,0.45111989569530314
1.0,149.0,8.3,1,0,0,0.3557318027033998
1.0,139.9,20.32,1,0,0,0.22646001601872476
1.0,61.9,11.82,1,0,0,0.4283135821854556
1.0,364.0,31.58,1,0,0,0.3315522495634632
2.0,199.8,26.08,1,0,0,0.4845245041532624
1.0,80.0,20.96,1,0,0,0.23059138287158712
1.0,109.9,14.52,1,0,0,0.3261339712920739
1.0,55.65,34.19,1,0,0,0.37101783720928966
1.0,29.99,8.37,1,0,0,0.39393882657596324
1.0,58.99,11.73,1,0,0,0.43448072708663754
1.0,89.9,12.77,1,1,0,0.4701977069132146
1.0,9.99,18.23,1,0,0,0.40596388393202576
1.0,182.0,12.48,1,0,0,0.4141487004733921
1.0,110.0,13.79,1,0,0,0.3757855265902128
1.0,59.0,18.29,1,0,0,0.24982280756593112
1.0,104.49,18.61,1,0,0,0.26054491681481823
1.0,238.9,20.97,1,0,0,0.32505538185147226
1.0,339.99,19.63,1,0,0,0.2828382616008558
1.0,49.9,18.23,1,0,0,0.2578580700996321
1.0,159.9,12.62,1,0,0,0.37803250187034154
1.0,397.9,17.54,1,0,0,0.24828755587743132
1.0,35.9,8.88,1,0,0,0.39533307594624784
1.0,19.9,11.85,1,0,0,0.4473177135004276
1.0,2199.99,67.19,1,0,0,0.12843868849740575
3.0,89.69999999999999,39.69,1,0,1,0.5237903922152097
1.0,40.0,10.96,1,0,0,0.4473292320946326
2.0,119.8,68.44,1,0,0,0.4848446512249321
1.0,89.9,15.7,1,0,0,0.49651591069682893
1.0,49.9,18.45,1,0,0,0.25578428522000335
1.0,14.4,7.39,1,0,0,0.03690316655245644
,,,1,0,1,0.5676371073814253
2.0,175.85,30.19,1,0,1,0.5644921467571002
1.0,19.49,7.87,1,0,0,0.4938968816181829
1.0,31.5,16.05,1,0,0,0.4709259478598061
1.0,25.0,8.72,1,0,0,0.42623860891708676
1.0,26.2,12.84,2,1,1,1.0
1.0,31.9,14.1,1,0,0,0.4260468307045762
2.0,69.8,29.04,1,0,0,0.43515002544962866
1.0,18.5,7.78,1,0,0,0.476132851983445
1.0,42.5,14.61,1,0,0,0.37194081723341404
1.0,28.9,12.79,1,0,0,0.32474727113773405
1.0,104.9,17.21,1,0,0,0.38885935866753835
1.0,65.95,15.56,1,0,0,0.38418912868005994
1.0,59.9,7.71,1,0,0,0.3571658218003672
1.0,13.65,18.23,1,0,0,0.16484293191363594
1.0,192.99,37.45,1,0,0,0.42676055473119484
1.0,45.0,13.66,1,0,0,0.30443935531892585
1.0,79.99,38.08,1,0,0,0.22641827927807517
1.0,49.9,9.09,1,1,0,0.40933674521409
1.0,200.0,14.42,1,0,0,0.36858090565255885
1.0,35.95,14.43,1,0,0,0.418238123402014
1.0,49.9,15.23,1,0,0,0.39142848897664245
1.0,49.0,16.79,1,0,0,0.4553797164070975
1.0,13.99,7.78,1,0,0,0.45878947257060787
1.0,16.99,16.79,1,0,0,0.424939208295064
1.0,36.9,14.52,1,0,0,0.43447006569820484
1.0,49.9,28.75,1,0,0,0.4072686837423541
1.0,317.14,16.72,1,0,0,0.23734541243938917
2.0,278.8,93.14,1,0,0,0.3047294166571535
1.0,39.0,15.1,1,0,0,0.4657170196023092
2.0,630.0,56.58,1,0,0,0.44862682987893776
1.0,39.99,15.38,1,0,0,0.3943075251639963
1.0,89.99,15.38,1,0,1,0.5996212049653632
1.0,21.99,7.39,1,0,0,0.045240610860090014
1.0,139.99,21.47,1,0,0,0.4178142008688182
1.0,49.9,14.52,1,0,0,0.4096354382415655
1.0,33.0,15.1,1,1,0,0.4399666838483457
1.0,48.89,15.1,1,0,0,0.41722703010297785
1.0,28.9,9.27,1,0,0,0.44209323999756805
1.0,89.9,16.88,1,0,0,0.4878693093314687
1.0,99.99,57.25,1,0,0,0.35473850842901394
1.0,43.99,17.6,1,0,0,0.4263517527157664
1.0,129.99,18.16,1,0,0,0.32278208799838437
1.0,158.9,29.99,1,0,0,0.31024981414970976
1.0,25.9,15.1,1,0,0,0.4430954643422537
1.0,120.0,20.33,1,1,0,0.2046906302323284
1.0,30.0,17.14,1,0,0,0.4152285467019897
1.0,205.0,45.28,1,0,0,0.3680180723245206
1.0,40.0,8.27,1,0,0,0.41502969074006335
2.0,82.94999999999999,15.88,1,1,0,0.20706413838603166
1.0,1300.0,41.55,1,0,0,0.25072199907173065
1.0,34.99,11.85,1,0,0,0.42592282953346244
1.0,36.9,14.52,1,0,0,0.43447006569820484
1.0,15.9,18.23,1,0,0,0.38579547754666843
1.0,59.99,17.67,1,0,0,0.4193785349537994
1.0,19.95,15.1,1,0,0,0.4392317437917965
1.0,129.99,19.45,1,0,0,0.22826139149098676
1.0,79.99,20.61,1,0,0,0.2634335867093316
1.0,108.9,34.93,1,0,0,0.3089017573746729
1.0,80.0,7.43,1,0,0,0.04891296818775133
1.0,120.0,18.72,1,0,0,0.26202957473528
1.0,170.9,8.94,1,0,0,0.2390525894976794
1.0,348.8,16.19,1,0,0,0.2304148454392708
4.0,551.6,155.24,1,0,0,0.2870808971802583
1.0,59.9,11.31,1,0,0,0.44071869203175823
1.0,27.9,11.85,1,0,0,0.4218890198383265
1.0,59.9,16.18,1,0,0,0.45167663020463256
1.0,119.9,13.5,1,0,0,0.37024622897174975
1.0,348.8,16.19,1,0,0,0.2304148454392708
1.0,29.99,22.14,1,0,0,0.39148029480964913
1.0,119.9,14.59,1,0,0,0.36620687129457946
1.0,19.9,18.23,1,0,0,0.15688042095328103
1.0,129.9,27.23,1,0,0,0.3090793650034322
1.0,52.99,14.45,1,0,0,0.3986686613501548
1.0,344.9,17.17,1,0,0,0.2811564820333595
1.0,154.91,16.18,1,0,0,0.4862357330185376
1.0,163.99,22.62,1,0,0,0.2736913284916367
1.0,199.99,13.3,2,1,1,1.0
1.0,56.99,11.9,1,0,0,0.4337186551500721
1.0,75.9,15.28,1,0,0,0.37659022335742115
,,,1,0,1,0.5676371073814253
1.0,79.9,13.92,1,0,0,0.3309375693771708
1.0,49.9,17.6,1,0,0,0.42697186726283365
1.0,129.9,15.66,1,0,0,0.36184785278436116
1.0,179.0,16.0,1,0,0,0.33780821535163147
1.0,58.9,14.13,1,0,0,0.4073608710462636
1.0,159.0,17.26,1,0,0,0.34612791922357533
3.0,147.0,52.95,1,0,0,0.4488059938622479
1.0,27.9,7.94,1,0,0,0.37154416299364573
1.0,69.9,17.74,1,0,0,0.4780985640983793
1.0,89.9,21.28,1,0,0,0.3941175846327869
1.0,29.0,14.1,1,0,0,0.431848689999201
1.0,29.0,25.72,1,0,0,0.36213617305134954
1.0,166.99,27.49,1,0,0,0.2671630885636768
1.0,62.0,8.88,1,0,0,0.4103414765245814
1.0,179.9,40.14,1,0,0,0.30556329585286884
1.0,157.9,13.45,1,0,0,0.3941595748740251
1.0,48.0,18.94,1,0,0,0.258500424387065
1.0,85.39,18.4,1,0,0,0.14148504924637553
1.0,22.9,11.85,1,0,0,0.4396502132254593
1.0,119.0,11.93,1,0,0,0.37187062030333246
1.0,39.9,13.86,1,0,0,0.32965101804745683
1.0,119.8,27.16,1,0,0,0.30277494312947195
1.0,84.99,20.08,1,0,0,0.33342673911823895
1.0,112.0,15.53,1,1,0,0.3755804897569417
1.0,128.7,21.39,1,0,0,0.3898495860409401
2.0,90.0,36.46,1,0,0,0.3475124108982386
2.0,91.8,32.22,1,0,0,0.445862205470028
1.0,89.9,8.98,1,0,0,0.41770061089190286
1.0,143.8,24.0,1,0,0,0.28332485969661636
1.0,151.99,25.9,1,1,0,0.32130394977579085
1.0,169.0,19.28,1,0,0,0.2949018245640536
1.0,224.0,19.45,1,0,0,0.26226342002728115
2.0,68.7,27.42,1,0,0,0.4218520274576021
1.0,72.9,17.76,1,0,0,0.45026841079601515
1.0,599.99,12.55,1,0,0,0.4651059805671155
1.0,45.9,8.72,1,0,0,0.40571068299432106
1.0,219.0,16.41,1,0,0,0.3383470057497218
1.0,140.0,14.56,1,0,0,0.3418493675123934
1.0,848.9,19.69,1,0,0,0.12619461026341317
1.0,140.0,20.47,1,0,0,0.3787131227604204
1.0,59.99,16.12,1,0,0,0.4013503133851806
1.0,23.9,14.1,1,0,0,0.4310254795584418
1.0,11.99,14.1,1,0,0,0.370815543046249
1.0,320.0,27.08,1,0,0,0.3422830330365963
1.0,29.9,18.23,1,0,0,0.3229998449385523
1.0,89.0,13.64,1,0,0,0.43985118025541897
1.0,38.0,15.1,1,1,0,0.4675092378811356
1.0,38.0,14.52,1,0,0,0.4579016058114687
1.0,26.7,15.11,1,0,0,0.4371427163496086
,,,1,1,1,0.5676371073814253
1.0,26.25,15.1,1,0,0,0.4359505295401443
2.0,439.8,30.58,1,0,1,0.6747845726816291
2.0,39.98,14.78,1,0,1,0.5017773841703831
1.0,31.9,14.1,1,0,0,0.4260468307045762
1.0,103.99,21.22,1,0,0,0.43975054107966866
1.0,167.5,48.0,1,0,0,0.33144452359800053
2.0,239.8,123.16,1,0,0,0.4298690386903121
1.0,89.99,13.65,1,0,0,0.459734191384314
1.0,89.0,34.99,1,0,0,0.3986860145771782
1.0,54.99,21.28,1,0,0,0.260837706607618
1.0,49.9,14.51,1,0,0,0.4049593713499875
1.0,66.99,27.75,1,0,0,0.2906140803267943
1.0,44.9,16.11,4,1,1,1.0
1.0,102.9,17.97,1,0,0,0.27122532858335785
1.0,119.0,25.31,1,0,0,0.3139135846892046
1.0,99.99,18.64,1,0,0,0.22641461213826589
1.0,105.9,17.99,1,0,0,0.3758231948010128
1.0,315.0,16.96,1,0,0,0.2106330479954439
1.0,19.33,10.96,1,0,0,0.45195422588735606
1.0,169.0,18.76,1,0,0,0.31652005801297417
1.0,29.99,15.31,1,0,0,0.33834400083290544
1.0,13.65,11.85,1,0,0,0.4037314702894981
1.0,134.9,21.43,1,0,0,0.4091805786785358
1.0,129.0,16.53,1,0,0,0.3495437606779057
1.0,39.0,15.1,1,0,0,0.4657170196023092
1.0,180.0,35.06,9,1,1,1.0
1.0,83.99,16.35,2,1,1,0.994
1.0,24.9,15.27,1,0,0,0.3138637599104614
1.0,269.0,12.51,1,0,0,0.349065130189729
1.0,54.9,20.94,1,0,0,0.36762598491764675
1.0,169.0,18.43,1,0,0,0.33134036829687624
1.0,34.9,15.23,6,1,1,1.0
1.0,88.9,11.83,1,0,0,0.34355476826112663
1.0,47.49,9.94,1,0,0,0.43698360081838494
1.0,229.99,33.0,1,0,0,0.3596594619084372
1.0,19.9,15.1,1,0,0,0.4372727634158048
1.0,24.9,15.1,1,0,0,0.46022497300716375
1.0,166.33,18.59,1,0,0,0.3683463197542487
1.0,113.89,27.75,1,0,0,0.2854934863397421
1.0,59.0,12.23,1,0,0,0.4304556896801316
2.0,134.0,18.88,1,0,0,0.49373443131751393
1.0,89.9,15.84,1,0,0,0.4966367561336126
1.0,99.99,16.67,1,0,0,0.36237426767033765
1.0,119.9,16.6,1,0,0,0.38696902839731695
1.0,45.9,34.15,1,0,0,0.41680203772575175
1.0,59.9,16.61,1,0,0,0.42505696639271745
1.0,99.9,12.4,1,0,0,0.3454562500023415
1.0,182.53,23.35,1,0,1,0.5263208321983452
2.0,220.02,23.76,1,0,0,0.45670809040110383
1.0,122.99,9.02,1,0,0,0.32365053498863294
1.0,79.99,17.81,1,0,0,0.4447551302305832
1.0,84.99,35.91,1,0,0,0.2579232082577523
1.0,86.99,17.86,5,1,1,1.0
1.0,169.9,11.46,1,0,0,0.24969471837040183
1.0,39.9,14.1,1,0,0,0.4487027603866264
1.0,117.3,22.29,1,0,0,0.24333728534665378
1.0,579.99,21.31,1,0,0,0.3042446463157753
1.0,59.99,19.66,1,0,0,0.4260276360513277
1.0,49.99,10.96,1,0,0,0.43422556729269635
1.0,349.0,16.61,1,0,0,0.24881746006639005
1.0,228.8,16.7,1,0,0,0.35052301235955485
1.0,177.99,17.01,1,0,0,0.3474156190609881
1.0,299.0,19.97,1,0,0,0.3295392663030756
1.0,119.9,25.68,1,0,0,0.3041339568897838
1.0,190.0,12.83,1,0,1,0.5178809810143011
1.0,299.99,17.21,1,0,0,0.33947626985620377
1.0,129.6,9.72,1,0,0,0.3282885261287493
1.0,39.99,18.23,1,0,0,0.26948136991694244
1.0,109.9,18.02,1,0,0,0.31894274462190436
1.0,41.14,13.71,1,0,0,0.27862526344382127
1.0,229.9,23.32,1,1,0,0.35905844268352183
1.0,299.0,23.8,1,0,0,0.18591672245313726
1.0,68.0,13.5,1,0,0,0.3299928887313224
1.0,112.5,18.68,1,0,0,0.2964122781718464
1.0,29.0,15.3,1,0,0,0.3412030757005604
1.0,52.18,16.68,1,0,0,0.45115387371686066
1.0,12.99,7.39,1,0,0,0.09415031575685218
1.0,39.99,15.23,1,0,0,0.42530951867986855
1.0,99.99,28.89,1,0,0,0.3541815008093041
1.0,79.89,25.4,1,0,0,0.3451797886179337
1.0,65.0,12.89,1,0,0,0.3816881168278666
2.0,16.98,37.26,1,0,0,0.10300460423585842
1.0,146.99,13.58,1,0,0,0.3234767990458967
1.0,22.37,14.52,1,0,0,0.4461819586408303
1.0,69.9,12.83,1,0,0,0.4019008382610347
1.0,219.0,18.78,1,0,0,0.3164967080484296
1.0,65.0,23.18,1,0,0,0.24644653199432137
1.0,55.3,15.14,1,0,0,0.41890193389053076
1.0,750.0,70.24,1,0,0,0.2732767159440409
3.0,236.7,32.599999999999994,1,0,1,0.5259166773476216
1.0,223.0,19.66,1,0,0,0.31534672405150704
1.0,34.99,14.1,1,0,0,0.4266866467055584
1.0,28.0,11.85,1,0,0,0.41987360471821844
1.0,12.5,16.79,1,0,0,0.38363058186774057
1.0,29.0,21.15,1,0,0,0.4150946030259194
1.0,75.9,15.28,1,0,0,0.37659022335742115
1.0,120.0,18.72,1,0,0,0.26202957473528
2.0,98.0,28.88,1,0,0,0.4078376131728276
1.0,179.0,20.29,1,0,0,0.2763189434586476
1.0,49.9,14.1,1,0,0,0.39364138254956893
1.0,98.9,9.61,1,0,0,0.21823120036778487
1.0,22.8,16.11,1,0,0,0.4839456584098567
1.0,144.0,18.26,1,0,0,0.31092642796078745
1.0,9.9,34.15,1,0,0,0.3869459226631455
1.0,55.49,8.27,1,0,0,0.41257518698412793
3.0,254.8,64.37,1,0,1,0.5350173503717268
1.0,58.5,28.68,1,0,0,0.37866509847361374
1.0,110.0,40.1,1,0,0,0.32961201260414086
1.0,199.08,19.49,1,0,0,0.2238986013301318
2.0,35.98,38.64,1,0,0,0.29080431867481876
1.0,59.9,20.87,1,0,0,0.36923611405592816
1.0,11.99,7.78,1,0,0,0.4091909611826067
1.0,299.99,36.72,1,0,0,0.24869206507101158
1.0,320.99,22.71,1,0,0,0.3778467031746251
1.0,57.0,11.15,1,0,0,0.4319402329105313
1.0,64.9,11.15,1,0,0,0.43066479944187525
1.0,69.9,0.0,1,0,0,0.04745360653759695
1.0,149.0,12.54,1,0,0,0.31214819804824506
1.0,150.0,27.13,1,0,0,0.25931766561750386
1.0,99.0,24.77,1,0,0,0.31574679348940915
1.0,10.99,15.1,1,0,0,0.38715231979601833
1.0,99.9,19.99,1,0,0,0.2297576863534025
1.0,89.9,15.38,1,0,1,0.5942572858010134
1.0,82.5,23.57,1,0,0,0.15520949658183458
1.0,219.9,22.03,1,1,0,0.33048868766832534
1.0,142.99,21.45,1,0,0,0.416191584817834
1.0,116.99,39.75,1,0,0,0.29954307837637767
1.0,45.9,19.04,1,0,0,0.2603257393726161
1.0,579.0,19.95,1,0,0,0.22414315057374193
1.0,128.9,23.19,1,0,0,0.2904710422177631
1.0,30.0,14.1,1,1,0,0.42815127250226953
1.0,44.9,14.44,1,0,0,0.36235365986472134
1.0,12.9,15.1,1,0,0,0.39561478484457835
1.0,279.9,17.36,1,0,0,0.3156538612363023
1.0,49.9,7.78,1,0,0,0.4318516290854281
1.0,89.0,13.64,1,0,0,0.43985118025541897
1.0,59.9,7.78,1,0,0,0.4320708458283
1.0,19.99,14.11,1,0,0,0.443760322460762
1.0,39.9,18.23,1,0,0,0.281560851376136
1.0,12.9,34.15,1,0,0,0.47727696647697304
1.0,97.9,23.01,1,0,0,0.28392785315303143
1.0,64.9,8.72,1,0,0,0.4148893743439009
1.0,79.0,17.14,1,0,1,0.540785547482347
1.0,28.8,16.39,1,0,0,0.39267621208320025
1.0,29.9,16.05,1,0,0,0.49405946261407935
1.0,160.0,16.88,1,0,0,0.33816376631783884
1.0,59.9,11.03,1,0,0,0.443735743515901
1.0,699.0,31.95,1,0,0,0.2745161817355023
1.0,36.0,25.63,1,0,0,0.3890946405330841
1.0,559.0,41.43,1,0,0,0.2707694428531134
2.0,119.8,33.22,1,0,0,0.4528437967125379
1.0,110.32,19.95,1,0,0,0.29787782454769707
1.0,111.57,24.39,1,0,0,0.2717647337121078
1.0,53.9,16.14,1,0,0,0.4772651199477022
1.0,112.99,34.33,1,0,0,0.28543109797269267
1.0,80.9,15.67,1,0,0,0.413338949763506
1.0,24.4,14.1,1,0,0,0.44850856116971555
1.0,269.99,14.91,1,0,0,0.2993299991122877
1.0,73.0,22.44,1,0,0,0.3082978207040933
1.0,65.0,22.95,1,0,0,0.24929338279352659
1.0,26.0,14.52,1,0,0,0.4646688392893342
1.0,52.0,8.72,1,1,0,0.4116683113265263
1.0,250.9,13.26,1,0,0,0.3325423618314972
1.0,59.9,17.67,1,0,0,0.42173401220594686
1.0,21.99,17.63,1,0,0,0.48446816777137797
1.0,22.99,8.29,1,0,0,0.3853153940331851
1.0,60.0,11.03,1,1,0,0.4412263531323596
2.0,137.88,28.85,1,0,0,0.49269908725880546
1.0,166.99,21.66,1,0,0,0.40066770270736435
1.0,93.9,8.95,1,0,1,0.5389003830610121
1.0,229.99,39.16,1,0,0,0.3082975397760626
1.0,44.99,18.42,1,0,0,0.2451206055019036
1.0,50.0,19.54,1,0,0,0.08573429656618835
1.0,125.57,13.9,1,0,0,0.3383043209587946
1.0,25.9,7.78,1,0,0,0.37976652256602533
1.0,28.0,8.36,1,0,0,0.39206074814758507
1.0,14.9,14.1,1,0,0,0.3982111672435214
1.0,186.0,15.47,1,0,0,0.402687479116269
1.0,1340.0,33.83,1,0,0,0.2252266556961383
1.0,69.0,18.36,1,0,0,0.24086918771721136
1.0,82.8,12.71,1,0,1,0.5330933614608198
1.0,249.99,18.0,1,0,0,0.35798114338349113
1.0,169.99,29.59,1,0,0,0.2924949692244749
1.0,27.3,7.87,1,0,0,0.36505373318177364
1.0,27.9,7.87,1,0,0,0.36505373318177364
1.0,69.9,16.88,1,0,1,0.5083920830222114
1.0,89.0,13.64,1,0,0,0.43985118025541897
1.0,473.0,46.89,1,0,0,0.2982570063085886
1.0,56.99,25.68,2,1,1,1.0
2.0,167.0,23.51,1,0,1,0.5341380441006788
1.0,39.99,11.85,1,0,0,0.4369403762224719
1.0,90.0,16.6,1,0,0,0.44478163258171965
1.0,166.99,33.62,1,0,0,0.30363905212711517
1.0,99.9,13.72,1,0,0,0.37122544093035825
1.0,59.9,9.17,1,0,0,0.43596577748088133
1.0,90.0,18.51,1,0,0,0.14574099500319948
1.0,130.0,7.93,1,0,0,0.3310870709637859
1.0,79.99,26.18,1,0,0,0.23364163026972093
1.0,205.0,15.04,1,0,0,0.42015506107202716
1.0,89.7,13.97,1,0,0,0.3743938302712565
1.0,19.9,15.1,1,0,0,0.4372727634158048
2.0,300.0,25.1,1,0,0,0.26496586805559813
1.0,28.9,12.69,1,0,1,0.5069693004348425
1.0,49.99,7.78,1,0,0,0.4332548548918797
3.0,59.97,45.69,1,0,0,0.4896869239658549
1.0,15.33,15.1,1,0,0,0.4037955846718788
1.0,159.98,45.11,1,0,0,0.32786956626443725
1.0,13.9,7.78,1,0,0,0.4662762386683796
3.0,87.0,23.61,1,0,0,0.3964886273549674
1.0,19.9,14.1,1,0,0,0.4341070453532137
1.0,196.85,14.98,1,0,0,0.4582663247153451
1.0,99.9,22.0,1,0,0,0.3131151227304391
3.0,149.7,52.8,1,0,0,0.4411895483208093
1.0,65.0,35.77,1,0,0,0.33847523913524785
1.0,13.47,7.39,1,0,0,0.13106446734616553
1.0,66.99,17.72,1,0,0,0.4503488822998918
1.0,74.99,16.77,1,0,0,0.4996665365269689
1.0,15.33,15.1,1,0,0,0.4037955846718788
1.0,25.9,14.1,1,0,0,0.4359372912872438
1.0,83.8,7.85,1,0,1,0.5905352245352006
1.0,38.0,12.93,1,0,0,0.35778700761443843
1.0,233.0,17.39,1,0,0,0.3827340753275161
1.0,19.15,7.39,1,0,0,0.05582443140020547
1.0,32.0,19.32,1,0,0,0.30159032391020696
1.0,180.0,19.14,1,0,0,0.29271146096512446
1.0,79.99,35.88,1,0,0,0.22733961426838215
1.0,199.9,33.0,1,0,0,0.43021919850997553
1.0,159.8,14.87,1,0,0,0.39092375778239385
1.0,299.99,44.13,1,0,0,0.2455364513390766
1.0,72.99,11.73,1,0,0,0.43171802990186725
1.0,500.0,25.43,1,0,0,0.28012696856217645
1.0,119.0,54.59,1,0,0,0.3233027724035396
1.0,412.0,20.4,1,0,0,0.3651512342535931
1.0,110.32,8.03,1,0,0,0.3558713676831835
1.0,154.99,15.83,1,0,0,0.4773554221741726
1.0,27.9,18.23,1,0,0,0.34299655426223663
1.0,209.9,32.22,1,0,0,0.37238008835546843
1.0,32.0,13.8,1,0,0,0.3232719994208798
1.0,69.9,42.52,1,0,0,0.3382168832575557
1.0,69.77,11.99,1,0,0,0.4258848848605773
1.0,11.99,11.85,1,0,1,0.534859738911884
1.0,277.0,14.28,1,0,0,0.2955036373692837
1.0,48.9,13.37,1,0,0,0.3817749272292989
1.0,15.0,19.04,1,0,0,0.11270637853635765
1.0,207.0,24.32,1,0,0,0.3719782709391735
1.0,65.0,9.27,1,0,0,0.44160648741055025
1.0,858.0,13.26,1,0,0,0.03983810251919986
1.0,87.85,13.63,1,0,0,0.3340837626682993
1.0,32.0,19.41,1,0,0,0.17483917496287135
1.0,69.9,12.83,1,0,0,0.4019008382610347
1.0,49.99,11.73,1,0,0,0.4312085158085536
1.0,45.0,50.0,1,0,0,0.3881082694300227
1.0,139.99,18.23,1,0,0,0.30563063461705775
1.0,129.0,9.24,1,0,0,0.33030524073679357
1.0,65.0,12.7,1,0,1,0.5412981382314673
1.0,224.0,14.01,1,0,0,0.3223617794644558
2.0,104.0,25.22,1,0,0,0.4071883352367811
1.0,37.49,25.63,1,0,0,0.41101422526849163
1.0,71.9,58.9,1,1,0,0.36514379447954404
1.0,169.9,20.1,1,0,0,0.3301179035636381
1.0,149.0,18.29,1,0,0,0.33644538814561886
1.0,155.8,17.53,1,0,0,0.44509320760411936
2.0,100.96,29.3,1,0,0,0.3972091060485383
1.0,51.92,12.7,1,0,1,0.5174650413294942
1.0,98.0,16.45,1,0,0,0.3102841861223519
2.0,70.0,49.16,1,0,0,0.45862986960335256
1.0,99.9,21.19,1,1,0,0.3260426034396316
1.0,149.9,27.9,1,0,0,0.31841437227943264
1.0,199.0,16.14,1,0,0,0.44100253053040167
1.0,69.99,12.09,1,0,0,0.43790245429397334
1.0,29.0,8.27,1,0,0,0.40082252081851616
1.0,109.9,18.02,1,0,0,0.31894274462190436
1.0,27.9,9.13,1,0,0,0.4201137779106091
1.0,99.9,12.2,1,0,0,0.3020626937839099
1.0,22.9,15.1,1,0,0,0.43828981965850555
2.0,300.0,33.62,1,0,1,0.50121865463441
1.0,26.9,24.84,1,0,0,0.23305936406388492
1.0,49.9,17.63,1,0,0,0.4849733445485868
2.0,149.98,25.3,1,0,1,0.5533377654201723
1.0,139.91,16.61,1,0,0,0.3586433049026031
1.0,129.0,14.65,1,0,0,0.3388436479216562
1.0,44.99,13.08,1,0,0,0.3394854131861759
1.0,45.0,12.98,1,0,0,0.34215573495594637
3.0,260.88,78.33,1,0,1,0.5030174828842529
1.0,145.0,18.89,4,1,1,1.0
3.0,389.82,52.92,1,0,1,0.5167244320268851
,,,1,0,1,0.5676371073814253
1.0,56.97,12.8,1,1,0,0.32322143119374624
2.0,59.8,15.56,1,0,0,0.2094635735340429
1.0,46.9,13.37,1,0,0,0.3853035385110344
1.0,114.99,29.83,1,0,0,0.2959961528109201
2.0,129.89,41.8,1,0,0,0.43332083325371884
1.0,50.0,15.1,1,0,0,0.4161158777380788
1.0,49.9,12.93,1,0,0,0.37327300403056296
1.0,157.9,27.21,1,0,0,0.29421963091131037
1.0,29.99,12.51,1,0,0,0.4239470137806243
1.0,96.99,13.7,1,0,0,0.4385083504821963
1.0,34.9,15.1,5,1,1,1.0
1.0,29.99,15.1,1,0,0,0.4375317102191416
2.0,51.98,44.56,1,0,0,0.4970620945813001
1.0,48.9,16.11,1,0,0,0.45607899021712056
1.0,85.5,12.1,1,0,0,0.3027976933212959
1.0,18.95,12.48,1,0,0,0.44383087019680106
1.0,57.0,34.16,1,0,0,0.37573365817021104
1.0,487.99,26.29,1,0,0,0.35788308277762737
1.0,39.99,15.1,1,0,0,0.46831082957734416
2.0,298.0,90.88,1,0,0,0.2798111924531213
1.0,259.99,14.16,1,0,0,0.2983673586870748
4.0,239.6,70.68,1,0,1,0.5195708999742004
1.0,21.0,19.32,1,0,0,0.1335985019003568
1.0,84.99,9.41,1,0,0,0.29775652901242905
2.0,29.98,51.26,1,0,0,0.27050743539662525
1.0,436.9,16.08,1,0,0,0.21346383396075996
1.0,161.99,20.69,1,0,0,0.40744351325561273
1.0,265.0,44.22,1,0,0,0.27710932796895416
2.0,393.98,40.0,1,0,1,0.6121646338034304
1.0,309.99,21.41,5,1,1,1.0
1.0,148.9,21.88,1,0,0,0.2970662109878253
1.0,159.9,27.2,1,0,0,0.2930986612967133
1.0,699.9,22.15,1,0,0,0.24998649230553951
1.0,48.89,8.27,1,0,0,0.40316977074205307
1.0,239.9,20.59,1,0,0,0.3843890261081004
1.0,67.0,9.27,1,0,0,0.4418010341167249
1.0,29.0,7.78,1,0,0,0.4114624963538499
1.0,68.9,15.23,1,1,0,0.39612221558805477
1.0,18.9,12.48,1,0,0,0.4435806490325194
1.0,125.0,8.14,1,0,0,0.30512855187319604
1.0,55.5,17.13,1,0,0,0.4540565482433155
1.0,57.89,11.15,1,0,0,0.4319402329105313
2.0,98.0,14.1,1,0,1,0.5910130268976447
1.0,91.49,13.66,1,0,0,0.43541030326202473
1.0,319.0,10.98,1,0,0,0.23923733436532738
1.0,85.9,8.96,1,0,0,0.3334915573561217
1.0,48.0,12.79,1,0,0,0.3422918987337351
1.0,115.0,42.84,1,0,0,0.2992036269369902
1.0,99.9,27.55,1,0,0,0.34081515272704155
2.0,90.0,44.12,1,0,0,0.4091884841999069
1.0,129.99,9.26,1,0,0,0.3227031211777047
1.0,89.9,11.83,1,0,0,0.38839004601624644
1.0,100.0,49.23,1,0,0,0.34029247632545306
1.0,35.0,38.76,1,0,0,0.4825257566500803
1.0,235.0,14.67,1,1,0,0.34424456045220736
1.0,104.9,11.34,1,0,0,0.2402500796030767
1.0,29.9,7.47,1,0,0,0.008343788445154878
1.0,112.0,34.58,1,0,0,0.29983238804457135
1.0,154.9,36.74,1,0,0,0.3199177344679071
1.0,199.7,18.65,1,0,0,0.34903595579573654
1.0,149.97,19.35,4,1,1,1.0
1.0,35.5,11.85,1,0,0,0.42449701417126656
1.0,38.0,7.39,1,0,0,0.23930961084311855
1.0,85.99,14.77,1,0,0,0.38955576779384593
1.0,28.99,17.06,1,0,0,0.4221933322940937
1.0,79.0,14.3,1,0,0,0.3415900864735789
1.0,329.0,39.6,1,0,0,0.26979775750989604
1.0,45.65,15.1,1,0,0,0.4006162577448429
1.0,199.0,35.15,1,0,0,0.39561015056957627
1.0,129.9,15.66,1,0,0,0.36184785278436116
1.0,169.0,17.62,1,0,0,0.2748732315180096
1.0,340.0,18.53,1,0,0,0.29076820400342657
2.0,163.49,36.9,1,0,0,0.30658257588488025
1.0,59.9,56.9,1,0,0,0.32865382130138726
1.0,79.9,26.86,1,0,0,0.3676560492813433
1.0,145.0,30.05,1,0,0,0.3413029952914847
1.0,99.9,18.75,1,0,0,0.22653244820439036
1.0,69.9,26.79,1,0,0,0.3269247395082914
1.0,50.0,13.37,1,0,0,0.3745785243648338
2.0,70.0,30.46,1,1,0,0.4585060323073468
1.0,279.9,16.71,1,0,0,0.283254887439861
1.0,199.9,27.48,1,0,0,0.45789261694221095
1.0,185.0,20.86,1,0,1,0.5126707413847044
1.0,85.0,14.2,1,0,0,0.4076730442308272
1.0,69.9,22.2,1,1,0,0.24752554702336407
1.0,109.9,27.5,1,0,0,0.308818818642686
2.0,119.8,29.74,1,0,0,0.4451468905514426
2.0,190.56,37.82,1,0,0,0.34917607691919467
1.0,126.9,23.76,1,0,0,0.2476254061388993
1.0,89.9,14.72,1,0,0,0.3528761546079911
1.0,69.99,16.74,1,0,0,0.4891403615286202
1.0,150.0,21.54,1,0,0,0.3637732032365428
1.0,139.6,27.71,1,0,0,0.32017728652456984
1.0,49.0,7.39,1,0,0,0.4499145352751962
1.0,31.9,16.11,1,0,0,0.4608858419958639
1.0,459.9,18.43,1,0,0,0.40660726543816716
1.0,56.89,18.94,1,0,0,0.27733720030355086
1.0,213.75,36.82,1,0,0,0.35381204878568107
1.0,149.0,22.75,1,0,0,0.25971774373450934
1.0,151.72,23.34,10,1,1,1.0
1.0,52.9,23.24,1,0,0,0.2532422640514323
1.0,60.0,8.29,1,0,0,0.41281932083560363
2.0,138.0,33.84,1,0,1,0.5941825958244341
1.0,112.99,16.42,1,0,0,0.4002433358311697
1.0,332.0,11.07,1,0,0,0.22305669000285694
2.0,331.9,72.38,1,0,0,0.33441376286564356
1.0,49.39,12.69,1,0,1,0.5170013393330795
1.0,89.0,14.93,1,0,0,0.34848444112363464
1.0,69.99,12.62,1,0,1,0.5313128148727978
1.0,19.99,7.78,1,1,0,0.4901219761289066
1.0,89.9,16.26,1,0,1,0.5278551927132316
1.0,139.9,20.32,1,0,0,0.22646001601872476
1.0,28.9,15.1,1,0,0,0.44419785257830646
1.0,129.9,27.23,1,0,0,0.3090793650034322
2.0,119.8,13.44,1,0,0,0.26608768317083836
1.0,45.9,26.89,1,0,0,0.43688348564724855
1.0,59.9,14.5,1,0,0,0.41005655500287536
1.0,14.9,7.39,6,1,1,1.0
1.0,149.99,20.29,1,0,0,0.1629441319078709
1.0,127.9,18.15,1,0,0,0.31775657885451214
1.0,39.9,16.79,1,0,0,0.4309338927440559
1.0,20.3,16.79,1,0,0,0.49352890432727065
1.0,199.0,17.15,1,0,0,0.4517621499883624
1.0,105.0,27.04,1,0,0,0.3485223536868151
1.0,27.9,16.11,1,0,0,0.4122483060269355
2.0,94.9,30.26,1,0,0,0.4040169100647218
1.0,29.0,14.1,1,0,0,0.431848689999201
1.0,39.99,12.69,1,0,1,0.5284772014260578
1.0,56.99,14.15,1,0,0,0.403786013961759
1.0,29.99,14.1,1,0,0,0.42514557449657153
1.0,234.0,22.29,1,0,0,0.41964982527085337
1.0,22.5,7.78,1,0,0,0.4628108165261617
5.0,349.5,76.2,1,0,1,0.5709619566573122
1.0,56.8,16.97,1,0,0,0.4775110069216918
1.0,262.5,115.49,1,0,0,0.2367349276697712
1.0,189.9,25.68,1,0,0,0.4911528965387769
1.0,44.99,8.29,1,0,0,0.39672600481014814
1.0,239.0,17.43,1,0,0,0.419126291492125
1.0,113.0,18.67,1,1,0,0.2863195285539413
1.0,24.9,14.52,1,0,0,0.46167200321207996
1.0,314.97,18.45,1,0,0,0.2777805967816769
1.0,79.0,14.72,1,0,0,0.3640008296682739
1.0,220.0,17.17,1,0,1,0.5052830309612463
1.0,70.9,16.94,1,0,1,0.5211673626552712
1.0,199.0,29.79,1,0,0,0.408763464876794
1.0,48.0,11.85,1,1,0,0.4288137058501752
1.0,329.9,20.19,1,0,0,0.3852141194657808
1.0,139.0,14.31,1,0,0,0.3329800533290039
1.0,129.9,17.16,1,0,0,0.3360899839370047
1.0,115.0,18.91,1,0,0,0.27086465738455007
1.0,14.9,12.79,1,0,0,0.29450952208336006
,,,1,0,1,0.5676371073814253
1.0,199.0,12.49,1,0,0,0.43634467080836215
1.0,181.62,18.85,1,0,0,0.29145088180431694
2.0,193.8,15.08,1,0,0,0.2847309787232176
1.0,89.9,18.2,1,0,0,0.12770402033511116
1.0,149.9,21.54,1,0,0,0.4511994242278476
1.0,139.9,21.47,1,0,0,0.41708864396376377
1.0,2110.0,154.9,1,0,0,0.17185464464377476
3.0,74.69999999999999,38.07,1,1,0,0.46680488901511485
1.0,34.9,7.87,1,0,0,0.39560901262692993
1.0,89.0,27.16,1,0,0,0.3826904751916036
1.0,179.0,19.13,1,0,0,0.2860892995994412
1.0,150.0,34.85,1,0,0,0.38199035212206267
1.0,114.94,28.16,1,0,0,0.27292481140704555
1.0,23.99,15.1,1,0,0,0.473230308259969
1.0,79.9,13.58,1,0,0,0.3289891142228561
1.0,299.98,28.42,1,0,0,0.3195716149750125
1.0,49.99,18.23,1,0,0,0.25684984167708264
1.0,113.85,23.38,1,0,0,0.3028526151315355
1.0,152.0,21.18,1,0,0,0.3122178575232715
1.0,42.0,18.39,1,0,0,0.24882215049280337
1.0,53.99,14.13,1,0,0,0.4037996818727793
1.0,26.49,15.1,1,0,0,0.4359505295401443
1.0,84.9,23.39,1,0,0,0.25718278199558414
1.0,99.75,26.96,1,0,0,0.3511255703553705
1.0,39.99,12.69,1,0,1,0.5284772014260578
1.0,99.0,13.71,1,1,0,0.3527998888561336
1.0,29.0,16.11,1,0,0,0.44379316252841616
1.0,139.9,50.85,1,0,0,0.3143310605977653
1.0,124.99,19.15,1,0,0,0.2609376953966351
,,,1,0,1,0.5676371073814253
1.0,72.62,16.27,1,0,1,0.5523143608619407
1.0,19.9,14.11,1,0,0,0.4336232679023935
1.0,199.9,21.89,1,1,1,0.5888939030989668
1.0,27.99,18.23,1,0,0,0.3189003778073297
1.0,159.9,48.56,1,0,0,0.3124232486676065
1.0,86.9,19.95,1,0,0,0.43626980674477606
1.0,183.29,25.77,1,0,1,0.5554093986039269
1.0,49.0,7.78,1,0,0,0.43432072400816535
1.0,37.0,16.6,1,0,0,0.4236322358463341
1.0,210.0,96.28,1,1,0,0.36481292074571675
1.0,11.0,7.87,1,1,1,0.6376601220005952
,,,1,0,1,0.5676371073814253
1.0,744.0,13.9,1,0,0,0.14053747587571996
1.0,249.9,16.5,1,0,0,0.29861095677784577
1.0,178.5,15.0,1,0,0,0.40359995347770855
2.0,40.0,28.2,1,0,0,0.4148584095525302
1.0,43.8,11.73,1,0,0,0.4229635354206335
2.0,177.9,34.13,1,0,0,0.3480280360801472
1.0,329.9,47.17,1,0,0,0.3034811716762872
1.0,59.9,15.17,1,0,0,0.42535051473897284
1.0,86.9,16.23,1,0,0,0.4909221730105669
1.0,99.9,22.0,1,0,0,0.3131151227304391
1.0,59.99,13.78,1,0,0,0.33138362941663985
2.0,229.98,118.81,1,0,0,0.4549458152531264
1.0,19.0,8.11,1,0,0,0.4444043596553717
1.0,110.0,0.0,1,0,0,0.01884681142338861
2.0,23.98,26.94,1,0,0,0.17762960913622952
2.0,78.0,30.74,1,0,0,0.4578847397469812
1.0,19.9,11.85,1,0,0,0.4473177135004276
1.0,24.9,15.1,1,0,0,0.46022497300716375
1.0,479.9,22.24,1,0,0,0.35070920530410005
1.0,30.0,20.8,1,0,1,0.5245533401890522
1.0,69.0,19.39,1,0,0,0.3831749169803248
1.0,60.0,15.17,1,0,0,0.42535051473897284
1.0,18.9,14.1,1,0,0,0.4337255500825873
2.0,154.0,16.6,1,0,0,0.3927175564042348
1.0,59.99,11.92,1,0,0,0.43889248975714823
1.0,29.99,12.79,1,0,0,0.3194605130006147
1.0,230.0,31.16,1,0,0,0.3822939640565924
1.0,619.9,46.37,1,0,0,0.13010207677048388
1.0,1299.9,25.54,1,0,0,0.3667571740283888
1.0,108.0,40.15,1,0,0,0.347053528858009
1.0,79.99,20.05,1,0,0,0.23775112729950942
1.0,250.0,35.02,1,0,0,0.3694421376684155
1.0,147.9,15.79,1,1,0,0.31828869525301895
1.0,175.9,86.96,1,0,0,0.23174055739502028
2.0,65.8,23.46,1,0,0,0.397149293874422
1.0,629.99,19.16,1,0,0,0.35193204468414685
1.0,52.9,42.43,1,0,0,0.39096738381389007
1.0,215.9,14.09,1,0,0,0.3507212159667803
1.0,49.99,16.92,1,0,0,0.45400497855897526
1.0,36.0,15.1,1,0,0,0.43589003426849066
1.0,13.65,14.1,1,1,0,0.3827804234166249
1.0,29.0,7.78,1,0,0,0.4114624963538499
1.0,166.9,47.83,1,0,0,0.3247681047333481
1.0,373.4,19.05,1,0,0,0.33946135306692765
1.0,42.9,16.11,1,0,0,0.44817389651889206
1.0,529.9,21.59,1,0,0,0.4041507865696135
1.0,4.5,7.78,1,0,1,0.6050642891982537
1.0,54.99,34.48,1,0,0,0.3926730537930622
1.0,39.9,9.74,1,0,0,0.44568173460029226
1.0,45.0,17.6,1,0,0,0.4263517527157664
1.0,50.0,17.6,1,0,0,0.42540366808108704
1.0,144.99,18.59,2,1,1,1.0
2.0,39.8,23.7,1,0,0,0.45601688440530497
1.0,58.99,28.81,1,0,0,0.3939168915513589
1.0,99.0,22.56,1,0,0,0.35528063698080226
1.0,204.0,16.28,1,0,0,0.34082404301151586
1.0,69.99,15.59,1,0,0,0.37602137220955095
1.0,295.0,28.15,1,0,0,0.28786472872550584
,,,2,1,1,1.0
1.0,370.47,18.35,1,0,0,0.3889768218073201
1.0,59.9,16.39,1,0,0,0.4164313836118103
1.0,299.9,17.54,1,0,0,0.2602150858574744
1.0,229.0,15.08,1,0,0,0.3414611743739297
1.0,39.9,14.1,3,1,1,1.0
1.0,79.9,18.66,1,0,0,0.30040992587873844
1.0,44.99,22.93,1,0,0,0.23285931036468246
1.0,134.9,13.28,1,0,0,0.34780688665710713
2.0,98.0,58.76,1,0,0,0.47710428730632326
2.0,11.7,36.46,1,0,0,0.3088720188336159
1.0,59.99,18.99,1,0,0,0.28012901995282447
1.0,129.9,18.16,1,0,0,0.3175238230879358
2.0,59.98,30.2,1,0,0,0.43857625306032816
1.0,349.9,29.3,1,0,0,0.3865766440068155
1.0,58.0,21.99,1,0,0,0.28470577064315167
1.0,56.1,19.36,1,0,0,0.3610785810192436
1.0,459.0,17.38,1,0,0,0.23495357095223435
1.0,27.9,11.98,1,0,0,0.42180883837104827
1.0,49.99,15.51,1,0,0,0.31612671254988406
1.0,89.8,18.51,1,0,0,0.13988285898018715
1.0,69.0,38.0,1,0,0,0.31530814952217384
1.0,49.99,14.1,1,0,0,0.39345858952625057
1.0,179.0,29.78,1,0,0,0.264686873368832
1.0,149.99,43.08,1,0,0,0.2560041486936789
1.0,492.04,18.65,1,0,0,0.35042037502944634
1.0,458.85,24.71,1,0,0,0.26900334960042555
1.0,28.12,50.92,1,0,0,0.3319592014891734
1.0,129.99,16.02,1,0,0,0.3213795050751727
1.0,28.62,18.23,1,0,0,0.29125878428609997
1.0,79.8,17.84,1,0,0,0.4709627663017889
1.0,16.0,14.1,1,0,0,0.4255630229002483
1.0,78.0,7.81,1,0,0,0.33035365614135787
1.0,49.0,17.64,1,0,0,0.4907201719899166
1.0,79.9,21.05,1,0,0,0.36585849912936313
1.0,169.9,13.85,1,0,0,0.2701510738465603
1.0,84.99,18.17,1,0,0,0.12728453435138232
1.0,199.99,16.16,1,0,0,0.36125717493793774
2.0,184.06,34.17,1,0,0,0.3625110599847277
1.0,24.9,7.43,5,1,1,1.0
1.0,39.9,15.1,1,0,0,0.46733184161795177
1.0,86.9,53.16,1,0,0,0.41992753256704113
1.0,90.0,20.58,1,0,0,0.3489660658962098
1.0,139.9,61.01,1,0,0,0.33180329981263096
1.0,159.8,16.42,1,0,0,0.38376444021926753
1.0,99.0,14.19,1,0,0,0.33833528497011467
1.0,349.9,48.98,1,0,0,0.29580215570362817
1.0,23.9,24.35,1,0,0,0.31835731877089724
1.0,95.0,13.69,1,0,0,0.4382338240886157
1.0,189.0,10.14,1,0,0,0.3805382076420195
1.0,34.0,16.05,1,0,0,0.481507134114384
1.0,12.97,14.1,1,0,0,0.35870614749989527
2.0,278.0,58.46,1,0,0,0.40002273344049327
1.0,530.0,43.78,1,0,0,0.37056460392224155
1.0,89.9,17.37,1,0,1,0.5249359811064984
2.0,198.0,24.38,1,0,0,0.4839078186822943
1.0,415.99,11.11,1,0,0,0.2696328561797371
1.0,53.9,22.96,1,0,0,0.2442841799815684
1.0,92.96,20.96,1,0,0,0.3607148393875136
1.0,94.9,11.87,1,0,0,0.41409967297261324
1.0,290.0,28.17,1,0,0,0.2775940900095821
1.0,59.9,11.73,1,0,0,0.43956680299001705
1.0,95.0,7.92,1,0,0,0.48755248813472224
1.0,129.9,15.66,1,0,0,0.36184785278436116
1.0,139.99,15.73,1,0,0,0.333587675078244
1.0,229.99,26.16,1,0,0,0.4328236119807166
1.0,49.9,8.51,1,0,0,0.4068441576583865
1.0,86.99,13.63,1,0,0,0.3342910465003166
1.0,59.9,20.5,1,0,0,0.35408629702496186
1.0,59.0,14.16,1,0,0,0.40470064365920255
1.0,138.89,18.85,1,0,0,0.2633584151893194
1.0,109.99,28.15,1,0,0,0.3053270643263977
1.0,79.9,27.51,1,0,0,0.364767431624029
1.0,59.9,14.73,1,0,0,0.4149813452832126
1.0,25.9,8.34,1,0,0,0.37479059029215606
1.0,258.5,49.06,1,0,0,0.3172028399208291
1.0,38.99,17.35,1,0,0,0.4117330286376593
1.0,14.9,7.78,1,0,0,0.4638694388017248
1.0,85.5,18.48,1,0,0,0.14180277967802687
1.0,89.9,24.94,1,0,0,0.34716699380637256
1.0,99.0,15.57,1,0,0,0.32533921656910714
1.0,148.0,16.48,1,0,0,0.34005994688909486
1.0,117.3,14.43,1,0,0,0.35485058809118697
1.0,32.99,17.6,1,0,0,0.4234223833307391
1.0,24.99,14.1,1,0,0,0.4570592549445728
1.0,5.99,16.79,4,1,1,0.9866666666666667
1.0,59.9,14.86,1,0,0,0.41758291683577825
1.0,10.9,11.85,1,0,0,0.470967599466868
1.0,76.95,18.64,1,0,0,0.31788679030805694
1.0,1200.0,37.81,1,0,0,0.19367679076622968
1.0,64.9,23.6,1,0,0,0.2461437286414244
1.0,149.0,38.59,1,0,0,0.33221363721531233
1.0,28.0,15.1,1,0,0,0.43602415438223857
1.0,79.9,15.31,1,0,0,0.3607483601251682
1.0,59.9,8.72,1,0,0,0.4184848287875675
1.0,35.9,18.23,1,0,0,0.32355611750579844
1.0,123.0,22.79,1,0,0,0.27637454972639003
1.0,13.99,15.23,1,0,0,0.30053195320707055
1.0,59.99,12.76,1,0,0,0.4327041743694351
1.0,148.0,38.84,1,0,0,0.33602051385127785
1.0,29.99,23.01,1,0,0,0.4296604569741937
1.0,199.08,24.11,1,0,0,0.39051929976994615
1.0,53.79,10.83,1,0,0,0.43590248616347965
1.0,49.0,18.44,1,0,0,0.2562731514447186
1.0,189.99,18.24,1,0,0,0.3222265858034187
1.0,12.5,14.1,1,0,0,0.35697371242849735
1.0,454.0,18.94,1,0,0,0.38204411094190055
1.0,115.0,21.3,1,0,0,0.3424731552921822
1.0,19.9,12.48,1,0,0,0.4437760541938262
1.0,67.5,7.78,1,0,0,0.4253876233548536
1.0,385.0,39.99,1,0,0,0.27613846382314244
1.0,127.9,16.0,1,0,0,0.3036300576123987
1.0,43.0,16.11,1,0,0,0.44926750659106185
1.0,29.99,7.78,1,0,0,0.40712747008579875
1.0,108.9,16.39,1,0,0,0.32914122385866973
1.0,267.99,9.13,1,0,0,0.38985762474957636
1.0,75.9,16.97,1,0,0,0.4977469461403579
1.0,20.9,17.78,1,1,0,0.49296696228000475
1.0,24.99,15.1,1,0,0,0.46022497300716375
1.0,45.9,16.11,1,0,0,0.4586537690451446
1.0,39.0,16.6,1,0,0,0.42506909093467565
1.0,180.0,10.01,1,0,0,0.3824549902296213
1.0,18.99,14.1,1,0,0,0.4353891384616142
2.0,45.98,74.08,1,0,0,0.37080380859091183
1.0,73.35,35.83,1,0,0,0.40086050478197005
2.0,69.8,32.64,1,0,0,0.4604679383349128
1.0,44.9,15.41,1,0,0,0.41565187526874847
2.0,112.9,29.18,1,1,0,0.40828404297836235
1.0,298.6,86.77,1,0,0,0.2876764035382816
1.0,122.99,25.21,1,0,0,0.2860770633594589
4.0,21.96,51.16,1,0,0,0.24762263881172322
1.0,29.99,7.39,1,0,0,0.32942735493042996
1.0,285.97,35.8,1,0,0,0.3184010750505154
1.0,134.9,18.82,1,0,0,0.2633951802920369
1.0,159.99,21.61,1,0,0,0.40846800622586604
4.0,790.0,157.72,1,0,0,0.2725539947497652
1.0,148.0,9.91,1,0,0,0.32855871262526254
1.0,149.9,9.24,1,0,0,0.34943659960104234
1.0,45.99,14.1,1,0,0,0.39277932317129743
1.0,47.6,17.06,1,0,0,0.4435876811782118
1.0,18.99,7.78,1,0,0,0.48070999622464977
1.0,429.98,28.38,1,0,0,0.35121902590420634
1.0,129.9,27.23,1,0,0,0.3090793650034322
1.0,256.0,15.54,1,0,0,0.2614818512457123
1.0,57.89,16.32,1,0,0,0.45666782553045704
1.0,56.97,9.94,1,0,0,0.43694873757599645
1.0,90.0,22.91,1,0,0,0.3287256847964514
1.0,179.0,19.13,1,0,0,0.2860892995994412
1.0,47.55,22.26,1,0,0,0.24084334957736062
1.0,197.0,19.26,1,0,0,0.25092449740321987
1.0,64.0,7.39,1,0,0,0.14572096511672658
3.0,47.7,48.96,1,0,0,0.42786676961593806
1.0,75.0,16.97,1,0,1,0.530138236853242
1.0,59.9,23.14,1,0,0,0.24902384115153192
2.0,218.0,89.68,1,0,0,0.3147393279490826
3.0,209.7,39.24,1,0,1,0.5067856091390471
1.0,178.99,13.69,1,1,0,0.35920859011466894
1.0,44.9,42.76,1,0,0,0.3920590902752108
2.0,84.0,38.49,1,0,0,0.35732509910155663
1.0,205.0,15.04,1,0,0,0.42015506107202716
2.0,99.9,30.2,1,0,1,0.5024903473916648
1.0,116.99,8.07,1,0,0,0.32836493074322454
1.0,149.9,8.63,1,0,0,0.31255563246561235
1.0,120.0,45.3,1,0,0,0.32485386467877414
1.0,45.99,34.15,1,0,0,0.4134216059592002
1.0,56.1,19.58,1,0,0,0.4961322157189695
1.0,79.0,17.8,1,0,1,0.5015706932504038
1.0,174.99,18.8,1,0,0,0.3041055125247023
1.0,133.9,18.19,1,0,0,0.30867134008308095
1.0,53.99,7.39,1,0,0,0.23985370375484802
1.0,64.99,31.48,1,0,0,0.33382299233515683
1.0,59.0,11.73,1,0,0,0.43255898308899426
1.0,70.97,28.9,1,0,0,0.36713136469253943
1.0,99.9,14.28,1,0,0,0.354773663622616
1.0,88.0,14.71,1,0,0,0.30283741791697577
2.0,119.98,17.76,1,0,0,0.21442911104239562
1.0,113.4,18.67,1,0,0,0.28476174626968886
,,,1,1,1,0.5676371073814253
1.0,49.95,11.85,1,0,0,0.4313913088318721
1.0,39.0,8.72,1,0,0,0.4120515864785332
1.0,45.9,11.85,1,0,0,0.4327410546725607
1.0,25.9,25.63,1,0,0,0.3653696859041474
1.0,79.9,15.31,1,1,0,0.3607483601251682
1.0,27.0,8.72,1,0,0,0.4036666668465072
1.0,49.9,19.59,1,0,0,0.3862514756033553
1.0,126.12,15.76,1,0,0,0.32259670184258016
1.0,389.0,37.7,1,0,0,0.3043027110242235
1.0,149.9,23.37,1,0,0,0.2996302406210096
1.0,99.0,47.67,1,0,0,0.3848056318145086
1.0,319.12,14.36,1,0,0,0.26284362469052136
1.0,84.9,16.84,1,0,0,0.49063701943484517
1.0,54.99,22.88,1,0,0,0.24915400460946846
2.0,99.8,52.86,1,0,0,0.4663926742702794
1.0,79.9,9.07,1,0,0,0.41238963324220873
1.0,34.9,20.0,1,0,0,0.3985864457030869
1.0,12.9,15.23,1,0,0,0.2882115414797642
1.0,235.0,15.82,1,0,0,0.2952784103407227
1.0,199.0,0.0,1,0,0,0.4954901549243507
1.0,89.99,14.38,1,1,1,0.5024128046034507
1.0,64.99,22.86,1,0,0,0.2692836863237557
2.0,55.8,15.74,1,0,0,0.15629740659816826
1.0,179.9,9.61,1,1,0,0.37713289624375607
1.0,128.8,87.33,1,0,0,0.2881384062728748
1.0,109.9,15.52,1,0,0,0.32571841281797337
1.0,135.0,17.51,1,0,0,0.3856691689509045
5.0,47.5,45.45,1,1,1,0.5214268517504237
1.0,103.0,23.87,1,0,0,0.215861642050741
1.0,730.0,27.42,1,0,0,0.2660255259176471
1.0,159.9,16.33,1,0,0,0.3934274593905492
1.0,79.9,15.31,1,0,0,0.3607483601251682
2.0,720.0,31.28,1,0,0,0.42254991474349085
1.0,34.9,14.52,1,0,0,0.4387590906801666
1.0,48.9,22.06,1,0,0,0.34030705939818934
2.0,200.0,47.7,1,0,0,0.38749403446536823
1.0,29.9,15.1,1,0,0,0.4436085002978538
1.0,69.0,20.97,1,0,0,0.372307656118866
1.0,89.99,15.39,1,0,1,0.6111527328900801
1.0,66.99,27.53,1,0,0,0.2855513806759512
1.0,135.0,9.06,1,0,0,0.3331471144140919
2.0,142.6,41.98,1,0,0,0.42750592884598587
1.0,109.9,18.66,1,1,0,0.26797184066163954
1.0,55.0,14.14,1,0,0,0.4043118881104213
1.0,763.5,18.01,1,0,0,0.3068375633270414
1.0,50.0,12.23,1,0,0,0.42965044090220206
1.0,119.9,27.69,1,0,0,0.31353874809088833
1.0,120.0,34.2,1,0,0,0.33065294254387156
1.0,59.9,16.18,1,0,0,0.45167663020463256
1.0,66.99,19.38,1,0,0,0.39570545333236123
2.0,299.8,31.88,1,0,0,0.4656768940598161
1.0,179.9,25.08,1,0,0,0.2522545005892288
1.0,48.99,24.69,1,0,0,0.3021570509146048
1.0,62.78,14.19,1,0,0,0.4123043075725277
1.0,69.9,11.99,1,0,0,0.44361925254539225
1.0,230.0,13.11,1,0,0,0.37080445678284013
1.0,60.99,33.59,1,0,0,0.3151890821175354
1.0,138.0,12.17,1,0,0,0.4426989849510528
1.0,23.0,8.72,1,0,0,0.3949386710237707
1.0,249.0,20.93,1,0,0,0.3255690076680571
1.0,129.99,25.75,1,0,0,0.30885079523340864
1.0,45.95,11.85,1,0,0,0.4307334149496522
1.0,36.5,23.06,1,0,0,0.37087504997689025
1.0,179.94,44.97,1,0,0,0.28491469825314103
1.0,125.99,15.63,1,0,0,0.3330074989297485
1.0,49.99,13.47,1,0,0,0.32771403192535115
1.0,95.0,7.92,1,0,0,0.48755248813472224
1.0,22.99,16.6,1,1,0,0.446318605747922
1.0,239.9,15.28,1,0,0,0.30347358355578113
1.0,25.9,18.23,1,0,0,0.12659608502016118
1.0,120.0,23.64,1,0,0,0.2235404650512117
1.0,149.0,57.27,1,0,0,0.33903014037690377
1.0,109.9,27.07,1,0,0,0.3198647726564515
1.0,167.99,16.94,1,0,0,0.3190192289680615
1.0,113.0,13.81,1,0,0,0.3803544643732017
1.0,199.9,33.85,1,1,0,0.4307141432423118
1.0,66.9,18.57,1,0,0,0.23700904619420052
1.0,49.9,16.05,1,0,0,0.4554032081729298
1.0,54.9,15.13,1,0,0,0.4185359017562232
2.0,208.9,69.06,1,0,0,0.37600997808993614
1.0,24.9,15.79,1,0,0,0.3884961020941923
1.0,105.9,17.99,1,0,0,0.3758231948010128
1.0,70.0,24.36,1,0,0,0.26393956375939176
1.0,114.9,12.51,1,0,0,0.3601747047024401
,,,1,0,1,0.5676371073814253
1.0,9.0,8.4,1,0,1,0.6172179034845597
1.0,87.67,10.03,1,0,0,0.3516181803320583
1.0,99.99,23.5,1,0,0,0.22249706786529908
1.0,27.9,37.11,1,0,0,0.29559860624712286
2.0,60.98,36.46,1,0,0,0.3817634067774305
1.0,60.0,14.17,1,0,0,0.4143587516574212
2.0,30.0,38.08,1,0,0,0.28072502333476296
1.0,18.9,11.85,1,0,0,0.44712230833912076
1.0,199.0,63.35,1,0,0,0.36306287307972024
1.0,99.0,13.71,1,0,0,0.3527998888561336
1.0,125.0,20.07,1,0,0,0.24517045993745853
1.0,19.95,18.28,1,0,0,0.10781473416381644
1.0,15.9,14.1,1,0,0,0.4235201486210256
1.0,69.9,11.1,1,0,0,0.43809884850111047
1.0,75.0,13.08,1,1,0,0.39373670101325764
1.0,63.99,12.89,12,1,1,1.0
3.0,55.8,17.009999999999998,1,0,0,0.4522070353200936
1.0,17.0,7.39,1,0,0,0.4903725079831297
1.0,349.9,31.96,1,0,0,0.3419494979814151
1.0,29.0,18.3,1,0,0,0.25694434059472526
1.0,249.0,31.27,1,0,0,0.3680157314092052
1.0,18.5,18.23,1,0,0,0.33592159146451683
2.0,49.98,16.8,1,0,0,0.19437372548302592
1.0,39.9,11.73,1,0,0,0.43477663353241347
1.0,49.9,7.61,1,0,0,0.252457246936901
1.0,164.9,29.55,1,0,0,0.31123552663702936
2.0,138.0,35.82,1,0,0,0.4369481137121598
1.0,56.0,7.78,1,1,0,0.43032781926596364
1.0,99.99,11.9,1,0,0,0.2768277865992742
2.0,417.0,38.38,1,0,1,0.6178953747853735
1.0,69.9,15.7,1,0,0,0.49753864311699253
1.0,37.99,17.0,1,0,0,0.4320545010465787
2.0,46.8,53.34,1,0,0,0.361926334113563
1.0,49.9,8.72,1,0,0,0.4089226900140161
1.0,59.9,17.67,1,0,0,0.42173401220594686
2.0,292.33,27.36,1,0,0,0.3392761710063889
1.0,50.9,12.7,1,0,1,0.5151856295647883
1.0,14.5,7.39,1,0,0,0.037974595123885006
1.0,89.0,30.46,1,0,0,0.39021370813584844
1.0,79.0,27.1,1,0,0,0.3977351098766122
1.0,56.6,9.09,1,0,0,0.41356998412780327
1.0,99.0,14.44,1,0,0,0.33291942616696807
1.0,59.9,13.44,1,0,0,0.3815268290961434
1.0,119.9,18.09,1,0,0,0.3534551875253613
1.0,69.99,8.65,1,0,0,0.40910844600461665
1.0,29.9,22.28,1,0,0,0.38783212928938854
1.0,200.0,41.39,1,0,0,0.40907117368861134
1.0,56.99,8.72,1,0,0,0.4136877586327536
2.0,139.67000000000002,27.02,1,0,0,0.4610424959418783
1.0,108.9,16.39,1,0,0,0.32914122385866973
1.0,139.99,48.23,1,0,0,0.32755907858478134
1.0,92.9,17.56,1,0,0,0.4228750914271327
1.0,124.9,20.06,1,0,0,0.2228994838140702
1.0,89.9,22.56,1,0,0,0.39432600116304345
1.0,79.9,7.81,1,0,0,0.4025153874091322
1.0,155.0,21.36,1,0,0,0.37696622902556776
1.0,499.9,101.29,1,0,0,0.319717158364941
1.0,88.0,23.17,1,0,0,0.4348746649282587
2.0,256.98,46.71,1,1,0,0.33910498160658253
1.0,34.99,14.52,1,0,0,0.4387590906801666
2.0,1046.38,36.82,1,0,0,0.4074849097363102
1.0,35.99,14.52,1,0,0,0.4337733828224767
1.0,198.0,27.69,1,0,0,0.40716881823214385
1.0,74.5,16.77,1,0,0,0.48821399766827067
2.0,161.25,54.3,1,0,0,0.3552935852626523
1.0,139.99,15.73,1,0,0,0.333587675078244
1.0,24.99,12.79,1,0,0,0.3599094727968259
1.0,49.0,8.29,1,0,0,0.4074900382779859
1.0,149.99,57.28,1,0,0,0.26151108446624644
1.0,349.9,15.47,1,0,0,0.22994695032269655
1.0,215.94,18.79,1,0,0,0.3136052196099334
3.0,117.0,68.78999999999999,1,0,0,0.4271326096146049
2.0,379.8,58.72,1,0,1,0.60590291421398
1.0,65.0,14.2,1,0,0,0.41384650029962233
1.0,39.9,18.38,1,0,0,0.25173654927064215
1.0,127.0,18.14,1,0,0,0.32238800946076174
1.0,9.9,10.96,1,0,1,0.5675784304622022
1.0,58.9,22.34,1,0,0,0.25634470379245544
1.0,14.9,15.1,1,0,0,0.41260711046516896
1.0,119.9,17.58,1,0,0,0.3732613675916278
1.0,101.0,19.9,1,0,0,0.21430103105564338
1.0,32.99,9.34,1,0,0,0.4368860439220527
1.0,119.99,27.28,1,0,0,0.2947466982719137
1.0,149.9,17.3,1,0,0,0.3347637882334971
1.0,48.99,15.1,1,0,0,0.41722703010297785
1.0,84.81,20.5,1,0,0,0.25185987910710594
1.0,159.9,27.59,1,0,0,0.2985628674012754
1.0,68.9,14.21,1,0,0,0.41200321619417113
1.0,115.0,21.3,1,0,0,0.3424731552921822
1.0,76.1,20.02,1,0,0,0.3479516903709756
1.0,63.9,18.33,1,0,0,0.25593771076037886
1.0,99.99,7.56,1,0,0,0.010470940185308392
1.0,188.99,19.6,1,0,0,0.32650710247603487
1.0,29.99,12.87,1,0,0,0.354032922055733
1.0,599.9,21.45,1,0,0,0.21851972645062645
1.0,49.9,7.78,1,0,0,0.4318516290854281
1.0,179.99,15.35,1,0,0,0.40038899783704657
1.0,59.9,7.78,1,0,0,0.4320708458283
1.0,49.9,14.1,1,0,0,0.39364138254956893
1.0,17.5,18.23,1,0,0,0.35776716069250947
1.0,50.2,13.69,1,0,0,0.328616043721874
1.0,119.9,57.61,1,0,0,0.33855086765660974
1.0,149.9,23.19,1,0,0,0.2934643998462734
1.0,69.99,16.25,1,0,1,0.5524896043561371
1.0,172.5,9.37,1,1,0,0.3759147559960154
2.0,199.0,46.54,1,0,0,0.38576117878667543
1.0,18.25,17.6,1,0,0,0.3881135035043233
2.0,144.0,43.16,1,0,0,0.40526384721415953
1.0,139.9,39.95,1,0,0,0.33059144852141886
1.0,55.0,8.55,1,0,0,0.41175032400455647
1.0,93.0,18.53,1,0,0,0.16833806437813215
1.0,34.99,11.85,1,0,0,0.42592282953346244
1.0,129.0,20.14,1,0,0,0.23703500801748903
1.0,135.0,121.22,1,0,0,0.27763058218058334
1.0,94.99,16.91,1,0,0,0.37757643352882114
1.0,66.29,13.48,1,0,0,0.33219543164744864
1.0,29.0,14.1,1,0,0,0.431848689999201
1.0,39.9,15.79,1,0,0,0.4415404068068845
2.0,119.8,33.72,1,0,0,0.4299052866930134
1.0,15.0,50.85,1,0,0,0.44688444775760644
1.0,59.9,14.17,1,0,0,0.4143587516574212
1.0,29.99,15.31,1,0,0,0.33834400083290544
1.0,25.99,12.48,1,0,0,0.42760912506525767
1.0,260.0,21.31,1,0,0,0.44628390234238935
1.0,2999.99,126.51,1,0,0,0.18074194524631348
1.0,49.9,17.6,1,0,0,0.42697186726283365
3.0,98.97,74.69999999999999,1,0,0,0.3993698080525379
1.0,349.0,18.2,1,0,0,0.22739436219755835
1.0,146.0,15.77,1,0,0,0.30444985308092437
1.0,149.99,21.5,1,0,0,0.35049422602191604
1.0,29.5,15.98,1,0,0,0.43665986192276846
1.0,89.9,11.83,1,0,0,0.38839004601624644
2.0,149.8,30.56,1,0,1,0.569992258528279
1.0,122.99,25.21,1,0,0,0.2860770633594589
1.0,319.9,16.44,1,0,0,0.22988999472180074
1.0,58.9,15.29,1,0,0,0.38070825999893754
1.0,34.9,16.79,1,0,0,0.43224676432452097
1.0,69.0,15.58,1,0,0,0.368504328155409
1.0,51.15,16.61,1,0,0,0.43863183213817575
1.0,149.99,15.8,1,1,0,0.2394456784393652
1.0,56.99,15.15,1,0,0,0.4183760597418685
2.0,305.8,59.72,1,0,0,0.3784506479100198
1.0,799.0,20.47,1,0,0,0.4041908289978823
1.0,267.0,32.84,1,0,0,0.3250492459057802
1.0,107.0,12.25,1,0,0,0.36688916114813985
2.0,58.31,35.2,1,0,0,0.4473294294654368
1.0,128.75,18.89,1,0,0,0.25795351593841026
1.0,24.99,14.1,1,0,0,0.4570592549445728
2.0,119.8,30.72,1,0,0,0.4432261391909711
1.0,59.0,18.29,1,0,0,0.24982280756593112
1.0,34.5,18.34,1,0,0,0.2812025696141005
1.0,11.87,7.39,1,0,0,0.18590841115133802
1.0,89.9,17.88,1,0,1,0.5669409744949782
1.0,155.0,14.11,1,1,0,0.41969664003920065
1.0,63.0,18.99,14,1,1,1.0
1.0,120.0,17.28,1,0,0,0.3301761264542487
1.0,91.55,15.74,1,0,1,0.5133617100514876
1.0,118.99,27.13,1,0,0,0.3043673126073836
1.0,95.9,18.55,1,0,0,0.2989806200789987
1.0,31.89,15.65,1,0,0,0.3970334559425713
1.0,15.9,9.94,1,0,0,0.4423031316218652
5.0,745.0,41.5,1,0,0,0.48839548752897904
1.0,59.9,23.0,1,0,0,0.2594543597479895
1.0,105.0,23.66,1,0,0,0.2286901471362743
1.0,62.0,14.6,1,0,0,0.4113958626575719
2.0,190.0,46.5,1,0,0,0.40954004457521026
2.0,95.3,14.78,1,0,1,0.5962756099765426
1.0,89.99,18.21,1,0,0,0.13305229584826295
1.0,35.0,10.96,1,0,0,0.42980575587030584
1.0,24.99,18.23,1,0,0,0.12777888071908589
1.0,49.3,23.22,1,0,0,0.24581572379295774
1.0,59.9,18.52,1,0,0,0.23042651626841368
1.0,31.99,13.7,1,0,0,0.32445623886669234
4.0,316.0,64.72,1,0,0,0.44146237900246044
1.0,32.9,18.23,1,0,0,0.315288173612462
3.0,74.69999999999999,54.3,1,1,0,0.40844772712232613
1.0,239.0,61.73,1,0,0,0.32343221492206425
1.0,99.0,12.19,1,0,0,0.31690466011507096
1.0,58.0,7.67,1,0,0,0.06472482147979079
3.0,371.7000000000001,67.74,1,0,0,0.4539313618946369
1.0,8.9,11.85,1,0,1,0.8201289730733784
1.0,25.0,7.39,1,0,0,0.23497861301877884
1.0,23.99,14.1,1,1,0,0.47006459019737806
1.0,42.99,11.85,1,0,0,0.424211433084871
1.0,1189.9,121.05,1,0,0,0.14325215663823374
1.0,29.9,9.34,1,0,0,0.4410943746835939
1.0,74.8,13.54,1,0,0,0.3345282954922946
1.0,49.9,11.85,1,0,0,0.4313913088318721
1.0,42.9,16.11,1,0,0,0.44817389651889206
1.0,29.9,14.1,1,0,0,0.43005889102260964
1.0,66.0,12.14,1,0,0,0.43477524668495665
1.0,49.0,7.78,1,0,0,0.43432072400816535
1.0,39.99,18.23,1,0,0,0.26948136991694244
1.0,179.9,18.69,1,0,0,0.3452985959806199
1.0,59.9,8.72,1,0,0,0.4184848287875675
1.0,39.9,20.84,1,1,0,0.38979753233209935
1.0,219.0,16.28,1,0,0,0.32787142144160186
1.0,149.9,21.54,1,0,0,0.4511994242278476
1.0,210.0,15.07,1,0,0,0.38090741198139305
2.0,240.0,16.52,1,0,0,0.1733753166747996
1.0,13.65,15.23,1,0,0,0.28488466867092005
1.0,39.9,16.11,1,0,0,0.44885536465370424
1.0,199.0,35.47,1,0,0,0.39561015056957627
1.0,78.9,13.89,1,0,0,0.2809444126540068
1.0,29.1,12.5,1,0,0,0.432418124344732
1.0,49.9,17.66,1,0,0,0.4796346785476759
1.0,110.32,13.21,2,1,1,1.0
1.0,121.9,18.1,1,0,0,0.339243133394081
1.0,19.9,12.79,1,0,0,0.33257155481064
1.0,169.9,206.5,1,0,0,0.23472873257281346
2.0,31.8,45.86,1,0,0,0.2892118339182446
1.0,75.9,23.07,1,0,0,0.27427990370322947
1.0,299.99,17.86,1,0,0,0.452196715087291
1.0,129.99,19.01,1,0,0,0.24965553885432745
1.0,113.9,19.77,1,0,0,0.2907936950387173
1.0,249.9,20.05,1,0,0,0.2743215327751655
1.0,163.0,19.29,1,0,0,0.29730834356080393
1.0,989.0,57.42,1,0,0,0.13632447106309004
1.0,89.99,16.39,1,0,1,0.5384960967765631
1.0,32.97,7.78,1,0,0,0.40640166893639346
1.0,27.99,14.1,1,0,0,0.42367835439108725
1.0,134.9,13.07,1,0,0,0.34982709417992003
1.0,89.9,17.2,1,0,1,0.55451841866266
1.0,179.0,90.12,1,0,0,0.17775213193576134
1.0,799.0,20.35,1,0,1,0.5189568311524224
2.0,214.0,42.48,1,0,0,0.4083313528805123
1.0,25.99,15.28,1,0,0,0.31426667835207617
1.0,68.9,13.82,1,0,0,0.3302777396438464
1.0,119.9,13.57,1,0,0,0.37024622897174975
1.0,74.9,15.27,1,0,0,0.4134927399185823
1.0,159.9,13.78,1,0,0,0.3679845894911781
1.0,250.0,15.92,1,0,0,0.2627659252791186
1.0,70.47,13.85,1,0,0,0.32620669314780165
1.0,279.49,50.49,1,0,0,0.26802047753751546
1.0,490.0,22.62,1,0,0,0.3529565146423632
2.0,233.98,34.52,1,0,0,0.42981641533472953
1.0,19.99,15.23,1,0,0,0.330489255480146
1.0,94.9,14.41,1,0,0,0.25546210914029077
1.0,49.95,16.11,13,1,1,1.0
1.0,60.9,15.18,1,0,0,0.4227234909746495
1.0,124.99,30.71,1,0,0,0.3200126407677867
1.0,99.0,17.13,1,0,0,0.34895152521594097
1.0,97.9,11.89,1,0,0,0.4130979668134722
2.0,220.64,15.28,1,0,1,0.5563790342964147
1.0,138.0,29.23,1,0,0,0.3572014440893581
1.0,24.5,15.1,1,0,0,0.45167427923230663
1.0,330.0,20.19,1,0,0,0.36468532365332623
3.0,285.0,46.26,1,0,1,0.5453817574633189
1.0,88.0,26.7,1,0,0,0.4374596466153611
1.0,22.99,7.78,1,0,0,0.4598174578934884
1.0,292.0,9.3,1,0,0,0.34502876381624814
1.0,19.9,15.1,1,0,0,0.4372727634158048
1.0,39.95,14.44,1,0,0,0.444301194556038
1.0,129.99,17.48,1,0,0,0.33634399678760385
2.0,33.8,23.7,1,0,1,0.5799385411695911
1.0,49.99,13.71,1,0,0,0.3337024940429293
1.0,99.9,11.9,1,1,0,0.33443396863250774
1.0,69.9,17.74,1,1,0,0.4780985640983793
1.0,80.0,12.69,1,0,1,0.5551492212368899
1.0,129.99,12.11,1,0,0,0.38616156944646624
1.0,570.9,22.72,1,0,0,0.34366802697897686
1.0,479.82,17.44,1,0,0,0.22994020932664402
1.0,29.99,15.23,1,0,0,0.37001578731748985
1.0,120.0,13.83,1,0,0,0.3297009685491775
1.0,849.0,16.55,1,0,0,0.04964898909765817
2.0,148.0,29.66,1,0,1,0.5336438146741826
1.0,1055.9,23.02,1,0,0,0.15475564666608121
1.0,59.0,51.13,1,0,0,0.35310582643526506
1.0,149.0,40.37,1,0,0,0.3352407651652907
1.0,55.0,16.36,1,0,0,0.43668718889245506
1.0,40.8,12.79,1,0,0,0.29809368852276397
1.0,48.8,11.86,2,1,1,1.0
1.0,69.9,11.1,1,0,0,0.43809884850111047
2.0,69.8,17.4,1,0,0,0.20614218630944114
1.0,138.0,21.46,1,0,0,0.4189257885927523
1.0,299.0,21.58,1,0,0,0.3812615303819102
1.0,89.9,69.51,1,0,0,0.25059771083604393
2.0,268.9,27.54,1,0,0,0.3552610832019015
1.0,59.9,15.17,1,0,0,0.42535051473897284
1.0,122.9,23.79,1,0,0,0.22097334877972544
1.0,133.0,15.75,1,0,0,0.33955844527102147
1.0,73.9,9.27,1,0,0,0.43948180257103187
1.0,359.9,17.27,1,0,0,0.3101647573416407
1.0,32.9,19.81,1,0,0,0.3943635553993124
1.0,271.25,15.63,1,0,0,0.259829203314909
1.0,122.99,25.21,1,0,0,0.2860770633594589
1.0,29.99,8.37,1,0,0,0.39393882657596324
1.0,149.9,27.35,1,0,0,0.3002466000169153
1.0,71.4,13.16,1,0,0,0.37529234224781166
2.0,169.78,15.88,1,0,0,0.37698123569262604
1.0,31.9,21.15,1,0,1,0.6010619596339509
1.0,159.0,23.69,1,0,0,0.2579484730017652
2.0,80.0,32.22,1,0,0,0.4983810062198836
1.0,56.0,11.89,1,0,0,0.4355733207023014
1.0,92.1,22.0,1,0,0,0.34242220901917375
1.0,27.99,8.72,1,0,0,0.39640211567052464
1.0,179.0,13.69,1,0,0,0.35920859011466894
1.0,33.49,15.23,1,0,0,0.37156657791003794
1.0,99.9,16.33,1,0,0,0.37409826487378517
1.0,68.9,18.76,1,0,0,0.26179013286663044
1.0,99.0,32.61,1,0,0,0.3603894640238113
2.0,145.8,32.54,1,0,1,0.5530160917085439
1.0,69.9,12.43,1,0,0,0.43902408127786724
1.0,193.65,19.24,1,0,0,0.2607963212996446
1.0,134.9,9.68,1,0,0,0.3488489447909599
1.0,200.0,15.01,1,0,0,0.373849309697155
1.0,230.0,34.69,1,0,0,0.30886868698609854
1.0,55.0,18.49,1,0,0,0.2694168775863352
1.0,24.9,7.71,1,1,0,0.01795661022720106
1.0,11.04,12.79,1,0,0,0.2957621374899017
1.0,179.0,23.18,1,0,0,0.26004996763203797
1.0,45.0,16.32,1,0,0,0.42316693393190363
1.0,233.91,18.92,1,0,0,0.3417578143278513
1.0,44.99,18.42,1,0,0,0.2451206055019036
1.0,35.33,18.4,1,0,0,0.24795508100487576
1.0,58.99,11.15,1,0,0,0.43295361196663074
1.0,49.0,7.78,1,0,0,0.43432072400816535
1.0,45.9,12.69,1,0,1,0.5216640333188963
1.0,31.9,15.23,1,0,0,0.3685192477540145
1.0,49.9,20.99,1,0,0,0.3301717313023532
1.0,9.97,11.85,1,0,1,0.7443255460699434
1.0,395.0,17.52,1,1,0,0.27138213485267487
1.0,78.0,7.81,1,0,0,0.33035365614135787
1.0,79.99,7.42,1,0,0,0.046854137859789306
1.0,12.99,8.72,1,1,1,0.5746588638151023
1.0,65.0,12.7,1,0,1,0.5412981382314673
1.0,649.0,26.0,1,0,0,0.18965019476946957
2.0,116.98,25.5,1,0,0,0.4225548476343046
1.0,130.0,19.88,1,0,0,0.2646198383522722
1.0,172.0,8.46,1,0,0,0.21303046024583708
1.0,199.89,12.02,1,0,0,0.4587418417271305
1.0,167.99,16.94,1,1,0,0.3190192289680615
1.0,74.9,12.91,1,0,0,0.39809314261161993
2.0,56.0,36.46,1,0,0,0.4777600927631733
1.0,56.89,18.28,1,0,0,0.2524330487182095
1.0,148.0,19.63,1,0,0,0.2638696042650013
1.0,59.99,17.67,1,0,0,0.4193785349537994
1.0,106.9,0.0,1,0,0,0.00963957362303861
1.0,19.9,16.79,1,0,0,0.405032835846471
1.0,45.0,7.39,1,0,0,0.39305930532121874
1.0,70.97,17.75,1,0,0,0.4736451124161053
1.0,128.0,13.48,1,0,0,0.3300935718227983
1.0,54.9,7.78,1,0,0,0.4299617871316561
1.0,27.99,12.86,1,0,0,0.353518534843872
1.0,130.0,14.64,1,0,0,0.34902323849297684
1.0,39.99,15.23,1,0,0,0.42530951867986855
1.0,89.9,26.95,1,0,0,0.36870917848013235
1.0,99.0,14.56,1,0,0,0.3341298030536256
1.0,46.0,12.98,1,0,0,0.37828247833037565
1.0,39.9,10.96,1,0,0,0.44568173460029226
1.0,79.9,21.01,1,0,0,0.3778316576320887
1.0,39.99,11.89,1,0,0,0.4368601947551936
1.0,186.99,40.17,1,0,0,0.3192987668166007
1.0,579.0,65.34,1,0,0,0.12624459109554287
1.0,45.9,15.11,1,0,0,0.42238265221876903
1.0,144.99,18.26,1,0,0,0.3411108690710331
1.0,109.99,18.87,1,0,0,0.2884179260426004
1.0,79.9,7.42,1,0,0,0.04949395888887208
1.0,41.9,15.1,1,0,0,0.3711848365043559
1.0,110.0,14.13,1,0,0,0.3704180318688389
1.0,150.0,12.55,1,0,0,0.24102762600236735
1.0,269.0,14.54,1,0,0,0.30076355255126597
1.0,269.99,26.34,1,0,0,0.34988926975208284
1.0,24.9,9.09,1,0,0,0.430833164164632
1.0,127.0,17.8,1,0,0,0.33029171567351306
1.0,149.0,23.84,1,0,0,0.24740496741331025
1.0,69.9,8.83,1,0,0,0.41295116328391684
1.0,492.02,22.14,1,0,0,0.32762626491321867
1.0,69.9,9.26,1,0,0,0.4342347838598254
1.0,29.99,18.31,1,0,0,0.27781814509245967
1.0,33.8,7.78,1,0,0,0.40640166893639346
1.0,47.33,12.48,1,0,0,0.43869857977638893
1.0,79.0,12.05,1,0,0,0.3790691701338203
1.0,39.9,7.78,1,0,0,0.43131009253739117
1.0,184.99,10.11,1,0,0,0.3753976377070573
1.0,45.0,7.58,1,0,0,0.05544376951548987
1.0,35.0,15.56,1,0,0,0.4304353777004268
1.0,12.0,22.06,1,0,0,0.4961781428823128
1.0,84.3,13.71,1,0,0,0.3004499866936026
1.0,249.0,16.62,1,0,0,0.3425880966055118
1.0,109.99,16.53,1,0,0,0.400089625467163
2.0,66.8,33.58,1,0,0,0.4483297067832665
1.0,15.49,8.29,1,0,0,0.39077563929066444
1.0,178.9,13.91,1,0,0,0.3530699222096279
2.0,48.99,14.78,1,1,1,0.5882458646279533
1.0,299.99,17.21,1,0,0,0.33947626985620377
1.0,59.9,17.67,1,0,0,0.42173401220594686
1.0,150.0,14.8,1,0,0,0.37858800155685096
1.0,48.9,17.06,1,0,0,0.4603337606900842
1.0,29.9,15.11,1,0,0,0.44327629869141344
1.0,69.99,18.59,1,0,0,0.21638878154329627
2.0,79.8,18.52,1,1,0,0.4008910680133555
1.0,429.9,27.75,1,0,0,0.34519250672204504
1.0,30.0,15.1,1,0,0,0.44053740822483967
1.0,59.9,14.13,1,0,0,0.4143587516574212
2.0,100.0,33.58,1,0,0,0.4195057902921574
1.0,99.9,13.25,1,0,0,0.3705688926051634
1.0,108.9,23.56,1,0,0,0.21391371247663746
1.0,1099.99,21.45,1,0,0,0.07362635665273679
1.0,20.0,16.33,1,0,0,0.4464641021052185
1.0,259.77,15.57,1,0,0,0.2569671364772815
1.0,49.9,13.37,1,0,0,0.3747613173881522
1.0,82.0,8.73,1,0,0,0.49478635808840615
1.0,54.99,16.14,1,1,0,0.48207324550993536
1.0,18.9,18.28,1,0,0,0.36725516942814584
1.0,85.9,17.85,1,0,0,0.4442929114715627
1.0,74.5,15.73,1,0,0,0.4677109211533443
1.0,179.0,14.27,1,0,0,0.37896084727014934
1.0,589.0,137.6,1,0,0,0.11315669151419383
1.0,69.99,16.25,1,0,1,0.5524896043561371
1.0,389.9,19.98,1,0,0,0.3006828674234317
2.0,138.0,18.46,1,0,1,0.5771181754980713
2.0,39.8,30.2,1,0,0,0.4474192047041774
1.0,19.99,7.4,1,0,0,0.025504101037901284
1.0,45.0,7.58,1,0,0,0.05544376951548987
4.0,183.6,70.4,1,0,0,0.4593383942099382
1.0,149.0,51.33,1,0,0,0.31410927075792466
1.0,99.0,33.08,1,0,0,0.3600085116428589
1.0,28.9,15.1,1,0,0,0.44419785257830646
1.0,29.98,12.79,1,0,0,0.32170529671928977
1.0,126.69,39.88,1,1,0,0.3173851257292631
1.0,69.99,15.25,1,0,0,0.42035409283414615
2.0,138.9,25.71,1,0,0,0.45383237843845525
1.0,29.0,17.26,1,0,0,0.39612080910429126
2.0,119.8,35.34,1,0,0,0.3847617918479975
1.0,118.8,15.71,1,0,0,0.34997698148653933
1.0,56.99,14.15,1,0,0,0.403786013961759
1.0,31.9,15.1,1,0,0,0.43932686784736347
1.0,225.9,23.51,1,0,0,0.27675313347638
1.0,69.9,12.43,1,0,0,0.43902408127786724
1.0,114.99,34.57,1,0,0,0.27857698405829995
1.0,391.25,28.82,1,0,0,0.33883626821454743
1.0,99.0,16.32,1,0,0,0.3397230577438332
1.0,290.0,9.44,1,1,0,0.3155329951919869
1.0,29.99,7.39,1,0,0,0.32942735493042996
1.0,39.7,9.44,1,0,0,0.4494480677907431
1.0,79.9,18.8,1,0,0,0.28538486999900153
1.0,89.9,17.19,2,1,1,1.0
1.0,78.0,18.65,1,0,0,0.2830697824281813
,,,1,0,1,0.5676371073814253
1.0,279.99,74.91,1,0,0,0.2936151344776934
1.0,55.9,13.27,1,0,0,0.3755447483952041
2.0,574.0,49.18,1,0,1,0.5295090237251533
1.0,169.9,18.76,1,0,0,0.31912323929373526
1.0,13.65,7.78,1,1,0,0.46663945425457637
4.0,736.0,72.88,1,0,1,0.6549317574897797
1.0,59.9,24.91,1,0,0,0.42834553119390584
1.0,149.9,20.0,1,0,0,0.27045342277742573
1.0,98.99,20.77,1,0,0,0.2786489502604954
1.0,36.9,25.63,1,0,0,0.3941880329288021
1.0,105.0,17.98,1,0,0,0.31821026337472513
1.0,1350.0,172.99,1,0,0,0.1519298155745079
2.0,118.0,39.2,2,1,1,1.0
3.0,88.35,54.69,1,0,0,0.3855293795251182
1.0,795.0,63.65,1,0,0,0.24730791082894105
1.0,89.9,34.43,1,0,0,0.3847423939915187
1.0,59.9,11.73,1,0,0,0.43956680299001705
1.0,118.9,14.56,1,0,0,0.36547735263530046
1.0,118.0,9.02,1,0,0,0.34075455052178216
1.0,1314.99,53.88,1,0,0,0.13904383815643562
,,,1,0,1,0.5676371073814253
1.0,119.99,16.14,1,0,0,0.3449109587755037
1.0,171.0,26.04,1,0,0,0.2822694276444277
3.0,108.0,101.81,1,0,0,0.4140747850978715
2.0,52.2,16.58,1,0,0,0.14008308963980481
1.0,110.32,8.03,1,0,0,0.3558713676831835
1.0,590.0,20.57,1,0,0,0.34264189297165354
1.0,102.0,13.15,1,0,0,0.3314338197582824
1.0,394.9,89.35,1,0,0,0.29183026425921343
1.0,49.9,14.1,1,0,0,0.39364138254956893
1.0,119.9,18.09,1,0,0,0.3534551875253613
1.0,79.9,17.81,1,0,0,0.45272836422225177
1.0,47.8,16.79,1,0,0,0.4378505711642643
1.0,59.9,14.17,1,0,0,0.4143587516574212
1.0,114.9,13.82,1,0,0,0.37732242646962155
1.0,29.0,12.69,1,0,1,0.5091523725670672
1.0,209.0,13.9,1,0,0,0.34141538426898205
1.0,56.99,14.15,1,1,0,0.403786013961759
2.0,107.8,64.9,1,0,0,0.4838526499319344
1.0,41.9,15.1,1,0,0,0.3711848365043559
1.0,107.0,17.46,1,0,0,0.3727546470324776
1.0,49.9,16.11,1,0,0,0.44907225836919956
1.0,287.7,40.06,1,0,0,0.31975754200515816
1.0,35.0,18.35,1,0,0,0.2494456773697299
2.0,134.9,41.04,1,0,0,0.3842970519496021
1.0,49.0,11.15,1,0,0,0.4299257297992119
1.0,72.9,27.05,1,0,0,0.4060526446042553
1.0,45.0,14.1,1,0,0,0.37709189712024305
1.0,18.9,12.48,1,0,0,0.4435806490325194
1.0,237.99,14.33,1,0,0,0.3473902317940756
1.0,155.0,27.94,1,1,0,0.29774205695929806
1.0,75.07,7.79,1,0,0,0.3857332053928864
1.0,49.9,19.54,1,0,0,0.08318148698994851
1.0,44.9,18.23,1,0,0,0.2537844533970479
2.0,116.0,33.32,1,0,0,0.4229392545668005
1.0,149.0,44.84,1,0,0,0.3279676490487807
1.0,34.9,10.96,1,0,0,0.4288802717170616
1.0,266.0,20.83,1,0,0,0.35008571896198326
1.0,129.9,20.47,1,0,0,0.3730111537140503
1.0,135.0,14.29,1,0,0,0.349388474889699
1.0,38.99,7.53,1,0,1,0.5753736500707961
1.0,175.99,26.51,1,0,0,0.28552104989186766
1.0,89.99,17.91,1,0,1,0.5483284956240648
1.0,31.9,12.48,1,0,0,0.4262759078900971
1.0,27.9,15.1,1,0,0,0.43892364414447343
1.0,85.99,11.62,1,0,0,0.3162483942615245
1.0,199.9,15.57,1,0,0,0.44099614936355
1.0,250.0,170.86,1,0,0,0.2584961082999918
1.0,169.0,15.35,1,0,0,0.2932187552864432
1.0,54.99,15.26,1,0,0,0.38293924296195864
1.0,59.99,18.52,1,0,0,0.23042651626841368
1.0,49.99,15.1,1,0,0,0.4161158777380788
1.0,29.99,11.85,1,0,0,0.4253787033486169
1.0,99.0,29.09,1,0,0,0.40343557499070054
1.0,179.9,26.1,1,1,0,0.346098521677962
1.0,399.0,166.91,1,0,0,0.2736970179007932
1.0,56.1,19.58,1,0,0,0.4961322157189695
1.0,48.59,16.53,1,0,0,0.4399727625887549
1.0,29.9,11.85,1,0,0,0.43029201987465515
1.0,39.99,17.6,1,0,0,0.4231920039640997
1.0,49.9,15.45,1,0,0,0.34069973742337595
1.0,19.9,11.85,1,0,0,0.4473177135004276
1.0,89.9,12.97,1,0,0,0.4969784437505996
1.0,119.8,27.16,1,0,0,0.30277494312947195
1.0,248.0,14.18,1,0,0,0.3478126747423556
1.0,129.9,32.23,1,0,0,0.3387646612290448
1.0,129.9,27.23,1,0,0,0.3090793650034322
1.0,144.98,23.78,1,0,0,0.25058385507275766
1.0,23.1,12.82,2,1,1,1.0
1.0,69.9,20.98,1,0,0,0.3714951819346446
1.0,65.0,15.2,1,0,0,0.41612735723663213
1.0,19.99,7.4,1,0,0,0.025504101037901284
1.0,49.9,11.85,1,0,0,0.4313913088318721
1.0,54.4,9.34,1,0,0,0.440819350888257
1.0,199.9,35.16,1,0,0,0.4092318368713888
1.0,90.0,23.21,1,0,0,0.3580841770507673
4.0,399.6,48.8,1,0,1,0.5589717557978724
1.0,24.99,15.1,1,1,0,0.46022497300716375
1.0,45.9,9.34,1,0,0,0.4379193590149713
1.0,120.0,8.26,1,1,0,0.31640133311365326
1.0,139.0,15.85,1,0,0,0.33192520744747933
1.0,18.99,14.1,1,0,0,0.4353891384616142
1.0,120.0,16.47,1,0,0,0.33646920161007043
1.0,31.0,18.23,1,0,0,0.3143242607628533
1.0,48.4,17.92,1,1,0,0.48214060748700166
1.0,250.0,70.11,1,0,0,0.3934109874379401
1.0,37.99,14.1,1,0,0,0.4232528575425791
1.0,140.0,23.78,1,0,0,0.24147339547757515
1.0,48.9,11.74,1,0,0,0.42624617831636785
3.0,50.7,45.3,1,0,1,0.6819427777331991
1.0,381.99,37.66,1,0,0,0.2789506365874683
1.0,10.9,15.1,1,0,1,0.6381295574365865
1.0,31.9,14.1,1,0,0,0.4260468307045762
1.0,24.9,10.96,1,1,0,0.46249979838491934
1.0,198.99,17.15,1,0,0,0.4437818830724356
1.0,19.9,11.85,1,0,0,0.4473177135004276
1.0,19.9,16.79,1,0,0,0.405032835846471
1.0,107.0,17.46,1,0,0,0.3727546470324776
2.0,210.0,33.86,1,0,0,0.4245428150082859
1.0,259.99,16.57,1,0,0,0.3001485782728055
2.0,159.98,17.5,1,0,0,0.4109334362197812
1.0,109.9,34.57,1,0,0,0.2965862207414277
1.0,170.0,12.39,1,0,0,0.27320577006174335
1.0,58.0,7.78,1,0,0,0.42823518179553494
2.0,76.0,38.64,1,0,0,0.38746193010913976
1.0,43.0,13.37,1,0,0,0.3362737717479765
1.0,64.9,25.29,1,0,0,0.3297584426374021
1.0,49.9,7.78,1,0,0,0.4318516290854281
1.0,119.99,7.7,1,0,0,0.2700089684244449
1.0,139.99,17.79,1,0,0,0.3358391752325117
1.0,117.87,15.93,1,1,0,0.34136840024124787
1.0,199.94,41.79,1,0,0,0.4070488772154329
1.0,289.0,23.95,1,0,0,0.20214365815858434
1.0,78.25,16.31,1,0,1,0.5450278321746227
1.0,69.99,52.84,1,0,0,0.3378800429185468
1.0,24.99,15.23,1,0,0,0.32525881916312
1.0,78.0,18.43,1,0,0,0.26046644807013547
1.0,16.9,7.78,1,0,0,0.48186054571855647
1.0,45.97,14.1,1,0,0,0.39277932317129743
1.0,55.0,15.14,1,0,0,0.41890193389053076
1.0,49.9,15.1,1,0,0,0.41629867076139715
1.0,97.47,21.08,1,0,0,0.32119656361668725
1.0,270.0,12.5,1,0,0,0.34756858183616934
1.0,11.9,7.39,1,0,0,0.18590841115133802
1.0,49.9,9.1,1,0,0,0.42778997195696955
1.0,84.99,9.41,1,0,0,0.29775652901242905
1.0,104.0,16.43,1,0,0,0.37631400756930217
2.0,48.89,15.76,1,0,0,0.14566651691913227
1.0,64.9,7.78,1,0,0,0.4302054793163271
1.0,29.0,14.1,1,0,0,0.431848689999201
1.0,139.9,25.47,1,0,0,0.3080690876395165
1.0,70.0,15.37,1,0,0,0.4681603315873112
1.0,54.0,7.78,1,0,0,0.4299069629082897
1.0,179.9,21.75,1,0,1,0.5020236113919352
1.0,149.9,19.33,1,0,0,0.32559637544743175
1.0,110.0,27.75,1,0,0,0.31470388446516173
1.0,34.99,7.78,1,1,0,0.4133580352595401
1.0,79.9,13.92,1,0,0,0.3309375693771708
1.0,497.0,84.3,1,0,0,0.30355353436923044
1.0,18.8,12.79,4,1,1,1.0
1.0,91.0,13.66,1,0,0,0.43541030326202473
1.0,59.9,37.97,1,0,0,0.4025114616568789
1.0,29.9,11.85,1,0,0,0.43029201987465515
3.0,330.0,69.92999999999999,1,0,0,0.43542709880073505
1.0,217.35,17.28,1,0,0,0.4220947466102438
1.0,18.51,15.1,1,0,0,0.42075333949538124
1.0,79.9,13.0,1,0,0,0.32352839162684643
1.0,34.2,16.95,1,0,0,0.43860445710512397
1.0,140.0,12.71,1,0,0,0.3200217226624533
1.0,105.0,18.61,1,1,0,0.28576652684897635
1.0,29.9,8.72,1,0,0,0.40036411133649
1.0,58.99,17.66,1,0,0,0.4674738937881697
1.0,93.99,23.46,1,0,0,0.28268907052632564
1.0,109.9,12.27,1,0,0,0.3136661425192958
2.0,320.0,76.06,1,0,0,0.37534927797856626
3.0,329.97,41.94,1,0,0,0.4713081798983067
1.0,59.99,16.67,1,0,0,0.4159903636275196
1.0,89.9,13.65,1,0,0,0.43324732704013114
1.0,38.0,25.63,1,0,0,0.4360226600517981
1.0,69.0,14.57,1,0,0,0.40013654295452666
1.0,32.0,15.11,1,0,0,0.44088837544461623
1.0,120.0,34.64,1,0,0,0.2974863926009366
1.0,199.9,14.87,1,0,0,0.45927039003555326
1.0,19.9,22.86,1,0,0,0.25470856922272167
1.0,66.99,17.21,1,0,1,0.5964085605044221
1.0,138.5,13.41,1,0,0,0.32202227950833556
1.0,12.9,14.1,1,0,0,0.36557869146219385
1.0,99.99,36.21,1,0,0,0.34077229342349274
1.0,109.49,22.48,1,0,0,0.25850333974433326
1.0,130.0,14.67,1,0,0,0.34902323849297684
1.0,199.0,13.73,1,0,0,0.427682040843479
1.0,69.9,19.03,1,0,0,0.25207020384434414
1.0,159.99,33.4,1,0,0,0.31528535214357556
1.0,44.9,9.27,1,0,0,0.42759498562902204
1.0,89.0,37.53,1,0,0,0.3956752116341995
2.0,178.0,46.84,1,0,0,0.34498810078759673
1.0,427.0,111.44,1,0,0,0.28379275549134414
1.0,35.95,19.32,1,0,0,0.2979060588529143
1.0,191.0,19.22,1,0,0,0.3001225582940503
1.0,239.0,12.28,1,0,0,0.39616982184535476
1.0,450.0,20.95,1,0,0,0.3819699201064506
1.0,179.0,27.98,1,0,0,0.24987947079239878
1.0,89.99,50.92,1,0,0,0.3928006304164301
2.0,30.3,14.78,3,1,1,0.9972357723577236
1.0,124.9,8.13,1,0,0,0.3162296859364752
1.0,56.99,15.15,1,0,0,0.4183760597418685
1.0,99.9,0.0,1,0,0,0.002092274678111588
1.0,87.99,15.5,1,0,0,0.3415487708491732
1.0,69.99,17.74,1,0,0,0.47655373814709945
1.0,980.0,33.81,1,0,0,0.15401778873868363
1.0,19.0,7.39,1,0,0,0.05582443140020547
1.0,89.99,16.39,1,0,1,0.5384960967765631
1.0,325.0,10.47,1,0,0,0.2196645268510135
1.0,225.0,19.45,1,0,0,0.27280861592921335
1.0,198.0,17.83,1,0,0,0.3252620413944561
1.0,16.17,15.1,1,0,0,0.43089283723445654
1.0,29.99,10.96,1,0,0,0.42926162968546017
1.0,89.9,7.49,1,0,0,0.07839515646909892
1.0,89.0,8.99,1,0,0,0.4303732077413033
1.0,9.0,16.79,1,0,0,0.3936586761053126
1.0,24.99,22.9,1,0,0,0.25016552699605654
1.0,110.32,15.65,1,0,0,0.39381586732616375
1.0,89.99,18.43,1,0,0,0.14789306827356513
2.0,290.0,90.94,1,0,0,0.3092046107070974
1.0,124.99,14.62,1,0,0,0.33801323900364566
1.0,259.9,86.98,1,0,0,0.33526324681422076
1.0,249.0,19.84,1,0,0,0.33353465536892424
1.0,159.77,14.88,1,0,0,0.39092375778239385
1.0,19.9,15.1,1,0,0,0.4372727634158048
1.0,23.8,15.1,1,0,0,0.43504589847573355
1.0,74.9,17.77,1,0,0,0.44913293094915324
1.0,29.99,7.39,1,0,0,0.32942735493042996
1.0,34.9,11.85,1,0,0,0.4249973453802182
1.0,179.99,23.58,1,0,0,0.43254446032915195
1.0,27.9,12.94,1,0,0,0.3579218091527572
1.0,89.0,20.0,1,0,0,0.422436241998827
1.0,169.9,18.44,1,0,0,0.3289300965503478
1.0,116.91,12.32,1,0,0,0.3675392249046148
1.0,419.8,45.31,1,1,0,0.31523197769726163
1.0,179.0,79.33,1,0,0,0.21948852682250589
1.0,24.9,15.79,1,0,0,0.3884961020941923
3.0,67.97,22.17,1,0,1,0.5845352540322399
1.0,40.0,18.59,1,0,0,0.22514304624369633
3.0,276.92,63.22,1,0,1,0.5641280511786012
1.0,104.9,27.18,1,0,0,0.3386304551428352
1.0,30.5,15.23,1,0,0,0.365658258881014
1.0,89.9,15.38,1,0,1,0.5942572858010134
1.0,89.9,17.88,1,0,1,0.5669409744949782
1.0,39.0,18.23,1,0,0,0.31623143809015863
1.0,49.9,18.23,1,0,0,0.2578580700996321
1.0,145.0,16.71,1,0,0,0.3419372863018408
1.0,278.0,43.98,1,0,0,0.27242157004422407
1.0,59.0,14.16,1,1,0,0.40470064365920255
2.0,643.4,34.0,1,0,0,0.4975595337235166
1.0,18.99,14.52,1,0,0,0.43674030532351765
1.0,1290.0,20.23,1,0,0,0.13322421886376154
1.0,129.0,28.28,1,0,0,0.2897776717525349
1.0,59.9,12.55,1,0,0,0.4210084014912148
1.0,84.99,15.34,1,0,1,0.6412831846108318
1.0,55.9,18.49,1,0,0,0.25186236458636385
1.0,38.9,15.11,1,0,0,0.4642652802566127
1.0,169.9,13.62,1,0,0,0.2750658523334734
1.0,56.99,7.78,1,1,0,0.42980194511730135
1.0,148.9,43.45,1,0,0,0.33069446609138725
1.0,129.0,32.92,1,0,0,0.31194235272851867
1.0,29.99,7.39,1,0,0,0.32942735493042996
1.0,94.0,13.1,1,0,0,0.49828919828996904
1.0,69.9,28.89,2,1,1,1.0
1.0,189.9,18.24,1,0,0,0.3283403620781547
1.0,189.9,20.21,1,0,0,0.3186363114500781
1.0,70.0,19.46,1,0,0,0.1396107552847197
1.0,29.98,14.1,1,0,0,0.42739035821524674
1.0,129.99,12.11,1,0,0,0.38616156944646624
1.0,169.99,39.39,1,0,0,0.3097193827293635
1.0,25.99,25.63,1,0,0,0.3653696859041474
1.0,39.9,14.52,1,0,0,0.46118795431467957
1.0,129.99,23.49,1,0,0,0.24231265440584637
1.0,49.9,16.11,1,0,0,0.44907225836919956
1.0,112.99,25.14,1,0,0,0.23481936199499281
1.0,25.89,18.28,1,0,0,0.09674640800467917
1.0,29.9,10.96,1,0,0,0.43417494621149844
1.0,59.9,25.29,1,1,0,0.4227664079838018
1.0,52.8,9.94,1,0,0,0.43590248616347965
1.0,149.99,18.62,1,0,0,0.23222242693169878
1.0,139.9,19.08,1,0,0,0.2723009221875444
1.0,99.0,19.93,1,1,0,0.33083779147127684
1.0,59.0,15.16,1,0,0,0.41794846761789084
1.0,139.9,30.82,1,0,0,0.34028031378446
1.0,69.9,8.88,1,0,0,0.418356775025585
1.0,78.0,16.99,1,0,1,0.5168703242968513
1.0,85.9,13.62,1,0,0,0.4539552335729297
1.0,29.9,20.8,1,0,1,0.519771248106101
1.0,49.99,17.92,1,0,0,0.48725583067200035
1.0,55.0,15.14,1,0,0,0.41890193389053076
1.0,45.0,7.78,1,0,0,0.4108974464321725
1.0,94.0,17.91,1,0,0,0.40022886033336513
1.0,330.0,21.22,1,0,0,0.3532800552195934
1.0,18.0,7.39,1,0,0,0.05582443140020547
1.0,55.49,16.15,1,0,0,0.458639421609433
1.0,279.9,35.76,1,0,0,0.2845559906504451
1.0,27.9,21.15,1,1,0,0.4771897059608113
3.0,166.0,49.56,1,0,1,0.546892869392993
1.0,149.0,38.0,1,0,0,0.3364356301060359
1.0,889.0,28.8,2,1,1,1.0
1.0,110.32,7.64,1,0,0,0.46773903397807826
1.0,99.0,18.27,1,0,0,0.24186078019794138
1.0,49.99,18.28,10,1,1,1.0
2.0,119.8,32.36,1,0,0,0.45111989569530314
1.0,34.99,22.18,1,0,0,0.35205001065748665
1.0,295.0,60.51,1,1,0,0.3159634662440913
1.0,480.0,29.81,1,0,0,0.349357465131953
1.0,159.0,44.91,1,0,0,0.30125411250827305
1.0,299.0,18.8,1,0,0,0.3310985463962479
1.0,24.9,7.78,1,0,0,0.47484342061638934
1.0,19.9,12.8,1,0,0,0.31470771171977074
1.0,118.0,7.43,1,0,0,0.031234794615129024
1.0,21.0,7.78,1,1,0,0.4926165900825856
1.0,309.9,16.34,1,0,0,0.22703505702801355
1.0,29.99,7.78,1,0,0,0.40712747008579875
1.0,959.99,24.82,1,0,0,0.0950753957676094
1.0,325.0,18.71,1,0,0,0.3005724006306908
1.0,45.49,9.94,1,0,0,0.42464992014819475
1.0,34.9,16.32,1,0,0,0.40981433564129577
2.0,30.0,30.2,1,0,1,0.5013563388675983
1.0,135.9,13.29,1,0,0,0.35555482287475876
1.0,59.9,27.8,1,0,0,0.3963757528323246
1.0,330.0,10.07,1,0,0,0.21184417174556838
1.0,94.9,16.42,1,0,0,0.42569916393918245
1.0,44.8,14.29,1,0,0,0.36492293036366485
1.0,292.0,19.92,1,0,0,0.31523282027897065
1.0,39.0,15.11,1,0,0,0.4642652802566127
1.0,34.99,14.55,1,0,0,0.4351582346074005
1.0,69.9,19.46,1,0,0,0.14016631084027525
1.0,127.26,19.19,1,0,0,0.2574869803174379
1.0,142.0,12.49,1,0,0,0.3191055148744189
1.0,59.99,11.03,1,0,0,0.4450199331275453
2.0,59.98,33.58,1,0,0,0.43155625306681467
1.0,84.99,15.35,13,1,1,1.0
1.0,144.9,19.11,1,0,0,0.3205645729521565
1.0,49.9,17.6,1,0,0,0.42697186726283365
1.0,59.9,22.71,1,0,0,0.28237633927971834
3.0,315.0,25.05,1,0,0,0.31539499969365126
1.0,194.9,26.86,1,0,0,0.4547512831829502
1.0,61.99,25.46,1,0,0,0.33123433069383496
1.0,37.5,17.6,1,0,0,0.42051578810943097
1.0,149.9,84.6,1,0,0,0.26319759512762486
1.0,1054.0,104.99,1,0,0,0.399003408081529
1.0,29.99,14.1,1,0,0,0.42514557449657153
1.0,69.9,17.74,1,0,0,0.4780985640983793
1.0,226.95,17.46,1,0,0,0.34441274354150814
1.0,280.0,35.72,1,0,0,0.260076954617741
2.0,109.8,28.94,4,1,1,1.0
2.0,119.8,32.84,1,0,0,0.44249970687903595
1.0,65.7,12.8,1,0,0,0.33053769124968424
1.0,89.99,23.21,1,0,0,0.3607106476390025
1.0,123.0,35.38,1,0,0,0.3104447485231724
1.0,29.9,7.71,1,0,0,0.02254167362613241
1.0,29.0,18.23,1,0,0,0.2897553300109066
1.0,59.9,13.44,1,0,0,0.3815268290961434
2.0,41.8,18.68,1,0,0,0.38464758730751253
1.0,29.99,25.63,1,0,0,0.4746067386507628
1.0,34.0,8.27,1,0,0,0.395919063143376
2.0,35.8,23.7,1,0,1,0.5828357978404698
1.0,129.9,27.23,1,0,0,0.3090793650034322
1.0,89.0,37.92,1,0,0,0.3976857936447815
1.0,69.5,12.83,1,0,0,0.3806814181374568
1.0,92.9,43.79,1,0,0,0.2834011497218731
1.0,26.9,14.52,1,0,0,0.4455869412691404
1.0,93.99,23.46,1,0,0,0.28268907052632564
1.0,24.99,15.28,1,0,0,0.3138637599104614
1.0,29.9,15.1,1,0,0,0.4436085002978538
1.0,19.9,15.98,1,0,1,0.5194822379095082
1.0,89.9,14.38,1,0,0,0.4816073460114063
1.0,50.0,12.69,1,0,1,0.5168185463097611
1.0,199.0,19.47,1,0,0,0.26365938960579893
1.0,73.35,15.72,1,0,0,0.47047514879562075
1.0,43.9,15.79,1,0,0,0.40053923106960637
2.0,142.44,45.39,1,0,0,0.40917234094879573
1.0,19.9,35.67,1,0,0,0.411924539767532
1.0,109.9,8.02,1,0,0,0.3275253886675889
1.0,49.9,13.93,1,0,0,0.33280578270483585
1.0,64.9,20.18,1,0,0,0.37975690764081244
1.0,178.98,18.83,1,0,0,0.2925857963699683
1.0,2.99,11.85,1,0,1,0.6253228544976364
1.0,55.0,19.08,1,0,0,0.3281728129764915
1.0,109.0,39.03,1,0,0,0.32768592150420434
1.0,29.9,12.48,1,0,0,0.4341473432274785
1.0,98.79,13.03,1,0,0,0.30793681624846714
1.0,45.0,18.42,1,0,0,0.24087818125947938
1.0,310.9,28.73,1,0,0,0.3271872314312117
1.0,250.0,32.4,1,0,0,0.3364124145890574
1.0,79.0,17.68,1,0,0,0.4638848093083957
2.0,779.98,19.96,1,0,1,0.5242841895622429
2.0,119.8,35.34,1,0,0,0.3847617918479975
1.0,109.49,23.57,1,0,0,0.22341441046576194
1.0,149.9,53.4,1,0,0,0.32458490866228745
,,,1,0,1,0.5676371073814253
1.0,110.0,15.98,1,0,0,0.35556295093004275
1.0,152.0,23.86,1,1,0,0.23402439285487323
1.0,44.99,15.11,1,0,0,0.3947329317961679
1.0,109.9,44.85,1,0,0,0.3287604826677369
1.0,53.9,11.73,1,0,0,0.43288543467933693
1.0,112.0,46.08,1,0,0,0.33028990637573225
1.0,29.9,11.85,1,0,0,0.43029201987465515
2.0,158.0,24.52,1,0,1,0.5685972674068281
1.0,164.9,17.4,1,0,0,0.34184876989196095
1.0,189.0,18.57,1,0,0,0.3617738864079182
1.0,59.9,17.67,1,0,0,0.42173401220594686
1.0,22.0,17.63,1,0,0,0.47798785726549026
1.0,55.99,8.72,1,0,0,0.41315592892772934
1.0,160.0,19.0,1,0,0,0.3830000441285565
1.0,59.9,9.74,1,0,0,0.443735743515901
1.0,42.9,16.79,1,0,0,0.44535274162134203
1.0,143.8,18.9,1,0,0,0.2584127126577954
1.0,19.9,14.52,1,0,0,0.43871979362072094
1.0,51.8,11.73,1,0,0,0.43388115461913646
1.0,36.9,15.56,1,0,0,0.4405294201980162
1.0,19.0,8.88,1,0,0,0.4151726314479287
1.0,93.0,19.84,1,0,0,0.4246501442075496
1.0,10.9,15.1,1,0,1,0.6381295574365865
1.0,174.8,26.5,1,0,0,0.29749061975959906
1.0,81.99,12.07,1,0,0,0.47622523861758054
1.0,110.0,9.12,1,0,0,0.37445969518952965
1.0,59.99,17.67,1,0,0,0.4193785349537994
1.0,299.9,13.6,1,0,0,0.2523662580417878
1.0,89.99,15.39,1,1,1,0.6111527328900801
1.0,255.0,17.23,1,0,0,0.33482986720361735
1.0,45.9,8.82,2,1,1,1.0
1.0,150.0,16.35,1,0,0,0.25440815529543614
3.0,179.7,13.44,1,0,0,0.178473988542281
1.0,17.0,17.63,1,1,0,0.41719071650965417
1.0,199.0,0.0,1,0,0,0.4954901549243507
1.0,49.99,14.1,1,0,0,0.39345858952625057
1.0,99.0,29.62,1,0,0,0.386640711209412
1.0,31.9,14.1,4,1,1,1.0
1.0,595.99,32.36,1,0,0,0.13464651364479369
1.0,99.9,25.98,1,0,0,0.3746923611354226
1.0,50.0,9.34,1,0,0,0.4394200090996614
1.0,49.99,16.11,1,0,0,0.44750405918745295
1.0,129.8,39.84,1,0,0,0.34141730985562885
1.0,55.0,7.65,1,0,0,0.06681745895021951
1.0,13.7,7.78,1,0,0,0.4763310055121974
1.0,950.0,29.45,1,0,0,0.14205205162826348
1.0,74.58,12.02,1,0,0,0.447006271635537
1.0,149.9,14.07,1,0,0,0.35626889016105645
1.0,129.9,27.38,1,0,0,0.30555694076778056
1.0,29.9,7.71,1,0,0,0.02254167362613241
1.0,25.5,15.1,1,0,0,0.4638653956221388
1.0,27.19,15.29,1,0,0,0.31031035458883893
1.0,79.99,22.49,1,0,0,0.20388803831926156
1.0,52.0,22.42,1,0,0,0.3002602908531639
1.0,85.9,13.62,1,0,0,0.4539552335729297
2.0,179.8,28.78,1,0,1,0.5435601890560343
1.0,207.9,20.7,1,0,0,0.37650200869637895
1.0,53.0,11.87,1,1,0,0.434465533202438
1.0,44.9,9.42,1,0,0,0.42529287641872116
1.0,48.99,18.23,1,0,0,0.2596802696576807
1.0,27.93,14.1,1,0,0,0.42367835439108725
1.0,59.0,15.16,1,0,0,0.41794846761789084
2.0,198.0,82.16,1,0,0,0.33342402214175776
1.0,79.99,21.64,1,0,0,0.24305109712365153
1.0,527.9,21.8,1,0,0,0.3726228845530647
1.0,84.99,15.34,1,0,1,0.6412831846108318
1.0,129.0,21.74,1,0,0,0.3450051701087928
1.0,36.2,18.35,1,0,0,0.24799142714341624
2.0,249.99,59.02,1,0,0,0.35868360132884486
4.0,64.0,60.4,1,0,0,0.4590588751368359
2.0,64.0,15.56,1,0,0,0.24340149507754688
1.0,49.9,17.6,1,0,0,0.42697186726283365
1.0,39.99,8.72,1,0,0,0.4139899820021816
1.0,27.9,7.78,1,0,0,0.37761790748810736
1.0,89.99,18.52,1,0,0,0.14523113449333896
4.0,1360.0,21.88,1,0,0,0.12415634132978354
1.0,69.9,19.35,1,0,0,0.35912145350613667
1.0,12.99,9.74,1,0,1,0.5765542463610565
1.0,209.9,18.0,1,0,0,0.37734204809137023
1.0,59.0,19.65,1,0,0,0.277242393220094
3.0,533.7,90.54,1,0,0,0.4726543005349776
1.0,43.98,17.6,1,0,0,0.4263517527157664
1.0,144.99,31.89,1,0,0,0.3400943720572448
1.0,159.0,25.85,1,1,0,0.29021282566144724
1.0,290.0,27.31,1,0,0,0.2852415851172143
1.0,149.9,17.49,1,0,0,0.3405712848531972
1.0,59.9,18.3,1,0,0,0.24982280756593112
1.0,499.25,15.93,1,0,0,0.2963455846648143
1.0,84.9,17.43,1,0,0,0.43696668930748794
1.0,103.99,24.12,1,0,0,0.30260681113270116
1.0,79.9,18.66,1,0,0,0.30040992587873844
1.0,55.0,8.88,1,0,0,0.4139979722742758
1.0,31.49,15.1,1,0,0,0.43746905357753757
1.0,102.9,16.48,1,0,0,0.3410129188314752
1.0,579.99,26.6,1,0,0,0.21317732759601776
1.0,29.9,14.1,1,0,0,0.43005889102260964
2.0,78.0,27.7,1,0,0,0.4293188218207831
1.0,39.9,9.34,1,0,0,0.45269537423079387
1.0,150.0,29.51,1,1,0,0.2821469770435238
1.0,22.0,11.85,1,0,0,0.44771031902269176
1.0,27.9,7.87,1,0,0,0.36505373318177364
1.0,65.0,18.0,1,0,1,0.5868692241294023
2.0,94.0,18.98,1,0,0,0.3348628133405461
1.0,325.0,23.98,1,0,0,0.23878438141752856
1.0,38.9,16.11,1,0,0,0.4480642157582839
2.0,107.8,35.26,1,0,0,0.3949068281650596
1.0,200.36,16.28,1,0,0,0.34230552449299734
1.0,379.0,16.82,1,0,0,0.2233837103399315
1.0,119.9,22.55,1,0,0,0.2611399626567702
1.0,69.9,20.98,1,0,0,0.3714951819346446
1.0,49.9,17.6,1,0,0,0.42697186726283365
1.0,259.9,15.29,2,1,1,1.0
1.0,539.0,71.92,1,0,0,0.31870087394500546
1.0,90.1,19.82,1,0,0,0.38497082326287746
1.0,564.0,237.84,1,0,0,0.2813814384169549
1.0,110.0,18.6,1,0,0,0.3011791633316472
1.0,599.99,56.56,1,0,0,0.10182447598258507
1.0,159.49,49.78,1,0,0,0.29667933052370205
1.0,390.0,61.28,1,0,0,0.3616702773166013
1.0,38.0,15.1,1,0,0,0.4675092378811356
1.0,66.96,12.91,1,0,0,0.37689584990760006
1.0,23.99,34.15,1,0,0,0.4302372434974405
1.0,22.0,15.25,1,0,0,0.331461492436914
1.0,110.0,0.0,1,0,0,0.01884681142338861
1.0,135.0,42.81,1,0,0,0.33714501434835276
1.0,37.99,19.04,1,0,0,0.24576141617573982
1.0,29.99,8.9,1,0,0,0.39501383349064706
1.0,27.9,16.05,1,0,0,0.4391229874591167
1.0,87.0,12.74,1,0,0,0.42517207182434913
3.0,254.7,53.63,1,0,1,0.5400949754749382
1.0,109.9,19.74,1,0,0,0.294857066762384
1.0,169.0,16.06,1,0,0,0.3039536535322542
1.0,69.9,19.73,1,0,0,0.3985227614355124
1.0,80.0,15.31,1,0,0,0.3963353665181018
1.0,177.0,17.0,1,0,0,0.3518302344707492
1.0,44.9,15.56,1,0,0,0.4167394888788481
1.0,450.0,16.9,1,0,0,0.19798159874933377
1.0,37.99,14.52,1,0,0,0.43240093176928807
2.0,143.99,28.44,1,0,0,0.46530609630496295
1.0,133.0,15.68,1,0,0,0.3464037841754918
1.0,84.9,23.17,1,0,0,0.22463966186564605
1.0,49.99,7.39,1,0,1,0.5459717648915275
1.0,21.99,18.23,1,0,0,0.34634812935647397
1.0,610.0,65.01,1,0,0,0.10088205630455577
1.0,59.9,17.67,1,0,0,0.42173401220594686
1.0,179.9,15.71,1,0,0,0.37462335147493203
1.0,145.0,19.12,1,0,0,0.29534107588479763
1.0,199.9,20.64,1,0,0,0.43080283494782456
2.0,399.8,48.4,1,0,1,0.5269789308208377
1.0,119.99,18.82,1,0,0,0.2596166017527008
1.0,154.9,14.1,1,0,0,0.45092361031562217
1.0,109.9,9.58,1,1,0,0.30505845274347787
1.0,48.9,15.1,1,0,0,0.41722703010297785
3.0,85.35,40.400000000000006,1,0,1,0.5189658637352985
1.0,149.99,9.42,1,0,0,0.2616343608442132
1.0,119.9,15.95,1,0,0,0.34900820417976985
1.0,75.0,13.08,1,0,0,0.39373670101325764
1.0,65.99,25.01,1,0,0,0.27718058318102573
1.0,23.2,15.1,1,0,0,0.4329347873646225
3.0,74.69999999999999,43.56,1,1,0,0.48622928150411476
2.0,54.8,17.19,1,0,0,0.15893321301538366
1.0,76.1,13.09,1,0,0,0.3719495204037304
1.0,199.0,32.79,1,0,0,0.41658067752165195
1.0,185.0,42.05,1,0,0,0.3391896284930649
1.0,26.89,16.11,1,1,0,0.4871531930739699
1.0,69.99,16.19,1,0,1,0.5448982338843668
1.0,19.99,18.23,1,0,0,0.15688042095328103
1.0,58.9,13.29,1,0,0,0.3766901295019115
1.0,59.9,13.44,1,0,0,0.3815268290961434
1.0,32.9,15.1,1,0,0,0.4399666838483457
1.0,89.99,19.45,1,0,0,0.16389593527528007
1.0,559.9,39.15,1,0,0,0.2655593097250976
1.0,829.0,18.82,1,0,0,0.14355392981705947
1.0,22.32,17.09,1,0,0,0.4668309010785593
1.0,97.0,14.98,1,0,0,0.26427282616586045
4.0,399.6,71.73,1,0,1,0.5154415509165104
1.0,23.99,14.1,1,0,0,0.47006459019737806
,,,1,0,1,0.5676371073814253
2.0,439.8,30.58,1,0,1,0.6747845726816291
1.0,690.0,33.2,1,0,0,0.2701223754133928
1.0,150.0,26.33,1,0,0,0.256616631781037
2.0,441.82,37.6,1,0,1,0.547479218785401
1.0,113.0,16.42,1,0,0,0.4002433358311697
1.0,79.9,14.31,1,0,0,0.3659232102082957
1.0,49.0,15.23,1,0,0,0.3931867986822354
1.0,19.49,15.1,1,0,0,0.4379390965198138
2.0,99.8,23.46,1,0,0,0.41825087013548135
1.0,19.9,7.39,1,0,0,0.04764061086009002
1.0,169.0,27.5,1,0,0,0.2874236125003735
1.0,119.8,27.16,1,0,0,0.30277494312947195
1.0,37.9,15.1,1,0,0,0.433640460827287
3.0,82.5,45.87,1,0,0,0.40766213853231764
1.0,24.5,15.1,1,0,0,0.45167427923230663
1.0,24.99,7.78,1,0,0,0.466656290795292
1.0,199.0,26.67,1,0,0,0.4903856396711449
1.0,45.9,15.23,1,0,0,0.3990821407121338
1.0,62.0,13.55,1,0,0,0.32691411761119393
2.0,29.8,30.2,1,0,0,0.4955100334395344
1.0,43.9,20.26,1,1,0,0.3698662360799861
1.0,75.0,42.76,1,0,0,0.38335213662486334
1.0,463.0,15.37,1,0,0,0.22456285734103887
1.0,118.58,18.4,1,0,0,0.3009529999243698
1.0,489.9,34.18,1,0,0,0.3419017878812216
1.0,125.9,13.9,1,0,0,0.3383043209587946
1.0,169.9,22.66,1,0,0,0.22279360477859222
1.0,115.0,14.56,1,0,0,0.3605487537705501
1.0,124.99,12.08,1,0,0,0.3917431246850432
2.0,210.0,33.4,3,1,1,1.0
1.0,43.9,15.1,1,0,0,0.382388670610958
1.0,24.9,15.1,1,0,0,0.46022497300716375
1.0,410.0,35.32,1,0,0,0.2816607172369602
2.0,116.4,28.34,1,0,0,0.44817670987612257
1.0,119.9,16.47,1,0,0,0.37913674712142265
1.0,139.99,36.84,1,0,0,0.32998034856710673
2.0,144.0,46.6,1,0,0,0.39066962738323724
1.0,389.9,9.59,1,0,0,0.3757452039755977
1.0,149.8,12.25,1,0,0,0.3279264439446241
1.0,539.9,26.5,1,0,0,0.3519663133129267
1.0,77.8,38.09,1,1,0,0.3947860619341671
1.0,168.9,24.05,1,0,0,0.27158336260017785
1.0,51.0,12.7,1,0,1,0.5151856295647883
1.0,1146.0,21.04,1,0,0,0.08960208343971542
1.0,87.5,17.18,1,0,1,0.5338806335937059
1.0,299.9,16.86,2,1,1,1.0
1.0,549.0,61.63,1,0,0,0.3520404535913529
1.0,169.99,12.52,1,0,0,0.26431258083012127
1.0,39.0,7.39,1,0,0,0.49654442750348676
1.0,9.99,7.78,5,1,1,0.99525
1.0,69.99,11.99,1,0,0,0.4397703697902306
1.0,98.9,14.99,1,0,0,0.30534515274424057
1.0,225.15,22.0,1,0,1,0.6142219945385443
1.0,18.89,7.39,1,0,0,0.05582443140020547
1.0,45.0,12.98,1,0,0,0.34215573495594637
2.0,59.98,28.2,1,0,0,0.43795713712263157
1.0,36.99,7.39,1,0,0,0.2218903119235316
1.0,98.0,17.94,1,0,0,0.45236830108732723
2.0,164.25,51.7,1,0,0,0.353153144236139
1.0,59.9,34.22,1,0,0,0.40057875323141495
2.0,159.98,34.0,1,0,1,0.5761132546192105
2.0,118.0,26.14,1,0,0,0.42135812838401865
1.0,22.32,15.26,1,0,0,0.34681240835092125
1.0,79.0,15.3,1,0,0,0.3609054783601947
1.0,179.49,16.14,1,0,0,0.39887270830501287
1.0,179.9,25.61,1,0,0,0.30689212641352126
2.0,258.0,37.56,1,0,0,0.28387820671745745
1.0,49.0,7.78,1,0,0,0.43432072400816535
1.0,198.0,16.14,1,0,0,0.48916151924077345
1.0,174.9,9.97,1,0,0,0.3227634564338421
1.0,110.65,22.71,1,0,0,0.27450701328520066
2.0,194.98,68.96,1,0,0,0.39032970913513604
1.0,151.0,15.72,1,0,0,0.3565810160871856
1.0,159.9,16.82,1,0,0,0.33161587142597604
1.0,157.77,9.3,1,0,0,0.31359648643939453
2.0,23.98,15.56,1,0,0,0.17283440254597518
2.0,118.0,30.32,1,0,0,0.4247568299459175
1.0,59.99,11.03,1,1,0,0.4450199331275453
1.0,69.9,19.46,1,0,0,0.14016631084027525
1.0,53.0,7.39,1,0,1,0.5482025306360093
1.0,26.0,8.27,1,0,0,0.39274512612108764
1.0,119.99,11.02,1,0,0,0.3104225193202751
1.0,51.45,64.81,1,0,0,0.3223655934769924
1.0,49.99,18.28,1,0,0,0.25114994108089217
1.0,23.65,14.08,1,0,0,0.3309083561195929
1.0,105.0,9.85,1,0,0,0.30667509669796816
1.0,21.99,16.79,1,0,0,0.4645996341949986
1.0,179.0,12.19,1,0,0,0.35881756140391896
1.0,388.9,41.65,1,0,0,0.30386782445358834
1.0,69.9,18.79,1,0,0,0.26132812156990803
1.0,59.99,21.72,1,0,0,0.3353853700214246
2.0,159.85000000000002,39.93,1,0,0,0.30967903231505756
1.0,79.99,8.72,1,0,0,0.40516937506800343
1.0,194.9,18.99,1,0,0,0.2959747395787952
1.0,25.77,7.39,1,0,0,0.23497861301877884
1.0,44.95,21.15,1,0,0,0.32935257696666775
1.0,219.0,16.28,1,0,0,0.32787142144160186
1.0,449.0,23.63,1,0,0,0.21784331430068035
1.0,199.0,15.84,1,0,0,0.4095800485526577
1.0,219.94,16.3,1,0,0,0.32704456545303695
1.0,149.0,12.54,1,0,0,0.31214819804824506
1.0,119.99,52.97,1,0,0,0.3155583066896108
1.0,148.0,9.91,1,0,0,0.32855871262526254
1.0,159.0,13.41,1,0,0,0.37736091602358757
1.0,189.9,13.77,1,0,0,0.4421225990158699
1.0,59.9,23.35,1,0,0,0.2795068462622964
1.0,54.4,12.72,1,0,0,0.4979304523280422
1.0,149.9,17.3,1,0,0,0.3347637882334971
1.0,250.0,26.48,1,0,0,0.383049455553459
1.0,24.99,15.1,1,1,0,0.46022497300716375
1.0,100.0,16.67,1,0,0,0.39311845562915926
1.0,49.95,15.1,1,0,0,0.41629867076139715
1.0,179.9,39.46,1,0,0,0.30556329585286884
1.0,158.9,18.99,1,0,0,0.3054057642819634
,,,1,0,1,0.5676371073814253
1.0,134.99,13.61,1,1,0,0.36256155707601984
1.0,109.99,63.45,1,0,0,0.35136400970964915
1.0,148.9,15.92,1,0,0,0.3217467960527242
1.0,163.9,27.23,1,0,0,0.2861876095178018
1.0,109.9,47.3,1,0,0,0.33694309609612916
2.0,99.8,41.98,1,0,0,0.4794859545692016
1.0,45.0,22.93,1,0,0,0.23630500324857753
1.0,114.94,34.16,1,0,0,0.29432135947881344
1.0,75.0,27.51,1,0,0,0.36954145146110823
1.0,137.88,18.22,1,0,0,0.30405691807446483
1.0,89.9,25.91,1,0,0,0.40095018600413485
1.0,140.9,9.8,1,0,0,0.33187048677771114
1.0,50.99,18.24,1,0,0,0.2577338879339797
1.0,299.49,16.6,1,0,0,0.24208419824955513
2.0,64.98,30.2,1,0,0,0.44409640430418174
1.0,69.9,0.0,1,0,0,0.04745360653759695
1.0,49.8,14.1,1,0,0,0.39364138254956893
1.0,389.0,55.1,1,0,0,0.33758566340369095
1.0,49.9,7.61,1,0,0,0.252457246936901
1.0,129.9,23.9,1,0,0,0.4317558648500947
1.0,46.9,18.43,1,0,0,0.24206424851463407
1.0,369.9,18.35,1,1,0,0.4227767370029153
1.0,68.9,12.82,1,0,0,0.3236237530398933
1.0,65.0,25.73,1,0,0,0.3544006317078084
1.0,40.9,15.56,1,0,0,0.4012920211796849
1.0,29.99,12.13,1,0,0,0.4234306063850814
1.0,59.9,14.51,1,0,0,0.41235047602323616
2.0,278.99,50.59,1,1,0,0.396060872168554
1.0,59.9,13.44,1,1,0,0.3815268290961434
1.0,47.0,11.74,1,0,0,0.4339665493342422
1.0,24.9,9.09,1,0,0,0.430833164164632
1.0,169.9,18.47,1,0,0,0.34252889855533214
1.0,49.9,13.37,1,0,0,0.3747613173881522
1.0,48.9,16.11,1,0,0,0.45607899021712056
1.0,14.5,10.96,1,0,0,0.4283837299422934
1.0,53.9,39.47,1,0,0,0.39704638523582814
1.0,29.99,21.15,1,0,1,0.5674554805125244
1.0,25.0,8.34,1,0,0,0.41437864926650564
1.0,91.5,12.77,1,1,1,0.5012774789858265
1.0,79.9,11.76,1,0,0,0.426195398825045
1.0,20.9,14.1,1,0,0,0.4442440999115822
1.0,689.0,22.07,1,0,0,0.4442756375550121
1.0,109.0,44.56,1,0,0,0.3254735435003871
1.0,44.5,8.9,1,0,0,0.396228352954918
1.0,179.0,17.99,1,0,0,0.3274887501023302
1.0,82.9,17.25,1,1,0,0.44710240720483513
2.0,59.98,29.04,1,0,0,0.43032578504874475
1.0,78.0,15.65,1,0,0,0.3094939610510331
1.0,119.9,19.43,1,0,0,0.21251889600711518
1.0,39.99,8.88,1,0,0,0.4148320253487281
1.0,391.25,19.65,1,0,0,0.2898690345236268
1.0,69.9,11.1,1,0,0,0.43809884850111047
1.0,99.8,19.39,1,0,0,0.2788788466058397
1.0,49.99,18.28,1,0,0,0.25114994108089217
1.0,19.9,18.28,1,0,0,0.10781473416381644
1.0,51.99,14.11,1,0,0,0.3900918953304577
1.0,69.99,14.24,1,0,0,0.402237155121181
1.0,99.9,13.25,1,0,0,0.3705688926051634
1.0,379.99,27.94,1,0,0,0.34332434582045035
1.0,35.0,8.41,1,0,0,0.39537380369744934
1.0,69.9,11.99,1,0,0,0.44361925254539225
1.0,41.14,19.32,1,0,0,0.33484059086914014
1.0,69.99,17.74,1,0,0,0.47655373814709945
1.0,1250.0,43.27,1,0,0,0.20569452605649172
1.0,149.0,15.79,1,0,0,0.32128754604417675
1.0,121.97,21.25,1,0,0,0.3849036194805587
1.0,59.9,17.67,1,0,0,0.42173401220594686
1.0,119.97,20.14,1,1,0,0.24498999296838836
1.0,98.99,15.8,1,0,0,0.2830267460772517
1.0,71.99,16.94,1,0,1,0.5219590213848073
1.0,45.0,22.06,1,0,0,0.26991994110091905
1.0,14.9,7.39,1,0,0,0.037974595123885006
1.0,29.99,22.93,4,1,1,1.0
1.0,220.0,13.04,1,0,0,0.42442951870689494
1.0,35.0,11.27,1,0,0,0.42592282953346244
1.0,170.0,25.54,1,0,0,0.2516322492999248
1.0,29.99,7.39,1,0,0,0.32942735493042996
1.0,479.99,64.0,1,0,0,0.31054369335629206
1.0,325.0,23.07,1,0,0,0.40221489313262015
1.0,549.9,31.21,1,0,0,0.3929401564997028
1.0,91.0,12.98,1,0,1,0.5335923269000903
1.0,99.0,18.79,1,0,0,0.2577069497436215
1.0,144.99,17.26,1,0,0,0.3531997459014668
1.0,73.99,11.13,1,0,0,0.43008230732945163
1.0,35.0,15.1,1,0,0,0.44060096419126454
1.0,194.99,27.68,1,0,0,0.42488598957920576
1.0,269.9,83.27,1,0,0,0.3003335324480795
1.0,44.9,13.89,2,1,1,1.0
1.0,128.9,26.27,1,0,0,0.3098709981529813
1.0,209.0,29.86,1,0,0,0.35584692594921213
1.0,97.9,16.94,1,0,0,0.2915025019106956
1.0,74.0,12.02,1,0,0,0.4497704992778134
1.0,129.89,21.4,1,1,0,0.4159598778859529
1.0,29.9,10.96,1,0,0,0.43417494621149844
1.0,16.99,15.1,1,0,0,0.42323871961234033
1.0,54.9,18.26,1,0,0,0.2903616580725378
1.0,18.9,7.78,1,0,0,0.476132851983445
1.0,69.99,12.83,1,0,0,0.38906373356745955
1.0,85.71,18.4,1,0,0,0.14148504924637553
1.0,189.9,23.91,1,0,0,0.45095431371973566
1.0,149.0,8.3,1,0,0,0.3557318027033998
2.0,57.9,25.72,1,0,0,0.44464663352370937
2.0,137.98,16.58,1,0,0,0.2817127580412078
1.0,39.99,37.04,1,0,0,0.3935034282696384
1.0,47.49,35.67,1,0,0,0.3994368247887486
1.0,122.99,18.74,1,0,0,0.24579542139873026
1.0,85.71,16.85,1,0,0,0.4427806367332898
1.0,39.8,56.61,1,0,0,0.32054662623549063
1.0,119.0,13.95,1,0,0,0.36789959482303647
1.0,74.99,11.15,1,0,0,0.4235480906646943
1.0,139.9,12.68,1,0,0,0.3200217226624533
1.0,139.9,13.11,1,0,0,0.3324892821436664
1.0,83.9,13.61,1,0,0,0.4342292574617836
1.0,57.9,8.72,1,0,0,0.4121209953109872
1.0,89.9,17.54,1,0,0,0.47379064057787085
1.0,151.2,18.31,1,0,0,0.2754021431199117
1.0,499.9,24.34,1,0,0,0.2799843476598483
1.0,16.0,7.78,1,0,0,0.47254503967561845
1.0,82.9,7.84,1,0,1,0.5183802595377102
1.0,25.89,18.28,1,0,0,0.09674640800467917
1.0,19.9,11.85,1,0,0,0.4473177135004276
1.0,24.5,11.85,1,0,0,0.43901776656527913
,,,2,1,1,1.0
1.0,24.9,12.48,1,0,0,0.46106710369362197
1.0,103.9,18.31,1,0,0,0.27762011458998737
1.0,45.9,15.42,1,0,0,0.41603506122210276
2.0,219.8,24.94,1,1,0,0.4672049432862076
1.0,175.0,23.51,1,0,0,0.20691191263248224
1.0,110.32,8.03,1,0,0,0.3558713676831835
3.0,98.97,47.94,1,0,0,0.39102739304260525
1.0,525.0,55.9,1,0,0,0.29810088800640777
1.0,28.9,15.1,1,0,0,0.44419785257830646
1.0,29.9,9.26,1,1,0,0.42605352346150577
1.0,119.99,18.09,1,0,0,0.35137359105629473
1.0,239.9,43.71,1,0,0,0.3331777205992389
1.0,29.99,17.34,1,0,0,0.40073278810715046
1.0,114.99,29.83,1,0,0,0.2959961528109201
1.0,13.69,7.71,1,0,0,0.038408042676174994
1.0,120.0,14.59,1,0,0,0.3313565245789882
1.0,29.9,27.08,1,0,0,0.48526826415435775
1.0,299.0,30.86,1,0,0,0.27428258992016896
1.0,29.9,21.19,1,1,1,0.625254310903864
1.0,42.0,15.1,1,0,0,0.374739684729417
3.0,791.7,40.02,1,0,1,0.6050268140180467
1.0,38.89,17.6,1,0,0,0.4224397556450304
1.0,169.0,23.76,1,0,0,0.3158057458759191
2.0,195.8,24.38,2,1,1,1.0
1.0,259.9,19.39,1,0,0,0.2910408779775949
1.0,26.99,21.15,1,0,0,0.4538294918331176
1.0,586.56,86.69,4,1,1,0.9933333333333333
1.0,166.99,19.06,1,0,0,0.30057382664900967
1.0,16.9,15.1,1,0,0,0.43089283723445654
1.0,40.0,8.72,1,0,0,0.415637479496522
1.0,395.0,63.51,1,0,0,0.37172685840695674
1.0,32.9,8.72,1,0,0,0.39518921905614773
4.0,249.85,60.85,1,1,1,0.5083880629870117
1.0,29.9,18.23,1,0,0,0.3229998449385523
1.0,56.99,8.72,1,0,0,0.4136877586327536
2.0,178.6,30.76,1,0,1,0.5730227307561755
1.0,68.9,14.06,1,0,0,0.33489647059681427
1.0,59.97,16.67,1,0,0,0.4159903636275196
1.0,112.33,21.19,1,0,0,0.36638566131761574
1.0,658.9,31.16,1,1,0,0.17247340318810903
1.0,74.5,21.16,1,0,0,0.3993701084655033
1.0,79.0,47.26,1,0,0,0.42172833550152206
1.0,29.9,16.4,1,1,0,0.39972278750402296
2.0,100.0,17.44,1,0,0,0.2891177027644869
1.0,119.9,18.94,1,0,0,0.26444471078419785
1.0,45.0,7.87,1,0,0,0.39194373936195265
1.0,64.89,22.16,1,0,0,0.26686219903756986
1.0,187.0,13.75,1,0,0,0.36905844625543904
1.0,23.9,10.96,1,0,0,0.43864019874121124
1.0,27.99,14.11,1,0,0,0.42319457694026713
1.0,19.9,22.06,1,0,0,0.21059738818727472
2.0,399.9,88.65,1,0,0,0.4353157948753495
1.0,139.9,17.23,1,0,0,0.34401018707951875
1.0,120.0,27.57,1,0,0,0.30254562578093613
1.0,23.8,17.06,1,0,0,0.46712917441718055
1.0,987.0,27.99,1,0,0,0.14779657949881522
1.0,120.0,14.2,1,0,0,0.3262603276445238
1.0,129.99,17.16,1,0,0,0.32545355702193696
1.0,84.65,8.18,1,1,1,0.5891280770394246
1.0,98.0,15.44,1,0,0,0.4782634491272514
3.0,125.97,37.29,1,0,0,0.4516344062064878
1.0,89.0,14.2,1,0,0,0.4285320118874483
1.0,45.0,18.42,1,0,0,0.24087818125947938
1.0,699.0,20.65,1,0,0,0.3014066255450071
1.0,159.49,8.86,1,0,0,0.25390596382798536
1.0,209.99,53.48,1,1,0,0.3000190310420058
1.0,32.8,14.1,1,0,0,0.4266866467055584
,,,1,1,1,0.5676371073814253
1.0,479.99,65.18,1,0,0,0.3053589786320409
1.0,186.0,19.18,1,0,0,0.28230113092202314
6.0,749.9399999999999,93.72,1,0,0,0.3147080698113874
1.0,425.0,60.76,1,0,0,0.362178746547416
1.0,113.9,16.56,1,0,0,0.39450016946664446
2.0,229.8,29.1,1,0,0,0.4422609036104465
1.0,44.9,15.1,1,0,0,0.38345588501529326
2.0,24.8,26.94,1,0,0,0.1752615033307168
4.0,88.0,47.4,1,0,1,0.5369269225108289
1.0,72.0,13.52,1,0,0,0.3231157802672539
1.0,99.0,16.94,1,0,0,0.360087733076774
1.0,849.99,20.71,1,0,0,0.07041764079714102
1.0,49.9,18.59,1,0,0,0.22894221201962703
2.0,14.0,15.42,1,0,1,0.6066865002846161
1.0,44.9,13.37,1,0,0,0.33118194841312865
1.0,59.9,11.92,1,0,0,0.4376083001455039
1.0,56.97,19.37,1,0,0,0.3019422956927954
2.0,109.98,15.56,1,0,0,0.39641183770404903
1.0,53.99,15.13,1,0,0,0.4183897276528888
1.0,189.99,17.09,1,0,1,0.5152586497300935
2.0,117.8,21.24,1,0,0,0.4383152810679463
1.0,118.5,27.15,1,0,0,0.2856425149294932
1.0,15.32,24.84,1,0,0,0.2470564223100677
1.0,89.99,18.21,1,0,0,0.13305229584826295
1.0,309.9,18.61,9,1,1,1.0
1.0,37.0,11.73,1,0,0,0.42670108106652016
,,,1,0,1,0.5676371073814253
1.0,244.0,10.46,1,0,0,0.35175025062916015
1.0,49.0,14.1,1,1,0,0.39364138254956893
1.0,149.9,43.33,1,0,0,0.334483108671135
1.0,50.0,18.59,1,0,0,0.22793398359707762
1.0,199.0,19.27,1,0,0,0.2519228975048311
1.0,19.9,12.48,1,0,0,0.4437760541938262
1.0,32.64,13.37,1,0,0,0.3655012806295618
2.0,95.8,25.38,1,0,0,0.4234709342136978
1.0,24.99,7.39,1,1,0,0.3137460385498941
3.0,248.97,44.01,1,0,1,0.5436808426900388
1.0,17.49,11.86,1,0,0,0.4445224345763649
1.0,299.0,16.84,1,0,0,0.22975294082634087
1.0,498.99,18.6,1,0,0,0.34293190512136223
1.0,299.99,20.08,1,0,0,0.4041440208356788
1.0,69.0,9.47,1,0,0,0.4255508700471171
2.0,159.6,23.52,1,0,1,0.5492095551410473
1.0,177.65,25.37,1,0,0,0.23140199842110712
1.0,41.9,11.73,1,1,0,0.42893777362881547
2.0,196.5,53.92,1,0,0,0.42334864335614897
1.0,388.0,58.82,1,0,0,0.34661331605642703
1.0,18.9,8.29,1,0,0,0.40165563143358457
2.0,46.89,31.78,1,0,0,0.417119805217565
1.0,159.9,18.69,1,0,0,0.37787036553900316
1.0,159.0,64.48,7,1,1,1.0
1.0,247.0,19.61,1,0,0,0.30288017754280094
1.0,19.9,12.6,1,0,0,0.4156940117377642
1.0,56.0,15.14,1,0,0,0.41890193389053076
1.0,99.9,14.87,1,0,0,0.3600463024642384
1.0,55.9,8.27,1,0,0,0.41257518698412793
1.0,49.9,19.32,1,0,0,0.3364436219548865
1.0,199.99,72.05,1,0,0,0.27764297479951505
1.0,159.9,48.17,1,0,0,0.3124232486676065
2.0,233.8,33.16,1,0,0,0.49443826846163547
1.0,45.0,12.48,1,1,0,0.43186252198284053
1.0,79.99,23.14,1,0,0,0.17080683783387665
1.0,47.9,9.44,1,0,0,0.43687605665667595
2.0,24.0,30.2,1,0,0,0.3375421152562197
1.0,69.9,14.66,1,0,0,0.41980407484831955
1.0,189.0,14.9,1,0,0,0.4422263097458753
1.0,25.99,7.44,1,0,0,0.007126705905610962
1.0,159.9,12.32,1,0,0,0.3794526804221009
1.0,89.9,25.91,1,1,0,0.40095018600413485
1.0,175.99,17.42,1,0,0,0.4006845754275191
2.0,49.8,14.86,1,0,0,0.3030093586775582
2.0,61.9,30.200000000000003,1,1,0,0.4657710015711449
1.0,48.9,19.53,1,0,0,0.07500305244881189
1.0,69.97,27.44,1,0,0,0.29868232130807854
1.0,27.9,7.46,1,0,0,0.005246164817164093
1.0,106.0,22.45,1,0,0,0.2634931391341274
1.0,99.0,7.95,1,0,0,0.37978523072437237
1.0,26.9,12.85,1,0,0,0.36986527382243917
1.0,79.0,17.8,1,0,1,0.5015706932504038
1.0,91.0,47.17,1,0,0,0.39974760619773775
1.0,44.99,7.39,1,0,0,0.4949862411366696
1.0,18.9,16.11,1,0,0,0.45310828691118143
1.0,118.9,17.4,1,0,0,0.3616446816452947
1.0,85.0,16.22,1,0,1,0.5371809704930325
1.0,1200.0,50.81,1,0,0,0.2637736023932556
1.0,79.99,45.02,1,0,0,0.2193785323718763
1.0,107.0,12.25,1,0,0,0.36688916114813985
1.0,150.0,15.8,1,0,0,0.23658874026327809
2.0,27.98,15.56,1,0,0,0.22234370566264913
1.0,149.0,51.33,1,0,0,0.31410927075792466
1.0,259.9,10.75,1,0,0,0.306045137477781
1.0,38.99,12.93,1,0,0,0.3622189060833795
1.0,110.0,29.17,1,0,0,0.3396153056206409
1.0,151.7,36.19,1,0,0,0.3117821661441322
1.0,49.9,7.78,1,0,0,0.4318516290854281
1.0,128.8,43.13,1,0,0,0.317824285177391
1.0,76.0,12.03,1,0,0,0.4276627063549961
1.0,199.9,43.46,1,0,0,0.40982003586831184
1.0,28.99,15.1,1,0,0,0.44478496511457155
1.0,59.5,22.35,1,0,0,0.26340700913018583
1.0,229.9,8.86,1,0,0,0.29362517077223743
1.0,31.9,14.1,1,0,0,0.4260468307045762
1.0,279.9,13.46,1,0,0,0.29878729772210827
1.0,79.0,7.81,1,0,0,0.3511786009771348
1.0,42.99,19.32,1,0,0,0.3280432897749775
1.0,59.9,17.99,1,0,0,0.410744322650021
1.0,96.0,15.43,1,0,1,0.546339023430978
1.0,89.99,18.2,1,0,0,0.13305229584826295
1.0,127.0,18.99,1,0,0,0.2338085913530555
1.0,99.99,11.31,1,0,0,0.2048855428105437
1.0,186.0,22.14,1,0,0,0.43000563817429016
1.0,59.55,17.67,1,1,0,0.3774963628822155
1.0,59.99,7.78,1,0,0,0.4340041582469618
1.0,208.0,29.86,1,0,0,0.4264926454830589
1.0,45.9,15.1,1,0,0,0.42271485382520946
1.0,50.99,14.11,1,0,0,0.3900918953304577
1.0,19.9,15.1,1,0,0,0.4372727634158048
1.0,109.95,16.53,1,0,0,0.3634214123810681
1.0,118.13,17.02,1,0,0,0.35873929258748005
1.0,128.56,13.24,1,0,0,0.3320499191484295
1.0,19.9,15.1,1,0,0,0.4372727634158048
1.0,134.99,23.75,1,0,0,0.27665435322479687
1.0,32.9,46.89,1,0,0,0.43194474336223226
1.0,59.9,13.44,1,1,0,0.3815268290961434
1.0,179.0,22.96,1,0,0,0.25184295584914296
2.0,119.8,39.22,1,0,0,0.34225377088071357
1.0,54.4,16.35,1,0,0,0.44225954160987374
1.0,89.9,12.76,1,1,1,0.5380037058076358
1.0,139.9,16.42,1,0,0,0.35442771495564995
1.0,43.9,15.1,1,0,0,0.382388670610958
1.0,79.0,21.04,1,0,0,0.3838523842262048
1.0,1300.0,44.46,1,0,0,0.20569452605649172
1.0,54.9,11.15,1,0,0,0.43210007492488595
1.0,14.9,15.1,1,0,0,0.41260711046516896
1.0,219.0,17.97,1,0,0,0.4061199737499037
1.0,148.9,27.47,1,0,0,0.32001925801522907
1.0,89.0,13.64,1,0,0,0.43985118025541897
1.0,65.0,15.2,1,0,0,0.41612735723663213
1.0,49.99,8.29,1,0,0,0.4048342117197203
1.0,89.9,12.76,1,0,1,0.5380037058076358
4.0,194.8,61.97,1,0,0,0.4743137089113273
1.0,79.0,17.8,1,0,1,0.5015706932504038
1.0,329.99,10.5,1,0,0,0.2164962669738451
1.0,99.9,19.53,1,0,0,0.1633946591872354
1.0,48.9,54.61,1,0,0,0.34015576654220814
1.0,39.9,17.92,1,0,0,0.4539400332592037
1.0,84.0,34.39,1,0,0,0.22848691008459784
1.0,129.99,18.16,1,0,0,0.32278208799838437
1.0,49.99,11.85,1,0,0,0.4312085158085536
1.0,19.9,25.63,1,0,0,0.41871621871203035
5.0,1449.5,141.75,1,0,0,0.06711964636533596
1.0,38.9,15.1,1,0,0,0.4657170196023092
1.0,7.9,7.87,1,0,0,0.48067930175986817
1.0,23.9,14.52,1,0,0,0.4364929286806499
1.0,209.8,19.36,1,0,0,0.2945570993584119
1.0,11.0,7.87,1,0,1,0.6376601220005952
1.0,48.0,13.92,1,0,0,0.3291329637097231
6.0,240.0,21.0,1,0,0,0.3810940085645393
1.0,30.79,17.92,1,0,0,0.42651866014301065
1.0,59.99,15.17,1,0,0,0.42535051473897284
1.0,59.99,16.86,1,0,0,0.4274054247266029
1.0,99.0,11.79,1,1,0,0.2794738594026916
1.0,45.0,8.88,1,0,0,0.4014485040683907
1.0,110.0,18.02,1,0,0,0.37974068907235703
1.0,79.9,23.14,1,0,0,0.265584960720394
1.0,59.99,15.18,1,0,0,0.42535051473897284
1.0,304.9,16.88,1,0,0,0.23535171151316486
1.0,29.9,7.71,1,0,0,0.02254167362613241
1.0,59.9,14.59,1,0,0,0.416176873346445
1.0,59.9,28.82,1,0,0,0.40856755813374596
1.0,25.0,17.78,1,0,0,0.4692781809792258
1.0,149.0,8.3,1,0,0,0.3557318027033998
1.0,459.0,21.31,1,0,0,0.4219568928925065
1.0,49.0,11.73,1,0,0,0.4313913088318721
1.0,19.9,7.39,1,0,0,0.04764061086009002
1.0,79.9,9.55,1,0,0,0.4317503682550672
1.0,199.9,15.15,1,0,0,0.4461350789102835
1.0,27.5,15.1,1,0,0,0.43892364414447343
1.0,79.9,18.44,1,0,0,0.28405913884604217
1.0,79.99,15.66,1,0,0,0.3363475806863188
1.0,87.99,20.67,1,1,0,0.41589512457102773
1.0,29.99,17.06,1,0,0,0.42441671949659643
1.0,34.3,15.1,1,0,0,0.4423741980033868
1.0,56.41,16.83,1,0,0,0.47373638756005365
1.0,149.9,15.81,1,0,0,0.324249848605108
1.0,28.9,13.54,1,0,0,0.32095483767276733
1.0,29.9,8.11,1,0,0,0.4043891815946168
1.0,109.9,15.08,1,0,0,0.32703637796596985
1.0,79.0,12.68,1,0,0,0.4420737853902237
2.0,97.8,35.84,1,0,0,0.3666395565781926
1.0,249.0,24.06,1,1,0,0.31520360026241107
1.0,49.99,11.73,1,0,0,0.4312085158085536
1.0,59.9,14.51,1,0,0,0.41235047602323616
2.0,39.1,28.2,1,1,1,0.5215964209143503
1.0,66.99,27.75,1,0,0,0.2906140803267943
1.0,36.9,16.11,1,0,0,0.45471552427959505
1.0,59.99,16.18,1,0,0,0.43541799851785346
2.0,238.0,101.8,1,0,0,0.3726590144634916
1.0,159.99,17.37,1,0,0,0.33764257550905197
1.0,144.0,18.89,1,0,0,0.27078177222384725
1.0,39.5,15.1,1,0,0,0.4657170196023092
1.0,160.0,23.62,1,0,0,0.27681375744868936
1.0,25.89,15.1,1,0,0,0.4430954643422537
1.0,14.77,15.23,1,0,0,0.3065860346151424
1.0,129.95,37.6,1,0,0,0.32828513902104717
1.0,18.0,8.29,1,0,0,0.40165563143358457
1.0,45.9,8.72,1,0,0,0.40571068299432106
2.0,49.89,22.3,1,0,0,0.431346287075441
1.0,200.0,17.84,1,0,0,0.3444524654948456
2.0,75.89,38.63,1,0,0,0.38746193010913976
2.0,97.78,17.0,1,0,0,0.21278302925790588
1.0,23.9,10.96,1,0,0,0.43864019874121124
1.0,30.0,7.78,1,0,0,0.404225509301485
1.0,90.0,13.07,1,0,0,0.49784526500565307
1.0,110.0,32.1,1,0,0,0.3275985809612044
1.0,33.99,20.19,1,0,0,0.3588826611658632
1.0,141.93,16.43,1,0,0,0.35350213254852747
1.0,69.9,15.24,1,0,0,0.4283950751924322
1.0,22.6,12.82,1,0,0,0.31644845019914997
1.0,340.0,27.22,1,0,0,0.34891310496581124
1.0,114.9,16.56,1,0,0,0.39010601004095613
1.0,60.0,19.61,1,0,0,0.27174813510312057
1.0,84.9,26.89,1,0,0,0.3050959612704714
1.0,49.9,17.63,1,0,0,0.4849733445485868
1.0,58.99,17.66,1,1,0,0.4674738937881697
1.0,39.99,16.95,1,0,0,0.4362731498064996
1.0,790.0,14.34,1,0,0,0.14151634181592332
1.0,709.9,33.37,1,0,0,0.25657243041926353
1.0,65.0,7.55,1,0,0,0.13933322400723597
1.0,370.0,19.95,1,0,0,0.31800127352026736
1.0,34.9,14.52,1,0,0,0.4387590906801666
1.0,69.9,11.88,1,0,0,0.44494804394895937
1.0,18.99,14.11,1,1,0,0.434905361010794
1.0,65.6,14.55,1,0,0,0.41498325301626804
1.0,69.0,7.78,1,0,0,0.41691372495628437
1.0,105.9,21.58,1,0,0,0.40580414038424906
1.0,69.9,12.43,1,0,0,0.43902408127786724
1.0,24.0,18.23,1,0,0,0.12924619083124259
2.0,139.8,27.7,1,0,0,0.4546879289930512
1.0,85.71,11.8,1,0,0,0.29831818170009927
1.0,59.9,19.66,1,0,0,0.4172820594413882
1.0,79.0,15.31,1,0,0,0.3609054783601947
1.0,88.95,12.96,1,1,0,0.4733324702357185
1.0,69.9,0.0,1,0,0,0.04745360653759695
2.0,120.0,32.36,1,0,0,0.4544875928713314
1.0,99.9,17.95,1,0,0,0.3176070724508967
2.0,63.53,31.73,1,0,0,0.4778788471338308
1.0,99.0,20.84,1,0,0,0.34046722726736667
1.0,46.4,17.92,1,0,0,0.4714219101977424
1.0,105.99,13.18,1,0,0,0.3748395006757056
1.0,129.9,20.25,1,0,0,0.2144160017043696
1.0,54.9,9.34,1,0,0,0.44149957016646624
1.0,319.9,42.23,1,0,0,0.29505596520918403
1.0,59.9,14.17,1,0,0,0.4143587516574212
1.0,89.0,14.37,1,0,0,0.4889352944510145
1.0,59.9,28.82,1,1,0,0.40856755813374596
2.0,37.5,36.46,1,0,0,0.28678999185142906
1.0,169.9,22.9,1,0,0,0.24251185970594036
1.0,31.9,12.48,1,0,0,0.4262759078900971
1.0,196.8,28.04,1,0,0,0.41020638548797994
1.0,74.99,13.59,1,0,0,0.34179627803300777
1.0,55.9,15.14,1,0,0,0.41890193389053076
1.0,72.75,13.23,1,0,0,0.3700939900303548
1.0,56.99,11.9,1,0,0,0.4337186551500721
1.0,166.9,30.21,1,0,0,0.30333358852393827
1.0,399.0,11.61,1,0,0,0.2444632678771037
1.0,79.0,16.31,8,1,1,1.0
1.0,125.0,33.32,1,0,0,0.3183467803312325
1.0,7.49,15.1,1,0,0,0.3432502113645965
1.0,99.0,38.24,1,0,0,0.34812946908849035
1.0,119.0,35.96,1,0,0,0.3227812379393208
2.0,57.8,34.12,1,0,0,0.3842068821169525
1.0,173.0,19.09,1,0,0,0.31652268531583855
1.0,120.0,14.2,3,1,1,1.0
1.0,20.3,15.1,1,0,0,0.44740981797417323
1.0,299.0,22.58,1,0,0,0.35362287852610236
1.0,29.99,12.79,1,0,0,0.3194605130006147
1.0,89.99,64.05,1,0,0,0.27609468928721276
1.0,60.0,15.17,1,0,0,0.42535051473897284
1.0,17.99,7.78,1,0,0,0.47930881764868105
1.0,99.99,17.95,1,0,0,0.3146308617228917
1.0,189.99,18.58,1,0,0,0.35110638498608876
2.0,59.89,14.94,1,0,0,0.17627004700473195
2.0,1183.99,44.04,1,0,0,0.3453053500788458
1.0,145.9,23.6,1,0,0,0.2710452390845035
2.0,99.8,30.270000000000003,1,0,0,0.4527450771350282
1.0,129.98,62.2,1,0,0,0.3417571725477852
1.0,779.0,26.75,1,0,0,0.26918259829911567
3.0,1049.6999999999998,65.67,1,0,0,0.23552313056726992
1.0,79.9,14.46,1,0,0,0.3604738028010162
1.0,60.59,23.41,1,0,0,0.2706365505069228
1.0,49.9,17.6,1,0,0,0.42697186726283365
1.0,16.9,16.79,1,0,0,0.424939208295064
1.0,24.9,15.27,1,0,0,0.3138637599104614
1.0,138.0,17.22,1,0,0,0.3475547246996031
1.0,12.5,7.39,1,0,0,0.0971836490901855
1.0,139.9,9.79,1,0,0,0.3315679209284832
1.0,199.0,20.63,1,0,0,0.43276573851326505
1.0,140.91,10.2,1,0,0,0.34512111934328416
1.0,191.0,9.63,1,0,0,0.3679088019588756
1.0,27.9,16.05,1,0,0,0.4391229874591167
1.0,179.0,15.0,1,0,0,0.3907544543973918
1.0,35.9,37.04,1,0,0,0.4186508306009456
1.0,89.9,14.8,1,0,0,0.39717988416401034
1.0,183.0,9.03,1,0,0,0.3466334075967455
1.0,117.4,22.53,1,0,0,0.24239343509223385
1.0,25.68,22.93,1,0,0,0.29846039574661476
1.0,49.9,25.63,1,0,0,0.4030080307895229
1.0,57.6,26.7,1,0,0,0.39383663150710957
1.0,14.6,14.1,1,0,0,0.3962097417808787
1.0,239.0,35.47,1,0,0,0.31862731358316854
2.0,195.8,33.98,1,0,1,0.5337061395224123
1.0,86.9,17.52,1,1,0,0.39607863630594753
1.0,20.9,22.08,1,0,0,0.22449967441707552
1.0,199.0,24.19,1,0,0,0.3873838189744166
1.0,13.99,14.1,1,0,0,0.3935328782175805
1.0,143.8,25.82,1,0,0,0.3089116580307911
1.0,206.9,16.55,1,0,0,0.3800476590766656
1.0,44.9,15.1,1,0,0,0.38345588501529326
2.0,119.8,35.34,1,0,0,0.3847617918479975
1.0,68.9,17.73,1,0,0,0.43722676198012667
1.0,36.0,12.69,1,0,0,0.49317524626040543
1.0,499.99,22.99,1,0,0,0.3710743656700582
1.0,280.0,22.87,1,0,0,0.3529508759920136
2.0,139.8,35.48,1,0,0,0.3651556414855315
1.0,29.99,14.1,1,0,0,0.42514557449657153
1.0,79.9,25.4,1,0,0,0.3451797886179337
1.0,170.0,39.46,1,0,0,0.31901188783339757
1.0,49.9,17.6,1,0,0,0.42697186726283365
1.0,229.0,17.36,1,1,0,0.36765611550416144
1.0,1949.9,17.01,1,0,0,0.08104155056980215
1.0,117.3,25.66,1,0,0,0.2843594569027619
1.0,49.9,7.78,1,0,0,0.4318516290854281
1.0,139.65,18.86,1,0,0,0.2643723054686244
1.0,83.49,7.93,1,0,1,0.5817086907552187
1.0,96.8,14.98,1,0,0,0.25252084203887637
1.0,37.8,37.87,1,0,0,0.38013661910586566
2.0,278.0,30.28,1,0,0,0.42745441620426156
1.0,19.9,14.1,1,0,0,0.4341070453532137
1.0,49.9,13.93,1,0,0,0.33280578270483585
1.0,59.9,16.18,1,0,0,0.45167663020463256
1.0,29.9,11.85,1,0,0,0.43029201987465515
1.0,56.0,15.14,1,0,0,0.41890193389053076
3.0,198.89,43.6,1,1,1,0.5138020647095901
1.0,27.99,18.3,1,0,0,0.28153700150761357
1.0,179.99,45.72,1,0,0,0.25052899782846494
1.0,19.9,17.06,1,0,0,0.4184036072891425
2.0,381.74,37.18,1,0,0,0.46143729059372
1.0,179.9,16.01,1,0,0,0.3546325566853192
1.0,89.9,16.33,1,0,1,0.5291141855189869
2.0,169.8,42.86,1,0,0,0.36217803430306666
1.0,338.9,21.86,1,0,0,0.3053588265742199
1.0,34.3,8.11,1,0,0,0.40107170176971596
1.0,20.0,14.44,1,0,0,0.4421172916719336
1.0,194.65,17.12,1,0,1,0.5490965535609275
1.0,11.95,14.1,1,0,0,0.37405990000723016
1.0,140.0,20.47,1,0,0,0.3787131227604204
1.0,29.5,13.08,1,0,0,0.3613354204819131
1.0,98.63,21.18,1,0,0,0.28333487572586546
1.0,55.0,7.78,1,0,0,0.43032781926596364
1.0,99.56,12.83,1,0,0,0.3488204284218762
1.0,89.9,36.14,1,0,0,0.38405024107401364
1.0,277.0,16.7,1,0,0,0.2814488762682777
1.0,179.49,9.61,1,0,0,0.3946532071067873
1.0,118.44,12.56,1,0,0,0.3449482051907113
1.0,45.0,18.23,1,0,0,0.2527981015060449
1.0,94.9,18.24,1,0,0,0.17647422184432618
1.0,87.9,23.42,1,0,0,0.40913661937867063
1.0,118.99,12.04,1,0,0,0.3580422553182216
1.0,69.99,8.88,1,0,0,0.4145078922704234
1.0,76.49,11.93,1,0,0,0.42708493045069273
1.0,120.49,13.14,1,0,0,0.3277393047355577
1.0,149.9,53.41,1,0,0,0.3285601338875127
1.0,54.9,8.54,1,0,0,0.4113842918702489
1.0,105.0,16.93,1,0,0,0.37087391029692074
1.0,89.99,17.88,1,0,1,0.6103742560292699
1.0,18.9,34.15,1,0,0,0.3988658235536438
1.0,315.0,15.11,1,0,0,0.2662540201972425
1.0,165.0,16.91,1,0,0,0.34068985449049694
1.0,149.99,18.33,1,0,0,0.23855669793819895
1.0,89.9,21.71,1,0,1,0.5002099572708689
2.0,289.98,34.9,1,0,0,0.49883232977220443
1.0,29.9,18.31,1,0,0,0.2972676002910965
1.0,155.0,14.84,1,0,0,0.47352562180220903
1.0,45.9,16.11,1,0,0,0.4586537690451446
2.0,53.8,33.58,1,0,0,0.49073420207520696
1.0,122.62,18.11,1,0,0,0.3181539396147732
1.0,132.0,19.89,1,0,0,0.2626785281099911
1.0,189.9,23.87,1,0,0,0.4398677046075689
1.0,254.9,19.86,1,0,0,0.30910660062625855
1.0,89.9,15.39,1,0,1,0.5589921329048482
1.0,599.0,27.76,1,0,0,0.16223580499177948
1.0,89.9,38.18,1,0,0,0.36853044210267955
1.0,249.0,16.49,1,1,0,0.31767802806714057
1.0,58.99,17.32,1,0,0,0.4217311316793014
1.0,67.9,14.23,1,0,0,0.40748045232597885
2.0,198.24,50.27,12,1,1,1.0
1.0,2029.0,86.79,1,0,0,0.15268638161065476
1.0,29.9,18.23,1,0,0,0.3229998449385523
1.0,46.0,16.11,1,0,0,0.4516544408571778
1.0,139.0,20.03,1,0,0,0.26358987833630726
1.0,99.9,17.61,1,0,0,0.3519149072270857
1.0,119.0,17.27,1,0,0,0.36783358709884995
1.0,75.0,14.7,4,1,1,1.0
4.0,871.62,69.16,1,0,0,0.4931081346041296
1.0,79.9,29.08,1,0,0,0.3847272850492104
1.0,52.9,13.39,1,0,0,0.3763816711758506
1.0,24.9,19.99,1,0,0,0.25603976540005824
1.0,8.0,11.85,1,0,1,0.8284954869795774
1.0,2110.0,103.22,1,0,0,0.12009535164500354
1.0,169.9,29.59,1,0,0,0.2925882274529093
2.0,354.48,58.86,1,0,0,0.26144337155928626
1.0,72.62,12.85,1,0,0,0.38470498774956957
1.0,44.99,16.11,1,0,0,0.4520592282995603
1.0,53.5,12.81,1,0,0,0.3150051587779174
1.0,59.99,58.9,1,0,0,0.3157096958866992
1.0,62.0,23.01,1,0,0,0.2712503046442738
1.0,669.99,19.79,1,0,0,0.3952045883083208
1.0,109.99,52.9,1,0,0,0.31914224976098343
1.0,99.0,13.71,1,0,0,0.3527998888561336
,,,1,0,1,0.5676371073814253
1.0,33.49,7.97,1,0,0,0.39578458995889604
1.0,62.7,19.63,1,0,0,0.27930820318148714
1.0,130.0,15.79,1,0,0,0.3313347063839912
1.0,99.9,15.46,1,0,0,0.35909356857621
1.0,118.0,8.08,1,0,0,0.32928278830102625
1.0,29.99,15.1,1,0,0,0.4375317102191416
1.0,164.0,19.25,1,0,0,0.3015861213385817
1.0,117.79,17.26,1,0,0,0.36316664192617865
1.0,47.9,9.27,1,1,0,0.4391781658669767
1.0,230.0,54.36,1,0,0,0.3202602188552362
1.0,27.19,12.85,1,0,0,0.359343034611952
1.0,116.99,23.54,1,0,0,0.20699596093144243
1.0,45.9,13.23,1,0,0,0.37952549609448877
1.0,79.9,12.69,1,0,0,0.4625134873323532
1.0,16.9,14.1,1,1,0,0.42649541775600075
3.0,105.0,43.47,1,0,0,0.4899779996310775
1.0,29.99,15.1,1,0,0,0.4375317102191416
1.0,199.9,15.15,1,0,0,0.4461350789102835
1.0,26.0,8.87,1,0,0,0.40532880091880846
1.0,159.99,57.79,1,0,0,0.34165723713977036
1.0,2470.5,177.26,1,0,0,0.13118623435036444
1.0,69.9,29.9,1,0,0,0.31577878663983694
1.0,39.99,12.94,1,0,0,0.3628949777142883
1.0,27.3,15.1,1,0,0,0.4359824676738852
1.0,99.0,34.46,1,1,0,0.3261451295143511
1.0,29.99,25.63,1,0,0,0.4746067386507628
1.0,69.9,22.45,1,0,0,0.25083687675516725
1.0,49.9,14.52,1,0,0,0.4096354382415655
2.0,49.8,16.54,1,1,0,0.15072045068145212
1.0,104.0,14.72,1,0,0,0.36018789710184235
1.0,148.0,14.64,1,0,0,0.33559501318285395
1.0,339.0,17.12,1,0,0,0.20460840567881508
1.0,27.99,37.04,1,0,0,0.30034793120361464
1.0,56.0,16.15,1,0,0,0.4623587621804021
1.0,1460.99,17.49,1,0,0,0.0812482845733229
1.0,99.0,22.0,1,0,0,0.3596186209381268
1.0,159.98,49.49,1,1,0,0.3564740906867795
2.0,289.8,46.6,1,0,0,0.39935428574824156
,,,1,0,1,0.5676371073814253
1.0,199.9,17.16,1,0,1,0.5016760227314649
1.0,52.9,20.86,1,0,0,0.3496088625361063
1.0,129.99,17.16,1,0,0,0.32545355702193696
1.0,29.99,15.23,1,0,0,0.37001578731748985
1.0,168.0,32.21,1,0,0,0.32938125481702946
1.0,117.3,25.66,1,1,0,0.2843594569027619
1.0,32.99,15.56,1,0,0,0.42854956051274107
1.0,29.99,7.78,1,0,0,0.40712747008579875
2.0,84.0,32.22,1,0,0,0.48983601129223453
1.0,98.9,15.44,1,0,0,0.32888071378872724
1.0,113.3,18.04,1,0,0,0.3849336787575114
1.0,99.9,15.91,1,0,0,0.3533746091147039
1.0,285.9,17.21,1,0,0,0.33447770929945836
1.0,39.9,10.96,1,0,0,0.44568173460029226
1.0,58.99,13.43,1,0,0,0.3802867578255839
1.0,194.9,11.97,1,0,1,0.5006930549194563
2.0,227.78,114.7,1,0,0,0.4605954935130408
1.0,59.9,25.26,1,0,0,0.43235445957338553
1.0,255.0,16.54,11,1,1,1.0
1.0,65.9,27.31,1,0,0,0.315022859481824
1.0,79.9,12.06,1,0,0,0.4314404078378552
1.0,315.99,14.65,1,0,0,0.26284362469052136
1.0,117.3,17.53,1,0,0,0.37282609108433185
1.0,44.99,7.39,1,0,0,0.4949862411366696
1.0,49.8,18.23,1,0,0,0.2578580700996321
1.0,196.8,58.9,1,1,0,0.3592604718444674
1.0,49.9,14.1,1,0,0,0.39364138254956893
2.0,82.0,62.54,1,1,1,0.5099807205906962
1.0,17.99,15.23,1,0,0,0.3126514199745269
1.0,79.9,21.36,1,0,0,0.2936576263503249
1.0,45.0,18.23,1,0,0,0.2527981015060449
1.0,114.9,23.6,1,0,0,0.2127920450262259
1.0,45.0,17.63,1,0,0,0.4757981353477221
1.0,91.49,15.39,1,1,1,0.5525779246730714
1.0,44.99,17.92,1,0,0,0.4763334584892136
1.0,19.99,34.15,1,0,0,0.4041148712287994
1.0,66.99,27.75,1,1,0,0.2906140803267943
1.0,15.0,18.23,1,0,0,0.3863618384154952
1.0,143.0,38.55,1,0,0,0.3277031889149024
1.0,110.32,13.43,1,0,0,0.38551978985328694
1.0,122.99,14.61,1,0,0,0.3173550784534548
1.0,14.8,15.1,1,0,0,0.41423996070671476
1.0,12.51,8.29,1,0,1,0.5133526768446717
1.0,107.9,23.56,8,1,1,1.0
1.0,429.98,22.35,1,0,0,0.31190091737699166
1.0,168.98,14.2,1,0,0,0.2728632025410903
1.0,339.0,20.3,1,0,0,0.3582297230186166
1.0,130.0,15.66,1,0,0,0.36710011165828393
1.0,7.8,13.47,1,0,0,0.16333446366520066
1.0,129.99,12.11,1,0,0,0.38616156944646624
1.0,30.9,12.79,1,0,0,0.31939785635901063
1.0,69.99,12.83,1,0,0,0.38906373356745955
1.0,125.0,16.63,1,0,0,0.35169369449147614
1.0,130.0,19.15,1,0,0,0.2830423418141681
1.0,159.0,16.55,1,0,0,0.36387420035932666
1.0,14.0,14.11,1,0,0,0.3935328782175805
1.0,17.99,14.1,1,0,0,0.418502317083037
1.0,57.49,11.15,1,0,0,0.4319402329105313
2.0,236.0,33.17,1,0,0,0.49976639916692883
1.0,619.0,59.85,1,0,0,0.11404458412011471
1.0,204.9,19.53,1,0,0,0.23386982444701224
1.0,59.8,57.19,1,0,0,0.3262099758386739
1.0,39.9,15.11,1,0,0,0.4658801022722553
1.0,117.4,16.79,1,0,0,0.3508647132306034
1.0,349.9,17.21,1,0,0,0.2986100626904868
1.0,69.0,18.72,1,0,0,0.26549014944310706
1.0,269.0,26.72,1,0,0,0.3860544819881974
1.0,45.9,9.34,1,0,0,0.4379193590149713
2.0,327.98,45.24,1,0,0,0.322617258864027
1.0,109.9,15.98,1,0,0,0.30977931352921134
2.0,119.8,32.36,1,0,0,0.45111989569530314
1.0,55.0,15.49,1,0,0,0.3147441102351433
1.0,78.0,18.65,1,0,0,0.2830697824281813
1.0,75.0,18.63,1,0,0,0.30742477803066187
1.0,145.9,9.72,1,0,0,0.31493623470203325
1.0,119.9,13.94,1,0,0,0.36487564343711676
2.0,519.96,112.52,1,0,1,0.5566301895327709
1.0,369.0,10.46,1,0,0,0.2227985793635674
1.0,99.9,17.83,1,0,0,0.3162855586667012
2.0,199.9,46.0,1,0,0,0.3924661813672002
1.0,84.99,27.13,1,0,0,0.24474418120510866
1.0,159.99,33.4,1,0,0,0.31528535214357556
1.0,79.0,16.8,1,0,1,0.506851018740857
1.0,38.99,12.93,1,0,0,0.3622189060833795
1.0,47.99,20.32,1,0,0,0.28975966310212703
1.0,55.13,27.54,1,0,0,0.3465136667807485
1.0,189.9,83.59,1,0,0,0.21758093288975444
4.0,759.6,59.72,1,0,1,0.6616895644840257
1.0,27.99,12.79,1,0,0,0.3156998773961759
1.0,119.0,18.63,1,0,0,0.27413244754923644
1.0,199.0,19.27,1,0,0,0.2519228975048311
1.0,26.99,11.85,1,0,0,0.4231851157348328
1.0,79.0,12.05,1,0,0,0.3790691701338203
1.0,86.9,16.29,1,0,0,0.4905805684668122
1.0,89.99,17.88,1,0,1,0.6103742560292699
1.0,25.0,14.1,1,0,0,0.4570592549445728
1.0,259.9,35.36,1,0,0,0.3115306326777006
1.0,259.0,16.69,1,0,0,0.30652114767419175
1.0,42.99,14.1,1,0,0,0.3561803380378202
1.0,12.9,12.48,1,0,0,0.4465055499875589
1.0,56.0,13.05,1,0,0,0.3749216499407803
1.0,454.0,15.52,1,0,0,0.23108095641786316
1.0,89.9,16.39,1,0,1,0.5261852085404732
1.0,196.8,33.18,1,0,0,0.42997476494670733
1.0,64.4,17.7,1,0,0,0.44165842927028154
1.0,28.9,21.15,1,0,0,0.41659805730111277
1.0,149.9,23.92,1,0,0,0.4396313186309805
1.0,26.9,7.78,1,0,0,0.38499656808575544
2.0,88.4,37.52,1,0,0,0.37078773278099303
1.0,199.0,36.9,1,0,0,0.39852623847036944
1.0,173.67,39.66,1,0,0,0.3182365475582402
1.0,19.9,15.1,1,0,0,0.4372727634158048
1.0,74.8,23.67,1,0,0,0.28319174182840906
1.0,19.9,7.4,1,0,0,0.07263356404135811
1.0,119.99,25.04,1,0,0,0.2337817971950371
1.0,46.9,12.99,1,0,0,0.3795728009110208
1.0,49.9,26.79,1,0,0,0.4193728441584726
1.0,52.5,16.13,1,0,0,0.4616606093507435
1.0,71.3,11.15,1,0,0,0.4291327145102857
1.0,319.99,59.1,1,0,0,0.3371288268141202
1.0,118.0,15.58,1,0,0,0.35635060874339647
1.0,849.0,27.24,1,0,0,0.17689937759273108
1.0,134.9,9.69,1,0,0,0.3488489447909599
1.0,59.9,14.15,1,0,0,0.4143587516574212
2.0,38.98,14.8,1,0,0,0.3303208408064876
1.0,89.9,12.97,1,0,0,0.4969784437505996
1.0,214.0,28.23,1,0,0,0.3549503012242814
1.0,169.9,12.69,1,0,0,0.27318490146877217
1.0,99.9,27.0,1,0,0,0.348632765701753
1.0,48.0,18.23,1,0,0,0.2545600870030929
1.0,191.4,67.93,1,0,0,0.215733543341494
1.0,25.99,24.84,1,0,0,0.23305936406388492
1.0,179.9,24.06,1,0,0,0.2824451135880249
1.0,37.9,19.23,1,0,0,0.2509965785553668
1.0,117.0,66.03,1,0,0,0.32007306903466815
1.0,109.9,18.87,1,0,0,0.2636731941462985
1.0,219.0,66.34,1,0,0,0.35188403511559313
1.0,158.4,34.91,1,0,0,0.31576520084734755
1.0,209.99,18.72,1,0,0,0.3325799457669342
1.0,21.9,11.85,1,0,0,0.45269581314143326
1.0,24.99,8.29,1,0,0,0.4150245298861051
1.0,149.0,44.84,1,0,0,0.3279676490487807
1.0,299.99,27.38,1,0,0,0.28679022521696107
1.0,29.0,7.78,1,0,0,0.4114624963538499
1.0,149.9,8.79,1,0,0,0.3093633247733046
1.0,99.99,8.28,1,0,0,0.24271570601038556
1.0,63.0,18.32,1,0,0,0.25351991287199277
2.0,300.0,34.98,1,0,0,0.39241283697477
1.0,179.9,25.57,1,0,0,0.3044531957898734
1.0,205.0,18.0,1,0,0,0.4141017370162906
1.0,74.0,8.88,1,0,0,0.40873990253495424
1.0,29.99,16.79,1,0,0,0.41969684717589967
1.0,59.9,16.18,1,0,0,0.45167663020463256
1.0,103.99,37.13,1,0,0,0.3450895720070928
1.0,18.9,15.1,1,0,0,0.4347467115112415
1.0,26.3,8.29,1,0,0,0.3894368846996292
1.0,38.4,9.34,1,0,0,0.4573377169115455
1.0,122.99,9.06,1,0,0,0.3401782646006746
1.0,77.0,15.29,1,0,0,0.3964577650616519
1.0,79.9,16.32,4,1,1,1.0
1.0,31.99,27.5,1,0,0,0.4273788135243675
1.0,12.97,14.1,1,0,0,0.35870614749989527
1.0,139.79,23.78,1,0,0,0.24074783857252066
1.0,59.99,17.67,1,0,0,0.4193785349537994
1.0,18.99,15.1,1,0,0,0.4364102998902684
1.0,30.9,15.1,1,0,0,0.43746905357753757
1.0,29.99,11.73,1,0,0,0.4253787033486169
1.0,219.77,8.79,1,0,0,0.2875503575468257
1.0,89.9,12.76,1,0,1,0.5380037058076358
1.0,141.0,18.56,1,0,0,0.2978717074301823
1.0,39.0,18.07,1,0,0,0.23548902081813003
1.0,42.0,15.1,1,0,0,0.374739684729417
1.0,643.92,12.86,1,0,0,0.2988230174860932
1.0,119.9,96.41,1,0,0,0.2845179372594888
1.0,82.99,13.94,1,0,0,0.3219431525604827
1.0,18.99,24.35,1,0,0,0.25053991451283525
1.0,586.0,22.2,1,0,0,0.19756386267527865
1.0,55.0,22.97,1,0,0,0.23775427864180856
1.0,16.99,15.1,1,0,0,0.42323871961234033
1.0,95.9,20.16,1,0,0,0.277646034474799
1.0,93.1,13.56,1,1,0,0.44020652819082795
1.0,69.36,13.07,1,0,0,0.36539048148889
1.0,98.0,18.79,1,0,0,0.37409410317654734
2.0,304.0,25.1,1,0,0,0.26496586805559813
1.0,39.9,16.11,1,0,0,0.44885536465370424
1.0,159.0,34.91,1,0,0,0.29180909220474127
1.0,53.0,7.78,1,0,0,0.4299069629082897
1.0,118.99,25.14,1,0,0,0.24258147664588403
1.0,89.79,17.07,1,0,1,0.5199467726787631
1.0,13.99,7.78,7,1,1,1.0
1.0,289.0,22.82,1,0,0,0.3365047221283237
1.0,39.99,9.34,1,0,0,0.45269537423079387
,,,1,0,1,0.5676371073814253
1.0,64.9,19.51,1,0,0,0.08537624314591609
1.0,319.0,17.33,1,0,0,0.25342236355497216
1.0,15.9,16.11,1,0,0,0.4182298467036206
1.0,89.99,16.33,1,0,1,0.5433680207451935
1.0,420.0,49.47,1,0,0,0.32590085109139466
1.0,320.0,29.49,1,0,0,0.3232692676264104
1.0,49.9,18.23,1,0,0,0.2578580700996321
1.0,435.0,55.65,1,0,0,0.30647452513112494
1.0,429.9,25.81,1,0,0,0.32398612422353196
1.0,15.9,14.1,1,0,0,0.4235201486210256
1.0,39.9,16.79,1,0,0,0.4309338927440559
1.0,45.0,16.11,1,0,0,0.4520592282995603
2.0,39.8,28.2,1,0,0,0.44040828810578214
1.0,37.9,17.06,1,0,0,0.4305013913330917
1.0,49.0,13.41,1,0,0,0.3840988223421388
1.0,39.9,15.1,1,0,0,0.46733184161795177
1.0,62.4,12.88,1,0,0,0.378940709769358
1.0,154.99,14.83,1,0,0,0.4893199749239733
1.0,54.9,15.13,1,0,0,0.4185359017562232
1.0,109.0,38.31,1,0,0,0.3312612254827358
1.0,169.0,13.62,3,1,1,1.0
1.0,19.9,18.23,1,0,0,0.15688042095328103
1.0,39.9,9.34,1,0,0,0.45269537423079387
1.0,89.99,45.09,1,0,0,0.2736150759177601
1.0,83.0,8.78,1,0,1,0.5798153984136202
1.0,105.9,17.99,1,0,0,0.3758231948010128
1.0,178.5,18.25,1,0,0,0.3222369974525442
1.0,119.9,12.04,1,0,0,0.4028790003961783
1.0,49.0,13.37,1,0,0,0.381367408921632
1.0,49.8,19.04,1,0,0,0.27320365988734135
1.0,145.0,27.55,1,0,0,0.31963533420659973
1.0,149.9,19.33,1,1,0,0.32559637544743175
1.0,69.0,7.78,1,0,0,0.41691372495628437
2.0,132.8,30.42,1,0,1,0.52736550884164
1.0,99.9,14.3,1,0,0,0.354773663622616
1.0,32.5,11.85,1,0,0,0.4224205845372737
2.0,179.8,42.24,1,0,0,0.3951207518726567
1.0,1295.0,77.22,1,0,0,0.1371664980361462
1.0,39.0,15.1,5,1,1,1.0
1.0,19.9,11.85,1,0,0,0.4473177135004276
1.0,205.0,15.04,1,0,0,0.42015506107202716
1.0,144.41,17.45,1,0,0,0.37170680013713303
1.0,23.8,8.11,1,0,0,0.40362210479546934
,,,1,0,1,0.5676371073814253
2.0,167.57999999999998,35.72,1,0,0,0.4015851877522195
1.0,13.65,15.1,1,0,0,0.39654489283656136
1.0,106.9,47.8,4,1,1,1.0
1.0,28.9,10.96,1,0,0,0.434087467792577
1.0,18.19,7.78,1,0,0,0.47930881764868105
1.0,99.0,18.79,1,0,0,0.2577069497436215
1.0,29.99,10.96,1,0,0,0.42926162968546017
4.0,55.96,50.76,1,0,1,0.6070734123595203
1.0,23.99,7.39,1,0,0,0.045240610860090014
1.0,149.99,16.68,1,0,0,0.2602368258543817
1.0,180.0,13.82,1,0,0,0.3825044450737538
1.0,119.99,11.46,1,0,0,0.29917899810629456
2.0,179.8,34.74,1,0,0,0.44288763179204516
1.0,39.9,13.37,1,0,0,0.36690205353390615
1.0,399.93,18.24,1,0,0,0.25279943011545075
1.0,44.99,15.23,1,0,0,0.3835806310732575
1.0,69.0,15.23,1,0,0,0.3889555618649655
1.0,79.9,13.92,1,0,0,0.3309375693771708
1.0,49.9,11.85,1,0,0,0.4313913088318721
2.0,705.14,80.04,1,0,0,0.3825736200543528
1.0,139.0,18.22,1,0,0,0.29867172769220135
1.0,42.9,14.1,1,0,0,0.3571598192612038
1.0,47.4,12.79,1,0,0,0.3406479497714035
1.0,59.9,16.9,1,0,0,0.4353372646321241
1.0,22.9,16.11,1,0,0,0.4839456584098567
1.0,69.99,18.37,1,0,0,0.24131963816766178
1.0,13.65,7.78,1,0,0,0.46663945425457637
1.0,699.99,105.96,1,0,0,0.2268191941634457
1.0,59.0,23.21,1,0,0,0.240209218114451
1.0,25.89,19.09,1,0,0,0.10406795158427333
1.0,23.9,16.36,1,0,0,0.4256861147797493
1.0,29.0,9.27,1,0,0,0.4426803525338332
2.0,239.0,35.54,1,0,0,0.4325070934911859
1.0,42.9,9.44,1,0,0,0.4286234537433638
1.0,68.9,15.23,1,0,0,0.39612221558805477
1.0,70.0,16.74,1,0,0,0.490448368064568
1.0,69.9,9.24,1,0,0,0.4328477513747928
1.0,197.5,24.53,1,1,0,0.416529353504744
1.0,42.0,17.06,1,0,0,0.44741217214739426
1.0,66.3,15.67,1,0,0,0.4003841060968015
2.0,109.8,16.5,1,0,0,0.3778091851794527
1.0,89.9,32.86,1,0,0,0.3759643372988375
1.0,598.9,17.96,1,0,0,0.4888786477249447
1.0,17.0,10.96,1,0,0,0.45128845675983476
1.0,39.0,14.1,1,0,0,0.44708793837098376
1.0,249.9,40.68,1,0,0,0.28205626066892253
1.0,23.99,7.78,1,0,1,0.53432292661141
1.0,49.9,14.1,9,1,1,1.0
1.0,98.0,45.67,1,0,0,0.4198655167655954
1.0,115.0,18.06,1,0,0,0.3219469061202183
1.0,10.5,18.23,1,0,0,0.28862250214282525
1.0,110.99,14.17,1,0,0,0.3754473048977726
1.0,269.0,46.34,1,0,0,0.28860337305937295
1.0,46.0,13.37,1,0,0,0.3840132159303892
1.0,99.8,13.04,1,0,0,0.3345323146062739
1.0,59.9,12.55,1,0,0,0.4210084014912148
1.0,550.0,117.99,1,0,0,0.48301266425163686
1.0,116.0,18.09,1,0,0,0.33301957197685494
1.0,58.9,15.17,1,0,0,0.4235869035063884
1.0,79.9,14.87,1,0,0,0.368762072555947
1.0,69.0,14.06,1,0,0,0.32310179712230896
1.0,539.0,46.7,1,0,0,0.31983720945076144
1.0,44.99,15.1,1,0,0,0.3950651334026084
1.0,35.9,11.85,1,0,0,0.42449701417126656
1.0,49.0,17.64,1,0,0,0.4907201719899166
1.0,59.9,16.18,1,0,0,0.45167663020463256
1.0,49.9,12.08,1,0,0,0.43031991895766
1.0,79.99,7.81,1,0,0,0.39045416674275885
1.0,229.9,16.71,1,0,0,0.3918783500070184
1.0,49.9,20.99,1,0,0,0.3301717313023532
1.0,108.9,16.39,1,0,0,0.32914122385866973
1.0,233.0,18.88,1,0,0,0.3440693739127552
1.0,19.9,21.15,1,0,0,0.49436578070421583
1.0,56.99,14.15,1,0,0,0.403786013961759
1.0,298.0,14.43,1,0,0,0.2614483407204397
1.0,89.99,14.8,1,0,0,0.3746648334757812
1.0,107.99,8.18,1,0,0,0.3221875623983851
1.0,24.9,19.95,1,0,0,0.27113488375498046
1.0,48.0,15.1,1,0,0,0.41722703010297785
1.0,69.9,0.0,1,0,0,0.04745360653759695
1.0,105.0,19.01,1,0,0,0.2550938766017392
1.0,149.9,18.3,1,0,0,0.3201784142721043
1.0,64.8,23.03,1,0,0,0.24049402344637286
2.0,139.8,18.0,1,0,1,0.597247617850015
1.0,179.75,18.51,1,0,0,0.38022481588387136
1.0,64.9,27.83,1,0,0,0.30490352213621386
1.0,29.99,7.47,1,0,0,0.010087378188744622
1.0,390.0,23.17,1,0,0,0.281918035429325
1.0,65.0,26.92,1,0,0,0.3470563452042907
1.0,13.9,16.79,1,0,0,0.3816089534229368
1.0,139.0,20.16,1,0,0,0.39209592988290193
1.0,498.9,12.31,1,0,0,0.22651607322560632
1.0,74.8,27.47,1,0,0,0.37028838439354567
1.0,84.99,16.29,1,0,0,0.4910979398615105
1.0,110.0,14.85,1,0,0,0.3713586978177966
1.0,27.9,9.13,1,0,0,0.4201137779106091
1.0,84.99,34.39,1,0,0,0.2579232082577523
1.0,145.0,12.24,1,0,0,0.30415118932233065
1.0,28.0,8.89,1,0,0,0.3931357550622688
1.0,38.49,15.2,1,0,0,0.4504925965215825
1.0,59.9,17.85,1,0,0,0.43009336654953073
1.0,226.6,25.67,1,0,0,0.36026706364910543
1.0,194.9,18.61,1,0,0,0.34706853026565543
1.0,15.0,14.1,1,0,0,0.3926748781455937
1.0,40.99,11.15,1,0,0,0.4151310591141145
1.0,59.9,13.54,1,0,0,0.33125579253960336
1.0,19.9,14.1,1,0,0,0.4341070453532137
1.0,40.0,19.32,1,1,0,0.47888568782878366
1.0,798.0,21.78,1,0,0,0.23039679497636512
1.0,118.8,23.63,1,0,0,0.2195540809507915
2.0,170.75,142.92,7,1,1,0.995079365079365
1.0,49.9,15.56,1,0,0,0.41383034068777824
1.0,115.0,21.3,1,0,0,0.3424731552921822
1.0,75.0,17.78,1,0,0,0.44928646578326104
1.0,43.6,16.5,1,0,0,0.42185982015880186
1.0,29.99,15.1,1,0,0,0.4375317102191416
1.0,216.0,82.67,1,0,0,0.34049919658722644
1.0,66.74,14.22,1,0,0,0.4072859056198042
1.0,49.9,14.44,1,0,0,0.39766018273814596
1.0,39.47,13.37,1,0,0,0.36528723151826353
1.0,129.0,124.07,1,0,0,0.3214595900589315
1.0,34.99,18.23,1,0,0,0.3144540473368401
1.0,69.99,15.59,1,0,0,0.37602137220955095
1.0,99.9,17.95,1,0,0,0.3176070724508967
1.0,32.5,7.78,1,0,0,0.40382490809344895
1.0,124.99,39.8,1,0,0,0.31804331058714935
1.0,119.0,19.11,1,0,0,0.3211832805868729
1.0,98.9,21.14,1,0,0,0.310141744680938
1.0,54.16,20.87,1,0,0,0.362204001490077
1.0,76.9,19.73,1,0,0,0.42784667860324077
1.0,139.4,31.73,1,0,0,0.3390716905502201
1.0,109.9,8.03,1,0,0,0.3275253886675889
1.0,389.0,57.3,1,0,0,0.3651718021462557
1.0,65.9,19.65,1,0,0,0.2743529124445027
1.0,169.9,24.34,1,0,0,0.21418955324041372
1.0,109.9,15.52,1,0,0,0.32571841281797337
1.0,79.9,13.92,1,0,0,0.3309375693771708
2.0,139.8,0.0,1,0,0,0.1512763993454163
1.0,129.9,18.16,1,0,0,0.3175238230879358
1.0,19.99,15.1,1,0,0,0.44740981797417323
1.0,18.99,7.39,1,0,0,0.05582443140020547
1.0,148.9,17.69,1,0,0,0.32265710471094056
1.0,37.9,15.56,1,0,0,0.4421553150003817
1.0,339.9,24.09,1,0,0,0.25185503047470814
1.0,23.7,8.72,1,0,0,0.3949386710237707
1.0,144.99,26.04,1,0,0,0.3299359867703588
1.0,89.9,17.88,1,1,1,0.5669409744949782
1.0,259.99,26.66,1,0,0,0.3784605985512486
1.0,278.0,37.61,1,0,0,0.28303086313879255
1.0,17.9,7.39,1,0,0,0.06508369065946472
1.0,325.0,16.02,1,0,0,0.22163457440298567
1.0,45.9,17.06,1,0,0,0.4579656334802972
1.0,85.9,11.62,1,0,0,0.30894556438652976
1.0,50.0,9.34,1,0,0,0.4394200090996614
1.0,35.9,15.1,1,0,0,0.43874153481026973
1.0,59.9,17.67,1,0,0,0.42173401220594686
1.0,75.0,9.34,1,1,0,0.41782535022856276
1.0,24.99,15.1,1,0,0,0.46022497300716375
1.0,29.9,12.87,1,0,0,0.3589462385817711
1.0,149.9,18.3,1,0,0,0.3201784142721043
1.0,75.0,13.08,1,0,0,0.39373670101325764
1.0,99.9,15.45,1,0,0,0.35909356857621
1.0,185.0,39.57,1,0,0,0.39987236843103985
1.0,139.9,17.91,1,0,0,0.3191079400234958
1.0,69.9,15.25,1,0,0,0.43189065269196003
1.0,79.9,17.81,1,0,0,0.45272836422225177
1.0,49.99,11.85,1,0,0,0.4312085158085536
1.0,289.0,17.46,1,0,0,0.27727894997465485
1.0,56.99,12.74,1,0,0,0.443539595815349
1.0,29.5,16.11,1,0,0,0.44379316252841616
1.0,47.49,16.11,1,0,0,0.4516544408571778
1.0,56.99,12.74,1,0,0,0.443539595815349
1.0,199.0,17.15,1,0,0,0.4517621499883624
1.0,95.0,23.47,1,0,0,0.3277139268962947
1.0,74.99,11.15,1,0,0,0.4235480906646943
2.0,31.98,15.56,1,1,0,0.3235915448594939
1.0,269.99,29.25,1,0,0,0.3812644603101801
1.0,34.9,16.05,1,0,0,0.4797339003022617
1.0,449.9,18.91,1,1,0,0.358955596851452
1.0,42.9,22.85,1,0,0,0.22618378458450725
1.0,57.89,11.15,1,0,0,0.4319402329105313
2.0,37.8,33.58,1,0,0,0.4446450002042885
1.0,89.9,12.97,1,0,0,0.4969784437505996
1.0,106.9,0.0,1,0,0,0.00963957362303861
1.0,136.0,15.71,1,0,0,0.341811765004881
2.0,446.97,36.54,1,0,1,0.55147861410789
1.0,69.9,40.99,1,0,0,0.33886001651005143
1.0,59.9,15.18,1,0,0,0.42535051473897284
3.0,318.0,39.900000000000006,1,0,1,0.5147947465677957
1.0,10.99,17.78,1,0,0,0.474428966924008
1.0,24.9,8.27,1,0,0,0.4219044968668634
1.0,370.0,17.8,1,0,0,0.24862929012746765
2.0,62.79,20.12,1,0,0,0.3867331934823834
1.0,31.9,16.11,1,0,0,0.4608858419958639
1.0,169.97,17.63,1,0,0,0.2676508142071134
1.0,124.89,18.97,1,0,0,0.22775646443122818
1.0,128.9,13.24,1,0,0,0.3320499191484295
1.0,92.9,17.22,1,0,1,0.5209720298000365
1.0,49.9,9.27,1,0,0,0.44047680271676637
1.0,87.85,17.86,1,0,0,0.40135114214465645
1.0,589.0,107.63,1,0,0,0.1051633419306748
1.0,330.0,24.59,1,0,0,0.23145025069708486
1.0,49.99,16.79,1,1,0,0.4487091998732923
1.0,149.99,17.78,1,0,0,0.24058737991900278
1.0,67.9,15.24,1,1,0,0.401812148357862
1.0,159.9,13.07,1,1,0,0.3822560717020604
1.0,69.9,9.27,1,0,0,0.4451667011983965
1.0,118.0,22.54,1,0,0,0.24619105550923956
1.0,59.9,11.92,1,1,0,0.4376083001455039
1.0,54.9,15.48,1,0,0,0.31584809641119016
1.0,379.0,71.53,1,0,0,0.3102775662831452
1.0,16.5,8.29,1,0,0,0.40473033609274767
1.0,134.9,23.81,1,0,0,0.24421876658241273
1.0,16.49,18.23,1,0,0,0.38579547754666843
1.0,29.0,8.54,1,0,0,0.3993517772193452
1.0,109.99,21.26,1,1,0,0.4485204001645873
1.0,135.0,14.31,1,0,0,0.349388474889699
1.0,49.95,18.23,1,1,0,0.25773034482173673
1.0,125.9,13.9,1,0,0,0.3383043209587946
1.0,85.99,57.37,1,0,0,0.34981566027490524
1.0,159.9,21.61,1,0,0,0.43531611645457
1.0,169.99,48.11,1,0,0,0.31337241329957394
1.0,73.0,13.85,1,0,0,0.32518569493205474
1.0,119.0,32.32,1,0,0,0.3187674838560346
1.0,259.9,16.32,1,0,0,0.273319603625757
2.0,245.8,33.24,1,0,0,0.4631690562785106
1.0,79.9,12.9,1,0,0,0.32352839162684643
1.0,54.9,17.66,1,0,0,0.49240217993103236
1.0,295.0,41.99,1,1,0,0.2587694017499364
1.0,34.3,18.23,1,0,0,0.3165163974567442
1.0,50.0,13.37,1,0,0,0.3745785243648338
1.0,269.0,15.49,1,0,0,0.2604504978790529
1.0,48.9,13.37,1,0,0,0.3817749272292989
1.0,105.0,25.57,1,0,0,0.3928793173089705
1.0,230.0,46.11,1,0,0,0.3078410129846986
1.0,128.9,23.83,1,0,0,0.24296305481436956
2.0,307.82,56.75,1,0,0,0.37891234881809593
2.0,190.0,49.5,1,0,0,0.4201188220943109
1.0,53.0,23.98,1,0,0,0.3346682562259198
1.0,239.0,12.28,1,0,0,0.39616982184535476
1.0,92.0,13.7,1,0,0,0.4497401397138517
1.0,37.0,15.23,1,0,0,0.409327334693521
1.0,49.9,27.3,1,0,0,0.363788801609258
1.0,49.0,7.39,1,0,0,0.4499145352751962
1.0,135.97,13.08,1,0,0,0.3541912853620116
1.0,135.9,15.26,1,0,0,0.35826008620646294
1.0,289.9,14.28,1,0,0,0.25744560271926603
1.0,55.0,8.29,1,0,0,0.41175032400455647
1.0,89.99,9.44,1,0,1,0.6013008434299644
1.0,529.0,29.96,1,0,0,0.3705276112312781
1.0,169.0,15.93,1,0,0,0.2836485770097615
1.0,65.9,18.7,1,0,0,0.28997043516027465
1.0,89.9,7.88,1,0,0,0.42652812040710614
1.0,140.0,27.71,1,0,0,0.3209028434296243
1.0,27.5,8.35,1,0,0,0.3997722589826168
1.0,175.0,15.4,1,0,0,0.33460945876815934
1.0,144.41,17.45,1,0,0,0.37170680013713303
1.0,935.0,31.58,1,0,0,0.1559604270428691
1.0,379.94,16.31,1,0,0,0.2410208119092858
1.0,39.0,50.99,1,0,0,0.3464880455341784
1.0,201.0,13.57,1,0,0,0.3851871461835765
1.0,120.0,16.05,1,0,0,0.31167923835171585
1.0,399.9,86.66,1,0,0,0.3303455231693991
1.0,516.59,15.96,1,0,0,0.21895362914591862
1.0,59.99,17.67,1,0,0,0.4193785349537994
1.0,110.0,18.65,1,0,0,0.2866278623626169
1.0,59.9,16.39,1,0,0,0.4164313836118103
1.0,77.9,23.13,1,0,0,0.2718524344703833
1.0,269.0,17.09,1,0,0,0.27447799379112664
1.0,78.0,14.3,1,0,0,0.32672872333655667
1.0,399.99,19.05,1,0,0,0.3334906321757986
3.0,329.70000000000005,33.69,1,0,0,0.4777249043172445
2.0,145.9,35.52,1,0,0,0.3841075528851487
1.0,1069.0,42.61,1,0,0,0.24563161260025576
2.0,424.8,39.28,1,0,1,0.575586189538577
1.0,220.0,22.03,1,0,0,0.33931250357498216
1.0,13.7,7.39,1,0,0,0.3418451454887376
1.0,141.57,49.14,1,0,0,0.32755907858478134
1.0,29.9,15.1,1,0,0,0.4436085002978538
1.0,40.0,13.62,1,0,0,0.32486928633765044
1.0,19.9,14.1,1,0,0,0.4341070453532137
1.0,114.9,14.53,1,0,0,0.37199319102330936
1.0,24.99,7.44,1,0,0,0.007126705905610962
1.0,109.9,15.53,1,0,0,0.32571841281797337
1.0,46.99,7.78,1,0,0,0.4380835217971358
2.0,65.98,25.38,1,1,0,0.43054908780667317
1.0,51.2,15.11,1,0,0,0.4102807853270028
2.0,150.0,46.22,1,0,0,0.3835613708226448
1.0,238.9,21.64,1,0,0,0.4353728908840815
1.0,79.0,51.27,1,0,0,0.35347746902184995
1.0,47.49,16.11,1,0,0,0.4516544408571778
1.0,89.0,15.37,1,0,0,0.4803279358541578
1.0,25.9,15.11,1,0,0,0.4319014933411579
1.0,59.9,17.67,1,0,0,0.42173401220594686
1.0,46.9,11.85,1,0,0,0.43489668533588516
1.0,20.0,11.85,1,0,0,0.45223521292279967
1.0,37.9,12.79,1,0,0,0.32106943204931826
1.0,81.8,14.74,1,0,0,0.47425062120240935
1.0,52.66,12.67,1,0,1,0.5041908139205336
1.0,34.0,21.15,1,0,1,0.5358707366068898
3.0,100.5,62.35,1,0,0,0.4271163023331823
1.0,79.9,18.49,1,0,0,0.27648600118973365
1.0,102.0,13.05,1,0,0,0.3188445977271714
1.0,14.99,18.23,1,0,0,0.34188615559063396
3.0,87.0,22.17,1,0,0,0.4035669688741373
1.0,139.9,16.74,1,0,0,0.34557396097475646
1.0,157.89,15.2,1,0,0,0.3977471352462405
1.0,89.18,9.44,1,0,0,0.41503629225076105
3.0,147.0,45.3,1,0,0,0.45354687914279196
1.0,1561.0,39.51,1,0,0,0.199896220708079
1.0,830.51,27.28,1,0,0,0.2608876971476781
1.0,1549.99,53.26,1,0,0,0.14139679486673046
1.0,14.9,25.63,1,1,0,0.42832889074554287
1.0,69.9,16.25,1,0,1,0.5604267480009151
2.0,190.0,119.8,1,0,0,0.4799404054897976
1.0,99.9,17.95,1,0,0,0.3176070724508967
1.0,335.0,14.79,1,0,0,0.2758188222737126
1.0,78.99,11.76,1,0,0,0.37220752252676176
1.0,23.9,10.96,1,0,0,0.43864019874121124
1.0,104.9,13.07,1,0,0,0.3707949982422487
1.0,39.9,17.6,1,0,0,0.4231920039640997
1.0,79.0,14.72,1,0,0,0.3640008296682739
1.0,109.9,15.87,1,0,0,0.3218186871035872
1.0,118.99,27.13,1,1,0,0.3043673126073836
1.0,49.0,15.1,1,1,0,0.4168195117953109
1.0,119.94,17.57,1,0,0,0.3701557936703876
1.0,21.9,15.1,1,0,0,0.44694921928272513
1.0,49.9,14.52,1,0,0,0.4096354382415655
1.0,169.9,15.36,1,0,0,0.2935317572479673
1.0,15.97,38.99,1,0,0,0.38312290708360386
1.0,99.0,23.01,1,1,0,0.38809489852488466
1.0,71.82,28.9,1,0,0,0.36713136469253943
1.0,16.5,17.63,1,0,0,0.40920363692954576
1.0,64.9,19.64,1,0,0,0.27526222616999285
1.0,220.0,13.04,1,0,0,0.42442951870689494
1.0,451.0,60.02,1,0,0,0.31098605514016825
1.0,175.06,19.03,1,0,0,0.3188128363356434
1.0,18.0,8.29,1,0,0,0.40165563143358457
1.0,330.0,10.47,1,0,0,0.20791142466532794
1.0,669.0,19.44,1,0,0,0.188430857513894
1.0,75.0,16.16,1,0,1,0.5430368382931767
,,,1,0,1,0.5676371073814253
1.0,24.99,15.79,1,1,0,0.3807033093013996
1.0,19.9,15.24,1,0,0,0.3249512782028627
1.0,59.97,17.67,1,0,0,0.41586001643528087
1.0,154.98,16.19,1,0,0,0.4617899133899853
1.0,99.99,16.95,1,0,0,0.36893118306856215
1.0,248.0,8.6,1,0,0,0.46387904169868754
1.0,39.9,16.79,1,0,0,0.4309338927440559
1.0,109.9,9.12,1,0,0,0.32504317128339394
1.0,157.49,15.19,1,0,0,0.39182120932031456
1.0,96.0,18.25,1,0,0,0.17270140735661943
1.0,228.8,20.51,3,1,1,1.0
1.0,150.0,21.69,1,0,0,0.33841904310229315
1.0,119.99,8.09,1,0,0,0.3284020386695213
1.0,66.99,15.57,1,0,0,0.39689207457474573
1.0,189.9,19.63,1,0,0,0.32433987914509715
1.0,49.99,15.11,1,0,0,0.4143982699732101
1.0,55.0,19.08,1,0,0,0.3281728129764915
1.0,15.0,8.29,1,0,0,0.39077563929066444
2.0,148.0,26.16,1,0,1,0.5542503547824854
1.0,29.9,7.79,1,0,0,0.385676290084093
1.0,24.9,8.64,2,1,1,1.0
1.0,199.99,25.05,1,0,0,0.34144180715828304
1.0,97.07,14.85,1,0,0,0.2611617150547494
,,,1,0,1,0.5676371073814253
1.0,239.99,10.49,1,0,0,0.34623978973797637
1.0,84.99,16.35,1,0,0,0.4945762007310757
1.0,99.9,24.83,1,0,0,0.2870030320556108
1.0,85.0,39.52,1,0,0,0.3519676324784122
1.0,120.0,9.53,1,0,0,0.32536074388656344
1.0,69.0,7.78,1,0,0,0.41691372495628437
1.0,67.0,7.89,1,0,0,0.41237519299903613
1.0,74.9,7.78,1,0,0,0.4148734574540659
1.0,155.99,57.35,1,0,0,0.3224156233443232
1.0,119.9,8.09,1,0,0,0.33415521349820454
1.0,72.62,11.9,1,0,0,0.43701186136986453
1.0,29.99,16.79,1,0,0,0.41969684717589967
1.0,199.0,45.85,1,0,0,0.3219178251943324
1.0,34.99,7.78,1,0,0,0.4133580352595401
2.0,201.9,26.62,1,0,0,0.44964840054719135
1.0,49.0,14.1,1,0,0,0.39364138254956893
1.0,34.99,14.52,1,0,0,0.4387590906801666
1.0,19.9,37.05,1,0,0,0.3595462919191923
1.0,60.0,18.52,1,0,0,0.23042651626841368
1.0,170.0,21.46,1,0,0,0.4846974618051216
1.0,134.9,19.91,1,0,0,0.2626785281099911
1.0,38.99,15.1,1,0,0,0.4657170196023092
1.0,550.0,21.73,1,0,1,0.5009771800321099
1.0,36.9,19.32,1,0,0,0.31402264195826834
1.0,69.9,18.06,1,0,0,0.2225831683289748
1.0,27.95,19.32,1,0,0,0.29833816875871366
1.0,169.0,18.11,1,0,0,0.311802555196366
1.0,27.0,16.38,1,0,0,0.36145842315070287
2.0,195.8,34.26,1,1,0,0.3618334943405142
1.0,107.0,12.25,1,0,0,0.36688916114813985
1.0,19.0,8.88,1,0,0,0.4151726314479287
1.0,68.9,19.72,1,0,0,0.4015064647983056
1.0,155.97,19.19,1,0,0,0.2766922028076516
1.0,27.99,24.35,1,0,0,0.2453919091756945
1.0,49.2,16.11,1,0,0,0.4533909710788696
1.0,69.9,16.12,1,0,1,0.5227168817587426
1.0,12.99,15.1,1,0,0,0.43690519545478435
1.0,18.9,13.47,1,0,0,0.3344842705500662
1.0,55.6,11.89,1,0,0,0.4355733207023014
1.0,149.9,30.57,1,0,0,0.36766167293538793
2.0,64.0,14.96,1,0,0,0.1930327514027854
1.0,149.9,14.8,1,0,0,0.3492417784400848
1.0,119.85,20.03,1,0,0,0.24022332519263315
1.0,4399.87,113.45,1,0,0,0.4787257401355161
1.0,47.99,13.47,1,0,0,0.3360136702214098
1.0,79.0,16.99,1,0,1,0.5330507605250979
1.0,29.9,27.73,1,0,0,0.4493892566656363
1.0,219.9,14.56,1,0,0,0.3690431200812597
1.0,129.99,23.71,1,0,0,0.25146055564013237
1.0,58.9,59.58,1,0,0,0.3158073726616425
1.0,329.99,21.28,1,0,0,0.3826700150302761
1.0,128.9,7.77,1,0,0,0.2566323410111667
1.0,44.5,13.65,1,0,0,0.2919772554185189
1.0,105.0,9.85,13,1,1,1.0
1.0,17.99,15.1,1,0,0,0.42323871961234033
1.0,19.9,7.88,1,0,0,0.4446869036730201
1.0,10.9,11.85,1,0,0,0.470967599466868
1.0,44.8,50.85,1,0,0,0.3661353678065164
2.0,352.52,43.44,1,0,0,0.4316611755318482
1.0,89.18,9.44,1,0,0,0.41503629225076105
1.0,72.0,9.09,1,0,0,0.40854385697183726
1.0,40.99,11.85,1,0,0,0.4188092720041454
1.0,119.5,17.58,1,0,0,0.37210754119976974
1.0,199.9,20.64,1,0,0,0.43080283494782456
1.0,99.9,27.0,1,0,0,0.348632765701753
1.0,58.99,17.66,1,0,0,0.4674738937881697
1.0,65.9,12.8,1,0,0,0.33053769124968424
1.0,49.9,12.93,1,0,0,0.37327300403056296
1.0,64.99,18.71,1,0,0,0.28815325532381364
1.0,33.49,18.23,1,0,0,0.315288173612462
1.0,148.0,30.11,1,0,0,0.3501575460148527
1.0,29.99,12.21,1,0,0,0.42294392135294184
1.0,59.9,14.13,1,0,0,0.4143587516574212
1.0,799.9,12.86,1,0,0,0.14739391348988545
1.0,215.0,22.0,1,0,1,0.6274003922420328
1.0,44.9,15.1,1,0,0,0.38345588501529326
1.0,120.0,14.59,1,0,0,0.3313565245789882
1.0,54.9,12.23,1,0,0,0.43152389663603
2.0,178.0,75.84,1,0,0,0.321719381491418
1.0,29.49,16.79,1,0,0,0.4174734599733969
1.0,5.5,15.1,1,0,0,0.12410745119142687
1.0,48.0,22.27,1,0,0,0.24179843010691623
1.0,58.9,13.77,17,1,1,1.0
1.0,179.0,15.56,1,0,0,0.36651975904432194
1.0,20.0,11.73,1,1,0,0.4531646291169882
1.0,116.9,9.33,1,0,0,0.3560835487769912
1.0,28.14,9.34,1,0,0,0.431762303260053
1.0,49.9,7.78,1,0,0,0.4318516290854281
1.0,111.08,13.12,1,0,0,0.3823062224374847
1.0,138.0,25.81,1,0,0,0.305983312747977
2.0,49.8,23.7,1,0,1,0.5128012231758448
1.0,150.0,28.03,1,0,0,0.2659497453653192
1.0,174.56,18.47,1,0,0,0.32928269064167937
1.0,59.9,17.67,1,0,0,0.42173401220594686
1.0,21.99,14.11,1,1,0,0.4438745886043575
1.0,215.0,20.7,1,0,0,0.37878061671804375
1.0,89.9,23.43,1,0,0,0.45070374615539954
1.0,125.5,16.64,1,0,0,0.35044974663300316
1.0,47.55,15.43,1,0,0,0.3337874109601484
1.0,107.5,13.19,1,0,0,0.32687868952755916
1.0,14.99,14.52,1,0,0,0.3934658391543345
1.0,799.0,27.91,1,0,0,0.3804348561098531
1.0,32.9,17.63,1,0,0,0.4519107566182305
1.0,16.9,8.72,1,0,0,0.416935573111389
1.0,45.99,11.86,1,0,0,0.43448306984456325
1.0,12.25,7.39,1,0,0,0.0999287471294012
1.0,68.0,31.23,1,0,0,0.3134977096962897
1.0,139.99,18.23,1,0,0,0.30563063461705775
2.0,286.3,35.44,1,0,1,0.5177297913944016
1.0,189.9,20.02,1,0,0,0.31702577247386915
1.0,99.9,18.13,1,0,0,0.27325102073421564
1.0,19.9,7.56,1,0,0,0.004085272887086167
1.0,99.99,14.78,1,0,0,0.34691367738025247
1.0,59.9,17.99,1,0,0,0.410744322650021
2.0,58.0,17.44,1,0,0,0.28616823083603776
1.0,19.99,14.1,1,0,0,0.4442440999115822
1.0,39.9,11.74,1,0,0,0.43477663353241347
1.0,19.9,15.1,1,0,0,0.4372727634158048
1.0,49.9,15.1,1,0,0,0.41629867076139715
5.0,199.95,45.45,1,0,0,0.4932592517119611
1.0,13.65,8.72,1,0,0,0.3902688255706644
1.0,45.9,17.63,1,0,0,0.47961931007246456
1.0,29.9,9.09,1,0,0,0.401339349516498
1.0,62.99,21.52,1,0,0,0.30960510591320095
1.0,53.8,11.88,1,0,0,0.434465533202438
1.0,179.0,27.91,1,0,0,0.25153495177673885
1.0,96.0,12.97,1,0,1,0.5905456485940113
1.0,39.0,16.11,1,1,0,0.4480642157582839
,,,1,0,1,0.5676371073814253
1.0,98.9,13.71,3,1,1,1.0
1.0,499.99,21.38,1,0,0,0.490742564148302
1.0,18.99,15.1,1,0,0,0.4364102998902684
1.0,45.0,18.23,1,0,0,0.2527981015060449
1.0,26.18,11.15,1,0,0,0.4189988541972015
1.0,57.89,17.99,1,0,0,0.3972003089203516
1.0,47.65,15.23,1,0,0,0.39238019456165746
1.0,14.9,21.15,1,0,0,0.2904527302392158
1.0,467.0,24.98,1,0,0,0.2798854108266274
1.0,159.9,60.35,1,0,0,0.317573341922189
1.0,24.99,22.06,1,0,0,0.20427106664127972
1.0,34.9,22.67,1,1,0,0.3760250204658157
1.0,99.9,16.95,1,0,0,0.3683864119078345
1.0,9.99,19.59,1,0,0,0.2704452600802878
1.0,146.99,21.3,1,0,0,0.37381019159023854
1.0,319.0,24.51,1,0,0,0.22851673770888942
1.0,29.99,19.4,1,0,0,0.17992359332772612
1.0,255.0,19.38,1,0,0,0.28755969275382015
1.0,76.9,15.64,1,0,0,0.34506618483312324
1.0,53.9,13.4,1,0,0,0.3793000443182239
1.0,139.0,24.58,1,0,0,0.2699514123303025
1.0,42.5,18.23,1,0,0,0.2551246186953469
1.0,169.76,12.69,1,0,0,0.27170113666845114
1.0,112.3,9.54,1,0,0,0.366981721698957
1.0,61.5,11.93,1,1,0,0.4315388825071732
1.0,64.9,17.73,1,0,0,0.4306555341106983
1.0,79.0,17.8,1,0,1,0.5015706932504038
1.0,179.38,35.06,1,0,0,0.25674183934651185
1.0,48.65,17.6,1,0,0,0.43776213640031375
1.0,17.9,16.79,1,0,0,0.4266866203033456
,,,1,0,1,0.5676371073814253
1.0,15.9,8.11,1,0,0,0.4415190335625483
1.0,29.99,18.31,1,0,0,0.27781814509245967
1.0,99.9,38.97,1,0,0,0.345098164880037
1.0,299.99,19.35,1,0,0,0.2724445553333051
1.0,92.0,13.22,1,0,1,0.5240352590059788
1.0,39.0,22.2,1,0,0,0.335490554022344
1.0,119.9,8.78,1,0,0,0.32125168561398626
1.0,235.0,97.46,1,0,0,0.30028736249433685
1.0,142.5,21.8,1,0,0,0.32727194453669317
1.0,101.0,79.76,1,0,0,0.3496950873917868
1.0,49.9,9.1,1,0,0,0.42778997195696955
1.0,229.99,12.81,1,0,0,0.37825384637334536
1.0,34.5,27.01,1,0,0,0.4780474529193654
1.0,25.0,15.23,1,0,0,0.32525881916312
1.0,229.0,23.35,1,0,0,0.3375516965804316
1.0,77.63,18.42,1,0,0,0.25868634335809354
1.0,978.0,47.24,1,0,0,0.1740663868839387
1.0,28.9,34.15,1,0,0,0.3373183218500126
1.0,329.9,51.61,1,1,0,0.3029165906779068
1.0,28.99,7.46,1,0,0,0.009779148333344955
1.0,149.0,29.44,1,0,0,0.37881847363325005
2.0,57.8,30.2,1,0,0,0.48243302068859045
1.0,24.9,7.91,1,0,0,0.4213697212046422
1.0,18.98,14.58,1,0,0,0.4308992529000139
1.0,118.9,38.38,1,1,0,0.31812675674235646
1.0,119.99,11.02,1,0,0,0.3104225193202751
1.0,45.8,12.69,1,0,1,0.5170129152547059
1.0,223.9,15.74,1,0,0,0.28247010892515456
1.0,99.99,30.23,1,0,0,0.34265847762837004
1.0,137.9,38.81,1,0,0,0.34685073881939893
1.0,56.99,14.57,1,0,0,0.41025543886476024
1.0,167.99,31.93,1,0,0,0.3313083490997473
2.0,279.8,25.36,1,0,0,0.3058962875484342
1.0,23.9,24.35,1,0,0,0.31835731877089724
1.0,27.99,34.15,1,0,0,0.35004989954825916
1.0,124.9,17.06,1,0,0,0.3671296669756634
1.0,35.9,11.62,1,0,0,0.42449701417126656
1.0,39.9,26.89,1,0,0,0.4332775989033672
1.0,91.71,14.81,1,0,0,0.27377944251448955
1.0,189.9,14.91,1,0,0,0.4947241918314823
1.0,70.0,18.07,1,0,0,0.22076648111154773
1.0,41.9,15.1,1,0,0,0.3711848365043559
1.0,69.0,7.78,1,0,0,0.41691372495628437
1.0,668.0,17.7,1,0,0,0.20789886144839403
1.0,72.99,11.15,1,0,0,0.4291327145102857
1.0,89.99,35.95,1,0,0,0.3290819593873096
1.0,177.0,24.04,1,0,0,0.21705520649594306
1.0,84.0,17.03,1,0,0,0.4057173709861483
1.0,49.0,17.67,1,0,0,0.48161614290239657
1.0,47.65,12.79,1,0,0,0.3379628944047308
1.0,119.9,17.03,1,0,0,0.3654350677658712
1.0,31.9,8.11,1,0,0,0.39849494092677146
1.0,136.97,36.51,1,0,0,0.33177194334168303
1.0,44.0,62.33,1,0,0,0.3092003838793851
1.0,128.8,34.26,1,1,0,0.32647809717151144
1.0,24.99,18.23,1,0,0,0.12777888071908589
1.0,65.99,15.56,1,0,0,0.38418912868005994
1.0,43.0,9.34,1,0,0,0.4321954042235058
1.0,179.0,38.0,1,0,0,0.2649977724073827
1.0,28.9,19.04,1,0,0,0.21190034771429805
1.0,34.99,8.29,1,0,0,0.39601968431704876
1.0,85.9,14.33,1,0,0,0.47124461626013187
1.0,10.89,7.39,1,0,0,0.21193303437561142
1.0,14.9,9.94,1,1,0,0.43042079852712806
1.0,62.8,23.24,1,0,0,0.2581945820611599
1.0,219.9,8.88,1,0,0,0.29407199199886735
1.0,105.0,14.94,1,0,0,0.37049082304423686
1.0,127.0,14.62,1,0,0,0.33290154182470055
2.0,69.8,26.79,1,0,0,0.42691809347927345
1.0,75.0,14.28,1,0,0,0.4022459196964965
1.0,64.9,7.78,1,0,0,0.4302054793163271
1.0,39.9,15.79,1,0,0,0.4415404068068845
1.0,34.9,13.64,1,0,0,0.3200502746202715
1.0,59.9,28.82,1,0,0,0.40856755813374596
1.0,249.99,59.33,1,0,0,0.32552762349885406
1.0,112.0,39.07,1,0,0,0.3348708798265498
1.0,69.9,26.11,1,0,0,0.32570974679857734
1.0,64.5,14.2,1,0,0,0.4123043075725277
1.0,164.9,14.9,1,0,0,0.3934359468194632
2.0,95.98,23.7,1,0,0,0.4321773035611837
1.0,79.99,16.32,1,0,1,0.5496555306045465
1.0,59.9,17.99,1,0,0,0.410744322650021
1.0,59.9,19.61,14,1,1,0.9933333333333333
1.0,175.99,20.42,1,0,0,0.3046917938010734
1.0,59.99,8.88,1,0,0,0.42312687167951135
1.0,49.9,8.72,1,0,0,0.4089226900140161
1.0,35.9,16.11,1,0,0,0.4697240559111821
1.0,159.0,7.98,1,0,0,0.2668728799545113
1.0,69.99,20.89,1,0,0,0.3584242396072213
1.0,680.0,184.98,1,0,0,0.2298756873212807
1.0,110.0,11.38,1,0,0,0.3078900598651416
1.0,129.0,18.7,1,0,0,0.2674630999033449
2.0,193.98,32.88,1,0,1,0.5560071145532317
1.0,78.0,27.53,1,0,0,0.3741194110781463
1.0,179.49,9.45,1,0,0,0.4046237628408879
1.0,19.9,15.1,1,0,0,0.4372727634158048
2.0,47.88,30.19,1,0,0,0.3853570207823427
1.0,29.9,9.27,1,0,0,0.4410943746835939
1.0,69.9,17.74,1,0,0,0.4780985640983793
1.0,199.0,16.14,1,0,0,0.44100253053040167
1.0,19.9,14.52,1,0,0,0.43871979362072094
2.0,119.98,23.84,1,0,0,0.43633787148264275
1.0,91.0,47.17,1,0,0,0.39974760619773775
1.0,205.0,28.28,3,1,1,1.0
1.0,110.0,34.31,1,0,0,0.32690390082224124
,,,1,0,1,0.5676371073814253
1.0,92.9,17.09,1,0,1,0.5435592065012919
1.0,58.0,16.17,1,0,0,0.46912493794994664
1.0,29.99,11.85,1,0,0,0.4253787033486169
1.0,29.9,11.85,1,0,0,0.43029201987465515
1.0,69.9,8.72,1,0,0,0.4125591446677574
1.0,110.27,20.26,1,0,0,0.239605470205587
1.0,198.0,16.14,1,0,0,0.48916151924077345
2.0,52.0,30.2,1,0,0,0.47807187459401573
1.0,69.0,14.79,1,0,0,0.3989410148912943
,,,1,0,1,0.5676371073814253
1.0,229.04,19.32,1,0,0,0.3221076107175296
1.0,79.98,44.33,1,0,0,0.2184941786303797
1.0,129.0,65.89,1,0,0,0.3597308217352495
1.0,73.01,17.76,1,0,0,0.45026841079601515
1.0,54.9,26.92,1,0,0,0.42377943611279706
1.0,24.9,7.43,1,0,0,0.011063138171209894
1.0,760.0,142.35,1,0,0,0.29506741170755735
1.0,63.9,13.79,1,0,0,0.3285410002105771
1.0,105.0,28.11,1,0,0,0.3314700273467716
1.0,109.9,18.02,1,0,0,0.31894274462190436
1.0,69.9,10.21,1,0,0,0.4402498364736191
1.0,12.77,7.78,1,0,0,0.4981051274223287
1.0,19.9,15.1,1,0,0,0.4372727634158048
1.0,125.99,27.42,1,0,0,0.29094498220404424
1.0,86.9,13.67,1,0,0,0.34032051932982743
1.0,29.99,16.11,1,0,0,0.44601654973091875
1.0,99.0,18.74,1,0,0,0.24794872164459525
1.0,249.0,84.44,1,0,0,0.31121572812637943
1.0,229.9,15.78,1,0,0,0.2950817118570569
1.0,149.9,23.37,1,0,0,0.2996302406210096
1.0,518.18,94.97,1,0,0,0.3024652916758349
3.0,163.17000000000002,56.91,1,0,1,0.5227292449402275
1.0,47.9,15.1,1,0,0,0.41722703010297785
1.0,125.9,22.59,1,0,0,0.2529618307079017
1.0,219.9,20.78,1,0,0,0.35848185985177466
1.0,90.0,12.97,1,0,1,0.5401486589950161
2.0,79.8,32.22,1,0,0,0.47688051383418545
1.0,358.98,9.77,1,0,0,0.22738943418276483
1.0,49.9,12.48,1,0,0,0.4342969120710929
1.0,485.0,17.0,1,0,0,0.18866939918742726
1.0,49.9,14.1,1,0,0,0.39364138254956893
1.0,42.9,19.04,1,0,0,0.2767523746024014
1.0,99.9,0.0,1,0,0,0.002092274678111588
1.0,109.9,8.03,1,0,0,0.3275253886675889
1.0,1399.0,33.92,1,0,0,0.24265537978431306
1.0,55.9,23.19,1,0,0,0.23068801567582276
1.0,56.9,8.88,1,0,0,0.4150556761279624
1.0,56.99,14.15,1,0,0,0.403786013961759
1.0,40.0,13.37,1,0,0,0.3676108006435127
1.0,126.49,14.19,1,0,0,0.3414543079367293
1.0,129.0,18.15,1,0,0,0.33534122503222263
1.0,69.9,9.74,1,0,0,0.4402498364736191
1.0,21.99,13.37,1,0,0,0.3831865637845167
1.0,142.9,15.74,1,0,0,0.3357455338071159
1.0,94.99,15.41,1,0,1,0.6149970002100623
1.0,220.89,27.87,1,0,0,0.3768439123022926
1.0,69.9,14.07,1,0,0,0.33973068794145733
1.0,129.0,35.91,1,0,0,0.3108961203826412
1.0,41.0,47.34,1,0,0,0.3696299244399959
2.0,118.0,26.86,1,0,0,0.42135812838401865
1.0,45.5,11.85,1,0,0,0.42386469011833566
1.0,81.0,8.76,1,0,0,0.3993121277381167
1.0,75.0,16.2,1,0,1,0.5413221674907692
1.0,49.9,20.99,1,0,0,0.3301717313023532
1.0,299.99,58.65,1,0,0,0.28388055112877436
1.0,38.9,16.79,1,0,0,0.4301427438486356
1.0,120.0,26.12,1,1,0,0.3155477909776037
1.0,52.9,9.27,1,0,0,0.440819350888257
1.0,77.9,22.48,1,0,0,0.30494154695556847
1.0,59.9,16.86,1,1,0,0.4332511683361892
1.0,149.9,14.53,1,0,0,0.34521700889699064
1.0,147.14,21.52,1,0,0,0.41817333795466055
1.0,75.0,23.4,1,0,0,0.329059482254452
1.0,32.9,23.03,1,0,0,0.4135994373784636
8.0,479.2,141.36,1,0,0,0.16458906469997334
1.0,205.0,15.04,1,0,0,0.42015506107202716
1.0,49.8,7.71,1,0,0,0.315992894951989
1.0,42.99,14.44,1,0,0,0.3594832059675311
1.0,49.77,7.78,1,0,0,0.4318516290854281
1.0,49.8,18.45,1,0,0,0.25578428522000335
1.0,69.9,20.98,1,0,0,0.3714951819346446
1.0,312.0,32.93,1,0,0,0.2703121309893877
,,,1,0,1,0.5676371073814253
1.0,103.9,11.75,1,0,0,0.2815928294187155
1.0,26.9,17.92,2,1,1,1.0
1.0,18.5,11.85,1,0,0,0.44712230833912076
1.0,38.25,26.89,1,0,0,0.47893430673532483
1.0,125.9,14.97,1,0,0,0.3369310927568882
2.0,135.8,74.78,1,0,0,0.44580532159836184
1.0,199.9,17.84,1,0,0,0.3871923134578941
1.0,99.99,16.95,1,0,0,0.36893118306856215
1.0,389.0,43.48,1,0,0,0.3184731410641146
1.0,119.9,18.09,1,0,0,0.3534551875253613
1.0,213.9,13.0,1,0,0,0.4030173658525367
1.0,39.9,16.79,1,0,0,0.4309338927440559
1.0,107.9,11.78,1,0,0,0.29836824865299594
1.0,69.0,7.74,1,0,0,0.10489797361909868
1.0,129.9,18.16,1,0,0,0.3175238230879358
1.0,7.9,18.23,1,0,0,0.34953258693097905
1.0,265.0,16.73,1,0,0,0.2912316384888999
1.0,137.9,14.31,1,0,0,0.3450741520878218
2.0,90.0,30.22,1,0,0,0.429314112471846
1.0,25.0,15.1,1,0,0,0.46022497300716375
1.0,94.9,16.42,1,0,0,0.42569916393918245
1.0,122.99,21.13,1,0,0,0.3283013549254746
1.0,119.0,19.07,1,0,0,0.34540304670202654
1.0,64.99,41.15,1,0,0,0.3476033772381776
1.0,49.9,12.69,1,0,1,0.5170013393330795
1.0,69.9,17.74,1,1,0,0.4780985640983793
1.0,64.99,11.06,1,0,0,0.43453863471326426
1.0,105.9,114.39,1,0,0,0.32366007533995905
1.0,72.0,13.62,1,0,0,0.3211626952151925
1.0,29.9,15.1,1,0,0,0.4436085002978538
1.0,34.99,7.78,1,0,0,0.4133580352595401
1.0,56.99,8.72,1,0,0,0.4136877586327536
1.0,109.9,15.52,1,0,0,0.32571841281797337
1.0,229.0,16.35,1,0,0,0.296773339855133
1.0,59.99,17.67,1,0,0,0.4193785349537994
1.0,29.98,18.23,1,1,0,0.3229998449385523
1.0,99.99,15.45,1,0,0,0.3459609434922241
1.0,75.0,21.02,1,0,0,0.4007775870333127
1.0,39.0,13.37,1,0,0,0.36528723151826353
4.0,159.96,91.72,1,0,0,0.47759021316782413
1.0,790.0,37.32,1,0,0,0.27499051005633596
1.0,129.99,24.06,1,0,0,0.2806227592377346
1.0,219.0,16.83,1,0,0,0.3448746232191471
1.0,237.99,24.25,1,0,0,0.3071702651934142
1.0,99.99,28.89,1,0,0,0.3541815008093041
1.0,49.0,17.97,1,0,0,0.45094715612673053
1.0,29.99,17.63,1,0,0,0.4399951198125279
1.0,179.0,20.13,1,0,0,0.3143088974248486
1.0,159.9,17.37,1,0,0,0.34236274561239965
1.0,79.9,9.77,1,1,0,0.4317503682550672
1.0,692.0,13.0,12,1,1,1.0
1.0,59.9,12.86,1,0,0,0.3836363416982916
1.0,179.9,12.76,1,0,0,0.38178945435444867
1.0,17.99,15.23,1,0,0,0.3126514199745269
1.0,84.9,9.41,1,0,1,0.5072059243823209
1.0,79.9,7.42,1,0,0,0.04949395888887208
1.0,99.9,18.94,1,0,0,0.2188291882646398
2.0,139.99,36.6,1,1,0,0.35473004846452527
1.0,29.49,7.47,1,0,0,0.015017243571440192
1.0,101.0,21.34,1,0,0,0.4041378570869557
1.0,600.0,142.65,1,0,0,0.11570571112203697
1.0,69.99,18.0,1,0,1,0.6199301470709278
3.0,179.39999999999998,69.0,1,0,0,0.4526087332083007
1.0,25.0,14.1,1,0,0,0.4570592549445728
1.0,118.99,17.08,1,0,0,0.36179296562332375
1.0,115.0,18.06,1,0,0,0.3219469061202183
1.0,129.0,31.65,1,0,0,0.31343812918345404
1.0,144.41,17.45,1,0,0,0.37170680013713303
1.0,49.9,15.1,1,0,0,0.41629867076139715
1.0,179.9,17.02,1,0,0,0.38204038653806444
1.0,174.99,21.18,1,0,0,0.3804097628642384
1.0,109.9,17.48,1,0,0,0.34932205748761663
1.0,51.45,47.41,1,0,0,0.37837427561945985
1.0,125.0,23.64,1,0,0,0.2240418042516443
1.0,77.99,10.93,1,0,0,0.41369523732658686
1.0,38.9,15.37,1,0,0,0.4122855179277482
1.0,170.0,19.07,1,0,0,0.33309024858468156
1.0,74.9,15.37,1,0,0,0.4310066387279615
1.0,79.9,22.85,1,0,0,0.3037935468822528
1.0,39.99,13.62,1,0,0,0.3245163176077183
1.0,99.9,0.0,1,0,0,0.002092274678111588
1.0,129.99,15.67,1,1,0,0.33457612031580103
1.0,249.9,14.03,1,0,0,0.35293687775209964
1.0,9.99,8.88,1,0,1,0.5424605617708561
1.0,139.99,14.37,1,0,0,0.34181110823733174
1.0,89.0,14.37,1,0,0,0.4889352944510145
1.0,49.99,15.1,1,0,0,0.4161158777380788
1.0,124.9,17.31,1,0,0,0.3576878033349758
1.0,55.9,7.65,1,0,0,0.06681745895021951
1.0,203.6,12.63,1,0,0,0.35293833893134563
1.0,26.15,12.79,1,0,0,0.321718670580877
1.0,28.9,9.44,16,1,1,1.0
1.0,29.5,16.11,1,0,0,0.44379316252841616
1.0,49.0,13.41,1,0,0,0.3840988223421388
1.0,2689.0,70.95,1,0,0,0.1454208237896207
1.0,29.99,13.47,1,0,0,0.31966985741696874
1.0,1499.0,69.72,1,0,0,0.14192780254360163
1.0,98.9,18.0,1,0,0,0.25870713794403405
1.0,179.99,45.72,1,0,0,0.25052899782846494
1.0,181.9,16.02,1,0,0,0.39461178915836737
1.0,308.0,28.24,6,1,1,1.0
1.0,120.0,23.16,1,0,0,0.3002727210283535
1.0,9.0,11.85,1,0,1,0.8428490641604166
1.0,38.97,12.69,1,0,1,0.5176389818347121
1.0,19.9,13.48,1,0,0,0.33710025817473027
1.0,145.99,15.9,1,0,0,0.31770984573335476
1.0,17.99,18.23,1,0,0,0.35776716069250947
1.0,179.99,15.43,1,0,0,0.3954017890323826
1.0,16.9,12.79,1,0,0,0.311421706890448
1.0,34.9,13.37,1,0,0,0.36004989174067287
2.0,142.0,41.16,1,0,0,0.3765007624372255
1.0,99.99,16.95,1,0,0,0.36893118306856215
1.0,95.0,7.93,1,0,0,0.47921983659079237
1.0,87.9,14.79,1,0,0,0.2817524726740591
1.0,30.0,15.1,1,0,0,0.44053740822483967
1.0,29.99,14.1,1,0,0,0.42514557449657153
1.0,114.6,30.64,1,0,0,0.3000486680103856
1.0,59.9,32.87,1,0,0,0.4064834471542597
1.0,772.2,49.87,1,0,0,0.2781863756180894
2.0,77.89,38.92,1,0,0,0.418342400793229
1.0,119.9,21.33,1,0,0,0.40456867044199707
1.0,16.9,7.39,1,0,0,0.04571682861458853
1.0,48.9,17.6,1,0,0,0.4311357987720108
1.0,49.0,34.15,1,0,0,0.39830968321310406
1.0,134.9,16.05,1,0,0,0.3454382329050626
1.0,63.9,14.54,1,0,0,0.41344106028917343
1.0,99.0,20.18,1,0,0,0.2801351903289062
1.0,42.99,7.78,1,0,0,0.4090078726433424
1.0,229.0,15.47,1,0,0,0.29127999096352847
1.0,55.0,10.6,1,0,0,0.43694873757599645
1.0,148.0,25.24,1,0,0,0.3169357810530249
1.0,200.0,15.01,1,0,0,0.373849309697155
1.0,59.9,17.67,1,0,0,0.42173401220594686
1.0,58.9,17.12,1,0,0,0.45959132421046367
1.0,70.0,18.29,1,0,0,0.23969908573903098
1.0,51.45,24.85,1,0,0,0.32331103510866077
1.0,52.0,17.61,1,0,0,0.4284647699631028
1.0,28.0,8.36,1,0,0,0.39206074814758507
1.0,59.0,16.85,1,0,0,0.4688068875141587
1.0,65.0,11.95,1,0,0,0.4359939672203305
1.0,389.0,21.91,1,0,0,0.3609681757903464
2.0,99.8,25.28,1,0,0,0.4409948701496617
1.0,44.9,9.06,1,0,0,0.3929943222617898
1.0,49.99,8.72,1,0,0,0.40626686345575047
1.0,99.0,17.94,1,0,0,0.33496130334081564
1.0,122.99,0.0,1,0,0,0.022055567987759588
1.0,349.9,21.42,1,0,0,0.36330081149908994
1.0,95.15,21.97,1,0,0,0.31223411419502956
2.0,43.98,25.38,1,0,0,0.3776497629530461
1.0,99.99,17.95,1,0,0,0.3146308617228917
1.0,44.9,16.5,1,0,0,0.42185982015880186
1.0,65.0,15.2,1,0,0,0.41612735723663213
1.0,309.0,54.29,1,0,0,0.26120303299845476
1.0,139.9,51.48,1,0,0,0.3143310605977653
1.0,129.9,45.46,1,0,0,0.3354792641621702
1.0,13.65,7.39,1,0,0,0.3418451454887376
1.0,42.9,15.23,1,0,0,0.37087282210889566
1.0,39.9,15.1,1,0,0,0.46733184161795177
1.0,37.9,16.32,1,0,0,0.4033490903291696
1.0,205.0,22.27,1,0,0,0.4398225793038469
1.0,189.9,19.21,1,0,0,0.33746537442081415
2.0,379.98,172.98,1,0,0,0.16080915582945868
1.0,107.99,18.01,1,0,0,0.3516071027790622
1.0,19.99,17.63,1,1,0,0.4148535168155975
1.0,109.03,18.01,1,0,0,0.3749906150242152
1.0,122.99,9.06,1,0,0,0.3401782646006746
1.0,15.99,14.52,1,0,0,0.42739796721297174
1.0,49.0,11.85,1,0,0,0.4313913088318721
1.0,174.9,35.74,1,0,0,0.3145314215165474
1.0,349.99,17.2,1,0,0,0.279834747488025
3.0,165.0,38.49,1,0,1,0.5758459231642319
1.0,385.0,38.63,1,0,0,0.2766894280104703
1.0,75.9,11.74,1,0,0,0.3943431690735903
1.0,299.99,19.01,1,0,0,0.2836187403658243
1.0,59.9,54.68,1,0,0,0.3303458109840842
1.0,50.9,15.11,1,0,0,0.4102807853270028
1.0,33.49,7.87,1,0,0,0.39560901262692993
1.0,989.0,25.61,1,0,0,0.16003081711780698
1.0,22.0,9.27,1,1,0,0.45348420758285957
1.0,196.0,16.13,1,0,0,0.47655012989907514
1.0,26.9,11.85,1,0,0,0.42841951151079694
4.0,109.7,45.3,1,1,1,0.5034702837798791
1.0,100.0,15.45,1,0,0,0.3456323736667644
1.0,75.9,14.7,1,0,0,0.3780944656398766
1.0,84.99,16.29,1,0,0,0.4910979398615105
1.0,219.99,53.89,1,0,0,0.3168986919561778
1.0,32.49,35.67,1,0,0,0.4831496029875033
1.0,329.9,81.03,1,0,0,0.33159784906695533
1.0,23.9,24.84,1,0,0,0.32151676144782887
1.0,550.9,21.74,1,0,0,0.4546376026782228
2.0,99.8,82.66,1,0,0,0.32595677325814143
1.0,36.9,16.11,1,0,0,0.45471552427959505
1.0,17.9,10.96,1,0,0,0.45128845675983476
1.0,23.89,20.0,1,0,0,0.26617342108898595
1.0,23.9,8.72,1,0,0,0.39841693189333593
1.0,199.08,16.49,1,0,0,0.4344441349054197
1.0,1999.99,33.49,1,0,0,0.288296392992861
1.0,39.9,8.27,1,0,0,0.41338219324572295
1.0,39.9,9.74,1,0,0,0.44568173460029226
1.0,289.9,39.32,1,0,0,0.23912424641810223
1.0,23.99,15.1,1,1,0,0.473230308259969
1.0,150.0,40.2,1,0,0,0.2830929740364338
1.0,47.9,28.75,1,0,0,0.4059801001418946
1.0,69.9,18.06,1,0,0,0.2225831683289748
1.0,147.9,34.7,1,0,0,0.30421003643906075
1.0,89.99,26.25,1,0,0,0.3161708178254729
1.0,132.9,21.42,1,0,0,0.3946831988528627
1.0,99.9,12.84,1,0,0,0.35758604283163686
1.0,43.99,12.69,1,0,1,0.5104237645172768
1.0,129.0,26.98,1,0,0,0.29613528518633503
1.0,42.9,15.1,1,0,0,0.38156491234148665
2.0,119.8,44.26,1,0,0,0.4453183635991917
1.0,49.9,17.6,1,0,0,0.42697186726283365
2.0,52.98,14.78,1,0,0,0.3906216607817188
1.0,516.9,55.97,1,0,0,0.2933771540177187
1.0,139.0,13.62,1,0,0,0.3349293164682702
1.0,49.9,15.1,1,0,0,0.41629867076139715
1.0,39.9,16.11,1,1,0,0.44885536465370424
1.0,75.0,12.83,1,0,0,0.40828615550111863
1.0,149.9,17.98,1,0,0,0.3018695406173287
1.0,89.99,16.39,1,0,1,0.5384960967765631
1.0,503.34,24.88,1,0,0,0.29448169642511035
1.0,69.2,23.42,1,0,0,0.2537539732572003
1.0,71.0,9.34,4,1,1,1.0
1.0,29.0,18.23,1,0,0,0.2897553300109066
1.0,139.0,27.29,1,0,0,0.30567204117511776
1.0,42.0,15.11,1,0,0,0.3744074831229765
1.0,99.9,22.0,1,0,0,0.3131151227304391
1.0,19.99,7.78,1,0,0,0.4901219761289066
1.0,29.99,15.31,1,0,0,0.33834400083290544
1.0,25.99,15.1,1,1,0,0.4447250939718833
1.0,119.9,23.56,1,0,0,0.2255927619260125
1.0,16.99,15.1,1,0,0,0.42323871961234033
1.0,50.49,51.07,1,0,0,0.3744991677317049
1.0,59.0,13.43,1,0,0,0.3810931971051895
1.0,108.0,16.52,13,1,1,1.0
2.0,298.44,23.62,1,0,0,0.2839968302480744
1.0,199.0,19.27,1,0,0,0.2519228975048311
1.0,114.9,14.53,1,0,0,0.37199319102330936
1.0,49.5,16.11,1,0,0,0.4522327193621073
1.0,59.9,16.18,1,0,0,0.45167663020463256
1.0,130.0,9.66,1,0,0,0.327477601641017
1.0,131.0,47.22,1,0,0,0.34604959681514397
1.0,14.9,7.39,1,0,0,0.037974595123885006
1.0,139.9,39.97,1,0,0,0.33059144852141886
1.0,35.9,9.27,1,1,0,0.43638571271310106
1.0,144.99,14.03,1,0,0,0.3422076373798517
1.0,359.6,20.62,1,0,0,0.38499881894496
1.0,109.9,18.02,1,0,0,0.31894274462190436
1.0,49.99,7.78,1,0,0,0.4332548548918797
1.0,79.9,23.36,1,0,0,0.306963929159096
2.0,376.2,90.34,1,0,1,0.5258529903824556
1.0,149.9,15.28,1,0,0,0.34621993908261656
1.0,39.9,8.72,1,0,0,0.4139899820021816
1.0,55.65,16.83,1,0,0,0.467507064637423
1.0,47.9,19.32,3,1,1,1.0
1.0,43.2,14.1,1,0,0,0.3633775169246145
1.0,104.9,12.46,1,0,0,0.33926488980086944
1.0,159.0,23.69,1,0,0,0.2579484730017652
1.0,104.9,20.22,1,0,0,0.23509718770878757
1.0,289.9,15.05,1,0,0,0.2595151434769338
1.0,39.9,11.73,1,1,0,0.43477663353241347
1.0,69.9,12.83,1,0,0,0.4019008382610347
1.0,79.0,14.64,1,0,0,0.3640008296682739
1.0,79.9,12.9,4,1,1,1.0
1.0,151.2,18.31,1,0,0,0.2754021431199117
1.0,59.9,34.22,1,0,0,0.40057875323141495
1.0,84.99,8.76,1,0,0,0.29738704376042
1.0,49.99,21.15,1,0,0,0.386937873846272
1.0,35.9,11.85,1,0,0,0.42449701417126656
1.0,132.9,19.03,1,0,0,0.24758930395968762
1.0,39.8,22.06,1,0,0,0.2774592800178477
1.0,69.9,15.24,1,0,0,0.4283950751924322
1.0,100.0,17.95,1,1,0,0.30745281528230667
1.0,169.0,8.44,1,0,0,0.18723346193896329
1.0,149.9,18.3,1,0,0,0.3201784142721043
1.0,45.0,15.23,1,0,0,0.38449612152956586
1.0,89.99,26.25,1,0,0,0.3161708178254729
1.0,79.9,17.84,1,0,0,0.45272836422225177
1.0,23.99,17.92,1,0,0,0.4732268726214174
1.0,54.9,18.26,1,0,0,0.2903616580725378
1.0,29.99,7.39,1,0,0,0.32942735493042996
2.0,199.8,46.56,1,0,0,0.38576117878667543
1.0,96.9,12.58,3,1,1,0.9933333333333333
1.0,149.9,53.4,1,0,0,0.32458490866228745
1.0,169.9,24.48,1,0,0,0.22049674278289738
1.0,54.9,12.72,1,0,0,0.498672207693598
1.0,108.0,16.52,1,0,0,0.32869516274968774
1.0,175.0,12.73,1,0,0,0.306982807758301
1.0,249.9,37.37,1,1,0,0.31104487497230193
1.0,110.65,37.69,1,0,0,0.32561454724628186
1.0,109.9,26.85,1,0,0,0.32374448167203196
1.0,69.9,16.12,1,0,1,0.5227168817587426
2.0,39.4,29.4,1,0,1,0.5057662508859623
1.0,79.0,17.8,1,0,1,0.5015706932504038
1.0,24.99,12.84,1,0,0,0.3900178235340478
2.0,329.98,86.1,1,0,0,0.22806936957496693
1.0,79.9,19.11,1,0,0,0.3205040883553048
1.0,16.9,18.23,3,1,1,1.0
1.0,78.9,26.63,1,0,0,0.4017968495662225
1.0,29.0,7.39,1,0,1,0.5657955270695437
1.0,24.9,8.82,1,0,0,0.42451021385535836
1.0,59.9,27.27,1,0,0,0.36919963891823415
1.0,339.9,27.66,1,0,0,0.35312072117995236
1.0,55.0,7.65,7,1,1,0.9933333333333333
1.0,58.99,24.96,1,0,0,0.3495485486994768
1.0,59.9,12.76,1,0,0,0.43986478551350217
1.0,199.99,18.65,1,0,0,0.351433348512249
1.0,179.0,51.12,1,1,0,0.2667051056065775
1.0,34.9,15.11,1,0,0,0.44224200417503823
1.0,169.0,14.79,1,0,0,0.28849051517472907
1.0,29.0,7.39,1,0,1,0.5657955270695437
1.0,67.7,17.18,1,0,1,0.5563386992005163
1.0,89.9,16.26,1,0,1,0.5278551927132316
1.0,39.0,15.1,1,0,0,0.4657170196023092
1.0,40.5,43.07,1,0,0,0.37710985959689264
1.0,89.99,45.09,1,0,0,0.2736150759177601
1.0,169.99,12.69,1,0,0,0.26801842538966963
1.0,676.97,62.82,1,0,0,0.2089232765981117
1.0,144.8,15.76,1,0,0,0.3242699243319322
1.0,2999.89,24.19,1,0,0,0.27727264164459126
1.0,31.9,15.79,1,0,0,0.39915634539701883
1.0,61.9,16.19,1,0,1,0.5754590894735694
1.0,56.99,12.53,1,0,0,0.43360456156791466
1.0,24.89,14.1,1,0,0,0.4570592549445728
2.0,99.89,34.68,1,0,0,0.4048778887849212
4.0,702.0,63.92,3,1,1,1.0
1.0,98.0,9.44,1,0,0,0.3107421222554724
1.0,129.9,15.66,1,0,0,0.36184785278436116
1.0,75.78,12.97,1,0,0,0.3546243352726494
1.0,27.3,8.11,1,0,0,0.3781595861666753
2.0,95.7,69.88,1,0,1,0.5492811120743886
1.0,279.99,28.1,1,0,0,0.3245186986189809
1.0,117.9,38.38,1,0,0,0.2966220539308009
1.0,126.9,29.29,1,0,0,0.34050778910885005
1.0,26.0,9.44,1,0,0,0.4670385291186193
1.0,139.99,14.0,1,0,0,0.354554025735332
1.0,899.0,24.83,1,0,0,0.0950753957676094
1.0,78.99,18.48,1,0,0,0.25656857101839864
1.0,19.9,11.85,9,1,1,1.0
1.0,149.9,20.72,1,0,0,0.35910678233648474
1.0,99.0,32.02,1,0,0,0.36392009507594286
1.0,34.99,15.1,1,0,0,0.44060096419126454
1.0,97.2,15.78,1,0,0,0.44103870330637013
1.0,59.9,14.17,1,0,0,0.4143587516574212
1.0,335.99,42.81,1,0,0,0.2986838347479708
1.0,89.5,11.83,1,0,0,0.3858473899596211
1.0,84.89,7.46,1,0,0,0.129995206288185
2.0,359.8,87.44,1,0,0,0.1694699705650718
1.0,219.0,17.16,1,0,0,0.4067095223906536
1.0,99.89,8.28,1,0,0,0.2649260657160318
1.0,320.0,71.56,1,0,0,0.3309934787714744
2.0,97.74,17.7,1,0,0,0.21036894224764038
1.0,31.9,12.48,1,0,0,0.4262759078900971
1.0,84.9,17.84,1,0,0,0.43025983040265914
1.0,84.65,7.78,3,1,1,1.0
1.0,139.0,55.23,1,0,0,0.3253783892659651
1.0,110.0,18.42,1,0,0,0.31670364462157286
1.0,29.9,22.85,1,0,0,0.37785682490971034
1.0,47.49,19.32,1,0,0,0.3306481486422503
1.0,26.9,14.52,1,0,0,0.4455869412691404
1.0,108.9,14.84,1,0,0,0.3179097767703589
1.0,125.0,18.75,1,0,0,0.2510117381979519
1.0,89.9,16.26,1,0,1,0.5278551927132316
1.0,21.9,8.29,1,0,0,0.40742026591631786
1.0,29.99,7.47,1,0,0,0.010087378188744622
1.0,77.94,12.89,1,0,0,0.391240226186812
4.0,159.6,102.52,1,0,1,0.5211659511539899
1.0,42.0,9.6,1,0,0,0.42767256102116524
1.0,69.9,16.68,1,0,1,0.5034302973029334
1.0,42.9,60.58,1,0,0,0.31666896893692953
1.0,156.99,9.45,1,0,0,0.3420822734506323
1.0,8.25,10.96,1,0,1,0.6736245681154742
1.0,19.9,11.85,1,0,0,0.4473177135004276
1.0,150.0,8.3,1,0,0,0.23424869248331887
1.0,29.9,7.71,1,0,0,0.02254167362613241
1.0,59.9,38.47,1,0,0,0.37305715519294225
1.0,34.99,14.52,1,0,0,0.4387590906801666
4.0,96.0,31.48,1,0,0,0.43208863430479244
2.0,23.8,36.46,1,0,0,0.10557262914591228
2.0,124.0,24.73,1,0,0,0.4316986267811472
1.0,45.0,15.1,1,0,0,0.40194155894966216
1.0,30.0,7.71,1,0,0,0.02254167362613241
1.0,49.9,11.85,1,0,0,0.4313913088318721
1.0,69.9,13.07,1,0,0,0.38502591831437133
1.0,45.0,9.34,1,0,0,0.43408497801233586
1.0,120.0,34.38,1,0,0,0.29231347139345115
1.0,349.99,17.66,1,0,0,0.23763502135761527
2.0,122.0,32.38,1,0,0,0.435940617067924
1.0,439.0,55.67,1,0,0,0.30647452513112494
1.0,84.0,14.34,1,0,0,0.29097435776734687
1.0,149.89,19.35,1,0,0,0.30888605798711427
1.0,129.9,98.02,1,1,0,0.28262049150480184
1.0,89.99,8.98,1,0,1,0.5923791726860421
2.0,157.98,30.62,1,0,1,0.585808519914383
1.0,89.0,14.79,1,0,0,0.35264322541877086
1.0,89.9,11.24,1,0,0,0.455129416903418
1.0,3.99,11.85,1,0,0,0.44780003797983897
1.0,899.0,54.82,1,0,0,0.13544726608401214
2.0,200.0,25.66,1,0,0,0.44872313381477585
1.0,449.0,24.12,1,0,0,0.2802098722522711
1.0,168.99,13.18,1,0,0,0.27690084744152377
1.0,52.64,11.87,1,0,0,0.434465533202438
1.0,42.0,16.79,1,0,0,0.4419375017327345
1.0,961.6,33.58,1,0,0,0.16122270395648305
1.0,139.0,60.2,1,0,0,0.33398349560048485
1.0,119.9,26.12,1,0,0,0.32276543745995956
1.0,129.0,14.66,1,0,0,0.3388436479216562
1.0,59.99,25.7,1,0,0,0.4136256596098682
1.0,199.9,26.24,1,0,0,0.4902942357441152
3.0,239.97,68.64,1,0,1,0.5615246689897965
1.0,78.0,15.85,1,0,1,0.6001532027383109
1.0,195.0,72.74,1,0,0,0.24948418382172297
1.0,59.9,8.27,1,0,0,0.41538332627298546
1.0,44.99,12.98,1,0,0,0.3394854131861759
1.0,157.0,33.55,1,0,0,0.32000313370600736
1.0,29.9,19.04,1,0,0,0.2440004480649037
1.0,535.9,45.78,1,0,0,0.332139116514957
1.0,135.0,25.14,1,0,0,0.24887901989161373
1.0,145.0,12.24,1,0,0,0.30415118932233065
1.0,238.81,19.24,1,0,0,0.2821641016382881
1.0,49.9,64.8,1,0,0,0.3214709332580705
1.0,53.9,7.39,1,0,0,0.3531416600683133
1.0,138.0,26.34,1,0,0,0.31945736655915286
1.0,35.9,15.23,1,0,0,0.41244556101620594
1.0,29.68,12.79,1,0,0,0.32381798345089097
1.0,54.9,13.4,1,0,0,0.3787753445845689
2.0,138.0,36.72,1,0,0,0.3687207440491103
2.0,99.8,23.7,3,1,1,1.0
1.0,77.98,7.81,1,0,0,0.37682423153544087
1.0,44.0,16.79,1,0,0,0.4464463516935119
1.0,130.0,16.01,1,0,0,0.31430850064475047
1.0,89.7,15.38,1,0,1,0.5529803624802303
1.0,18.9,10.96,1,0,0,0.45109248762204024
1.0,45.0,27.2,1,0,0,0.36753097934614015
1.0,18.0,22.06,1,0,0,0.20322047333418133
1.0,229.9,12.23,1,0,0,0.3904261526101127
1.0,35.0,26.43,1,0,0,0.4762428823275318
1.0,52.9,15.12,1,0,0,0.4169749477669656
1.0,39.99,7.54,1,0,0,0.10345341089602411
1.0,99.0,20.18,1,1,0,0.2801351903289062
1.0,82.49,8.74,1,0,0,0.4602626400944259
1.0,39.99,15.1,4,1,1,1.0
1.0,13.65,11.85,1,0,0,0.4037314702894981
1.0,129.9,15.66,1,0,0,0.36184785278436116
1.0,126.99,18.14,1,0,0,0.32238800946076174
1.0,119.9,15.72,1,0,0,0.35070650014581833
1.0,99.9,0.0,1,0,0,0.002092274678111588
1.0,69.9,0.0,1,0,0,0.04745360653759695
2.0,95.54,30.2,1,0,0,0.4155814678691039
1.0,29.0,15.1,1,0,0,0.44478496511457155
1.0,13.65,11.85,1,0,0,0.4037314702894981
1.0,59.0,12.48,1,0,0,0.43491936782570423
1.0,34.99,9.09,1,0,0,0.39894735384484137
1.0,57.0,22.72,1,0,0,0.2608736002178943
2.0,76.8,18.68,1,0,0,0.47607766916344263
1.0,19.9,7.78,1,0,0,0.48004366312064073
1.0,49.0,11.85,1,0,0,0.4313913088318721
1.0,110.99,18.0,1,0,0,0.37286654965724797
2.0,123.8,23.65,1,0,0,0.43864828292927105
1.0,165.0,19.03,1,0,0,0.3257843611358518
1.0,33.5,15.1,1,0,0,0.4423741980033868
1.0,119.9,23.34,1,0,0,0.3111588669171364
1.0,79.0,24.7,1,0,0,0.29699905761079426
1.0,508.72,18.31,1,0,0,0.27714964812460446
1.0,24.99,19.84,1,1,0,0.23732761560894475
1.0,18.9,16.79,1,0,0,0.4236639738603363
1.0,19.99,15.1,1,0,0,0.44740981797417323
1.0,134.99,13.61,1,0,0,0.36256155707601984
1.0,99.7,15.45,1,0,0,0.3727845357724397
1.0,109.9,27.72,1,0,0,0.3148325122160597
1.0,387.49,17.46,1,0,0,0.27894195117115345
1.0,29.99,7.47,1,0,0,0.010087378188744622
2.0,65.2,30.2,1,0,0,0.44409640430418174
1.0,43.0,37.9,1,0,0,0.37489391734860206
1.0,108.0,23.08,1,1,0,0.26784155567459766
1.0,106.9,0.0,1,0,0,0.00963957362303861
1.0,139.0,9.13,1,0,0,0.3193031982093016
2.0,89.98,36.46,1,1,0,0.3475124108982386
1.0,95.0,37.36,1,0,0,0.30854867654126283
1.0,119.9,13.18,1,0,0,0.3725121816928286
2.0,68.4,23.46,1,0,0,0.3902867163647857
1.0,99.0,52.7,1,1,0,0.42700028729143485
1.0,169.9,64.77,1,0,0,0.3225031772219185
1.0,139.9,17.42,1,0,0,0.34202514158772584
1.0,199.99,28.13,1,0,0,0.3850553767662311
1.0,34.99,15.23,1,1,0,0.39790803388622603
1.0,69.9,16.12,1,0,1,0.5227168817587426
1.0,19.49,7.87,1,0,0,0.4938968816181829
1.0,269.9,17.52,1,0,0,0.3043254705327645
1.0,204.0,14.45,1,0,0,0.3608723179439712
1.0,59.9,18.66,1,0,0,0.28368933212905184
1.0,24.99,15.28,1,0,0,0.3138637599104614
1.0,289.0,29.3,1,0,0,0.3094949923197209
1.0,79.9,9.77,1,0,0,0.4317503682550672
1.0,59.9,37.97,1,0,0,0.4025114616568789
2.0,220.64,16.06,1,0,0,0.19545014304085223
1.0,105.0,9.85,1,0,0,0.30667509669796816
1.0,89.9,26.71,1,0,0,0.38258089788621646
1.0,19.99,11.85,1,0,0,0.45223521292279967
2.0,36.65,21.1,1,0,0,0.3803231003313906
1.0,89.9,11.83,1,0,0,0.38839004601624644
1.0,129.99,19.88,1,0,0,0.2565254564285743
1.0,78.0,7.81,1,0,0,0.33035365614135787
1.0,167.99,16.94,1,0,0,0.3190192289680615
1.0,199.0,38.94,1,0,0,0.390489571633942
1.0,139.0,9.17,1,0,0,0.32140762496621067
1.0,169.9,46.78,1,0,0,0.32649445259892845
1.0,49.9,12.79,1,0,0,0.332250496321036
1.0,98.99,17.97,1,0,0,0.24335032310763371
1.0,59.99,15.17,1,0,0,0.42535051473897284
1.0,99.95,18.28,1,0,0,0.2548904871353211
2.0,189.8,76.42,1,0,0,0.3616666505423882
1.0,56.99,15.84,1,0,1,0.5157682865768478
1.0,31.9,12.48,1,0,0,0.4262759078900971
1.0,29.9,8.11,1,0,0,0.4043891815946168
1.0,139.0,29.5,8,1,1,1.0
2.0,279.0,28.64,1,0,0,0.3918026431463073
1.0,45.95,15.1,1,0,0,0.4217359793429996
1.0,124.9,13.0,1,0,0,0.3248995561171065
1.0,179.0,12.46,1,0,0,0.36440125004169927
1.0,24.9,7.78,1,0,0,0.47484342061638934
1.0,10.6,15.1,1,0,0,0.45359944614813835
1.0,139.99,23.85,1,0,0,0.24147339547757515
1.0,39.9,22.67,1,0,0,0.3598093741930038
1.0,104.0,19.61,1,0,0,0.22435544905856952
3.0,179.7,81.0,1,0,0,0.4282580429985883
1.0,25.18,12.79,1,0,0,0.35586495697163983
1.0,44.88,31.1,1,0,0,0.39414570222618484
1.0,53.9,21.35,1,0,0,0.2661495750992913
2.0,108.99,26.85,1,0,0,0.38846295758841537
1.0,124.99,15.69,1,0,0,0.33252976329098693
1.0,32.0,7.39,1,0,0,0.2801247955756228
1.0,166.0,15.1,1,0,0,0.40433740763760534
1.0,24.99,14.1,1,0,0,0.4570592549445728
2.0,179.98,33.76,1,0,1,0.5802544727972663
1.0,49.0,13.0,6,1,1,1.0
3.0,230.7,86.81,1,0,0,0.4443035800943038
1.0,67.0,21.55,2,1,1,1.0
1.0,56.7,22.98,1,0,0,0.23775427864180856
1.0,86.0,13.43,1,0,0,0.46529448954344255
1.0,143.8,29.29,1,0,0,0.3563686634540587
1.0,271.99,26.74,1,0,0,0.3531536420576492
1.0,85.0,27.45,1,0,0,0.36724236480481504
1.0,467.0,19.24,1,0,0,0.31183392751769884
1.0,199.0,8.65,1,0,0,0.41124095596920973
1.0,29.0,8.29,1,0,0,0.39999765783894464
1.0,1055.9,27.88,1,0,0,0.2023929372417265
1.0,99.9,25.25,1,0,0,0.38644579389969524
1.0,98.44,13.81,1,0,0,0.30099143096984426
1.0,119.9,30.0,1,0,0,0.3264418977411262
1.0,79.0,19.79,1,0,0,0.3433616588226978
1.0,35.99,19.32,1,0,0,0.2979060588529143
1.0,15.9,15.1,1,0,0,0.4279175680994815
1.0,95.9,42.95,1,0,0,0.4205676052724744
1.0,49.99,8.72,1,0,0,0.40626686345575047
3.0,321.0,36.75,1,0,0,0.48064089199415405
2.0,79.98,17.9,1,0,0,0.23049660483045226
1.0,89.9,11.83,1,0,0,0.38839004601624644
1.0,59.9,17.67,1,0,0,0.42173401220594686
1.0,109.9,12.72,1,0,0,0.32210902605156955
2.0,49.98,25.68,1,0,0,0.45433577681892395
1.0,289.0,35.82,1,0,0,0.24085125549469255
1.0,99.9,27.65,1,0,0,0.34459062855463785
1.0,133.2,18.82,1,0,0,0.2633951802920369
1.0,85.0,16.19,1,0,1,0.5338276136701913
1.0,310.0,46.63,1,1,0,0.2532991820591188
1.0,150.0,25.7,1,0,0,0.24347802068364663
1.0,229.99,66.42,1,0,0,0.35092325021671467
1.0,219.9,29.94,1,0,0,0.37318483583242046
2.0,237.9,36.92,13,1,1,1.0
1.0,399.99,38.46,1,0,0,0.2913404476570183
1.0,44.0,18.41,1,0,0,0.24677302457525058
1.0,25.9,16.79,1,0,0,0.4584076324710274
1.0,49.99,15.23,1,0,0,0.3898602897948958
1.0,294.0,50.67,1,0,0,0.25543564005584224
1.0,208.0,24.39,1,0,0,0.3772819669547436
1.0,299.99,62.01,1,0,0,0.3165715651863048
1.0,49.9,15.23,1,0,0,0.39142848897664245
1.0,69.5,14.66,1,0,0,0.397027300601213
1.0,326.0,45.42,1,0,0,0.2849635541248722
1.0,53.99,16.14,1,0,0,0.4816143710510609
1.0,139.99,9.73,1,0,0,0.3331546410026412
1.0,57.9,16.85,1,0,0,0.4654055548641809
1.0,45.65,15.1,1,0,0,0.4006162577448429
1.0,139.9,29.77,1,0,0,0.3450582612088083
1.0,148.9,43.45,1,1,0,0.33069446609138725
1.0,15.0,8.72,1,1,0,0.4021771306809359
1.0,16.0,15.23,1,0,0,0.3169944311411008
1.0,13.65,16.79,1,0,0,0.37414849113583215
3.0,408.0,52.85,1,0,1,0.557098406650256
1.0,50.0,14.1,1,0,0,0.39345858952625057
1.0,231.7,17.38,1,0,0,0.3794007419941828
1.0,59.99,7.78,1,0,0,0.4340041582469618
1.0,129.0,19.76,1,0,0,0.23903776995492432
1.0,69.9,16.46,1,0,1,0.545175426248842
1.0,739.0,62.49,1,0,0,0.2006269889936532
1.0,39.99,12.94,1,0,0,0.3628949777142883
1.0,139.99,56.44,1,0,0,0.3512613857815357
1.0,59.0,17.66,1,0,0,0.4623929022678652
1.0,51.0,11.86,1,0,0,0.4304523061529042
1.0,19.0,12.43,1,0,0,0.44223146451064127
1.0,159.9,15.88,1,0,0,0.3927804700757605
1.0,127.99,23.19,1,1,0,0.2917370611770886
1.0,55.0,11.89,1,0,0,0.4355733207023014
3.0,97.98,45.29,1,0,0,0.41682699347700997
1.0,78.0,18.43,1,0,0,0.26046644807013547
1.0,349.9,18.7,1,1,0,0.2959305445297568
1.0,84.0,12.72,1,0,1,0.5838628970970952
1.0,290.0,15.63,1,0,0,0.21499475372955962
1.0,299.0,16.26,1,0,0,0.22667665944006
1.0,56.99,14.15,1,0,0,0.403786013961759
1.0,49.9,28.75,1,0,0,0.4072686837423541
1.0,250.0,88.37,1,1,0,0.3423993015302035
1.0,179.89,16.01,1,0,0,0.3583190977212578
1.0,305.0,20.01,1,0,0,0.2659154113806281
1.0,99.9,16.46,1,0,0,0.37037067680233265
1.0,99.0,18.26,1,0,0,0.24567159055859614
1.0,79.99,8.91,1,0,0,0.420959390848467
1.0,69.9,0.0,1,0,0,0.04745360653759695
1.0,99.9,16.46,1,0,0,0.37037067680233265
1.0,79.99,13.11,1,0,0,0.3302323404012528
1.0,26.4,13.77,1,0,0,0.3268072075042181
1.0,99.9,26.78,1,0,0,0.3687239477086457
1.0,35.9,11.73,1,0,0,0.42449701417126656
1.0,5.99,17.92,1,0,0,0.30437942635918014
1.0,119.0,54.59,1,0,0,0.3233027724035396
1.0,35.9,18.05,1,0,0,0.2399639120715391
2.0,25.8,15.56,1,0,0,0.13604293256775862
1.0,1599.0,93.05,1,0,0,0.1577730260213427
1.0,19.9,16.79,1,0,0,0.405032835846471
1.0,21.1,9.34,1,0,0,0.4602552333632938
2.0,49.76,30.46,1,0,1,0.5060355143011802
1.0,86.0,13.26,1,0,0,0.46741172186383406
1.0,109.0,13.81,1,0,0,0.33247655406145277
1.0,46.9,17.92,1,1,0,0.4714219101977424
1.0,129.9,15.66,1,0,0,0.36184785278436116
1.0,86.9,21.1,1,0,0,0.44773041701131405
1.0,34.99,34.15,1,0,0,0.4917742316973515
1.0,39.9,11.74,1,0,0,0.43477663353241347
2.0,256.0,29.98,1,0,0,0.38789191465054706
1.0,69.9,13.08,1,0,0,0.38502591831437133
1.0,24.9,15.1,1,1,0,0.46022497300716375
1.0,39.0,16.11,1,0,0,0.4480642157582839
1.0,1380.0,35.8,1,0,0,0.2135521458106985
1.0,150.0,15.8,1,0,0,0.23658874026327809
1.0,127.9,8.66,1,0,0,0.291355758253789
1.0,71.9,23.3,1,0,0,0.24078146079809631
1.0,15.99,12.79,1,0,0,0.31128024032562374
6.0,3099.75,95.99,1,0,0,0.27189942936505707
1.0,359.9,53.02,1,0,0,0.2931904348641304
1.0,30.49,12.79,1,0,0,0.31939785635901063
1.0,44.99,14.44,1,0,0,0.37549729978642804
3.0,204.75,40.32,1,0,1,0.5132058768951423
1.0,229.99,44.02,1,0,0,0.3086981558418415
1.0,21.9,15.1,1,0,0,0.44694921928272513
1.0,105.0,53.82,1,0,0,0.34377584902917
1.0,17.0,16.11,1,0,0,0.4470173336384338
1.0,39.92,15.1,1,0,0,0.46733184161795177
1.0,154.9,15.39,1,0,0,0.49454502607124073
1.0,19.9,14.1,1,0,0,0.4341070453532137
1.0,50.9,17.2,1,0,0,0.4419743702697195
1.0,219.0,24.11,1,0,0,0.30290779680562935
1.0,98.0,53.04,1,0,1,0.5490826879076814
1.0,26.5,19.32,1,0,0,0.14112363590178337
1.0,28.8,11.22,1,0,0,0.4302045414557337
1.0,179.9,26.1,1,0,0,0.346098521677962
1.0,30.0,19.4,1,0,0,0.1769436167605647
1.0,22.49,14.1,1,0,0,0.44156921037332303
1.0,11.99,25.63,1,0,1,0.5148668205685281
1.0,12.5,7.78,1,0,1,0.5175791299360425
1.0,71.95,13.16,12,1,1,1.0
2.0,319.98,29.12,1,0,0,0.41696178508387444
1.0,22.32,15.26,1,0,0,0.34681240835092125
1.0,149.0,40.37,1,0,0,0.3352407651652907
1.0,12.9,15.1,1,0,0,0.39561478484457835
1.0,15.9,16.79,1,0,0,0.39138317125513317
1.0,208.9,18.71,1,0,0,0.36826742556957
1.0,109.9,27.5,1,0,0,0.308818818642686
1.0,38.0,11.85,1,1,0,0.4324917758814495
1.0,26.9,16.11,1,0,0,0.49139561731639425
1.0,31.9,14.1,1,0,0,0.4260468307045762
1.0,39.99,25.63,1,0,0,0.4961023804865825
1.0,29.5,13.08,1,0,0,0.3613354204819131
1.0,44.9,18.41,1,0,0,0.24677302457525058
2.0,148.0,27.08,1,1,1,0.5374967178067032
1.0,14.95,15.23,1,0,0,0.2927155382697391
1.0,149.0,14.06,1,0,0,0.35766493787820186
1.0,325.0,17.02,1,0,0,0.20585175746287435
3.0,147.0,86.46000000000001,1,0,0,0.45474576685970125
1.0,31.9,14.1,1,0,0,0.4260468307045762
1.0,70.0,19.03,1,0,0,0.2502535166269171
1.0,240.0,17.44,1,0,0,0.3477368939261124
2.0,999.8,157.86,1,0,0,0.20196702085345364
2.0,45.0,28.2,1,0,0,0.38207118285574926
2.0,185.8,154.84,1,0,0,0.3659670322472557
1.0,3.54,14.1,1,0,0,0.4212720742369761
1.0,20.0,18.23,1,0,0,0.15564963340797797
1.0,34.99,16.6,1,0,0,0.4271731114105611
1.0,179.0,17.96,1,0,0,0.31024479837635466
1.0,189.0,39.07,1,1,0,0.36492793997483136
1.0,97.5,19.87,1,0,0,0.2796074944055896
1.0,27.99,11.85,1,0,0,0.41898953007609163
1.0,35.0,16.11,1,1,0,0.4649945874446278
1.0,179.9,19.36,1,0,0,0.27010340775365516
3.0,569.97,308.31,1,0,0,0.023920071259139652
1.0,19.9,12.48,2,1,1,1.0
1.0,34.9,15.1,1,0,0,0.44060096419126454
1.0,49.28,12.69,1,0,1,0.5170013393330795
1.0,40.0,17.6,1,0,0,0.4318317938696445
1.0,40.0,17.6,1,0,0,0.4318317938696445
1.0,69.9,13.85,1,0,0,0.3351119569884894
1.0,215.5,14.53,1,0,0,0.3731243745825831
1.0,39.99,12.79,1,0,0,0.32701448590656296
1.0,31.9,34.15,1,0,0,0.48076214230973857
3.0,119.7,113.7,1,0,0,0.4358017031179078
1.0,45.0,18.23,1,0,0,0.2527981015060449
1.0,299.0,19.34,1,0,0,0.30770182625388787
1.0,81.49,16.82,1,0,1,0.5128950456655882
1.0,39.9,15.11,1,0,0,0.4658801022722553
1.0,59.9,21.05,1,0,0,0.3704152233117408
1.0,79.98,56.82,1,0,0,0.21588749952706668
1.0,119.99,21.49,1,0,0,0.41127602257988366
1.0,1260.0,59.32,1,0,0,0.1411169235560878
2.0,230.0,0.0,1,0,0,0.19763828726268293
1.0,120.0,14.59,1,0,0,0.3313565245789882
1.0,151.9,17.97,1,0,0,0.271367542983006
1.0,86.98,21.1,1,0,0,0.431848969781358
1.0,422.0,36.31,1,0,0,0.3066548361915914
3.0,831.0,91.02,1,0,0,0.45872306877090857
1.0,19.9,18.23,1,0,0,0.15688042095328103
1.0,249.99,12.95,1,0,0,0.38262634089781217
,,,1,0,1,0.5676371073814253
1.0,129.9,19.19,1,0,0,0.2758602406316395
1.0,27.9,17.78,1,0,0,0.384392875254546
1.0,60.0,15.17,1,0,0,0.42535051473897284
1.0,32.0,16.11,1,0,0,0.461909845435561
1.0,299.0,23.96,1,0,0,0.2142818554118411
1.0,268.38,21.07,1,0,0,0.3414106369244767
1.0,39.9,23.28,1,0,0,0.3857040579595296
1.0,399.0,46.64,1,0,0,0.3195026164432993
1.0,29.9,17.78,1,0,0,0.4335391364076849
1.0,295.49,16.82,1,0,0,0.23195053524615752
2.0,468.0,46.69,1,0,1,0.5603105821762745
3.0,114.0,19.98,1,0,0,0.3980069982238847
1.0,59.99,18.3,1,0,0,0.24982280756593112
1.0,98.99,15.8,1,0,0,0.2830267460772517
1.0,149.9,18.3,1,0,0,0.3201784142721043
2.0,179.8,42.24,1,0,0,0.3951207518726567
1.0,466.0,18.89,1,0,0,0.3621939811897485
1.0,12.98,15.1,1,0,0,0.38688733892149546
1.0,139.9,23.78,1,0,0,0.24074783857252066
1.0,64.9,18.25,1,0,0,0.27714757448998567
1.0,35.0,8.41,1,0,0,0.39537380369744934
1.0,147.5,36.35,1,0,0,0.32677570630148506
2.0,61.5,35.81,1,0,0,0.3980386477170188
1.0,55.0,7.78,1,0,0,0.43032781926596364
1.0,239.0,18.11,1,0,0,0.3298127533762967
1.0,19.89,15.79,1,0,0,0.4051675317402653
1.0,77.0,15.61,1,0,0,0.34577649767650764
1.0,79.9,20.51,15,1,1,1.0
1.0,29.9,34.15,1,0,0,0.4893902388952737
1.0,145.0,12.24,1,0,0,0.30415118932233065
1.0,169.0,13.52,1,0,0,0.2710766598957589
1.0,75.0,22.24,1,0,0,0.2994443717420545
1.0,61.8,17.17,1,0,1,0.5211662898914726
1.0,107.99,9.11,1,0,0,0.32999528301603026
1.0,39.9,14.52,1,0,0,0.46118795431467957
1.0,89.15,17.06,1,1,0,0.497982618944903
1.0,146.0,34.82,1,0,0,0.3018604287420942
1.0,108.0,17.33,1,0,0,0.3352805946309423
1.0,105.99,20.82,1,0,0,0.34420107269094896
2.0,31.8,14.78,1,0,1,0.5434339447481484
1.0,34.99,19.44,1,0,0,0.17817250829620468
1.0,205.9,74.16,1,0,0,0.35974993708315556
1.0,128.0,18.15,1,0,0,0.31775657885451214
1.0,49.9,12.79,1,0,0,0.332250496321036
3.0,179.7,40.32,1,0,0,0.4645490894308594
1.0,69.9,25.33,1,0,0,0.3250824089321795
1.0,395.34,38.09,1,0,0,0.2905711335301651
3.0,159.0,22.89,1,0,0,0.35868654567892017
1.0,29.99,12.79,1,0,0,0.3194605130006147
1.0,19.95,18.23,1,0,0,0.15688042095328103
1.0,16.0,7.39,1,0,0,0.037290763451681246
1.0,12.98,14.1,1,0,0,0.35870614749989527
1.0,131.0,9.91,1,0,0,0.32370950288885614
1.0,39.8,14.12,1,0,0,0.4482189829358062
2.0,130.0,32.42,1,0,1,0.5118228497552176
1.0,399.9,14.3,1,0,0,0.28633827437281156
1.0,25.99,7.78,1,0,0,0.3841016740680065
1.0,65.99,15.22,1,0,0,0.4067134423294278
1.0,79.9,19.8,1,0,0,0.34940899885482546
2.0,183.8,17.85,1,0,0,0.347301617704185
1.0,83.0,7.84,1,0,1,0.5798882184157299
1.0,31.9,15.23,1,0,0,0.3685192477540145
1.0,29.5,15.98,1,0,0,0.43665986192276846
1.0,27.9,16.79,1,0,0,0.376245506344783
1.0,106.0,10.05,1,0,0,0.31562646423031154
2.0,41.78,31.58,1,0,0,0.43451568326902845
1.0,69.9,19.4,1,0,0,0.16140976604795965
1.0,82.95,23.08,1,0,0,0.15568169852046254
2.0,95.3,14.78,1,0,1,0.5962756099765426
1.0,17.99,12.79,1,1,0,0.3064291818998104
1.0,139.99,40.31,1,0,0,0.32925774414736847
2.0,49.98,30.2,1,0,0,0.48077924379807835
1.0,85.0,11.8,1,0,0,0.31494631386805405
1.0,55.0,8.88,1,0,0,0.4139979722742758
1.0,48.9,15.23,1,0,0,0.39238019456165746
1.0,119.99,16.05,1,0,0,0.339365812453092
1.0,109.9,15.52,1,0,0,0.32571841281797337
1.0,199.4,9.14,1,0,0,0.3565842000754214
1.0,99.9,15.45,1,0,0,0.35909356857621
1.0,59.74,17.67,1,0,0,0.3741489648512732
1.0,12.97,16.05,1,0,1,0.608164812947926
1.0,106.6,18.63,1,0,0,0.2715258876926293
2.0,155.0,30.59,1,0,1,0.5655897977961007
1.0,39.99,22.06,1,0,0,0.3074492770005374
1.0,116.0,7.68,1,0,0,0.2602273966031198
1.0,151.9,17.97,2,1,1,1.0
1.0,31.9,17.63,1,0,0,0.4508867531785334
2.0,145.8,71.66,1,1,0,0.3750708841204866
1.0,230.0,16.91,1,0,0,0.32836462306299635
3.0,44.97,45.69,1,0,0,0.41106942312419453
1.0,23.49,16.05,1,0,1,0.5462157168073638
1.0,139.9,13.11,1,0,0,0.3324892821436664
3.0,260.70000000000005,30.87,1,0,1,0.5497305470620997
1.0,49.0,12.69,1,1,1,0.5170013393330795
2.0,34.8,35.26,1,0,0,0.4221135783008825
1.0,69.9,11.73,1,0,0,0.4383525213483977
1.0,70.0,16.25,1,1,1,0.5501608239628407
1.0,24.9,10.96,1,0,0,0.46249979838491934
1.0,87.0,27.79,1,0,0,0.35044999269480526
1.0,24.0,19.32,1,0,0,0.13005600292144182
1.0,209.9,22.55,1,0,0,0.3716168092186924
1.0,110.0,22.7,1,0,0,0.27450701328520066
1.0,29.99,15.1,1,0,0,0.4375317102191416
1.0,89.9,16.26,1,0,1,0.5278551927132316
1.0,999.0,31.44,1,0,0,0.15825449940622555
1.0,122.99,9.06,1,0,0,0.3401782646006746
1.0,105.0,17.21,1,0,0,0.38885935866753835
2.0,70.0,38.88,1,0,0,0.3603787089712878
1.0,109.9,14.52,1,0,0,0.3261339712920739
1.0,10.9,12.48,1,0,1,0.5216114538372729
1.0,84.9,14.9,1,0,0,0.36271875482584465
1.0,19.9,11.85,1,0,0,0.4473177135004276
3.0,59.97,45.3,1,0,1,0.6666398260575396
1.0,149.0,12.54,1,0,0,0.31214819804824506
1.0,79.0,13.57,1,0,0,0.2681928428574176
2.0,99.8,26.74,1,0,0,0.4260443196289589
1.0,329.9,19.88,1,0,0,0.3353367451875081
1.0,99.0,16.39,1,0,0,0.3475078836907743
,,,1,0,1,0.5676371073814253
1.0,49.9,17.6,1,1,0,0.42697186726283365
1.0,27.75,9.27,1,0,0,0.4403715152445099
1.0,149.9,20.72,1,0,0,0.35910678233648474
1.0,79.9,14.14,1,0,0,0.3689149355357407
1.0,24.99,7.39,1,0,0,0.3137460385498941
1.0,78.9,13.89,1,0,0,0.2809444126540068
1.0,119.99,16.6,1,0,0,0.36869060486993394
1.0,349.9,16.18,1,0,0,0.2275308123991015
1.0,148.0,15.79,1,0,0,0.31422210621234514
1.0,914.65,24.28,1,0,0,0.09333562846863157
1.0,199.0,9.55,1,0,0,0.3702360924945991
1.0,139.9,16.08,1,0,0,0.33575325582787763
1.0,49.9,16.05,1,0,0,0.4554032081729298
1.0,48.49,9.09,1,0,0,0.4041916146985857
1.0,329.99,9.57,1,0,0,0.2704771121465262
2.0,25.76,30.2,1,0,0,0.15917076643913708
1.0,39.0,10.96,1,0,0,0.4437433390766438
1.0,86.0,18.7,8,1,1,1.0
5.0,374.5,63.25,1,0,1,0.5376657007948956
1.0,89.9,17.88,1,1,1,0.5669409744949782
1.0,27.97,18.0,1,0,0,0.27561563867855926
1.0,50.0,10.96,1,0,0,0.43422556729269635
1.0,150.0,15.81,1,0,0,0.23832971690871332
1.0,89.9,12.33,1,0,1,0.5634833788106621
1.0,23.99,15.1,1,0,0,0.473230308259969
1.0,80.9,14.3,1,0,0,0.39882510291485723
1.0,69.0,26.56,10,1,1,1.0
1.0,89.9,17.88,1,0,1,0.5669409744949782
1.0,65.9,34.26,1,0,0,0.3407530882295283
1.0,689.99,13.64,1,0,0,0.13293033031514756
1.0,84.99,9.41,1,0,0,0.29775652901242905
1.0,20.89,8.9,1,0,0,0.4211867124468986
1.0,379.9,13.86,1,0,0,0.2682098851687127
1.0,179.0,23.79,1,0,0,0.20215729637725566
1.0,49.99,16.11,1,0,0,0.44750405918745295
1.0,70.0,31.36,1,0,0,0.3467904460604064
1.0,109.9,20.01,1,0,0,0.2737116256719037
1.0,89.9,16.88,1,1,0,0.4878693093314687
1.0,198.0,39.66,1,0,0,0.37457801916196515
1.0,39.9,16.79,1,0,0,0.4309338927440559
1.0,25.99,20.4,1,0,0,0.24111908778870467
2.0,754.0,50.52,1,0,0,0.4659612363389721
1.0,94.99,16.29,1,0,1,0.5310683846731056
1.0,44.9,14.52,1,0,0,0.37239961415253947
1.0,178.9,12.64,1,0,0,0.3660299389267676
1.0,68.0,16.92,1,0,1,0.5057195060804905
1.0,19.9,15.98,1,0,1,0.5194822379095082
1.0,59.99,17.67,1,0,0,0.4193785349537994
1.0,229.0,23.74,1,0,0,0.26733207819791605
1.0,43.0,7.87,1,0,0,0.3900541655731224
1.0,39.9,7.39,1,0,0,0.44012317916909743
1.0,43.9,11.85,1,0,0,0.42517616927800417
1.0,219.0,24.33,1,0,0,0.29323516353630796
1.0,24.9,20.8,1,0,0,0.39819182775654377
1.0,105.0,9.49,1,0,0,0.3158942087931232
1.0,385.0,26.76,1,0,0,0.3330574353174236
1.0,32.99,16.6,1,0,0,0.4298838194126306
1.0,15.0,22.67,1,0,0,0.24949844851201025
1.0,69.9,14.58,1,0,0,0.4209996029115519
1.0,89.18,9.44,1,0,0,0.41503629225076105
1.0,66.99,9.16,1,0,0,0.4291142033569279
1.0,330.0,19.53,1,0,0,0.22047605257318661
1.0,25.0,16.11,1,0,0,0.47994284776126356
1.0,94.9,33.11,1,0,0,0.2920220060146994
1.0,178.9,23.75,1,0,0,0.23964237120488194
1.0,63.99,9.06,1,0,0,0.41002033781751596
1.0,329.9,17.06,1,0,0,0.21486475088103077
1.0,74.9,16.49,1,0,1,0.5617074447019651
1.0,37.0,19.04,1,0,0,0.2404280828424065
1.0,260.0,19.92,1,0,0,0.32545441732543945
1.0,19.9,10.96,1,0,0,0.451287892783347
1.0,269.9,43.64,1,0,0,0.2950198895745418
1.0,190.9,16.09,1,0,0,0.49854687230064715
1.0,254.8,16.89,1,0,0,0.25774899264665957
1.0,260.0,39.34,1,0,0,0.2810956816176899
1.0,99.9,0.0,1,0,0,0.002092274678111588
1.0,229.9,18.0,1,0,0,0.3760762671686979
1.0,158.0,13.55,1,0,0,0.38493103280195173
,,,1,0,1,0.5676371073814253
1.0,24.9,13.51,1,0,0,0.35303745180350027
1.0,189.9,20.21,1,0,0,0.3186363114500781
,,,1,0,1,0.5676371073814253
1.0,79.0,14.3,1,0,0,0.3415900864735789
1.0,105.0,23.31,1,0,0,0.28787041882486736
1.0,69.9,18.06,1,0,0,0.2225831683289748
2.0,189.9,18.84,1,0,1,0.5189599659910009
1.0,209.99,31.94,1,0,0,0.37045420946913377
2.0,178.0,36.84,1,0,0,0.30899355948507895
1.0,167.0,11.79,1,0,0,0.35048857037995745
5.0,117.4,75.50999999999999,1,0,0,0.4882543450087699
1.0,34.99,18.35,1,0,0,0.2494456773697299
1.0,39.9,15.79,1,0,0,0.4415404068068845
1.0,92.9,21.14,1,0,0,0.41757146939136275
2.0,159.98,26.44,1,0,1,0.556786975709787
1.0,122.99,14.61,1,0,0,0.3173550784534548
1.0,24.99,14.52,1,0,0,0.46167200321207996
1.0,16.9,18.23,1,0,0,0.35776716069250947
2.0,91.8,25.38,1,0,0,0.41371800463147784
1.0,329.99,106.39,1,0,0,0.3282109652639218
1.0,39.99,15.79,1,0,0,0.44802893133546984
1.0,57.7,26.7,1,0,0,0.39383663150710957
1.0,59.0,17.66,1,0,0,0.4623929022678652
1.0,164.0,19.03,1,0,0,0.34156264398957764
1.0,228.8,16.7,1,0,0,0.35052301235955485
1.0,27.9,20.4,1,0,0,0.27614799750293967
1.0,74.99,17.77,1,0,0,0.4480465111960668
1.0,50.0,13.71,1,0,0,0.3337024940429293
1.0,169.9,14.3,1,0,0,0.2844740680594676
1.0,47.0,13.37,1,0,0,0.38437340250939145
1.0,56.9,15.28,1,0,0,0.3808567032794189
1.0,199.99,16.14,1,0,0,0.36052944823268296
1.0,39.9,15.79,1,0,0,0.4415404068068845
1.0,299.9,23.84,1,0,0,0.176523691001048
1.0,57.99,16.17,1,0,0,0.46912493794994664
1.0,129.0,16.53,1,0,0,0.3495437606779057
1.0,24.5,11.85,1,0,0,0.43901776656527913
1.0,39.99,10.96,1,0,0,0.44568173460029226
1.0,99.9,15.45,1,0,0,0.35909356857621
1.0,149.0,14.79,1,0,0,0.3480204525245888
1.0,37.99,16.79,1,1,0,0.4257815190123948
1.0,99.9,14.43,1,0,0,0.3528633668380584
1.0,108.0,12.71,1,0,0,0.3052390557392666
1.0,119.0,20.07,1,0,0,0.28111064363057403
1.0,49.99,7.78,1,0,0,0.4332548548918797
1.0,29.9,22.14,1,0,0,0.4271495823262677
1.0,259.9,45.53,1,1,0,0.29820789598531644
1.0,419.9,36.74,1,0,0,0.29069539305315467
1.0,1999.99,34.49,1,0,0,0.21653908462106358
1.0,69.99,17.74,1,0,0,0.47655373814709945
1.0,39.9,14.1,1,0,0,0.4487027603866264
1.0,99.9,23.31,1,0,0,0.30291081537101117
1.0,179.0,12.46,1,0,0,0.36440125004169927
1.0,39.99,18.38,1,1,0,0.23999354393401315
1.0,65.0,24.94,1,0,0,0.27364835883237004
2.0,209.42,37.22,1,0,0,0.3151223810082177
1.0,84.99,18.7,1,0,0,0.17859721724001051
2.0,198.0,46.0,1,0,0,0.40135466291034283
1.0,29.0,7.78,1,0,0,0.4114624963538499
1.0,139.99,14.37,1,0,0,0.34181110823733174
1.0,20.3,8.11,1,0,0,0.44090482685717586
1.0,84.0,12.72,1,0,1,0.5838628970970952
1.0,47.49,9.94,1,0,0,0.43698360081838494
1.0,94.9,16.42,1,0,0,0.42569916393918245
1.0,29.9,15.1,1,0,0,0.4436085002978538
1.0,87.9,13.74,1,0,0,0.3549726062116396
1.0,131.99,9.74,1,0,0,0.3300869206374327
1.0,39.9,22.85,1,0,0,0.34458637259748776
1.0,35.9,14.1,1,0,0,0.42279065050457837
2.0,99.8,74.52,1,0,0,0.4987704362374237
1.0,99.0,38.53,1,0,0,0.34616868477476487
1.0,89.9,23.43,1,0,0,0.45070374615539954
1.0,65.0,7.72,1,0,0,0.1527344193362483
1.0,99.99,14.43,1,0,0,0.3397307417540725
1.0,93.9,9.46,1,0,1,0.5219286896970924
1.0,99.0,18.93,1,0,0,0.25543022873359156
1.0,77.9,23.35,1,0,0,0.3188164808082198
1.0,37.99,18.23,1,0,0,0.3211079048549335
1.0,169.9,12.69,1,0,0,0.27318490146877217
1.0,338.0,50.74,1,0,0,0.2940663498206961
1.0,29.99,15.1,1,0,0,0.4375317102191416
1.0,65.9,12.8,1,1,0,0.33053769124968424
1.0,59.0,11.91,1,0,0,0.43281029020852835
2.0,399.98,105.9,1,1,1,0.5229003914183395
1.0,45.9,14.13,1,0,0,0.4044660017787371
1.0,59.0,7.39,1,0,0,0.10623584077039983
1.0,48.9,13.71,1,0,0,0.34251060691525914
1.0,189.9,19.21,1,0,0,0.33746537442081415
1.0,95.03,17.92,1,0,0,0.2677487358835382
1.0,69.9,11.99,1,0,0,0.44361925254539225
1.0,29.9,11.74,1,0,0,0.43029201987465515
3.0,599.7,82.44,1,0,0,0.4774687623436545
1.0,46.99,23.13,1,0,0,0.23514335659284902
2.0,599.8,31.66,1,0,0,0.47504477157187874
1.0,209.9,24.05,1,0,0,0.3029214661423556
1.0,668.0,17.7,1,0,0,0.20789886144839403
1.0,110.0,14.5,1,0,0,0.369766534256124
1.0,149.9,9.24,1,0,0,0.34943659960104234
1.0,48.9,17.6,1,0,0,0.4311357987720108
2.0,299.8,40.48,1,0,0,0.3481757203622333
1.0,125.0,18.12,1,0,0,0.3282728822345637
1.0,58.99,16.73,1,0,0,0.470678196644715
1.0,89.8,15.38,1,0,1,0.5489267304497712
1.0,105.0,15.64,1,0,0,0.3672304922286418
1.0,93.33,12.15,1,1,0,0.4655928319878059
1.0,130.0,21.31,1,0,0,0.38088512015014286
1.0,24.9,12.48,1,0,0,0.46106710369362197
1.0,13.33,15.23,1,0,0,0.3123113547760709
1.0,99.0,15.44,1,0,0,0.3710530202068443
1.0,99.0,17.13,1,0,0,0.34895152521594097
1.0,39.0,17.93,1,0,0,0.37965675941807564
1.0,69.9,15.59,1,0,0,0.3947781208041412
1.0,19.9,13.47,1,0,0,0.3427726932483337
1.0,83.9,16.56,1,0,0,0.4062358841959989
1.0,48.9,17.92,1,0,0,0.4892780784880207
1.0,74.9,9.74,1,0,0,0.42836413913867755
1.0,25.0,15.79,1,0,0,0.3807033093013996
1.0,12.9,7.39,1,0,0,0.0971836490901855
1.0,129.0,26.18,1,0,0,0.30607347728568535
1.0,195.0,25.86,1,0,0,0.4419424765908419
1.0,77.99,7.8,1,0,0,0.37605920421303646
1.0,89.9,18.2,1,0,0,0.12770402033511116
1.0,120.0,9.04,1,0,0,0.3424415376694966
2.0,88.0,44.48,1,0,0,0.41880211952577445
1.0,49.9,18.45,1,0,0,0.25578428522000335
6.0,900.0,98.1,1,0,0,0.4330085153215208
2.0,254.54,26.66,1,0,0,0.31758465421683507
1.0,49.0,18.49,1,0,0,0.25387135595496674
3.0,72.0,38.37,1,0,1,0.6366058276588401
1.0,199.9,18.97,1,0,0,0.3152840028975814
1.0,249.9,66.08,1,0,0,0.31588288625857797
1.0,219.99,37.05,1,0,0,0.30783318777241647
2.0,934.0,38.48,1,0,1,0.5508698463853252
1.0,320.99,12.86,1,0,0,0.25275088813513397
1.0,109.9,20.01,1,0,0,0.2737116256719037
1.0,389.9,63.68,1,0,0,0.37172685840695674
1.0,405.99,36.6,1,0,0,0.2897583278486846
1.0,79.9,17.81,1,0,0,0.45272836422225177
2.0,105.98,38.68,1,0,0,0.3303809345102722
1.0,329.0,25.23,1,0,0,0.2518552982165875
1.0,999.99,101.52,1,0,0,0.1666101871944637
1.0,599.9,13.61,1,0,0,0.31245449374580797
1.0,149.99,18.62,1,0,0,0.23222242693169878
1.0,69.9,56.38,1,0,0,0.30090459435702843
1.0,25.99,11.85,1,0,0,0.42375380171243426
1.0,130.0,18.49,1,0,0,0.3624991550418427
1.0,69.9,16.93,1,0,1,0.5232079710857971
1.0,49.0,18.44,1,0,0,0.2562731514447186
1.0,102.49,57.2,1,0,0,0.34073647416748165
1.0,57.9,13.99,1,0,0,0.33073095175679457
2.0,119.94,42.39,3,1,1,1.0
1.0,24.99,7.78,1,0,0,0.466656290795292
1.0,25.99,17.63,1,0,0,0.4910768192118701
1.0,98.8,17.94,1,0,0,0.2523744969643505
1.0,18.9,16.79,1,0,0,0.4236639738603363
1.0,79.9,26.86,1,0,0,0.3676560492813433
2.0,235.8,25.66,1,0,0,0.35549324481240097
1.0,15.0,11.85,1,0,0,0.42986790882163056
,,,1,0,1,0.5676371073814253
1.0,78.45,19.95,1,0,0,0.38392492340858253
1.0,10.6,15.1,1,0,0,0.45359944614813835
1.0,107.94,25.25,1,0,0,0.326510550736779
1.0,43.0,7.87,1,0,0,0.3900541655731224
1.0,115.19,18.91,1,0,0,0.27086465738455007
1.0,59.9,16.67,1,0,0,0.4285027739037726
3.0,897.0,71.88,1,0,0,0.4971374650366218
1.0,189.9,14.59,1,0,0,0.4904330020297587
1.0,16.9,8.27,1,0,0,0.4455923872612423
1.0,170.9,8.94,1,0,0,0.2390525894976794
1.0,63.9,17.7,1,0,0,0.4292081995732147
1.0,149.0,17.78,1,0,0,0.3232676375049607
2.0,270.0,36.76,1,1,0,0.3448234250975598
1.0,16.04,15.1,1,0,0,0.4299604423787041
1.0,25.9,7.78,1,0,0,0.37976652256602533
2.0,47.0,36.46,1,0,0,0.34573257068279517
1.0,149.9,18.62,1,0,0,0.3042726662072225
1.0,40.0,23.08,1,0,0,0.4179433061380577
1.0,39.9,19.32,1,0,0,0.3467654873802078
1.0,1199.9,25.69,1,0,0,0.32265630065949347
1.0,58.9,26.49,1,0,0,0.40529727339503735
1.0,109.9,18.65,1,0,0,0.26797184066163954
1.0,129.99,12.11,1,0,0,0.38616156944646624
2.0,59.98,30.46,1,0,0,0.44496980385819057
1.0,59.9,23.57,1,0,0,0.2681893656448959
1.0,29.42,11.15,1,0,0,0.43283442965190083
1.0,129.9,47.21,1,0,0,0.34963910912663565
2.0,278.0,38.42,1,0,0,0.40683219165959644
1.0,22.9,15.1,1,0,0,0.43828981965850555
1.0,95.0,14.76,1,0,0,0.27627986976140284
1.0,18.95,13.47,1,0,0,0.33969046062310665
1.0,96.99,7.94,1,0,0,0.45689730779545573
1.0,49.9,12.93,1,0,0,0.37327300403056296
1.0,29.9,23.01,1,1,0,0.42696716703193566
1.0,380.0,39.06,1,1,0,0.2766894280104703
1.0,39.52,8.29,1,0,0,0.410618934742503
1.0,120.0,14.59,1,0,0,0.3313565245789882
1.0,79.9,23.43,1,0,0,0.3320304181696092
1.0,194.9,16.11,1,0,1,0.5108568025893998
1.0,15.9,15.1,1,0,0,0.4279175680994815
1.0,29.9,18.31,1,0,0,0.2972676002910965
1.0,195.5,24.24,1,0,0,0.4283579912311545
1.0,640.0,58.9,1,0,0,0.12010529677844789
1.0,725.0,20.3,1,0,0,0.28851708050391517
1.0,687.0,42.65,1,0,0,0.246044987664702
1.0,14.9,15.1,1,0,0,0.41260711046516896
1.0,32.99,7.78,1,1,0,0.40640166893639346
2.0,349.8,40.18,1,0,0,0.4062681371200656
1.0,41.99,18.39,1,0,0,0.2499600516362324
1.0,109.9,59.32,1,0,0,0.34472131452388005
1.0,118.99,21.23,1,0,0,0.3600871107853031
1.0,89.9,16.39,1,0,1,0.5261852085404732
2.0,519.8,37.06,6,1,1,0.9992592592592593
1.0,180.0,8.68,1,0,0,0.31124531667840494
1.0,48.9,15.1,1,0,0,0.41722703010297785
1.0,75.0,13.08,1,0,0,0.39373670101325764
1.0,150.0,23.63,1,0,0,0.2051967462601014
1.0,49.9,13.93,1,0,0,0.33280578270483585
1.0,100.0,8.82,1,0,0,0.21453097252626635
1.0,229.99,14.16,1,0,0,0.34981638818110733
2.0,99.8,25.58,1,0,0,0.42398531037131115
1.0,109.9,14.94,1,0,0,0.32703637796596985
1.0,235.0,35.19,1,0,0,0.31862731358316854
1.0,75.0,62.35,1,0,0,0.3059649781905884
1.0,12.0,11.85,1,0,1,0.5034398852022184
1.0,229.99,26.06,1,0,0,0.4233793906966479
1.0,121.97,17.1,1,0,0,0.3575684056083673
1.0,249.9,34.83,1,0,0,0.29735419665691165
1.0,134.9,21.43,1,0,0,0.4091805786785358
1.0,120.9,17.1,1,0,0,0.34614652033573134
1.0,139.0,16.07,1,0,0,0.3269222009195499
1.0,227.0,16.34,1,1,0,0.29250916662398496
1.0,27.99,15.79,1,0,0,0.34231955532589997
1.0,59.9,11.81,1,0,0,0.43611308775547986
1.0,249.9,83.61,1,0,0,0.3004265755301514
1.0,199.7,18.65,1,0,0,0.34903595579573654
1.0,150.0,28.03,1,0,0,0.2659497453653192
1.0,45.0,14.63,1,0,0,0.39037448198969843
1.0,150.0,28.0,1,0,0,0.2659497453653192
1.0,69.9,15.24,1,0,0,0.4283950751924322
1.0,3999.0,195.76,1,0,0,0.38518168985207346
1.0,24.9,18.23,1,0,0,0.12924619083124259
3.0,151.88,53.8,1,0,0,0.47746095658828047
1.0,179.99,20.99,1,0,0,0.4527810232639755
1.0,111.9,15.53,1,0,0,0.36679549092162833
1.0,65.9,12.8,1,0,0,0.33053769124968424
1.0,220.0,27.62,1,0,0,0.3768439123022926
1.0,24.9,15.1,1,0,0,0.46022497300716375
1.0,69.9,17.06,1,0,1,0.5307341952101327
1.0,31.71,7.87,1,0,0,0.3920683389343767
1.0,194.0,17.12,2,1,1,1.0
1.0,108.99,16.39,1,0,0,0.32914122385866973
1.0,99.9,19.94,1,0,0,0.23065865248384104
1.0,69.9,11.73,1,0,0,0.4383525213483977
1.0,59.9,11.92,1,0,0,0.4376083001455039
1.0,55.0,16.83,1,0,0,0.4689354884100328
1.0,16.0,15.1,1,0,0,0.4299604423787041
1.0,149.9,19.59,1,0,0,0.27350946923849817
1.0,198.5,65.62,1,0,0,0.3595961802569743
1.0,39.99,15.1,1,0,0,0.46831082957734416
1.0,22.9,11.85,1,0,0,0.4396502132254593
1.0,25.0,15.1,1,0,0,0.46022497300716375
1.0,17.99,15.1,1,0,0,0.42323871961234033
1.0,14.9,12.79,1,0,0,0.29450952208336006
1.0,72.62,16.27,1,0,1,0.5523143608619407
1.0,12.88,8.27,1,0,1,0.5002905623656072
1.0,539.0,91.28,1,0,0,0.3229864146605513
1.0,39.9,17.63,1,0,0,0.45401622953958204
1.0,149.9,17.49,1,0,0,0.3405712848531972
1.0,22.99,25.63,1,0,0,0.42160343229384234
1.0,54.99,18.26,1,0,0,0.28936204254005027
1.0,29.9,7.78,1,0,0,0.40689404210884805
1.0,38.9,25.63,1,0,0,0.39428808540427657
1.0,36.5,12.43,1,0,0,0.4236727785738007
1.0,35.9,16.11,1,0,0,0.4697240559111821
1.0,49.9,34.15,1,0,0,0.4044484962403023
1.0,55.0,21.19,1,0,0,0.32355518336551886
1.0,53.99,15.13,1,0,0,0.4183897276528888
1.0,69.9,0.0,1,0,0,0.04745360653759695
1.0,98.44,13.81,1,0,0,0.30099143096984426
1.0,49.0,11.85,1,0,0,0.4313913088318721
1.0,26.0,11.85,1,0,0,0.44897494308376273
1.0,319.0,16.98,1,0,0,0.2048512085378977
1.0,129.0,8.16,1,0,0,0.3029940056714379
1.0,109.9,26.91,1,0,0,0.3199687184260786
2.0,239.98,89.28,1,0,0,0.30071969111595787
1.0,24.5,11.85,1,0,0,0.43901776656527913
1.0,69.9,16.25,1,0,1,0.5604267480009151
1.0,229.99,12.81,1,0,0,0.37825384637334536
1.0,17.9,18.23,1,0,0,0.35776716069250947
1.0,19.9,16.79,1,0,0,0.405032835846471
2.0,186.0,31.9,1,0,1,0.5364701196443479
1.0,87.0,13.63,1,0,0,0.3397280682374169
,,,2,1,1,1.0
1.0,32.0,15.23,1,0,0,0.3684397153674936
2.0,85.9,30.2,1,0,0,0.45003357133179134
1.0,149.9,36.56,1,0,0,0.3421296082751712
1.0,26.99,19.04,1,0,0,0.09468029927638949
2.0,99.8,15.56,1,0,1,0.7720991581022422
1.0,67.99,11.87,1,0,0,0.4395942814851237
1.0,82.99,23.16,1,0,0,0.16253244313615642
1.0,249.9,18.46,1,0,0,0.32996703694093255
1.0,13.65,14.1,1,0,0,0.3827804234166249
1.0,44.9,9.09,1,0,0,0.3958003648084455
1.0,95.0,15.77,1,0,1,0.5706591786787738
3.0,524.98,65.65,1,0,1,0.5566713144404087
1.0,219.9,35.34,1,0,0,0.3184075203275373
1.0,99.9,20.95,1,0,0,0.31590449681391947
1.0,45.0,17.25,1,0,0,0.4061992796016629
1.0,21.99,12.79,1,0,0,0.342936200297902
1.0,49.9,13.37,1,0,0,0.3747613173881522
1.0,159.0,20.35,1,0,0,0.2553982049499745
1.0,89.9,15.38,1,0,1,0.5942572858010134
1.0,14.9,7.71,1,0,0,0.017771542967324427
2.0,159.8,25.38,1,0,1,0.5654253241676126
1.0,32.2,9.34,1,0,0,0.43430928307910827
1.0,150.0,15.8,1,0,0,0.23658874026327809
1.0,108.9,15.07,1,0,0,0.3179097767703589
1.0,109.9,20.01,1,0,0,0.2737116256719037
2.0,51.8,15.56,1,0,0,0.24168110743129428
1.0,118.9,18.08,1,0,0,0.32594163137614723
1.0,69.0,15.36,1,0,0,0.4170079122114638
1.0,24.9,18.27,1,1,0,0.09951619718960845
1.0,39.9,7.71,1,0,0,0.10018071229434844
1.0,69.9,15.7,1,0,0,0.49753864311699253
1.0,59.99,16.18,1,0,0,0.43541799851785346
1.0,310.0,86.97,1,0,0,0.28115531896497703
1.0,329.0,17.21,1,0,0,0.2982119081553627
1.0,40.0,7.39,1,0,0,0.4725441606271793
,,,1,0,1,0.5676371073814253
1.0,31.9,15.1,1,0,0,0.43932686784736347
1.0,55.0,18.27,1,0,0,0.2833135761905096
1.0,99.9,13.25,1,0,0,0.3705688926051634
1.0,39.9,8.11,1,0,0,0.4185348318720629
1.0,78.9,12.68,1,1,0,0.44250926301807814
1.0,88.9,14.7,1,0,0,0.3219449829659372
1.0,69.9,8.72,1,0,0,0.4125591446677574
1.0,35.0,16.11,1,1,0,0.4649945874446278
1.0,146.99,13.58,1,0,0,0.3234767990458967
1.0,15.9,42.38,1,0,0,0.41443347868324637
1.0,89.9,17.88,1,0,1,0.5669409744949782
1.0,289.9,10.22,1,0,0,0.2891239138723149
1.0,35.0,7.78,1,0,0,0.41497547717166416
1.0,130.0,20.15,1,0,0,0.2599399653227319
1.0,89.99,8.98,1,0,1,0.5923791726860421
1.0,19.99,18.59,1,0,0,0.12081527571694356
1.0,28.9,7.78,1,0,0,0.41263482976848453
1.0,19.99,24.84,1,0,0,0.2758417596210672
1.0,65.0,9.94,1,0,0,0.4366896226857728
1.0,133.6,27.02,1,0,0,0.3157275496824592
1.0,14.9,12.35,1,1,0,0.4175260426449384
1.0,17.99,7.39,1,0,0,0.05582443140020547
1.0,55.0,17.64,1,0,1,0.5022239170722199
1.0,89.9,17.88,1,1,1,0.5669409744949782
1.0,144.9,21.65,10,1,1,1.0
1.0,192.9,20.54,1,0,0,0.4132129484412384
1.0,31.9,12.69,1,0,0,0.4925614963490571
1.0,527.9,21.8,1,0,0,0.3726228845530647
1.0,24.9,22.06,1,0,0,0.2524165031324486
1.0,109.9,29.17,1,0,0,0.3383030691042189
2.0,210.0,33.4,1,0,0,0.48138854798605785
1.0,269.0,17.09,1,0,0,0.27447799379112664
1.0,369.99,87.65,1,0,0,0.30790592104576686
1.0,104.0,42.76,1,0,0,0.34865518949221985
1.0,42.9,14.52,1,0,0,0.3705086414787329
1.0,39.99,16.79,1,0,0,0.4309338927440559
2.0,39.8,33.58,1,0,1,0.5100144387771475
2.0,119.8,17.76,1,0,0,0.2153066157612817
1.0,240.35,19.25,1,0,0,0.28546287535237613
1.0,149.99,34.71,1,0,0,0.23796965168821685
1.0,19.9,14.11,1,0,0,0.4336232679023935
1.0,108.54,13.78,1,0,0,0.3187328174359476
1.0,24.99,8.34,1,0,0,0.41437864926650564
2.0,52.27,35.56,1,0,0,0.44444694008372704
1.0,47.9,24.48,1,0,0,0.32387740275621185
1.0,109.0,30.29,1,0,0,0.32266363800285314
1.0,99.9,19.89,1,0,0,0.2296858450556263
1.0,179.9,26.1,2,1,1,1.0
1.0,109.9,13.21,1,0,0,0.3329320048183382
1.0,100.0,15.45,1,0,0,0.3456323736667644
1.0,1399.0,16.66,1,0,0,0.07394465304698734
2.0,358.0,56.08,1,0,0,0.22482526577972242
2.0,160.44,29.46,1,1,1,0.5446418877351948
2.0,337.49,17.84,1,0,0,0.10096432774025844
1.0,59.9,17.67,1,0,0,0.42173401220594686
1.0,759.0,44.24,1,0,0,0.3303972264529596
1.0,29.99,7.78,1,0,0,0.40712747008579875
1.0,249.9,14.41,1,0,0,0.3368814613854056
1.0,219.9,18.28,1,0,0,0.34240362622660114
1.0,284.8,19.87,1,0,0,0.3270344176560103
1.0,169.99,38.33,1,0,0,0.3051704470029733
1.0,399.0,22.03,1,0,0,0.29770489937348954
1.0,59.9,17.67,1,0,0,0.42173401220594686
1.0,98.99,15.8,1,0,0,0.2830267460772517
1.0,56.99,15.15,1,0,0,0.4183760597418685
1.0,29.9,15.31,1,0,0,0.34684929110459645
1.0,47.0,15.1,1,0,0,0.41900486897480516
1.0,43.9,19.59,1,0,1,0.5792988204836903
1.0,110.0,39.06,1,0,0,0.33394881517732233
1.0,169.99,13.74,1,0,0,0.2649845977674577
1.0,59.9,15.86,1,1,0,0.4143559557934518
1.0,99.9,11.9,1,0,0,0.33443396863250774
1.0,89.5,15.7,1,0,1,0.5626852757886818
1.0,43.99,16.11,1,0,0,0.44926750659106185
1.0,129.0,33.35,1,0,0,0.31391742595728
1.0,120.9,59.86,1,0,0,0.3317037843956803
1.0,38.25,9.94,1,1,0,0.4444907439477106
1.0,24.95,16.11,1,0,0,0.47994284776126356
1.0,549.9,21.95,1,0,0,0.36251001664034277
1.0,22.0,12.79,1,0,0,0.3487289877843295
1.0,199.9,21.89,1,1,1,0.5888939030989668
1.0,58.5,22.99,1,0,0,0.23775427864180856
1.0,229.99,17.24,1,0,0,0.3945660902328555
4.0,279.96,63.72,1,0,1,0.5294077628905093
1.0,139.99,18.27,5,1,1,1.0
1.0,117.0,26.1,1,0,0,0.3001752173568017
1.0,75.0,13.08,1,0,0,0.39373670101325764
1.0,136.99,43.02,1,0,0,0.3290338611898094
1.0,39.99,15.1,1,0,0,0.46831082957734416
1.0,46.9,15.1,1,0,0,0.4180928843719478
1.0,129.9,15.67,1,0,0,0.3452125472308687
1.0,112.5,29.83,1,0,0,0.3210226896857244
,,,1,0,1,0.5676371073814253
1.0,154.69,16.71,1,0,0,0.38233021120329286
1.0,129.0,21.74,1,0,0,0.3450051701087928
1.0,66.99,18.57,1,0,0,0.23700904619420052
1.0,45.0,12.48,1,0,0,0.43186252198284053
1.0,49.9,15.1,1,0,0,0.41629867076139715
1.0,55.9,16.15,1,0,0,0.4623587621804021
1.0,15.0,12.79,1,0,0,0.29240386716378985
1.0,15.12,13.47,1,0,0,0.3104429677582767
1.0,87.99,17.87,1,0,0,0.4099576215343795
1.0,28.99,18.3,1,0,0,0.25694434059472526
1.0,589.0,20.56,1,0,0,0.34264189297165354
1.0,97.9,13.71,1,0,1,0.540177671244347
1.0,79.99,18.44,1,0,0,0.2588195288841161
1.0,94.9,23.81,1,0,0,0.29972765126131456
1.0,99.99,16.95,1,0,0,0.36893118306856215
1.0,49.0,7.39,1,0,0,0.4499145352751962
1.0,109.0,8.51,1,0,0,0.34297371447462166
1.0,269.0,10.84,1,0,0,0.30691884975674544
2.0,124.8,19.98,1,0,0,0.4061523535885984
1.0,104.0,35.86,1,0,0,0.34812119856338297
1.0,149.99,25.89,1,0,0,0.22536234320536983
2.0,119.8,31.26,1,0,0,0.4386688211337333
1.0,29.9,16.11,1,0,0,0.4504279816054427
1.0,693.0,143.67,1,0,0,0.22082823023863976
1.0,68.9,17.22,1,0,1,0.5247940749872715
1.0,69.9,47.78,1,0,0,0.36305297234177103
1.0,165.0,15.91,1,0,0,0.4043464757033176
1.0,85.39,20.55,1,0,0,0.38170048597958195
1.0,20.0,18.63,1,0,0,0.1369988161896081
1.0,149.9,14.78,1,0,0,0.34611941557088655
1.0,69.99,8.72,1,0,0,0.41051405092778964
1.0,42.0,19.32,1,0,0,0.33438668882732286
1.0,135.0,27.03,1,0,0,0.3185928649683875
1.0,89.99,22.5,1,1,0,0.35341915302235644
1.0,78.0,7.81,1,0,0,0.33035365614135787
1.0,24.99,15.23,1,0,0,0.32525881916312
1.0,106.99,30.59,1,0,0,0.343862343078195
1.0,34.0,17.17,1,1,0,0.42663043093256625
2.0,152.98,8.28,1,0,0,0.2032631347568847
2.0,259.93,43.83,1,0,0,0.4045487967440258
1.0,17.65,13.47,1,0,0,0.3275928913951681
1.0,23.9,10.96,1,0,0,0.43864019874121124
1.0,32.0,18.23,1,0,0,0.315288173612462
1.0,199.0,18.94,1,0,0,0.2880890622296017
1.0,24.07,16.05,1,0,1,0.555921208138108
1.0,13.7,14.1,1,0,0,0.38367852358933646
1.0,71.0,11.73,1,0,0,0.43171802990186725
1.0,229.0,17.87,1,0,0,0.3544132204331514
1.0,52.9,14.68,1,0,0,0.40859871922197283
1.0,49.9,8.72,1,0,0,0.4089226900140161
1.0,25.0,11.73,1,0,0,0.4594590352961885
1.0,13.65,7.78,1,0,0,0.46663945425457637
1.0,24.5,15.1,1,0,0,0.45167427923230663
1.0,79.9,19.75,1,0,0,0.4503846096723919
1.0,260.0,19.7,1,0,0,0.32185778684166727
1.0,15.75,14.52,1,0,0,0.42535509293374907
1.0,597.9,21.44,1,0,0,0.2604252747773783
2.0,44.0,30.2,1,0,0,0.3892163255398775
1.0,29.9,14.1,1,0,0,0.43005889102260964
1.0,84.99,7.85,1,0,0,0.44779127148721404
1.0,239.99,15.43,1,0,0,0.2860238911322752
1.0,19.9,9.34,1,0,0,0.4588603873108049
1.0,146.3,19.99,1,0,0,0.252346934118148
1.0,38.9,14.1,1,0,0,0.4467029854130866
1.0,87.0,15.37,1,0,0,0.37362808207937664
3.0,299.70000000000005,36.57,1,0,0,0.4791737144892534
1.0,42.0,18.23,1,0,0,0.2555970562491798
1.0,49.99,8.72,1,0,0,0.40626686345575047
1.0,699.99,40.56,1,0,0,0.23326461639047655
1.0,39.9,19.04,1,0,0,0.2832169524317337
1.0,74.0,14.83,1,0,0,0.40406528890942595
1.0,86.5,13.05,1,0,0,0.4414435366531681
1.0,59.9,50.92,1,1,0,0.3673829539690725
2.0,540.0,33.56,1,0,1,0.5138724854486939
1.0,119.99,14.61,1,0,0,0.35319907427568437
1.0,116.0,11.42,2,1,1,1.0
1.0,18.9,17.06,1,0,0,0.40795504607979927
1.0,599.65,29.48,1,0,0,0.13818121142487874
1.0,190.83,16.09,1,0,0,0.49854687230064715
2.0,89.98,39.18,1,0,0,0.3299355971696111
1.0,108.0,27.61,1,0,0,0.3229101270367786
1.0,35.89,18.23,1,0,0,0.32355611750579844
1.0,169.0,34.98,1,0,0,0.31454695415741524
1.0,39.99,7.39,1,0,0,0.43799087447705026
1.0,55.0,11.89,1,0,0,0.4355733207023014
1.0,149.0,12.54,1,0,0,0.31214819804824506
1.0,179.0,27.49,1,0,0,0.239719169233495
1.0,16.9,17.63,1,0,0,0.41719071650965417
1.0,180.0,17.7,1,0,0,0.4072804604825148
1.0,86.9,42.47,1,0,0,0.34131222937157085
1.0,79.9,23.43,1,0,0,0.3320304181696092
1.0,25.9,15.1,1,0,0,0.4430954643422537
1.0,26.7,25.63,1,0,0,0.3653696859041474
1.0,39.12,15.37,1,0,0,0.4122855179277482
1.0,174.99,19.03,1,0,0,0.31174212926493633
1.0,84.99,16.35,1,0,0,0.4945762007310757
1.0,59.9,19.66,1,0,0,0.4172820594413882
1.0,279.99,22.45,1,0,0,0.3742222660777906
1.0,269.9,33.49,1,0,0,0.3313480299515576
1.0,45.0,12.69,1,0,1,0.5117479146314738
1.0,32.0,15.1,1,0,0,0.4392473354608425
1.0,120.0,37.75,1,0,0,0.31901769524438905
1.0,28.99,18.23,1,0,0,0.2897553300109066
2.0,76.0,18.04,1,0,0,0.42929010493640246
1.0,62.0,8.59,1,0,0,0.40356047446145976
1.0,119.9,13.86,1,0,0,0.37024965985444475
1.0,155.99,16.72,1,0,0,0.35539516108021996
1.0,219.0,0.0,1,0,0,0.3196299414339897
1.0,150.0,15.36,1,0,0,0.38636623893367
1.0,179.0,45.71,1,0,0,0.26576824793942627
1.0,88.9,26.7,1,0,0,0.4168751301897524
1.0,2.29,7.78,1,0,1,0.7270441065045687
1.0,139.99,23.91,1,0,0,0.3390960608824021
1.0,47.6,11.85,1,0,0,0.4300926719820825
1.0,39.9,16.11,1,0,0,0.44885536465370424
1.0,89.9,15.38,1,0,1,0.5942572858010134
1.0,29.5,10.96,1,0,0,0.4356050494794229
1.0,180.0,22.1,1,0,0,0.4869366904057538
1.0,27.3,8.11,1,0,0,0.3781595861666753
1.0,29.0,16.79,1,0,0,0.4174734599733969
1.0,16.9,12.48,1,0,0,0.44489370007879786
1.0,110.32,7.96,1,0,0,0.3558713676831835
1.0,34.99,10.96,1,0,0,0.42980575587030584
1.0,199.99,8.26,1,0,0,0.26768682440109526
1.0,14.99,8.29,1,0,0,0.3848920261335275
1.0,49.0,14.72,1,0,0,0.407590240609964
1.0,159.9,19.22,1,0,0,0.3181480771973751
1.0,89.9,17.88,1,0,1,0.5669409744949782
1.0,89.9,21.08,1,0,0,0.4546210474622014
1.0,18.9,7.55,1,0,0,0.019249864207283897
1.0,252.0,46.22,1,0,0,0.29281787269105203
1.0,119.9,14.59,1,0,0,0.36620687129457946
1.0,29.9,15.1,1,0,0,0.4436085002978538
1.0,19.99,15.1,1,0,0,0.44740981797417323
2.0,274.9,43.47,1,0,0,0.4270409033524667
1.0,79.0,15.3,1,0,0,0.3609054783601947
1.0,39.0,16.92,1,0,0,0.4354820009110793
1.0,269.0,14.44,1,0,0,0.30076355255126597
1.0,205.0,26.27,1,0,0,0.45565031373445786
1.0,34.2,11.89,1,0,0,0.42491716391293993
1.0,129.9,50.0,1,1,0,0.331997979887163
1.0,118.0,19.8,1,0,0,0.28010027766484713
1.0,37.99,29.55,1,0,0,0.4034806105408089
1.0,60.0,16.61,1,0,0,0.4542614584660864
1.0,14.0,14.43,1,0,0,0.3925947503807666
1.0,36.5,37.04,1,0,0,0.3561156299290994
1.0,49.0,14.1,1,0,0,0.39364138254956893
1.0,15.99,7.39,1,0,0,0.037290763451681246
1.0,149.9,14.82,1,0,0,0.3492417784400848
1.0,100.0,26.78,1,0,0,0.35927555674731704
1.0,159.99,7.98,1,0,0,0.2610015314435788
1.0,85.0,20.08,1,1,1,0.6396883093844087
1.0,21.9,21.15,1,0,1,0.5037546150040106
1.0,549.99,63.79,1,0,0,0.36229250193073803
1.0,16.5,12.93,1,0,0,0.36089125651808096
1.0,149.0,43.45,1,0,0,0.3279676490487807
1.0,5.99,18.23,1,0,0,0.23165022644214817
2.0,219.98,18.24,1,1,0,0.3441806684525321
1.0,31.9,15.79,1,0,0,0.39915634539701883
1.0,89.9,23.39,1,0,0,0.43058770820533027
1.0,59.9,13.57,1,0,0,0.3297116850752632
1.0,120.9,53.21,1,0,0,0.32407126128653163
1.0,38.9,15.79,1,0,0,0.4344637278414863
1.0,590.82,19.9,1,0,0,0.22499649390110785
1.0,24.9,27.12,1,0,0,0.48365071119513403
1.0,197.0,27.7,1,0,0,0.41005178308577006
1.0,59.9,12.48,1,0,0,0.441059982425762
2.0,358.0,96.66,1,0,0,0.21764786660487018
1.0,91.5,13.66,1,0,0,0.43541030326202473
1.0,99.9,12.43,1,0,0,0.33747250708646076
1.0,119.8,27.16,1,1,0,0.30277494312947195
1.0,89.99,13.07,1,0,1,0.5052871501467291
1.0,139.9,12.18,1,0,0,0.31773509223556884
1.0,139.9,31.73,1,0,0,0.3390716905502201
1.0,99.0,33.08,1,0,0,0.3600085116428589
1.0,189.9,31.17,1,0,0,0.44831011015211203
1.0,79.0,16.74,1,0,1,0.5027340732350085
1.0,399.9,36.41,1,0,0,0.2937588550663787
1.0,79.9,19.75,1,0,0,0.4503846096723919
1.0,27.5,22.06,7,1,1,1.0
1.0,122.99,18.74,1,0,0,0.24579542139873026
1.0,119.99,18.09,1,0,0,0.35137359105629473
1.0,169.99,41.48,1,0,0,0.3069764152698661
1.0,114.0,18.9,1,0,0,0.29119687164909874
1.0,20.3,18.23,1,0,0,0.15564963340797797
1.0,69.99,11.73,1,0,0,0.43450363859323604
2.0,215.98,31.72,1,0,1,0.5225213438851222
,,,1,0,1,0.5676371073814253
1.0,49.0,18.44,1,0,0,0.2562731514447186
2.0,170.0,36.34,1,0,0,0.41227778738153176
1.0,99.99,13.72,1,0,0,0.3470812600592861
1.0,19.99,7.39,1,0,0,0.045240610860090014
1.0,30.0,7.39,1,0,0,0.32942735493042996
1.0,100.0,27.24,1,0,0,0.3309881982308559
1.0,249.99,37.07,1,1,0,0.28451230210560474
1.0,167.92,15.93,1,0,0,0.36265940060157753
1.0,55.0,7.78,1,0,0,0.43032781926596364
1.0,149.9,23.98,1,0,0,0.281398479945251
2.0,317.98,74.88,1,0,0,0.4011622403560882
2.0,83.9,17.96,1,0,0,0.23433718885636917
1.0,106.9,18.0,1,1,0,0.35157519672788057
1.0,189.99,10.14,1,0,0,0.376133501191392
1.0,119.99,19.56,1,0,0,0.1953021565511482
1.0,305.0,10.25,1,0,0,0.2837755622915173
1.0,700.0,126.29,1,0,0,0.221052233571399
1.0,141.61,20.18,1,0,0,0.24412513630761168
1.0,570.0,19.75,1,0,0,0.3444338199576035
1.0,129.99,9.1,1,0,0,0.3182804803162801
1.0,17.0,18.23,1,0,0,0.35776716069250947
1.0,35.9,11.74,1,0,0,0.42449701417126656
1.0,105.0,34.27,1,0,0,0.34546611153412077
1.0,56.9,15.15,1,0,0,0.41890193389053076
1.0,29.9,15.1,1,0,0,0.4436085002978538
1.0,84.85,7.46,1,0,0,0.129995206288185
1.0,48.9,19.53,1,0,0,0.07500305244881189
1.0,145.0,18.89,1,0,0,0.30273825308626434
1.0,48.9,9.47,1,0,0,0.4292632298005106
1.0,25.99,11.85,1,0,0,0.42375380171243426
,,,1,0,1,0.5676371073814253
1.0,159.77,21.17,1,0,0,0.37705523133644875
1.0,34.5,15.23,1,0,0,0.3853766760238565
2.0,58.0,30.46,1,0,0,0.47807262655778565
2.0,68.0,15.56,1,0,0,0.23740909642889826
1.0,59.58,20.57,1,0,0,0.35688281497926005
1.0,640.99,32.48,1,0,0,0.16877927991351477
1.0,34.9,14.11,1,0,0,0.4262028692547383
1.0,76.59,23.12,1,0,0,0.27066243928038813
1.0,25.0,11.85,1,0,0,0.4585296191019999
1.0,115.0,18.69,1,0,0,0.27104379632169506
1.0,151.98,17.97,1,0,0,0.2987257326757811
1.0,56.99,11.9,1,0,0,0.4337186551500721
1.0,192.99,33.59,1,0,0,0.433488299751135
1.0,45.0,15.56,1,0,0,0.43213509637398384
1.0,429.0,38.36,1,1,0,0.29815033543874253
1.0,17.9,11.85,1,0,0,0.4473182774769153
1.0,334.9,16.43,1,0,0,0.2273097976464598
1.0,116.9,15.92,1,0,0,0.34230254133954774
1.0,24.99,15.1,1,0,0,0.46022497300716375
1.0,139.56,8.72,1,1,0,0.2926755717154737
1.0,28.99,16.79,1,0,0,0.4174734599733969
1.0,39.0,8.88,1,0,0,0.41289362982507966
1.0,175.99,23.81,1,0,0,0.2005097450930349
1.0,65.0,15.2,1,0,0,0.41612735723663213
1.0,64.0,12.79,1,0,0,0.34179600719632225
1.0,140.0,19.95,1,0,0,0.26897307767165446
1.0,59.9,8.58,1,0,0,0.4170792238643946
1.0,34.99,7.78,1,0,0,0.4133580352595401
1.0,569.0,20.42,1,0,0,0.4033690232617388
2.0,25.98,23.7,1,0,0,0.12009658010381472
2.0,59.8,31.58,1,0,0,0.4347733577207403
1.0,57.0,15.5,1,0,0,0.31537461288664514
1.0,119.9,18.09,1,0,0,0.3534551875253613
1.0,269.9,22.73,1,0,0,0.4051557334958943
1.0,27.9,12.79,1,0,0,0.3191440730728437
1.0,1200.0,32.85,1,0,0,0.2631567040166322
1.0,34.9,13.37,1,0,0,0.36004989174067287
1.0,89.0,8.37,1,0,0,0.42100430364415936
1.0,169.99,21.27,1,0,0,0.42305689691389015
1.0,78.8,12.05,1,0,0,0.37222910678538845
1.0,77.99,12.4,1,0,0,0.4440707047133365
3.0,179.44,105.29,1,1,1,0.5008344421020549
1.0,1390.0,32.05,1,0,0,0.3039356550157907
1.0,1340.0,32.25,1,0,0,0.28081429023497523
2.0,440.99,32.84,1,0,1,0.5677804573558343
1.0,35.0,15.18,1,0,0,0.4190107833926218
1.0,56.99,11.9,1,0,0,0.4337186551500721
1.0,39.0,15.11,1,0,0,0.4642652802566127
1.0,94.0,21.5,1,0,0,0.3333921180132449
1.0,179.49,15.01,1,0,0,0.40552764936956714
1.0,13.99,11.85,1,0,0,0.40409169729491057
1.0,13.65,14.1,1,0,0,0.3827804234166249
1.0,200.0,16.5,1,0,0,0.3745350991018572
1.0,36.9,24.84,1,0,0,0.3482076023026225
1.0,49.91,83.27,1,0,0,0.28140779964028995
1.0,190.0,14.35,1,0,0,0.47881905958317844
1.0,99.7,17.14,1,0,0,0.3672297237799566
1.0,45.9,12.79,1,0,0,0.34057342940626817
1.0,84.9,17.03,1,0,1,0.555840059841679
1.0,94.9,20.15,1,0,0,0.3455076085855431
1.0,149.0,36.39,1,0,0,0.3342769505851841
1.0,54.9,15.13,1,0,0,0.4185359017562232
1.0,159.9,22.2,1,0,0,0.26488504601932483
1.0,99.9,14.46,1,0,0,0.36004175096450547
1.0,139.99,36.84,1,0,0,0.32998034856710673
1.0,99.0,19.93,1,0,0,0.33083779147127684
1.0,149.0,8.3,1,0,0,0.3557318027033998
1.0,190.0,16.08,1,0,0,0.47226330810789013
1.0,179.0,19.13,1,0,0,0.2860892995994412
1.0,299.9,13.6,1,0,0,0.2523662580417878
1.0,44.99,8.48,1,0,0,0.3960801241905487
1.0,38.4,15.11,1,0,0,0.4706208614274868
1.0,38.9,11.29,1,0,0,0.4304541964983079
1.0,179.9,25.57,1,0,0,0.3044531957898734
1.0,57.49,11.15,1,0,0,0.4319402329105313
1.0,75.0,8.88,1,0,0,0.389427865716334
1.0,139.9,9.79,1,0,0,0.3315679209284832
1.0,129.0,18.15,1,0,0,0.33534122503222263
1.0,19.6,11.85,1,0,0,0.4473177135004276
1.0,38.8,8.72,1,0,0,0.4025911394533804
1.0,129.99,11.53,1,0,0,0.2810458096820364
1.0,69.0,14.23,1,0,0,0.3953266959380578
1.0,158.2,27.97,1,0,0,0.3116598930846664
1.0,19.9,15.1,1,0,0,0.4372727634158048
1.0,46.86,15.1,1,0,0,0.4180928843719478
1.0,89.9,21.12,1,0,0,0.45042066960734295
1.0,241.1,39.53,1,0,0,0.3080119321639742
1.0,115.99,29.21,1,0,0,0.31303198513180336
1.0,128.0,8.16,1,0,0,0.2974871595633429
1.0,23.9,14.11,1,0,0,0.4305417021076217
1.0,89.98,44.62,1,0,0,0.2736150759177601
1.0,293.9,15.4,1,0,0,0.23179805350184854
1.0,13.7,15.23,1,0,0,0.2874717333475369
1.0,49.9,14.1,1,0,0,0.39364138254956893
1.0,53.9,22.96,1,0,0,0.2442841799815684
1.0,31.9,8.11,1,0,0,0.39849494092677146
1.0,89.9,18.73,1,0,0,0.20646979233088258
1.0,647.0,17.92,1,0,0,0.43412638379901475
1.0,99.99,15.91,1,0,0,0.3497559615704897
1.0,79.5,15.67,1,0,0,0.33480771784539004
1.0,138.8,11.58,1,0,0,0.2792877910340198
1.0,118.0,14.58,1,0,0,0.3590034485950549
1.0,29.9,16.05,1,0,0,0.49405946261407935
1.0,64.99,18.33,1,0,0,0.2572504520731202
1.0,11.55,11.85,1,0,1,0.5387303105615145
1.0,129.0,85.61,1,0,0,0.27501861750929746
2.0,159.98,38.28,1,0,0,0.342468344074128
1.0,59.99,9.34,1,0,0,0.44993679785232266
1.0,81.0,42.71,1,0,0,0.203774346185675
1.0,379.0,29.99,1,0,0,0.31750687345065964
1.0,134.9,21.43,1,0,0,0.4091805786785358
1.0,39.9,7.78,1,0,0,0.43131009253739117
1.0,101.0,20.98,1,0,0,0.3203294664221687
1.0,9.99,10.96,1,0,1,0.6083627403031451
1.0,200.0,48.84,1,0,0,0.3425540994860219
2.0,308.9,51.99,1,0,0,0.3701965052603324
1.0,99.99,16.67,1,0,0,0.36237426767033765
1.0,27.9,18.3,1,0,0,0.30137724779774794
1.0,50.9,12.7,1,0,1,0.5151856295647883
2.0,76.8,30.22,1,0,0,0.4406250854177928
1.0,289.9,10.38,1,0,0,0.3544480986030954
1.0,20.9,12.81,1,0,0,0.31543395812405534
1.0,79.9,13.14,1,0,0,0.3248195438902209
1.0,41.3,15.1,1,0,0,0.36179297638463404
2.0,102.8,22.71,1,0,0,0.4195430122846193
1.0,58.9,17.98,1,0,0,0.38848342453190227
1.0,119.99,18.82,1,0,0,0.2596166017527008
1.0,44.9,18.23,1,0,0,0.2537844533970479
1.0,665.56,18.41,1,0,0,0.2364417547279715
1.0,37.5,16.11,1,0,0,0.45471552427959505
1.0,76.49,12.98,1,0,0,0.37065836814035596
1.0,41.99,15.98,1,1,1,0.5224393550273877
1.0,39.9,8.29,1,0,0,0.4125573302661515
1.0,29.99,34.15,1,0,0,0.4794885409231631
4.0,242.7,72.93,1,0,1,0.5324814124628514
1.0,10.0,11.85,1,0,1,0.6973768583957068
2.0,627.8,32.58,1,0,0,0.4520499668907412
1.0,199.0,9.13,1,0,0,0.35881857304145875
2.0,97.8,39.06,1,0,0,0.32223486827423925
1.0,49.0,18.23,1,0,0,0.2596802696576807
1.0,99.99,50.99,1,0,0,0.32333346794708717
1.0,126.98,21.38,1,1,0,0.38682690885319576
1.0,56.99,15.15,1,0,0,0.4183760597418685
1.0,217.9,25.61,1,0,0,0.3139570412052795
1.0,49.9,17.6,1,0,0,0.42697186726283365
2.0,180.0,22.48,1,0,1,0.5203107861148145
1.0,119.0,22.89,1,0,0,0.29085222608512307
1.0,22.81,13.37,1,1,0,0.37395229932525353
1.0,56.99,14.57,1,0,0,0.41025543886476024
1.0,42.99,13.71,1,0,0,0.2961638413590667
1.0,199.0,15.14,1,0,0,0.42258425943998196
1.0,55.0,8.29,1,0,0,0.41175032400455647
1.0,117.3,24.64,1,0,0,0.24804242608350321
1.0,81.5,16.33,1,0,1,0.5536712699701279
2.0,179.81,35.76,1,0,1,0.5715473432464283
1.0,189.0,9.09,1,0,0,0.34207891501945414
1.0,229.9,30.01,1,0,0,0.3740507948299825
1.0,49.9,13.01,1,0,0,0.37327300403056296
1.0,16.5,15.1,1,0,0,0.43089283723445654
2.0,139.8,46.14,1,0,0,0.4185885266424665
1.0,41.0,18.23,1,0,0,0.24171660440702022
1.0,264.9,16.6,1,0,0,0.29911240731645616
1.0,59.9,21.05,1,0,0,0.3704152233117408
1.0,198.9,15.14,1,0,0,0.41105027704324093
1.0,129.78,12.11,1,0,0,0.4105166063267406
1.0,225.0,22.37,1,0,0,0.40158429484187946
1.0,98.0,18.57,1,0,0,0.2938936648013793
1.0,14.9,15.1,1,0,0,0.41260711046516896
1.0,27.4,15.1,1,0,0,0.43892364414447343
1.0,35.9,12.79,1,0,0,0.32179188059437724
1.0,45.0,12.79,1,0,0,0.3131358043448469
1.0,49.0,7.39,1,0,0,0.4499145352751962
1.0,24.6,16.11,1,0,0,0.48824268413213523
1.0,92.5,13.09,13,1,1,1.0
1.0,689.9,40.18,1,0,0,0.23458011034380657
1.0,94.0,25.5,1,0,0,0.29140097756107103
1.0,165.0,19.03,1,0,0,0.3257843611358518
1.0,149.0,17.97,1,0,0,0.3042746145942283
1.0,38.0,22.93,1,0,0,0.36688730245773904
1.0,230.0,30.73,1,0,0,0.38632810601526263
1.0,55.0,12.83,1,0,0,0.38571233247326414
1.0,34.49,18.23,1,0,0,0.3144540473368401
1.0,24.99,7.78,1,0,0,0.466656290795292
1.0,209.9,20.01,1,0,0,0.29145938643914215
1.0,24.0,12.83,1,0,0,0.39101331578611315
1.0,29.99,7.78,1,0,0,0.40712747008579875
1.0,34.99,15.1,1,0,0,0.44060096419126454
1.0,78.0,18.65,1,0,0,0.2830697824281813
,,,1,0,1,0.5676371073814253
1.0,37.9,11.85,1,0,0,0.4275512437865756
1.0,39.9,7.86,1,0,0,0.4107670395913566
1.0,20.0,7.78,1,0,0,0.4901219761289066
2.0,390.0,20.0,1,0,0,0.48004862699511286
1.0,59.9,9.94,1,0,0,0.443735743515901
1.0,28.9,16.11,1,0,0,0.4452966168036096
1.0,119.59,18.12,1,0,0,0.34874758061231415
1.0,16.9,18.23,1,0,0,0.35776716069250947
1.0,52.9,11.15,1,0,0,0.43141985564667673
1.0,10.16,15.1,1,0,0,0.4400992557306313
1.0,89.0,17.87,1,0,0,0.41774527184019533
1.0,10.0,7.78,1,0,0,0.3632317252094362
1.0,49.99,11.85,5,1,1,1.0
,,,1,0,1,0.5676371073814253
1.0,12.97,15.1,1,0,0,0.38688733892149546
1.0,175.0,19.33,1,0,0,0.315423365794938
1.0,37.99,14.52,1,0,0,0.43240093176928807
1.0,74.0,13.08,1,0,0,0.3841930252246322
1.0,169.9,18.44,1,1,0,0.3289300965503478
1.0,69.9,17.2,1,0,1,0.5313406878718688
1.0,163.99,21.64,1,0,0,0.4164904360442052
1.0,49.9,14.1,1,0,0,0.39364138254956893
1.0,110.99,62.81,1,0,0,0.34894636514909455
2.0,179.94,28.62,1,0,1,0.5206790550340779
1.0,53.9,0.0,1,0,0,0.39691352819634496
1.0,249.99,88.18,1,0,0,0.29395106125732934
1.0,249.89,53.3,1,0,0,0.29101542925766355
,,,1,0,1,0.5676371073814253
1.0,119.9,22.77,8,1,1,1.0
1.0,44.55,12.69,1,0,1,0.5093464579814325
1.0,89.9,17.88,1,0,1,0.5669409744949782
1.0,1890.0,73.97,1,0,0,0.1669263674704431
1.0,55.8,11.78,1,0,0,0.43053950694466314
1.0,31.9,14.1,1,0,0,0.4260468307045762
3.0,68.4,22.17,1,0,1,0.5826538263250408
1.0,89.9,33.08,1,0,0,0.3759643372988375
1.0,19.0,11.85,6,1,1,1.0
1.0,129.99,19.01,1,0,0,0.24965553885432745
1.0,114.38,17.24,1,0,0,0.38250154739069436
1.0,59.0,37.1,1,0,0,0.401750131114709
1.0,149.0,12.25,1,0,0,0.3204135267026787
2.0,71.8,36.46,1,0,0,0.38168212787313804
1.0,72.99,33.12,1,0,0,0.3923107704073817
1.0,9.9,8.72,1,1,1,0.9080587299588668
1.0,149.0,45.12,1,0,0,0.3279676490487807
1.0,119.9,19.38,1,0,0,0.2653936297383137
1.0,257.0,20.99,1,0,0,0.3251456913583764
1.0,65.0,12.89,1,1,0,0.3816881168278666
1.0,19.95,17.06,1,0,0,0.41736194062247584
1.0,7.0,15.79,1,0,0,0.4602324607855192
1.0,55.32,13.97,1,0,0,0.3328235892272232
4.0,109.6,60.4,1,0,1,0.5177536920251159
1.0,49.95,11.85,11,1,1,1.0
1.0,98.9,52.82,1,0,0,0.3693871893459305
1.0,77.9,11.75,1,0,0,0.41138975893605934
1.0,129.0,18.15,1,0,0,0.33534122503222263
1.0,55.0,18.59,1,0,0,0.24204027694918678
1.0,209.99,27.55,1,0,0,0.34741210250603977
1.0,69.0,7.78,1,0,0,0.41691372495628437
1.0,219.0,28.07,1,0,0,0.36119559908455773
1.0,899.0,25.48,1,0,0,0.1551966701207748
2.0,59.8,36.46,1,0,0,0.35210139681855696
2.0,133.8,33.82,1,0,1,0.5696473541255742
1.0,29.0,22.92,1,0,0,0.2319231416916834
1.0,27.9,18.3,1,0,0,0.30137724779774794
1.0,44.99,15.1,1,0,0,0.3950651334026084
1.0,59.5,17.16,1,0,0,0.3665750842076339
1.0,87.0,30.14,1,0,0,0.3541336324392616
1.0,29.9,14.1,1,0,0,0.43005889102260964
1.0,34.99,7.78,1,0,0,0.4133580352595401
1.0,39.99,16.95,1,0,0,0.4362731498064996
1.0,122.99,36.63,1,0,0,0.3154814991425121
1.0,74.99,15.63,1,0,0,0.3685674483287963
1.0,14.9,18.23,1,0,0,0.3329332273654443
1.0,164.99,11.76,1,0,0,0.3938676166262715
1.0,84.94,12.93,1,0,0,0.4613947858929153
1.0,71.9,11.73,1,0,0,0.43171802990186725
2.0,78.98,16.54,1,0,0,0.1689356702515796
1.0,44.0,15.1,1,0,0,0.38345588501529326
1.0,330.0,39.22,1,0,0,0.2801584097206734
1.0,78.0,13.45,1,0,0,0.2655280069883859
1.0,87.97,23.2,1,1,0,0.46145640303152674
1.0,19.9,12.48,1,0,0,0.4437760541938262
1.0,29.9,8.37,1,0,0,0.397765799369106
1.0,499.9,27.06,1,0,0,0.359208041254929
1.0,679.0,19.5,1,0,0,0.2578159385408299
2.0,78.0,30.74,1,0,0,0.4578847397469812
1.0,59.9,17.35,1,0,0,0.3774579423875411
1.0,249.99,9.0,1,0,0,0.422914855952036
1.0,13.65,7.78,1,1,0,0.46663945425457637
1.0,55.0,22.89,1,0,0,0.24872810021716524
1.0,269.9,19.14,1,0,0,0.3551376497743016
1.0,75.0,20.02,1,0,0,0.3497492034556174
1.0,18.9,18.23,1,0,0,0.3210169332811702
1.0,79.0,7.81,1,0,0,0.3511786009771348
1.0,54.9,15.82,1,0,0,0.38822177615008985
1.0,170.0,15.64,1,0,0,0.2867563135121219
1.0,422.0,31.74,1,0,0,0.33951820969178687
1.0,79.0,12.89,1,0,0,0.3071703213140177
1.0,90.0,44.48,1,0,0,0.27077193866285815
1.0,140.0,22.85,1,0,0,0.27251605632679116
1.0,95.0,7.53,1,0,0,0.09305960528580709
1.0,197.5,53.73,1,0,0,0.36032373661517186
1.0,117.7,17.53,1,0,0,0.37282609108433185
1.0,105.99,48.18,1,0,0,0.3367498528375956
1.0,628.9,41.95,1,0,0,0.13203261853601628
1.0,24.9,15.1,1,0,0,0.46022497300716375
1.0,109.9,43.91,1,0,0,0.3287604826677369
1.0,53.9,13.46,1,0,0,0.3297041384582343
1.0,169.9,46.78,1,0,0,0.32649445259892845
1.0,29.6,7.87,1,0,0,0.4016003091949671
1.0,129.0,39.19,1,0,0,0.31924445536356505
1.0,40.9,15.39,1,0,0,0.3450586810011272
1.0,439.0,71.22,1,0,0,0.2989627284540513
1.0,519.9,25.24,1,0,0,0.27743449171051277
1.0,49.0,7.78,1,0,0,0.43432072400816535
1.0,29.9,10.96,1,0,0,0.43417494621149844
1.0,70.0,12.83,1,0,0,0.3883896472149455
1.0,149.9,23.98,1,0,0,0.281398479945251
,,,1,0,1,0.5676371073814253
2.0,58.3,14.92,1,0,0,0.1852738101261421
1.0,29.98,7.78,1,0,0,0.404225509301485
1.0,122.99,8.63,1,0,0,0.3024772565754405
1.0,49.9,13.37,1,0,0,0.3747613173881522
1.0,89.99,23.43,1,0,0,0.3873474672120981
1.0,96.0,29.07,1,0,0,0.40351572840922034
1.0,349.0,37.76,1,0,0,0.28204587488882404
1.0,188.8,21.29,1,0,0,0.4506658979766183
2.0,311.9,32.379999999999995,1,0,0,0.42255255809351383
1.0,20.0,7.39,1,0,0,0.045240610860090014
1.0,79.0,18.79,1,0,0,0.2787671039532057
,,,1,0,1,0.5676371073814253
1.0,59.9,15.17,1,0,0,0.42535051473897284
1.0,53.9,14.47,7,1,1,1.0
1.0,12.99,18.23,1,0,0,0.1643431658987033
1.0,43.9,15.23,1,0,0,0.371696580378367
4.0,139.6,60.4,1,0,0,0.48832834816153875
1.0,72.9,18.61,1,0,0,0.3326298771647583
1.0,54.0,15.48,1,0,0,0.3172515833352251
1.0,89.9,28.01,1,0,0,0.3636305919304989
1.0,139.0,17.68,1,0,0,0.32094577387766093
2.0,75.98,26.16,1,0,0,0.43633966949444625
1.0,59.0,22.12,1,0,0,0.2635379153580805
1.0,99.0,17.94,1,0,0,0.33496130334081564
2.0,130.0,45.31,1,0,0,0.4402823685817061
1.0,59.99,23.22,1,0,0,0.25655407036500366
1.0,12.9,15.1,1,0,0,0.39561478484457835
1.0,16.9,8.82,1,0,0,0.416935573111389
1.0,86.3,23.47,1,0,0,0.3736378986093052
1.0,36.0,15.1,1,0,0,0.43589003426849066
1.0,110.0,20.85,1,0,0,0.3408090050125139
1.0,289.0,116.24,1,0,0,0.2633480888794725
1.0,189.99,16.09,1,0,0,0.4789231951150149
1.0,229.99,74.33,1,0,0,0.3168439518290367
1.0,129.99,18.16,1,0,0,0.32278208799838437
1.0,28.9,27.41,1,0,0,0.30431555309057207
1.0,44.9,9.09,1,0,0,0.3958003648084455
1.0,29.9,12.69,1,0,1,0.5086527384497235
1.0,119.0,54.59,1,0,0,0.3233027724035396
1.0,235.0,15.82,1,0,0,0.2952784103407227
1.0,79.0,18.13,1,0,0,0.26549007162778193
1.0,78.0,19.79,1,0,0,0.36356086040449004
1.0,23.7,8.72,1,0,0,0.3949386710237707
1.0,29.99,17.78,1,0,0,0.429127704533161
1.0,79.9,35.69,1,1,0,0.37977626447559815
1.0,39.6,12.69,1,0,1,0.530705329100169
2.0,99.8,44.56,1,0,0,0.44538739997228655
1.0,540.0,31.16,1,0,0,0.357812111948719
1.0,28.99,7.78,1,0,0,0.41455025366695936
1.0,69.9,23.07,1,0,0,0.21711977846930425
1.0,69.9,19.46,1,0,0,0.14016631084027525
1.0,56.99,13.76,1,0,0,0.3310682294228074
1.0,154.99,21.57,1,0,0,0.4019911829871797
1.0,29.99,7.78,1,0,0,0.40712747008579875
1.0,69.9,13.51,1,0,0,0.3348271060759655
1.0,169.9,27.51,1,0,0,0.26312896989225554
1.0,39.99,15.23,1,0,0,0.42530951867986855
1.0,72.9,35.83,1,0,0,0.42545383656169594
1.0,102.9,18.82,1,0,0,0.21522310407506032
1.0,99.9,22.2,1,0,0,0.3005827377509043
1.0,179.0,28.61,1,0,0,0.27747914710228233
1.0,89.0,15.37,1,0,0,0.4803279358541578
1.0,19.9,12.48,1,0,0,0.4437760541938262
1.0,169.99,16.3,1,0,0,0.3034976940541889
1.0,39.9,19.32,1,0,0,0.3467654873802078
2.0,34.66,21.92,1,1,0,0.4158592817919885
1.0,43.0,11.85,1,0,0,0.4262845243804245
1.0,67.91,34.57,1,0,0,0.31571352623316407
1.0,27.99,7.39,1,0,0,0.4084263780466883
1.0,89.9,16.26,1,0,1,0.5278551927132316
3.0,120.0,69.24,1,0,0,0.44081730285642645
1.0,149.9,10.26,1,0,0,0.32567160133531575
1.0,86.0,15.7,1,0,1,0.5033306674095483
1.0,129.0,18.52,1,0,0,0.3427967665764065
1.0,187.0,15.06,1,0,0,0.4052613951469164
1.0,69.99,15.59,1,0,0,0.37602137220955095
1.0,12.3,15.23,1,0,0,0.2716955968573482
1.0,469.0,25.1,1,0,0,0.2761385995076165
2.0,45.0,62.2,1,0,0,0.38150972507195213
1.0,195.0,175.55,1,0,0,0.19905553908070817
1.0,82.9,14.31,1,0,0,0.32141274764325667
1.0,154.9,14.1,1,0,0,0.45092361031562217
1.0,68.9,24.68,1,0,0,0.26071789242967786
1.0,64.9,15.2,1,0,0,0.40958516450953747
1.0,29.9,14.11,1,0,0,0.42957511357178957
1.0,120.0,15.9,1,0,0,0.32233107695128227
1.0,120.0,38.36,1,0,0,0.3210282772549711
1.0,105.0,23.54,1,0,0,0.22371444658933612
1.0,59.9,37.97,1,0,0,0.4025114616568789
4.0,43.96,102.52,1,0,0,0.2134166114028144
1.0,49.0,7.78,1,1,0,0.43432072400816535
1.0,269.0,15.63,1,0,0,0.2578408487562459
1.0,129.0,23.62,1,0,0,0.2424780122606613
1.0,1149.0,339.59,1,0,0,0.30521764745689683
1.0,49.99,15.1,1,0,0,0.4161158777380788
1.0,249.9,69.21,1,0,0,0.27843048784256214
2.0,79.8,23.9,1,0,0,0.43019665648162014
1.0,17.9,11.85,1,0,0,0.4473182774769153
1.0,88.9,14.37,1,0,0,0.45851674125063757
1.0,205.0,18.14,1,0,0,0.45500985561783647
1.0,110.0,18.85,1,0,0,0.2904682472738476
1.0,145.9,13.68,1,0,0,0.32926103610662977
1.0,46.9,17.93,1,0,0,0.41154821165862004
1.0,53.99,17.95,1,0,0,0.48763384202497423
1.0,89.0,17.06,1,0,0,0.4957289153087505
1.0,69.99,19.46,1,0,0,0.14016631084027525
1.0,48.99,16.11,1,0,0,0.45705423176301435
1.0,97.0,16.12,1,0,0,0.4942230152373964
1.0,73.99,62.77,1,0,0,0.31141952364513387
1.0,109.9,9.58,1,0,0,0.30505845274347787
1.0,219.0,14.55,1,0,0,0.36910640427885555
1.0,139.9,18.23,1,0,0,0.3049050777120033
1.0,149.0,18.32,1,0,0,0.33231840401863477
1.0,159.0,38.02,1,0,0,0.3033698384923577
1.0,45.6,12.48,1,0,0,0.42976574778929216
1.0,690.0,21.74,1,0,0,0.25067667709933117
1.0,399.0,11.61,1,0,0,0.2444632678771037
1.0,149.0,15.55,1,0,0,0.3429572519678646
1.0,79.9,14.31,1,0,0,0.3659232102082957
1.0,31.9,14.1,1,0,0,0.4260468307045762
1.0,45.9,20.84,1,0,0,0.29727062070590654
1.0,129.99,15.08,1,0,0,0.3401239158996214
1.0,113.85,11.07,1,0,0,0.33052808601786726
1.0,129.99,18.16,1,0,0,0.32278208799838437
1.0,69.0,18.58,1,0,0,0.21593833109284583
1.0,210.0,23.29,1,0,0,0.3657557958860476
1.0,69.9,13.08,1,0,0,0.38502591831437133
1.0,48.9,9.26,1,0,0,0.4243997548626911
1.0,49.0,15.44,1,1,0,0.337277435343094
1.0,59.9,15.17,1,0,0,0.42535051473897284
1.0,49.9,17.92,1,0,0,0.488824029853747
1.0,109.9,13.35,1,0,0,0.3301042940841747
1.0,86.9,21.1,1,0,0,0.44773041701131405
1.0,109.99,18.35,1,0,0,0.330757386754989
2.0,50.36,31.12,1,0,0,0.48271732787025257
1.0,89.0,19.31,1,0,0,0.24548325533855844
1.0,132.8,41.78,1,0,0,0.3356261845942289
1.0,29.99,15.1,1,0,0,0.4375317102191416
3.0,324.0,69.24,1,0,0,0.43542709880073505
1.0,59.7,18.3,1,0,0,0.24982280756593112
1.0,95.0,24.06,1,0,0,0.37587098700854255
1.0,370.0,28.85,1,0,0,0.3466979072600209
1.0,59.9,19.66,1,0,0,0.4172820594413882
1.0,179.0,22.05,1,0,0,0.3788907245436033
1.0,899.0,54.82,1,0,0,0.13544726608401214
1.0,83.36,16.34,1,0,1,0.6292291105394626
1.0,579.0,19.15,1,0,0,0.29192703392030694
1.0,21.7,14.46,1,0,0,0.4394651997546673
2.0,268.0,105.9,1,0,0,0.3436213121811612
1.0,219.54,13.67,1,0,0,0.3791384371216048
1.0,59.9,20.5,1,0,0,0.35408629702496186
1.0,29.99,17.63,1,0,0,0.4399951198125279
1.0,74.9,16.28,1,0,1,0.5547114341231484
3.0,554.7,106.38,1,0,0,0.43805128430528734
1.0,64.9,15.66,1,0,0,0.3876925240389889
1.0,299.99,14.93,1,1,0,0.2591853429807425
1.0,149.9,43.11,1,0,0,0.334483108671135
1.0,330.0,14.97,1,0,0,0.26736749261557513
1.0,29.0,7.78,1,0,0,0.4114624963538499
1.0,19.9,9.94,1,0,0,0.451820853974203
1.0,10.0,15.23,1,0,0,0.4202899834460985
1.0,45.0,12.98,1,0,0,0.34215573495594637
1.0,229.0,13.1,1,0,0,0.3486170625648472
1.0,799.0,20.34,1,0,0,0.44769552701559084
1.0,29.9,14.44,1,0,0,0.42659607557675516
1.0,45.65,11.85,1,0,0,0.42386469011833566
1.0,31.9,16.79,1,0,0,0.4305884805419051
1.0,235.43,18.9,1,0,0,0.33908843763408436
1.0,189.99,15.08,1,0,0,0.48366492519814225
1.0,30.99,18.32,1,0,0,0.2889327391164606
1.0,149.9,27.13,1,0,0,0.31067401578422166
1.0,269.99,32.92,1,0,0,0.312530458621311
1.0,59.9,33.31,1,0,0,0.4064834471542597
1.0,69.77,7.78,1,0,0,0.41579603056670056
1.0,86.9,16.24,1,0,0,0.4884250126785442
1.0,122.99,15.61,1,0,0,0.312401467160698
1.0,55.9,17.3,1,0,0,0.4209666115903265
1.0,355.0,13.99,1,0,0,0.25269075204601144
1.0,119.9,15.94,1,0,0,0.34830644979380493
1.0,169.9,8.77,1,0,0,0.19416100892208707
1.0,195.9,19.25,1,0,0,0.25594996371989903
1.0,49.9,18.45,1,1,0,0.25578428522000335
4.0,107.96,18.98,1,0,0,0.4138144288582461
1.0,20.3,8.11,1,0,0,0.44090482685717586
2.0,219.8,32.8,1,0,1,0.5044627208612364
1.0,135.0,14.7,1,0,0,0.3494267341647608
1.0,55.65,7.94,1,0,0,0.41480570149514584
2.0,116.4,25.08,1,0,0,0.4586806148591082
1.0,149.0,24.26,1,0,0,0.28702115698717806
1.0,59.54,14.72,1,0,0,0.40163482717120375
1.0,77.0,16.98,1,0,1,0.5110932125814519
1.0,359.9,17.63,1,0,0,0.23763502135761527
1.0,48.9,50.85,1,0,0,0.37516177766256154
1.0,24.99,17.63,1,0,0,0.47290164944225666
1.0,329.9,83.4,1,0,0,0.3265184839875903
1.0,160.0,26.4,1,0,0,0.3015916654197773
1.0,18.9,15.1,1,0,0,0.4347467115112415
,,,1,0,1,0.5676371073814253
2.0,156.0,55.06,1,0,0,0.3439230222640179
1.0,125.0,18.12,1,0,0,0.3282728822345637
1.0,139.9,17.42,1,0,0,0.34202514158772584
4.0,231.2,66.6,1,0,1,0.5378915266336085
1.0,49.99,23.07,1,0,0,0.24029984120852949
1.0,299.9,41.43,1,0,0,0.24494057030847846
1.0,369.0,24.9,1,0,0,0.2552822062086372
1.0,119.0,25.31,1,0,0,0.3139135846892046
1.0,109.9,21.85,1,0,0,0.2851819894882959
2.0,50.0,14.78,1,1,1,0.6952954472554626
1.0,74.9,18.13,1,0,0,0.27459945763745014
1.0,54.9,13.4,1,0,0,0.3787753445845689
1.0,130.5,7.78,1,1,0,0.2955575018196352
1.0,31.5,14.53,11,1,1,1.0
1.0,223.9,35.0,1,0,0,0.3460999976337751
1.0,105.0,49.11,1,0,0,0.3442850667806232
1.0,70.0,13.61,1,0,0,0.3260531792510683
1.0,44.9,18.08,1,0,0,0.23383641439803934
1.0,149.0,61.11,1,0,0,0.3484191168103971
1.0,29.0,14.11,1,0,0,0.43136491254838083
1.0,29.0,7.78,1,0,0,0.4114624963538499
1.0,12.9,7.39,1,0,0,0.0971836490901855
1.0,199.0,17.64,1,0,0,0.3195396560009872
1.0,252.0,15.51,1,0,0,0.2549534760911186
1.0,159.98,55.56,1,0,0,0.3339276889064397
1.0,54.0,15.82,1,0,0,0.38776290169121536
,,,1,0,1,0.5676371073814253
1.0,119.9,27.38,1,0,0,0.2985318865441789
1.0,169.9,21.68,1,0,0,0.4507488559582887
1.0,4.99,12.79,1,0,0,0.19808178402818868
1.0,61.8,13.79,1,0,0,0.3285410002105771
1.0,41.99,11.85,1,0,0,0.4304785909178841
1.0,24.99,21.15,1,0,0,0.45067867840028575
2.0,230.0,43.22,1,0,0,0.3895410456476436
1.0,149.9,15.28,1,0,0,0.34621993908261656
1.0,94.99,16.42,1,0,0,0.4451511011273586
1.0,40.0,19.32,1,1,0,0.47888568782878366
1.0,49.9,9.09,1,0,0,0.40933674521409
1.0,159.9,16.19,1,0,0,0.3929437376227582
1.0,69.9,9.34,1,0,0,0.4451667011983965
1.0,19.89,18.23,1,0,0,0.15688042095328103
1.0,730.0,80.13,1,0,0,0.26323130830027835
1.0,115.0,16.44,1,0,0,0.3658817150277762
1.0,151.9,17.97,1,0,0,0.271367542983006
1.0,77.9,18.65,1,0,0,0.2874435238699856
1.0,395.0,70.23,1,0,0,0.32565466516826047
1.0,69.9,35.81,1,0,0,0.3174257982660546
1.0,1380.0,57.1,1,0,0,0.14434626111729734
1.0,287.7,24.94,1,0,0,0.24087182578601576
1.0,399.0,162.92,1,0,0,0.2736970179007932
1.0,33.0,8.88,1,0,0,0.3978886748581356
2.0,91.8,26.16,1,0,0,0.4128578318074023
1.0,154.89,23.58,1,0,0,0.28177936119290514
1.0,149.9,37.74,1,0,0,0.34139553417283464
2.0,478.0,44.14,1,0,0,0.48595460625874826
3.0,110.3,46.31,1,0,0,0.4452432500133239
1.0,69.9,23.36,1,0,0,0.24463719948989981
5.0,139.5,91.4,1,0,0,0.43959255538973735
1.0,59.9,16.18,1,0,0,0.45167663020463256
1.0,159.0,7.98,1,0,0,0.2668728799545113
1.0,22.5,14.08,1,0,0,0.3381550745770153
2.0,117.0,22.37,1,0,0,0.4375349909291227
1.0,118.8,18.93,1,0,0,0.2683253433249766
1.0,110.0,23.27,1,0,0,0.32309759996250836
1.0,42.99,8.72,1,0,0,0.3987168869330141
1.0,159.0,23.91,1,0,0,0.34996494457048305
1.0,29.9,14.1,1,0,0,0.43005889102260964
1.0,69.99,8.65,1,0,0,0.40910844600461665
1.0,110.89,18.88,1,0,0,0.29511348301158424
1.0,73.35,11.9,1,0,0,0.4497704992778134
1.0,49.89,15.1,1,0,0,0.41629867076139715
1.0,99.0,17.94,1,0,0,0.33496130334081564
1.0,799.0,30.08,1,0,0,0.3262751777814376
1.0,153.2,13.41,1,0,0,0.3467020152991688
1.0,45.0,12.48,1,0,0,0.43186252198284053
1.0,109.9,8.53,1,0,0,0.3274524648877716
1.0,129.9,32.51,1,1,0,0.3370921067408721
1.0,199.9,21.89,1,0,1,0.5888939030989668
1.0,320.0,9.83,1,0,0,0.23244702822766575
1.0,53.0,15.25,1,0,0,0.39415919716068204
2.0,156.0,36.86,1,0,0,0.31370911473264435
1.0,45.0,23.12,1,0,0,0.22507585302352714
2.0,234.9,87.29,1,0,0,0.3081287972435949
1.0,78.0,7.41,1,0,0,0.04565523169264418
1.0,120.99,18.1,1,0,0,0.3611718347329012
1.0,106.0,11.37,1,0,0,0.28522677648561745
1.0,148.0,14.64,1,0,0,0.33559501318285395
1.0,155.5,16.85,2,1,1,1.0
1.0,64.9,19.69,1,0,0,0.43104215170019455
1.0,34.9,15.11,1,1,0,0.44224200417503823
1.0,36.82,18.36,1,0,0,0.24271704699477833
1.0,180.0,12.76,1,0,0,0.40771543355036205
1.0,149.99,14.07,1,0,0,0.29345077869111363
1.0,99.99,18.5,1,0,0,0.2573277658651144
1.0,174.9,31.97,1,0,0,0.3217564993436518
1.0,44.99,15.1,1,1,0,0.3950651334026084
1.0,59.9,16.18,1,0,0,0.45167663020463256
1.0,89.9,37.32,1,0,0,0.38913291866151317
1.0,45.0,25.63,1,0,0,0.39854644989336857
1.0,64.9,14.62,1,0,0,0.4113958626575719
1.0,59.5,19.66,1,0,0,0.4143626694631747
1.0,139.9,34.18,1,0,0,0.3373420534865297
1.0,29.99,14.1,1,0,0,0.42514557449657153
1.0,14.49,13.71,1,0,0,0.31781218037093767
1.0,80.0,16.19,1,0,1,0.5367664278062253
1.0,415.0,19.35,1,0,0,0.30387648435946124
2.0,84.97999999999999,29.14,1,0,0,0.4141090414488057
1.0,92.5,17.9,1,0,1,0.5042033983204978
1.0,19.9,11.85,1,0,0,0.4473177135004276
1.0,52.9,9.27,1,0,0,0.440819350888257
1.0,139.9,26.26,1,0,0,0.3216601549369125
1.0,92.0,12.6,1,0,1,0.5822592632045304
1.0,349.99,64.47,1,0,0,0.3778433368223288
1.0,169.0,20.37,1,0,0,0.26890057635854603
1.0,29.99,7.47,1,0,0,0.010087378188744622
1.0,239.9,16.44,1,0,0,0.32067375642884843
1.0,49.95,12.69,1,0,1,0.5170013393330795
1.0,69.9,13.51,1,0,0,0.3348271060759655
1.0,169.9,15.36,1,0,0,0.2935317572479673
1.0,209.99,24.23,1,0,0,0.28856637283874986
1.0,153.0,14.09,1,0,0,0.37699072091526176
1.0,44.9,17.78,1,1,0,0.47250108781592476
1.0,79.9,18.44,1,0,0,0.28405913884604217
1.0,499.99,21.38,1,0,0,0.490742564148302
1.0,87.0,19.3,1,0,0,0.23125335368496308
2.0,113.98,8.72,1,0,0,0.2282494407309389
1.0,100.79,19.95,1,0,0,0.21527383848385814
1.0,49.0,15.23,1,0,0,0.3931867986822354
1.0,170.9,8.94,1,0,0,0.2390525894976794
1.0,98.9,9.61,1,0,0,0.21823120036778487
1.0,119.0,7.64,1,0,0,0.2859597717399585
1.0,84.99,15.35,1,0,0,0.3782196456530912
1.0,89.99,9.44,1,0,1,0.6013008434299644
3.0,1038.0,389.25,1,0,0,0.14055878185863457
1.0,30.9,18.23,1,0,0,0.3143242607628533
1.0,38.5,19.05,1,0,0,0.2443766643283863
1.0,549.0,18.0,1,0,0,0.4573911901484929
1.0,59.0,17.98,1,0,0,0.3921281840323998
1.0,104.9,12.46,1,0,0,0.33926488980086944
1.0,29.99,15.1,1,0,0,0.4375317102191416
1.0,39.9,24.84,1,0,0,0.36442488431118764
1.0,479.0,13.96,1,0,0,0.23572319572241937
1.0,189.99,39.35,1,0,0,0.4538188045823346
1.0,137.9,23.77,1,0,0,0.26318942765688874
1.0,78.9,13.65,1,0,0,0.2787064766894214
1.0,32.9,15.23,1,0,0,0.36915906375499674
1.0,86.42,13.04,1,0,0,0.44724993870703333
1.0,99.0,18.97,1,0,0,0.24775590975160136
1.0,94.9,18.24,1,0,0,0.17647422184432618
1.0,26.0,16.11,1,1,1,0.5871321800126811
1.0,12.3,7.78,1,0,1,0.5065708027009077
1.0,69.9,13.08,1,0,0,0.38502591831437133
2.0,139.8,31.4,1,0,0,0.47365435888618945
1.0,23.8,14.1,1,0,0,0.4310254795584418
1.0,119.9,13.18,1,0,0,0.3725121816928286
1.0,39.0,7.39,1,0,0,0.49654442750348676
3.0,179.7,58.83,1,0,0,0.45987959690412944
1.0,154.91,8.34,1,0,0,0.38330674436901524
1.0,168.0,18.0,1,0,0,0.34808254293079594
1.0,59.0,15.51,1,0,0,0.31467532131202075
1.0,22.0,18.25,1,0,0,0.11188674224568766
1.0,24.99,18.23,1,0,0,0.12777888071908589
1.0,49.9,15.36,1,0,0,0.39163716523101366
1.0,24.9,15.23,1,0,0,0.32525881916312
1.0,99.0,32.61,1,0,0,0.3603894640238113
1.0,124.99,18.15,1,0,0,0.3324878362110981
1.0,114.0,39.77,1,0,0,0.303937659524876
1.0,109.9,23.35,1,0,0,0.29380944441292084
1.0,135.9,25.79,1,0,0,0.319972966760556
1.0,103.9,18.53,1,0,0,0.28116802731589563
1.0,24.9,31.68,1,0,0,0.4442136528474932
2.0,70.0,32.22,1,0,0,0.4723610440864844
1.0,107.15,17.19,1,0,0,0.364051720711049
1.0,23.9,7.43,1,0,0,0.003152663508243277
1.0,99.9,23.57,1,0,0,0.22361095214179305
1.0,53.9,21.35,1,0,0,0.2661495750992913
1.0,41.9,25.63,1,0,0,0.3879078424707947
1.0,89.99,18.51,1,0,0,0.14523113449333896
,,,2,1,1,1.0
1.0,39.99,13.37,5,1,1,1.0
2.0,66.98,51.260000000000005,1,0,0,0.4808461233950957
3.0,225.0,39.24,1,0,1,0.5400735341160112
1.0,34.99,37.04,1,0,0,0.4626933639492529
1.0,250.0,62.49,1,0,0,0.41343084983687645
1.0,84.99,13.15,1,0,0,0.44587165686556945
1.0,19.83,12.8,1,0,0,0.3090253956676571
1.0,82.49,8.74,1,0,0,0.4602626400944259
1.0,19.9,11.85,1,0,0,0.4473177135004276
1.0,32.5,18.23,1,0,0,0.315288173612462
1.0,75.0,13.08,1,0,0,0.39373670101325764
1.0,189.9,20.82,1,0,0,0.4971651501078613
1.0,85.0,19.79,1,0,0,0.4540048831341841
1.0,119.99,25.15,1,0,0,0.30651234966742713
1.0,69.97,19.68,1,0,0,0.36376984682915214
1.0,20.99,7.39,1,1,0,0.045240610860090014
1.0,59.9,20.91,1,0,0,0.37074918770732773
1.0,70.0,21.79,1,0,0,0.3073652663552612
1.0,99.9,11.31,1,0,0,0.21425599847274104
1.0,39.99,11.74,1,0,0,0.43477663353241347
1.0,199.9,32.15,1,0,0,0.4229466323848552
2.0,77.8,18.68,1,0,0,0.4539121932740749
1.0,165.9,17.6,1,0,0,0.3560536074516407
1.0,134.9,16.7,1,0,0,0.34398348376211896
1.0,44.9,12.79,1,0,0,0.3122586194631261
1.0,89.0,24.55,1,0,0,0.41242253057326406
1.0,185.0,16.04,1,0,0,0.38139625639131286
1.0,59.9,17.67,1,0,0,0.42173401220594686
1.0,89.9,19.82,1,0,0,0.4335600017830065
1.0,53.9,17.63,1,1,0,0.49747649417809964
1.0,129.9,8.67,5,1,1,1.0
1.0,133.9,18.19,1,0,0,0.30867134008308095
2.0,160.0,32.64,1,0,1,0.5807908497238197
1.0,99.99,21.19,1,0,0,0.3428770442640738
1.0,19.9,11.85,1,0,0,0.4473177135004276
1.0,110.0,15.52,1,0,0,0.37004073266980014
1.0,32.9,8.72,1,0,0,0.39518921905614773
1.0,49.99,12.69,1,0,1,0.5168185463097611
3.0,419.97,169.11,1,0,0,0.1489577658958777
1.0,78.0,7.81,1,0,0,0.33035365614135787
1.0,85.0,17.84,1,0,0,0.44759296229757184
1.0,129.0,18.15,1,0,0,0.33534122503222263
1.0,99.99,17.95,1,0,0,0.3146308617228917
2.0,78.0,30.2,1,0,0,0.4501796376726925
1.0,20.9,14.52,1,0,0,0.44885684817908944
2.0,179.98,32.78,1,0,1,0.5477147160985755
2.0,10.0,29.04,1,0,0,0.408048512871248
1.0,119.9,38.39,1,0,0,0.32437872868170425
2.0,99.98,23.46,1,0,0,0.47594784655792666
1.0,99.49,8.44,1,0,0,0.23478645555791167
1.0,49.0,11.85,1,0,0,0.4313913088318721
1.0,117.3,26.96,1,0,0,0.2844380559756508
1.0,50.9,17.64,1,0,0,0.48352542360518297
1.0,77.98,16.52,1,0,1,0.5330069279690889
1.0,29.99,7.78,1,0,0,0.40712747008579875
1.0,119.99,19.38,1,0,0,0.2595556784326022
1.0,69.9,19.46,1,0,0,0.14016631084027525
1.0,199.0,35.56,1,0,0,0.3977541475657276
1.0,279.0,46.41,1,0,0,0.27143325891301384
1.0,139.9,13.32,1,0,0,0.3297918174777643
1.0,106.0,16.37,1,0,0,0.3659168955533254
1.0,174.9,24.02,1,1,0,0.2333326449573123
1.0,176.99,15.23,1,0,0,0.42118613508304636
1.0,44.99,23.04,1,0,0,0.2286294205348148
1.0,1029.99,18.71,1,0,0,0.08529849348816877
3.0,209.7,40.83,1,0,1,0.5187159120254679
1.0,1999.99,22.34,1,0,0,0.21564248904593977
1.0,629.0,82.57,1,0,0,0.13855838069149876
1.0,72.9,12.85,1,0,0,0.38470498774956957
1.0,159.9,20.36,1,0,0,0.2631701668363927
1.0,68.9,13.84,1,0,0,0.3302777396438464
1.0,52.9,14.68,1,0,0,0.40859871922197283
1.0,50.0,16.6,1,0,0,0.4427493167843831
1.0,79.5,15.77,1,0,1,0.5396227748850344
1.0,46.0,18.42,1,0,0,0.2431312069459336
1.0,56.99,13.98,1,0,0,0.33229771507856093
1.0,176.99,17.21,1,0,0,0.46126856886682427
1.0,19.9,18.23,1,0,0,0.15688042095328103
1.0,49.9,14.52,1,0,0,0.4096354382415655
1.0,99.49,8.81,1,0,0,0.22401802304953566
1.0,59.9,17.16,1,0,0,0.4087521628156638
2.0,378.97,38.4,1,0,1,0.55889974675556
1.0,198.9,20.3,1,0,0,0.2714275582038479
1.0,39.9,15.23,1,0,0,0.4243305307204761
1.0,25.0,15.1,1,0,0,0.46022497300716375
1.0,17.5,7.78,1,0,0,0.48186054571855647
1.0,56.99,11.9,1,0,0,0.4337186551500721
1.0,120.49,14.59,1,0,0,0.3313565245789882
1.0,114.9,23.6,1,0,0,0.2127920450262259
1.0,75.0,21.02,1,0,0,0.4007775870333127
2.0,139.89,32.64,1,0,0,0.48637505282044285
1.0,65.99,35.78,1,0,0,0.34269037940310093
1.0,24.5,11.85,1,0,0,0.43901776656527913
1.0,49.9,14.1,1,0,0,0.39364138254956893
1.0,47.9,20.8,1,0,0,0.3038488480880227
1.0,49.95,15.1,1,0,0,0.41629867076139715
1.0,119.9,18.41,1,0,0,0.2985220160079791
1.0,158.9,19.21,1,0,0,0.30392572766721054
1.0,119.99,16.81,1,0,0,0.35143716270808123
1.0,59.9,17.67,1,0,0,0.42173401220594686
1.0,18.9,14.52,1,0,0,0.43507671694449074
1.0,469.01,25.86,1,0,0,0.34417819400223215
1.0,59.9,15.17,1,0,0,0.42535051473897284
1.0,49.7,43.15,1,0,0,0.3804719461604751
1.0,34.9,23.04,1,0,0,0.4018822866583883
1.0,67.8,19.44,1,0,0,0.15361760794792054
1.0,38.9,8.72,1,0,0,0.40637636821399614
1.0,53.99,7.78,1,1,0,0.4299069629082897
1.0,109.4,41.57,1,1,0,0.33010950227558006
1.0,68.0,25.76,1,0,0,0.3339990683178278
1.0,190.9,45.19,1,0,0,0.3016355873813886
1.0,53.99,7.78,1,0,0,0.4299069629082897
1.0,79.99,8.72,1,0,0,0.40516937506800343
1.0,99.0,44.49,1,0,0,0.3335189242008451
1.0,27.9,12.48,1,0,0,0.4257443431911499
1.0,75.0,21.02,1,0,0,0.4007775870333127
1.0,199.9,19.28,1,0,0,0.28417656708944555
1.0,44.0,18.41,1,0,0,0.24677302457525058
1.0,89.0,41.6,1,0,0,0.35808470758585914
1.0,159.9,17.93,1,0,0,0.32958678076959663
1.0,298.0,21.58,1,0,0,0.36563121832691203
1.0,89.9,12.53,1,0,1,0.5617873181669927
1.0,519.99,17.72,1,0,0,0.22874507313116582
1.0,102.0,44.48,1,0,0,0.32451733834821767
1.0,179.0,103.38,1,0,0,0.18280630167882092
1.0,369.0,19.51,1,0,0,0.2574985961011366
1.0,19.9,16.79,1,0,0,0.405032835846471
1.0,103.8,17.98,7,1,1,1.0
1.0,49.0,15.1,1,0,0,0.4168195117953109
1.0,54.99,13.97,1,0,0,0.3328235892272232
1.0,150.0,15.8,1,0,0,0.23658874026327809
1.0,114.0,17.51,1,0,0,0.40017014467258855
1.0,59.0,28.81,1,0,0,0.42002742844153707
1.0,63.9,8.88,1,0,0,0.4132543685106441
1.0,151.9,27.14,1,0,0,0.33778037172543485
1.0,25.0,14.52,1,0,0,0.46167200321207996
1.0,98.99,21.18,1,1,0,0.2959974174728164
1.0,29.9,9.44,1,0,0,0.43784706824354314
1.0,90.0,17.76,1,0,0,0.4754547056909784
1.0,19.99,7.88,1,0,0,0.4450786102980702
1.0,389.0,55.25,1,1,0,0.34897431268784584
1.0,80.0,12.9,1,0,0,0.3970366771026366
1.0,89.99,15.39,1,0,1,0.6111527328900801
1.0,28.9,16.11,1,0,0,0.4452966168036096
1.0,309.9,17.38,1,0,0,0.27491175289806746
1.0,14.99,19.32,1,0,0,0.11305799035141434
,,,1,1,1,0.5676371073814253
2.0,109.8,33.78,1,0,0,0.4254483555886568
1.0,799.9,28.75,1,0,0,0.31751217513748653
1.0,139.9,13.11,1,0,0,0.3324892821436664
1.0,49.0,11.85,1,0,0,0.4313913088318721
1.0,205.0,26.27,1,1,0,0.45565031373445786
1.0,275.0,14.83,1,0,0,0.3033466322758341
1.0,36.5,17.93,1,0,0,0.3746446696286486
1.0,54.9,14.13,1,0,0,0.4039458559761137
1.0,69.9,17.62,1,0,0,0.4281030601531674
1.0,91.5,13.66,1,0,0,0.43541030326202473
1.0,105.0,23.6,1,0,0,0.2286901471362743
1.0,109.9,18.02,1,0,0,0.31894274462190436
1.0,64.99,14.2,1,0,0,0.41384650029962233
1.0,117.3,22.29,1,0,0,0.24333728534665378
1.0,109.99,14.86,1,0,0,0.37108572641569815
1.0,129.9,23.71,1,0,0,0.25550555209867987
1.0,248.25,13.13,1,0,0,0.4007781079583985
1.0,37.9,11.85,1,0,0,0.4275512437865756
1.0,107.0,30.28,1,0,0,0.343862343078195
1.0,50.0,11.85,1,0,0,0.4312085158085536
1.0,34.9,14.1,1,0,0,0.4266866467055584
3.0,81.0,64.47,1,0,0,0.38123632312895855
1.0,78.0,35.07,1,0,0,0.40561745739249655
1.0,79.98,22.87,1,0,0,0.18458176440856763
1.0,177.99,17.01,1,0,0,0.3474156190609881
2.0,98.0,37.26,1,0,0,0.36209770597822055
1.0,19.99,14.1,1,0,0,0.4442440999115822
1.0,97.49,12.64,1,0,1,0.6548693702900228
1.0,21.99,15.1,1,0,0,0.44752408411776873
1.0,135.0,68.09,1,0,0,0.3133244773305083
1.0,59.9,15.63,1,0,0,0.4115325182917492
1.0,29.5,16.11,1,0,0,0.44379316252841616
1.0,18.9,11.85,1,0,0,0.44712230833912076
1.0,229.99,22.1,1,0,0,0.3982642967311949
1.0,69.9,16.25,1,0,1,0.5604267480009151
1.0,159.9,43.53,1,0,0,0.3105601068380723
1.0,74.99,18.63,1,0,0,0.30242477803066187
1.0,7.29,10.96,1,0,1,0.5369298803725234
1.0,64.99,37.37,1,0,0,0.3368687684756397
,,,1,0,1,0.5676371073814253
1.0,39.99,12.76,1,0,0,0.42301107617201517
1.0,75.37,18.11,1,0,0,0.29225926638130045
1.0,44.88,45.94,1,0,0,0.3616054468931716
2.0,25.8,34.12,1,0,0,0.11584831759492126
2.0,184.06,32.81,1,0,1,0.5441628999204166
1.0,39.9,9.26,1,0,0,0.44110889357432287
1.0,28.49,8.27,1,0,0,0.400235408282251
1.0,79.9,14.31,1,0,0,0.3659232102082957
1.0,46.99,20.43,1,1,0,0.29103544186690483
1.0,159.9,22.2,1,0,0,0.26488504601932483
1.0,31.9,14.1,1,0,0,0.4260468307045762
,,,1,0,1,0.5676371073814253
1.0,75.9,16.97,1,0,0,0.4977469461403579
2.0,139.8,32.24,1,0,0,0.46603900504388995
1.0,119.5,14.18,1,0,0,0.36372833874121274
1.0,84.89,15.34,1,0,1,0.7639421572519115
1.0,212.4,23.81,1,0,0,0.2689359076917989
1.0,119.9,13.86,1,0,0,0.37024965985444475
1.0,35.9,11.85,1,0,0,0.42449701417126656
2.0,76.0,18.4,1,0,0,0.436149446414542
1.0,58.99,11.15,1,0,0,0.43295361196663074
1.0,955.0,23.97,1,0,0,0.1007144736077165
1.0,169.8,33.33,1,0,0,0.29755614122474805
1.0,64.9,34.25,1,0,0,0.3156412127931318
1.0,58.99,13.49,1,0,0,0.33001572126904394
1.0,59.9,13.44,1,0,0,0.3815268290961434
1.0,626.0,22.9,1,0,0,0.2022208185857515
2.0,15.8,17.76,1,0,0,0.16091128208699973
1.0,159.9,27.66,1,0,0,0.30233834322887165
1.0,104.0,17.17,1,1,0,0.37324128680495566
1.0,329.0,31.09,1,0,0,0.3306164131749195
1.0,250.0,47.22,1,0,0,0.2990210748723674
1.0,27.9,11.85,1,0,0,0.4218890198383265
1.0,139.0,38.52,1,0,0,0.3310044733084329
3.0,41.97,66.17999999999999,1,0,0,0.31016178030275754
1.0,49.89,8.72,1,0,0,0.4089226900140161
1.0,49.9,18.59,1,0,0,0.22894221201962703
1.0,69.99,11.73,1,0,0,0.43450363859323604
1.0,48.9,46.88,1,0,0,0.3653129673877052
1.0,127.5,17.37,1,0,0,0.32326734501417487
1.0,47.2,16.6,1,1,0,0.43752660954432826
1.0,64.99,18.56,1,0,0,0.228589863080126
1.0,54.9,8.72,1,0,0,0.4127898967934218
1.0,36.9,8.27,1,0,0,0.3905119636897092
1.0,349.99,50.0,1,0,0,0.2952189711306269
1.0,32.0,8.97,1,0,0,0.3897125349228162
1.0,59.49,13.08,1,0,0,0.36412742478726123
1.0,52.0,17.17,1,0,0,0.4450976317795334
1.0,17.0,15.23,1,0,0,0.3126514199745269
1.0,1669.87,171.88,1,0,0,0.1514145314774737
1.0,189.99,23.91,1,0,0,0.4134527484424859
1.0,37.99,18.37,6,1,1,1.0
1.0,99.0,43.06,1,0,0,0.3335189242008451
1.0,69.9,16.25,1,0,1,0.5604267480009151
1.0,539.0,16.43,1,0,0,0.19076892511039034
1.0,129.9,20.25,1,0,0,0.2144160017043696
1.0,23.99,34.15,1,0,0,0.4302372434974405
1.0,99.9,10.01,1,0,0,0.2290636230311067
1.0,79.9,11.76,1,0,0,0.426195398825045
2.0,219.8,31.04,1,0,1,0.5196011862976538
1.0,21.9,12.81,1,0,0,0.31579750418804975
1.0,78.0,7.8,1,0,0,0.32958862881895357
1.0,169.9,12.39,1,0,0,0.27092281740857954
1.0,189.99,12.83,1,0,1,0.515807329392791
1.0,65.99,12.8,1,0,0,0.33053769124968424
1.0,70.0,16.93,1,0,1,0.5211673626552712
1.0,109.99,13.79,1,0,0,0.3755125551881144
1.0,49.9,18.23,1,0,0,0.2578580700996321
1.0,318.98,9.1,1,0,0,0.37036206739333616
1.0,329.9,67.4,1,1,0,0.42166626512957195
1.0,45.9,15.98,1,1,1,0.5193902856095485
1.0,13.99,11.85,1,0,0,0.40409169729491057
1.0,178.99,19.35,1,1,0,0.29859974477692985
1.0,311.94,17.39,1,0,0,0.2562674700904673
1.0,129.0,15.57,1,1,0,0.33500737611733505
1.0,64.99,11.73,1,0,0,0.4347923075605515
1.0,186.9,38.0,1,0,0,0.34052634769542306
1.0,299.9,35.64,1,0,0,0.2475163991318141
1.0,115.9,18.06,1,0,0,0.3236863611407484
1.0,99.0,17.94,1,0,0,0.33496130334081564
1.0,55.0,15.83,1,1,0,0.3847977456772545
2.0,33.6,30.2,2,1,1,1.0
1.0,59.99,16.18,1,0,0,0.43541799851785346
1.0,39.9,18.23,1,0,0,0.281560851376136
1.0,79.98,16.43,1,0,1,0.5591349259854932
1.0,250.0,37.77,1,0,0,0.2907195595873457
1.0,35.0,13.08,1,0,0,0.35856157838308356
1.0,1299.99,100.75,1,0,0,0.13388658084517113
1.0,49.0,17.6,1,0,0,0.4321908146945168
2.0,29.8,30.46,1,0,0,0.4374812004644357
1.0,121.75,18.65,1,0,0,0.26492561563136413
1.0,289.0,15.5,1,0,0,0.2289697093175776
1.0,399.9,24.67,1,0,0,0.22344526002259343
2.0,139.8,38.92,1,0,0,0.34796337410934813
1.0,119.0,43.2,1,0,0,0.32524387216202033
1.0,23.9,26.61,1,0,0,0.49722260717283895
1.0,59.9,13.44,1,0,0,0.3815268290961434
1.0,100.4,23.02,1,0,0,0.2569161568084638
1.0,58.0,7.87,1,0,0,0.4197486799148785
1.0,100.8,58.9,1,0,0,0.34750400655215025
1.0,99.0,13.42,1,0,0,0.37602102841803653
1.0,62.5,16.2,1,0,1,0.5845364407341346
1.0,84.99,14.76,1,1,0,0.39125272331358363
1.0,69.9,0.0,1,0,0,0.04745360653759695
1.0,29.99,7.78,1,0,0,0.40712747008579875
1.0,639.99,79.38,1,0,0,0.14599222204969603
1.0,350.0,14.89,15,1,1,1.0
1.0,16.5,15.1,1,0,0,0.43089283723445654
2.0,384.9,66.86,1,0,1,0.5458953580394874
1.0,49.9,13.37,1,0,0,0.3747613173881522
1.0,79.9,19.8,1,0,0,0.34940899885482546
1.0,99.9,23.57,1,0,0,0.22361095214179305
1.0,109.9,18.02,1,0,0,0.31894274462190436
1.0,169.99,43.07,1,0,0,0.3069764152698661
1.0,26.9,10.96,1,0,0,0.4323024378476402
1.0,190.0,23.9,1,0,0,0.4206673655086948
1.0,59.81,13.44,1,0,0,0.3644456805717681
1.0,109.0,18.84,1,0,0,0.26576866159056955
1.0,299.0,18.34,1,0,0,0.3349250810377583
1.0,19.9,7.39,1,0,0,0.04764061086009002
1.0,259.0,17.25,1,0,0,0.33611158692614085
2.0,25.8,14.78,1,0,0,0.11687171261484795
1.0,69.99,15.25,1,0,0,0.42035409283414615
,,,1,0,1,0.5676371073814253
1.0,148.5,38.59,1,0,0,0.3265312243399855
1.0,99.99,11.32,2,1,1,1.0
1.0,116.9,13.16,1,0,0,0.36538841175860093
1.0,39.9,15.79,1,0,0,0.4415404068068845
1.0,959.0,25.68,1,0,0,0.17012716910889578
1.0,59.99,13.44,1,0,0,0.38002778337379667
1.0,69.99,18.73,1,0,0,0.2659405998935575
1.0,89.9,24.63,1,0,0,0.4122642807969139
1.0,52.9,11.75,1,0,0,0.43288543467933693
1.0,169.0,16.06,1,0,0,0.3039536535322542
1.0,179.0,9.2,1,0,0,0.29215574056207977
1.0,119.99,25.04,1,0,0,0.2337817971950371
1.0,13.9,14.52,1,0,0,0.39273329215974384
1.0,54.0,9.34,1,0,0,0.440819350888257
1.0,84.99,18.47,1,0,0,0.14314116906947588
1.0,44.9,23.46,1,0,0,0.24733205729360686
1.0,6.0,15.1,5,1,1,0.9866666666666667
1.0,75.0,20.02,1,0,0,0.3497492034556174
2.0,33.8,29.04,1,0,0,0.4988524430928134
1.0,20.0,16.79,1,0,0,0.49352890432727065
1.0,79.98,22.87,1,0,0,0.18458176440856763
1.0,48.9,16.11,1,0,0,0.45607899021712056
1.0,49.9,31.05,1,0,0,0.4051215685923169
1.0,79.99,45.02,1,0,0,0.2193785323718763
1.0,699.0,23.95,1,0,0,0.22432595705798414
1.0,99.99,17.95,1,0,0,0.3146308617228917
1.0,59.9,20.91,1,0,0,0.37074918770732773
1.0,292.9,16.22,1,0,0,0.2294756083687613
6.0,360.0,134.10000000000002,1,0,0,0.49557003097466323
1.0,181.0,58.04,1,0,0,0.2906518336877193
6.0,419.4,1002.29,1,0,0,0.10278491713119702
1.0,540.0,11.52,1,0,0,0.20736256714829024
1.0,52.5,14.54,1,0,0,0.4106439168535743
1.0,99.0,21.09,1,0,0,0.3619426395301562
1.0,28.9,12.35,1,0,0,0.4252722104404508
1.0,259.0,76.61,1,0,0,0.3517788532371121
1.0,39.5,15.23,1,0,0,0.4243305307204761
1.0,85.0,15.7,1,0,0,0.48923559431755415
1.0,29.99,13.67,1,0,0,0.318705714786164
1.0,114.9,20.04,4,1,1,1.0
1.0,78.9,16.31,1,0,1,0.5723975691645029
1.0,189.99,11.94,1,0,1,0.5092771018656932
1.0,39.9,16.32,1,1,0,0.4083588188906913
1.0,123.89,18.12,1,0,0,0.3213206062814399
1.0,144.99,14.76,1,0,0,0.3320103728431752
1.0,50.2,13.69,1,0,0,0.328616043721874
1.0,14.99,12.79,1,0,0,0.2913598838598071
1.0,96.0,23.47,1,0,0,0.35907778039939253
1.0,69.0,17.19,1,0,1,0.5321423097479661
1.0,28.0,18.23,13,1,1,1.0
1.0,80.0,14.31,1,0,0,0.352041093404997
1.0,99.9,19.0,1,0,0,0.21002011750959995
1.0,69.9,16.12,1,0,1,0.5227168817587426
1.0,19.99,12.79,1,0,0,0.33907295279755684
1.0,388.0,45.13,1,0,0,0.296262702773385
1.0,179.99,18.97,1,0,0,0.28559970740594426
1.0,13.9,11.85,1,0,0,0.41230629167895994
2.0,143.2,33.5,1,0,0,0.45161457800725496
1.0,39.0,16.05,1,0,1,0.5117293350347553
1.0,56.99,14.57,1,0,0,0.41025543886476024
1.0,89.99,45.09,1,0,0,0.2736150759177601
1.0,139.9,20.54,1,0,0,0.34460669881592293
1.0,449.9,30.22,1,0,0,0.32909425966881906
2.0,20.25,26.94,1,0,0,0.14802931866751556
1.0,139.9,14.32,1,0,0,0.34946486907621044
1.0,29.0,8.36,1,0,0,0.3993517772193452
1.0,210.0,46.77,1,0,0,0.3270906287792002
1.0,39.5,15.11,1,0,0,0.4642652802566127
1.0,99.99,15.46,1,0,0,0.3553643663596765
1.0,249.9,9.91,1,0,0,0.4406598418611325
1.0,89.9,27.96,1,0,0,0.3636305919304989
1.0,49.0,13.41,1,0,0,0.3840988223421388
1.0,160.0,34.92,1,0,0,0.3029018227058294
1.0,129.9,20.99,1,0,0,0.3806317174672712
1.0,84.9,7.85,1,0,1,0.5157964356756867
1.0,19.9,24.84,1,0,0,0.2600885736170786
1.0,19.9,15.1,1,0,0,0.4372727634158048
2.0,202.0,26.87,1,0,0,0.44964840054719135
1.0,78.0,17.98,1,0,1,0.5401038171678505
1.0,269.9,22.38,1,0,0,0.4016862944758853
2.0,239.8,31.44,1,0,0,0.46684539078313153
1.0,299.9,22.47,1,0,0,0.3718891701227558
1.0,199.9,27.7,1,0,0,0.40959601178244515
1.0,49.9,14.1,1,0,0,0.39364138254956893
1.0,39.9,25.63,1,0,0,0.40537354947743803
1.0,31.9,16.79,1,0,0,0.4305884805419051
1.0,120.0,17.75,1,0,0,0.322767665191499
2.0,91.7,19.51,1,0,0,0.3093880500463379
1.0,124.9,14.62,1,0,0,0.3365666981231426
1.0,129.9,15.66,1,0,0,0.36184785278436116
1.0,139.9,20.22,1,0,0,0.22966733872995462
1.0,29.74,10.96,1,0,0,0.4336191001357365
1.0,140.0,23.56,1,0,0,0.24575736110388754
1.0,146.94,26.01,1,0,0,0.3197034578302728
1.0,849.9,18.29,1,0,0,0.09055901508212809
1.0,79.99,14.31,1,0,0,0.3649172398403215
1.0,120.0,45.3,1,0,0,0.32485386467877414
1.0,27.99,11.85,1,0,0,0.41898953007609163
1.0,325.0,10.47,1,0,0,0.2196645268510135
1.0,89.9,19.82,1,0,0,0.4335600017830065
1.0,72.0,13.52,1,0,0,0.3231157802672539
1.0,169.0,28.04,9,1,1,1.0
1.0,59.9,15.18,1,0,0,0.42535051473897284
1.0,22.32,7.74,1,1,0,0.026834135301228877
1.0,79.99,9.26,1,0,0,0.43275778060555126
1.0,29.99,18.23,1,0,0,0.3143869174044573
1.0,115.9,18.06,1,0,0,0.3236863611407484
1.0,140.0,16.74,1,0,0,0.34557396097475646
2.0,340.0,51.08,1,0,0,0.46049066996055493
1.0,299.9,27.6,1,0,0,0.2864665639247261
1.0,38.9,13.71,1,0,0,0.3269448010908807
1.0,237.0,17.63,1,0,0,0.3601976108439453
1.0,56.99,20.85,1,0,0,0.3606580057391401
1.0,69.9,15.24,1,0,0,0.4283950751924322
3.0,87.0,22.17,10,1,1,0.9933333333333333
1.0,24.8,15.27,1,0,0,0.3082360036770157
1.0,12.9,10.96,1,0,0,0.44791527011478044
1.0,85.9,14.33,1,0,0,0.47124461626013187
1.0,97.9,38.24,1,0,0,0.42543698493712934
3.0,426.49,80.48,1,0,1,0.5169695349252118
1.0,13.9,14.52,1,1,0,0.39273329215974384
1.0,13.4,12.79,1,0,0,0.2880333604619608
1.0,138.0,34.51,1,0,0,0.3043762793277542
1.0,34.9,14.08,3,1,1,1.0
1.0,176.99,25.75,5,1,1,1.0
2.0,79.98,41.44,1,0,0,0.43562867620573853
1.0,219.0,13.03,1,0,0,0.4193693576942838
1.0,142.0,21.07,1,0,0,0.3251093803797533
1.0,195.2,39.66,1,0,0,0.3676836543683223
1.0,125.0,16.63,1,0,0,0.35169369449147614
1.0,75.0,7.79,1,0,0,0.3857332053928864
1.0,99.9,16.46,1,0,0,0.37037067680233265
1.0,118.39,18.08,1,0,0,0.32355657141841204
1.0,23.7,15.1,1,0,0,0.4329347873646225
1.0,109.95,18.2,1,0,0,0.36015965411252787
1.0,99.0,15.44,1,0,0,0.3710530202068443
1.0,39.9,14.1,1,0,0,0.4487027603866264
2.0,113.98,32.32,1,0,0,0.427140210120601
1.0,39.9,15.79,1,0,0,0.4415404068068845
1.0,149.9,15.8,1,0,0,0.3225088719596728
1.0,79.9,19.53,1,0,0,0.08831531181404487
1.0,20.39,7.4,1,0,0,0.025504101037901284
1.0,75.0,12.03,1,1,0,0.4506227647933983
1.0,129.99,17.64,1,0,0,0.30831455592063783
1.0,199.9,19.5,1,0,0,0.252527357181137
1.0,29.5,20.84,1,0,0,0.2987673539810553
1.0,36.0,18.05,1,0,0,0.23505722765987686
2.0,578.0,21.18,1,0,0,0.4282499864194627
1.0,19.87,15.24,1,0,0,0.3249512782028627
1.0,109.89,17.21,1,0,0,0.3487041296743633
1.0,119.9,18.72,1,0,0,0.26721455137667227
1.0,122.99,16.83,1,0,0,0.31377771490148787
1.0,887.0,26.7,1,0,0,0.16148229673554784
1.0,179.0,19.13,1,0,0,0.2860892995994412
1.0,57.99,15.62,1,0,0,0.40261657717591587
1.0,39.9,24.48,1,0,0,0.3744536846248377
1.0,18.99,15.65,1,0,0,0.3999299128629524
1.0,67.9,14.65,1,0,0,0.41109477127921534
1.0,59.9,16.18,1,0,0,0.45167663020463256
1.0,16.9,12.69,5,1,1,1.0
1.0,135.0,19.23,1,0,0,0.25730614298858745
2.0,124.99,37.86,1,0,0,0.3377900360134412
1.0,349.9,22.18,1,0,0,0.33370987795514895
2.0,105.98,28.9,1,0,0,0.3923319746472896
1.0,69.99,11.73,1,0,0,0.43450363859323604
1.0,79.0,34.35,1,0,0,0.39199016372487966
1.0,49.0,18.44,1,0,0,0.2562731514447186
1.0,89.99,13.92,1,0,0,0.43408998113327973
1.0,1299.99,58.76,1,0,0,0.13679476291563739
1.0,79.0,17.8,1,0,1,0.5015706932504038
1.0,13.99,14.1,1,0,0,0.3935328782175805
1.0,49.0,18.23,1,0,0,0.2596802696576807
2.0,298.8,74.75,1,0,0,0.45640210569893336
1.0,92.34,18.23,1,0,0,0.17714033803517718
1.0,29.99,7.39,1,0,0,0.32942735493042996
1.0,49.9,15.56,1,0,0,0.41383034068777824
2.0,37.98,14.78,1,0,1,0.5627560192611183
1.0,109.9,12.27,1,1,0,0.3136661425192958
1.0,49.99,8.64,1,0,0,0.40418833110012087
1.0,1199.9,47.39,1,0,0,0.20437279468474012
,,,6,1,1,1.0
1.0,27.99,17.63,1,0,0,0.3953673396853689
1.0,40.0,15.1,1,0,0,0.4588871910706689
1.0,129.9,27.64,1,0,0,0.32154419447135285
2.0,47.8,53.64,1,0,0,0.361926334113563
1.0,53.9,17.63,1,0,0,0.49747649417809964
1.0,599.98,145.31,1,0,0,0.1582271725228358
2.0,133.98,46.38,1,0,0,0.4377382679355448
1.0,39.9,14.52,1,0,0,0.46118795431467957
1.0,89.9,12.13,1,0,0,0.39996673571096586
2.0,359.8,44.63,1,0,0,0.1991082594217368
1.0,78.0,13.21,1,0,0,0.29265994022831315
1.0,29.9,8.29,1,0,0,0.3984116799887054
1.0,110.0,17.25,1,0,0,0.37996333830863976
1.0,159.9,25.61,1,0,0,0.2895006251176771
1.0,499.9,23.9,1,0,0,0.2797612263077749
1.0,388.9,51.26,1,0,0,0.3033796486215072
1.0,35.9,13.37,1,0,0,0.35788373821422576
1.0,139.0,19.07,1,0,0,0.27846270677892226
1.0,27.3,8.27,1,0,0,0.3730069475403353
2.0,36.0,36.46,1,0,0,0.28678999185142906
1.0,43.0,16.6,1,0,0,0.4422778503060571
1.0,39.99,15.23,1,0,0,0.42530951867986855
1.0,59.9,15.17,1,0,0,0.42535051473897284
1.0,59.9,18.96,1,0,0,0.28463824048636566
1.0,89.0,16.38,1,0,1,0.5339070393689213
1.0,88.0,17.87,1,0,0,0.4240854471445612
1.0,1500.0,126.65,1,0,0,0.13675292200529107
1.0,69.9,9.62,1,0,0,0.4402498364736191
1.0,81.99,13.59,1,0,0,0.4741972209080685
1.0,199.9,14.42,1,0,0,0.44184338123526373
3.0,180.0,92.87,1,0,0,0.43933196336557767
1.0,45.9,17.63,1,0,0,0.47961931007246456
1.0,25.9,26.09,1,0,0,0.3977031658527905
1.0,54.0,16.82,1,0,0,0.4745078411274514
2.0,72.0,46.3,1,0,0,0.42988768244834813
2.0,119.8,30.34,1,0,0,0.43826753170390514
1.0,377.0,41.91,1,0,0,0.29415342492921803
1.0,29.99,10.96,1,1,0,0.42926162968546017
1.0,23.7,22.06,1,0,0,0.2500337448745707
1.0,17.9,16.11,1,0,0,0.45495522183719156
1.0,98.9,18.26,1,0,0,0.2070072588022599
3.0,134.0,57.68,1,0,0,0.4509178125185386
,,,1,0,1,0.5676371073814253
1.0,652.0,17.0,1,0,0,0.1951530885078121
1.0,34.9,16.6,1,0,0,0.4271731114105611
1.0,167.92,26.46,1,0,0,0.3003544231164804
1.0,670.0,31.24,1,0,0,0.38581749541195276
1.0,9.9,7.39,1,0,0,0.08561207127717588
1.0,16.99,10.96,1,0,0,0.45128845675983476
1.0,12.88,7.39,1,0,0,0.0971836490901855
1.0,99.9,18.27,1,0,0,0.2566088153904468
1.0,529.9,16.97,1,0,0,0.1716541985448374
1.0,99.0,33.08,1,0,0,0.3600085116428589
1.0,14.45,15.1,1,0,0,0.41448937263420893
1.0,99.99,12.09,1,0,0,0.2679505699623292
1.0,69.98,24.8,1,0,0,0.2668107273395337
1.0,84.99,16.35,1,0,0,0.4945762007310757
1.0,95.03,13.69,1,0,0,0.437650641448471
1.0,147.9,18.33,1,0,0,0.3325961052371083
1.0,34.9,14.52,1,0,0,0.4387590906801666
1.0,205.0,28.81,1,0,0,0.41822079092342496
1.0,50.9,17.93,1,0,0,0.4316344386667961
1.0,171.0,16.9,1,0,0,0.3422081243326921
1.0,138.5,9.9,1,0,0,0.321169811530483
1.0,69.0,13.92,1,0,0,0.32168014429246833
1.0,29.99,7.39,1,0,0,0.32942735493042996
1.0,98.0,16.45,1,0,0,0.3102841861223519
1.0,199.9,19.28,1,0,0,0.28417656708944555
4.0,139.84,60.4,1,0,0,0.48832834816153875
1.0,54.9,7.78,1,0,0,0.4299617871316561
1.0,28.9,15.1,1,0,0,0.44419785257830646
1.0,39.99,15.38,1,0,0,0.3943075251639963
2.0,49.8,15.56,1,0,0,0.44212934659855185
1.0,99.0,15.79,1,0,0,0.32057598820681305
1.0,299.9,20.99,1,0,0,0.3554782400965943
1.0,225.65,8.92,1,0,0,0.2913645114690826
1.0,139.97,29.17,1,0,0,0.35848892104737795
1.0,98.0,18.57,1,0,0,0.2938936648013793
1.0,149.9,12.06,1,0,0,0.40398590183352523
1.0,39.9,8.72,1,0,0,0.4139899820021816
1.0,119.0,40.82,1,0,0,0.32524387216202033
1.0,23.9,10.96,1,0,0,0.43864019874121124
1.0,49.9,25.63,1,0,0,0.4030080307895229
1.0,42.0,18.39,1,0,0,0.24882215049280337
3.0,521.81,31.9,1,1,0,0.4826981939410958
2.0,40.19,20.85,1,0,0,0.35556331491740956
1.0,144.99,12.22,10,1,1,1.0
1.0,59.0,20.73,1,0,0,0.38648322653705974
1.0,299.99,22.9,1,0,0,0.345072550856934
1.0,22.99,18.23,1,0,0,0.1306297131290506
1.0,29.9,9.34,1,0,0,0.4410943746835939
1.0,99.0,15.44,1,0,0,0.3710530202068443
1.0,56.0,18.49,1,0,0,0.25186236458636385
1.0,29.0,7.78,1,0,0,0.4114624963538499
2.0,63.8,30.64,1,0,0,0.45777802391694183
1.0,27.99,15.23,1,0,0,0.32350394962047235
1.0,84.99,16.29,1,0,0,0.4910979398615105
1.0,177.9,28.11,1,0,0,0.25519864043812024
1.0,35.0,7.78,1,0,0,0.41497547717166416
1.0,174.99,19.1,1,0,0,0.32420210874570593
1.0,187.0,13.75,1,0,0,0.36905844625543904
1.0,119.9,26.12,1,1,0,0.32276543745995956
2.0,76.8,38.64,1,0,0,0.38746193010913976
4.0,199.96,70.4,1,0,0,0.4703363999417772
1.0,60.0,9.34,1,0,0,0.44614321785713695
3.0,119.7,53.79,1,0,0,0.4258284482754377
1.0,127.77,15.64,1,0,0,0.3298803546714567
1.0,129.9,18.79,1,0,0,0.26857235573880545
1.0,59.99,7.78,1,0,0,0.4340041582469618
1.0,149.94,23.36,1,0,0,0.22486769962045183
1.0,233.5,48.46,1,0,0,0.3293446054531405
1.0,670.0,32.07,1,0,0,0.38237351799520725
1.0,33.9,12.79,1,0,0,0.32395803412082436
1.0,99.9,11.79,1,0,0,0.2673585606155927
1.0,105.0,9.27,1,0,0,0.3331324098571817
1.0,12.25,18.23,1,0,0,0.15989872145425885
1.0,239.99,38.08,1,0,0,0.31166471699367143
1.0,69.9,9.27,1,0,0,0.4451667011983965
,,,1,0,1,0.5676371073814253
1.0,19.9,11.85,1,0,0,0.4473177135004276
1.0,89.18,15.38,1,0,1,0.624425186523851
1.0,69.99,9.34,1,0,0,0.44131781844323487
1.0,82.49,8.74,1,0,0,0.4602626400944259
2.0,357.97,38.25,1,0,0,0.28551528418633015
1.0,59.9,16.39,1,0,0,0.4164313836118103
1.0,89.25,15.37,1,0,1,0.5722625211886069
1.0,239.9,13.18,3,1,1,1.0
1.0,48.0,11.73,1,0,0,0.4288137058501752
1.0,125.9,39.74,1,0,0,0.31804331058714935
1.0,189.9,34.6,1,0,0,0.37532694543625483
1.0,669.0,65.14,1,0,0,0.12190360584453756
1.0,197.0,18.63,1,0,0,0.33625397849575894
1.0,59.9,14.17,1,0,0,0.4143587516574212
1.0,99.9,23.57,1,0,0,0.22361095214179305
1.0,45.0,22.93,1,0,0,0.23630500324857753
1.0,56.99,13.98,1,0,0,0.33229771507856093
1.0,29.5,17.92,1,0,0,0.42763517317185556
1.0,110.0,62.44,1,1,0,0.34354953975226915
1.0,348.9,118.06,1,0,0,0.28271322599161425
1.0,59.99,14.73,1,0,0,0.4149813452832126
2.0,359.98,52.2,1,1,0,0.17949628601610748
2.0,113.98,25.48,1,0,0,0.40196839508801185
1.0,61.4,18.53,1,0,0,0.23042651626841368
1.0,119.99,24.97,6,1,1,1.0
2.0,59.98,32.8,1,0,0,0.4349641891269484
1.0,99.0,17.94,1,0,0,0.33496130334081564
1.0,39.9,11.15,1,0,0,0.43331105449975327
1.0,205.0,22.27,1,0,0,0.4398225793038469
1.0,59.9,17.67,1,0,0,0.42173401220594686
1.0,112.9,0.0,1,0,0,0.019505445926416537
1.0,29.9,16.11,1,0,0,0.4504279816054427
1.0,21.99,7.78,1,0,0,0.49803519768292676
1.0,13.65,7.39,1,0,0,0.3418451454887376
1.0,54.99,16.14,1,0,0,0.48207324550993536
1.0,27.9,8.27,1,0,0,0.3730069475403353
1.0,1106.99,33.83,1,0,0,0.20301097438112778
1.0,149.99,16.26,1,0,0,0.2503275174146382
1.0,59.9,11.81,1,0,0,0.43611308775547986
2.0,127.0,36.66,1,0,0,0.3428572730396068
1.0,12.9,21.15,1,0,0,0.2254789730382094
2.0,299.8,25.08,1,0,0,0.2708208872126863
1.0,48.0,19.32,1,0,0,0.3258339587222849
1.0,998.0,44.51,1,0,0,0.1745375193293685
1.0,279.0,16.83,1,0,0,0.2539948701884196
1.0,125.0,18.12,1,0,0,0.3282728822345637
1.0,69.9,17.74,1,1,0,0.4780985640983793
1.0,31.9,8.38,1,0,0,0.3918715587012605
2.0,107.8,35.26,1,0,0,0.3949068281650596
1.0,49.9,8.88,1,0,0,0.40976473336056257
1.0,25.99,14.1,1,0,0,0.4375669209168735
1.0,99.0,18.93,1,0,0,0.25543022873359156
1.0,137.9,43.34,1,0,0,0.3381396346102887
3.0,41.97,45.69,1,0,0,0.4428712192284191
1.0,55.9,8.27,1,0,0,0.41257518698412793
1.0,59.9,17.67,1,0,0,0.42173401220594686
1.0,69.99,23.07,1,0,0,0.22395143274491122
1.0,179.1,15.0,1,0,0,0.3907544543973918
1.0,35.99,12.69,1,0,0,0.4949370351454746
1.0,12.99,8.72,1,0,1,0.5746588638151023
1.0,53.9,15.14,1,0,0,0.4183897276528888
1.0,129.99,26.99,1,0,0,0.3129401520617911
1.0,59.9,17.67,1,0,0,0.42173401220594686
1.0,26.9,19.32,1,0,0,0.15914363392178135
1.0,299.9,33.19,1,0,0,0.26040621008956494
1.0,56.1,19.58,1,0,0,0.4961322157189695
1.0,104.9,13.07,1,0,0,0.3707949982422487
1.0,79.0,12.05,1,0,0,0.3790691701338203
1.0,65.0,15.2,1,0,0,0.41612735723663213
1.0,84.99,9.41,1,0,0,0.29775652901242905
1.0,48.9,19.53,1,0,0,0.07500305244881189
1.0,22.32,22.88,1,0,0,0.2859396616237259
2.0,55.98,30.2,1,0,0,0.47946505188929145
1.0,49.5,11.85,1,0,0,0.4313913088318721
1.0,75.0,18.63,1,0,0,0.30742477803066187
1.0,149.9,23.92,1,0,0,0.4396313186309805
1.0,56.89,15.15,1,0,0,0.41890193389053076
1.0,149.9,19.59,1,0,0,0.27350946923849817
1.0,9.97,8.72,1,0,1,0.8259045079323838
1.0,419.9,10.19,1,0,0,0.21584195052062996
2.0,59.98,24.96,1,0,0,0.42788827524119244
1.0,34.9,14.52,1,0,0,0.4387590906801666
1.0,394.65,17.51,1,0,0,0.3545907869656734
1.0,99.99,13.72,1,0,0,0.3470812600592861
2.0,385.98,69.24,1,0,1,0.55212548509505
1.0,62.0,11.73,1,0,0,0.4303372228473941
1.0,49.9,8.72,1,0,0,0.4089226900140161
1.0,21.5,9.34,1,0,0,0.4602552333632938
1.0,29.99,7.39,1,0,0,0.32942735493042996
1.0,169.9,34.95,1,0,0,0.29136617543672677
1.0,29.99,19.4,1,0,0,0.17992359332772612
1.0,189.9,61.61,1,0,0,0.323423156056459
1.0,49.6,8.72,1,0,0,0.4089226900140161
1.0,39.9,8.11,1,0,0,0.4185348318720629
1.0,63.92,15.2,1,1,0,0.40958516450953747
1.0,167.99,10.59,1,0,0,0.32070555060201567
1.0,90.0,16.88,1,0,0,0.47048394350072387
,,,1,0,1,0.5676371073814253
1.0,149.9,25.18,1,0,0,0.2948596889892504
1.0,27.99,18.3,1,0,0,0.28153700150761357
1.0,150.0,42.03,1,0,0,0.28470644559135716
1.0,83.3,21.07,1,1,0,0.23445336949547746
1.0,78.0,7.8,1,0,0,0.32958862881895357
2.0,142.99,46.37,1,0,0,0.39066962738323724
1.0,230.0,16.36,1,1,0,0.3201935016286194
1.0,1299.65,18.41,1,0,0,0.12482873439504757
1.0,47.91,7.78,1,0,0,0.4323675238404758
1.0,249.9,12.36,1,0,0,0.4062104858232045
1.0,56.99,16.16,1,0,0,0.4726671557625641
1.0,84.6,8.89,1,0,1,0.5956392858396259
1.0,689.89,26.76,1,0,0,0.31971657090491956
1.0,139.9,41.96,1,0,0,0.32910640016366305
1.0,5.99,16.11,1,0,0,0.3041013352514936
1.0,49.0,19.04,1,0,0,0.2832396166268891
2.0,138.0,28.46,1,0,0,0.4914319348605055
1.0,49.9,13.37,1,0,0,0.3747613173881522
1.0,361.99,13.14,1,0,0,0.24400838392345042
1.0,30.5,15.31,1,0,0,0.33648647239642965
1.0,55.0,15.49,1,0,0,0.3147441102351433
1.0,195.99,19.26,1,0,0,0.24864807463899222
1.0,99.9,23.28,1,0,0,0.3048844995815375
1.0,269.0,16.26,1,0,0,0.27107659235234643
1.0,26.0,9.44,1,0,0,0.4670385291186193
1.0,29.99,15.1,1,0,0,0.4375317102191416
1.0,84.99,9.41,1,0,0,0.29775652901242905
1.0,119.9,16.6,1,1,0,0.38696902839731695
1.0,79.9,17.81,3,1,1,1.0
1.0,59.0,17.66,1,0,0,0.4623929022678652
1.0,86.6,19.95,1,0,0,0.46741021247724557
1.0,243.0,20.89,1,0,0,0.323209117558167
1.0,82.97,14.31,1,0,0,0.3346507644704337
1.0,274.9,14.94,1,0,0,0.2955666322838651
1.0,93.0,13.31,1,0,0,0.4803972437146582
1.0,199.0,12.89,1,0,0,0.4376848741064762
2.0,52.3,30.57,1,0,0,0.49876303749605266
,,,1,1,1,0.5676371073814253
1.0,99.99,15.58,1,0,0,0.35303357755560527
1.0,53.49,11.87,1,0,0,0.434465533202438
1.0,139.0,23.55,1,0,0,0.24407661334506206
1.0,28.9,14.1,1,0,0,0.43126157746293586
1.0,45.0,10.96,1,0,0,0.4315951791902279
1.0,29.99,7.39,1,0,0,0.32942735493042996
1.0,49.9,20.99,1,0,0,0.3301717313023532
1.0,31.9,34.15,1,0,0,0.48076214230973857
1.0,129.49,13.21,1,0,0,0.33799202524538513
1.0,299.99,27.38,1,0,0,0.28679022521696107
1.0,28.99,18.3,1,0,0,0.25694434059472526
1.0,124.99,21.88,1,0,0,0.2823148862189092
1.0,136.0,12.45,1,0,0,0.33968974112660605
1.0,49.9,11.85,1,0,0,0.4313913088318721
1.0,50.0,13.93,1,0,0,0.3326229896815175
1.0,40.0,14.1,1,0,0,0.4387704149777298
1.0,85.99,11.81,1,0,0,0.3260056450255215
1.0,190.83,16.09,1,0,0,0.49854687230064715
1.0,10.9,14.52,1,0,0,0.43071253202900606
1.0,229.9,90.06,1,0,0,0.3043300578625775
1.0,154.0,27.38,1,0,0,0.27499337268340135
1.0,65.55,11.73,1,0,0,0.4347923075605515
4.0,383.6,80.64,1,0,0,0.48043169660838686
1.0,219.9,17.73,1,0,0,0.3806719659107477
1.0,39.9,14.52,1,0,0,0.46118795431467957
1.0,340.99,81.62,1,0,0,0.33062197633045165
1.0,74.99,23.1,1,0,0,0.27175618502597665
2.0,79.8,35.2,1,0,0,0.4299363072273839
,,,1,0,1,0.5676371073814253
1.0,155.99,34.89,1,0,0,0.3048444630960166
1.0,239.9,13.18,1,0,0,0.3643292379634662
1.0,209.99,31.77,1,0,0,0.3660654874816282
1.0,29.99,10.96,1,0,0,0.42926162968546017
1.0,10.35,8.72,1,0,1,0.7305062569053377
1.0,129.9,18.16,1,1,0,0.3175238230879358
2.0,220.64,15.92,1,0,0,0.19545014304085223
1.0,979.0,49.3,1,0,0,0.20448668928019276
1.0,250.0,30.12,1,0,0,0.3575804349544612
2.0,27.98,28.2,1,0,1,0.5018197545029242
2.0,119.8,26.88,1,0,0,0.4405072272029063
1.0,19.9,15.79,1,0,0,0.4051675317402653
1.0,32.0,10.96,1,0,0,0.4263035108741171
1.0,39.9,12.48,1,0,0,0.4417344499600291
2.0,179.98,20.08,1,0,0,0.46582859710673025
1.0,318.33,17.44,1,0,0,0.2557832204007196
1.0,76.9,15.29,1,0,0,0.3935406620948107
1.0,224.0,16.27,1,0,0,0.28755825624239895
1.0,189.9,32.08,1,0,0,0.44750999798526614
2.0,108.8,33.77,1,1,0,0.42336800879698383
1.0,12.97,14.1,1,0,0,0.35870614749989527
1.0,119.9,37.53,1,0,0,0.3223681466711223
1.0,150.0,9.86,1,0,0,0.25256854204726675
1.0,179.99,45.72,1,0,0,0.25052899782846494
1.0,69.9,13.51,1,0,0,0.3348271060759655
1.0,129.0,21.7,1,0,0,0.36410163321325517
1.0,19.9,7.39,1,0,0,0.04764061086009002
1.0,29.99,18.31,1,0,0,0.27781814509245967
2.0,99.8,26.74,1,0,0,0.4260443196289589
2.0,21.0,30.46,1,1,0,0.10957959800644707
1.0,56.99,25.68,1,0,0,0.3841179192888062
1.0,79.9,15.44,1,0,0,0.31382033860171116
2.0,179.8,24.66,1,1,1,0.5501380487011701
1.0,79.9,19.53,1,0,0,0.08831531181404487
1.0,148.9,19.12,1,0,0,0.3158611311217911
1.0,299.0,23.96,1,0,0,0.2142818554118411
1.0,31.9,15.32,1,0,0,0.3342213953298034
1.0,135.0,16.58,1,0,0,0.37447065135356467
1.0,82.98,19.77,1,0,0,0.2522094034021137
1.0,219.98,31.4,1,0,0,0.3790453296204339
1.0,789.0,13.68,1,0,0,0.11353668796897631
1.0,37.99,18.63,1,0,0,0.27724547705587027
2.0,163.75,54.73,1,0,0,0.3391538152161388
1.0,120.0,13.5,1,0,0,0.33075058182639905
1.0,6.0,14.52,1,0,0,0.2675019752347873
2.0,179.8,32.52,1,0,1,0.5783260192389441
1.0,165.9,12.37,1,0,0,0.3714213428309783
1.0,41.99,16.11,1,0,0,0.4531901359491238
1.0,94.0,21.5,1,0,0,0.3333921180132449
1.0,16.8,9.27,1,1,0,0.453786363306282
1.0,199.0,15.14,1,0,0,0.42258425943998196
1.0,39.9,7.78,1,0,0,0.43131009253739117
1.0,69.77,14.24,1,0,0,0.3934129816479765
2.0,74.6,26.06,2,1,1,1.0
1.0,309.0,19.0,1,0,0,0.27884993226811533
1.0,45.0,18.23,1,0,0,0.2527981015060449
1.0,899.0,50.97,1,0,0,0.2072299847273766
1.0,94.9,19.35,1,0,0,0.30023176729566275
1.0,192.99,78.64,1,0,0,0.27212989957476796
1.0,44.0,17.24,1,0,0,0.4061992796016629
1.0,80.38,15.66,1,0,0,0.3940714479964745
1.0,18.99,11.85,1,0,0,0.4479840466044367
1.0,1499.99,24.25,1,0,0,0.221718743253244
1.0,69.99,16.25,1,1,1,0.5524896043561371
1.0,169.99,62.83,1,0,0,0.3200163929329578
1.0,389.0,19.37,1,1,0,0.28355602154896425
1.0,142.0,18.24,1,0,0,0.30563063461705775
1.0,147.9,37.13,1,0,0,0.32317660218927763
1.0,280.0,16.71,1,0,0,0.26611791322387046
1.0,11.87,17.06,1,0,0,0.3400711442724205
1.0,59.9,13.44,1,0,0,0.3815268290961434
4.0,135.56,33.6,1,0,0,0.43153261225281103
1.0,148.99,17.48,1,0,0,0.3354821813857132
1.0,159.9,17.09,1,0,0,0.3577955518646939
1.0,349.9,18.39,1,0,0,0.28767153109408616
1.0,149.0,14.79,1,0,0,0.3480204525245888
1.0,29.0,14.1,1,0,0,0.431848689999201
1.0,397.0,24.65,1,0,0,0.22344526002259343
1.0,17.99,15.1,1,0,0,0.42323871961234033
1.0,42.9,16.11,1,0,0,0.44817389651889206
1.0,59.5,21.05,1,0,0,0.3704152233117408
1.0,38.99,22.06,1,0,0,0.2703509936900638
1.0,750.0,17.69,1,0,0,0.20468998925015705
1.0,29.0,15.1,1,0,0,0.44478496511457155
1.0,59.9,13.44,1,0,0,0.3815268290961434
1.0,69.9,38.04,1,0,0,0.31530814952217384
1.0,29.99,15.1,1,0,0,0.4375317102191416
1.0,179.99,92.51,1,0,0,0.17492322423776366
1.0,310.0,95.47,1,0,0,0.2569627995719868
1.0,28.9,16.11,1,0,0,0.4452966168036096
1.0,118.9,15.34,1,0,0,0.36379684927212835
1.0,23.99,7.78,1,0,1,0.53432292661141
2.0,197.25,37.14,1,0,0,0.32907496477070114
1.0,50.0,15.1,1,0,0,0.4161158777380788
1.0,35.9,22.85,1,0,0,0.3170337801103072
1.0,50.9,8.88,1,0,0,0.4053305449976539
1.0,90.0,27.07,1,0,0,0.3142774463350963
1.0,29.99,26.43,1,0,0,0.4859896498540841
1.0,149.9,21.54,1,0,0,0.4511994242278476
1.0,29.0,8.36,1,0,0,0.3993517772193452
1.0,47.9,19.53,1,0,0,0.07501422241749801
1.0,45.9,16.11,1,0,0,0.4586537690451446
1.0,103.0,21.21,1,0,0,0.3370430890980722
1.0,110.0,14.35,1,0,0,0.3704180318688389
1.0,77.8,13.56,1,0,0,0.3312615186350342
1.0,84.9,23.52,1,0,0,0.223679143886867
1.0,59.89,24.77,1,0,0,0.3117385002660339
1.0,649.0,21.47,1,0,0,0.19945625039781967
1.0,36.75,10.96,1,0,0,0.4255284399663309
1.0,118.0,21.01,1,0,0,0.3252711184872762
1.0,29.9,8.29,1,0,0,0.3984116799887054
1.0,55.0,18.27,1,0,0,0.2833135761905096
1.0,69.9,24.71,1,0,0,0.25731859307566746
1.0,25.9,19.95,1,0,0,0.2554245826909437
1.0,19.9,15.1,1,0,0,0.4372727634158048
1.0,18.99,7.39,1,0,0,0.05582443140020547
1.0,14.9,12.48,1,0,0,0.4232635354804416
1.0,98.99,14.78,1,0,0,0.3017837399634703
1.0,49.0,14.1,1,0,0,0.39364138254956893
1.0,29.99,14.1,1,0,0,0.42514557449657153
1.0,21.99,7.78,1,0,0,0.49803519768292676
1.0,55.0,7.65,1,0,0,0.06681745895021951
1.0,77.94,16.31,1,0,1,0.5300435839436013
1.0,149.99,16.75,1,0,0,0.2546613854860064
2.0,430.0,45.18,1,0,1,0.54887000963251
1.0,91.5,12.77,1,0,1,0.5012774789858265
1.0,21.99,15.23,1,0,0,0.330489255480146
1.0,49.7,17.26,1,0,0,0.4079985572710213
1.0,249.9,69.21,1,0,0,0.27843048784256214
1.0,69.36,16.74,1,0,0,0.48993811091972106
1.0,29.9,17.92,1,0,0,0.43099274865913856
1.0,69.9,15.24,1,0,0,0.4283950751924322
1.0,89.99,11.24,1,0,1,0.5349568406031356
1.0,24.99,17.92,1,0,0,0.45311566531125974
1.0,122.99,63.11,1,0,0,0.33199112201219194
1.0,17.99,18.23,2,1,1,1.0
2.0,93.8,23.34,1,0,0,0.3616032301930071
1.0,34.9,14.1,1,0,0,0.4266866467055584
2.0,70.78,28.2,1,0,0,0.437246474355009
2.0,91.8,25.38,1,0,0,0.41371800463147784
1.0,300.0,54.45,1,0,0,0.27446029015719015
1.0,49.99,7.39,1,0,1,0.5459717648915275
1.0,285.0,24.57,1,0,0,0.22092750701371766
1.0,129.9,20.99,1,0,0,0.3806317174672712
1.0,115.0,15.66,1,0,0,0.3654680531209122
1.0,82.9,19.82,1,0,0,0.2566168135509051
1.0,58.99,13.43,1,0,0,0.3802867578255839
1.0,109.9,9.28,1,0,0,0.31956053724338684
1.0,99.98,9.51,1,0,0,0.21930737104981682
1.0,152.8,16.08,1,0,0,0.4583379049480976
1.0,49.99,15.23,1,0,0,0.3898602897948958
1.0,180.0,16.33,1,0,0,0.4325097941530739
1.0,42.99,14.1,1,0,0,0.3561803380378202
1.0,68.99,14.21,1,0,0,0.3984799632032436
1.0,129.9,9.26,1,0,0,0.324132400590927
1.0,156.0,13.53,1,0,0,0.3686666103755787
1.0,39.99,12.94,1,0,0,0.3628949777142883
1.0,109.99,14.54,1,0,0,0.37018331974180224
1.0,118.5,34.63,1,0,0,0.3418095539703641
1.0,138.0,28.35,1,0,0,0.35437936495816047
1.0,99.0,15.45,1,0,0,0.3387000059809285
1.0,110.77,8.04,1,0,0,0.3555816178849591
1.0,99.99,25.19,1,0,0,0.38993059920848194
1.0,129.9,22.62,1,0,0,0.26403388492427676
1.0,154.0,12.98,1,0,0,0.3381440137658134
1.0,84.99,16.35,1,0,0,0.4945762007310757
1.0,98.9,21.18,1,0,0,0.2959974174728164
1.0,148.9,23.91,1,0,0,0.3478573305191799
1.0,24.99,15.1,1,0,0,0.46022497300716375
1.0,189.9,14.91,1,0,0,0.4947241918314823
1.0,91.3,23.22,1,0,0,0.3419094968678111
1.0,129.99,16.67,1,0,0,0.33492683450928457
1.0,189.9,69.01,1,0,0,0.20080152352729652
1.0,79.0,15.31,7,1,1,1.0
1.0,34.99,15.1,1,0,0,0.44060096419126454
1.0,119.0,18.41,1,0,0,0.3010204038777848
1.0,79.98,22.87,1,0,0,0.18458176440856763
1.0,13.99,15.1,1,0,0,0.41366627174659126
1.0,132.9,15.68,1,0,0,0.33956164553203955
1.0,49.99,8.9,1,0,0,0.40710890680229694
1.0,79.0,37.24,1,0,0,0.38384784008585354
1.0,29.99,22.14,1,0,0,0.39148029480964913
1.0,96.49,11.3,1,0,0,0.4012311341943571
1.0,299.0,22.54,1,0,0,0.3795277172667619
1.0,106.9,21.55,1,0,0,0.45339550688645847
1.0,139.77,15.86,1,0,0,0.3407562623558072
1.0,30.0,8.29,1,0,0,0.392918040528896
1.0,69.0,13.96,1,0,0,0.32061832027869924
1.0,112.0,51.91,1,0,0,0.3177663490436734
1.0,414.62,23.91,1,0,0,0.20770441896196126
1.0,44.9,15.11,1,0,0,0.38312368340885283
,,,1,0,1,0.5676371073814253
1.0,69.99,9.34,1,1,0,0.44131781844323487
1.0,359.91,25.45,1,0,0,0.2518910860568339
1.0,78.0,18.65,1,0,0,0.2830697824281813
1.0,10.6,8.29,1,0,0,0.4636390714116242
1.0,19.99,14.52,1,0,0,0.44885684817908944
1.0,21.99,7.78,1,0,0,0.49803519768292676
1.0,59.99,9.44,6,1,1,1.0
2.0,108.0,47.7,1,0,0,0.4436427167524951
1.0,59.9,58.93,1,0,0,0.32704302270248364
1.0,39.9,9.03,1,0,0,0.40923264625635325
1.0,139.98,66.19,1,0,0,0.3654110109885824
1.0,572.0,64.74,1,0,0,0.43058656730076006
1.0,87.9,19.59,1,0,1,0.5380322815834603
2.0,39.8,34.14,1,0,0,0.37992643189486813
1.0,169.99,23.55,1,1,0,0.20392516255662435
1.0,59.9,11.73,1,0,0,0.43956680299001705
1.0,59.99,21.22,1,0,0,0.26724895114562985
1.0,148.9,29.47,1,0,0,0.3637572962401616
1.0,569.0,17.1,1,0,0,0.17344436061183294
1.0,199.9,41.86,1,0,0,0.4068081650231077
1.0,105.0,16.04,1,0,0,0.3616396049453122
1.0,69.99,15.25,1,0,0,0.42035409283414615
1.0,15.9,7.39,1,0,0,0.037290763451681246
1.0,79.0,15.3,1,0,0,0.3609054783601947
1.0,20.99,7.41,2,1,1,1.0
1.0,599.99,47.78,1,0,0,0.11484511915752452
1.0,78.8,13.21,1,0,0,0.3029490401906988
1.0,149.9,18.3,1,0,0,0.3201784142721043
1.0,180.0,18.64,1,0,0,0.351199483480872
1.0,56.99,16.16,2,1,1,1.0
1.0,42.57,15.1,1,0,0,0.38385974604522966
1.0,27.99,34.15,1,0,0,0.35004989954825916
1.0,141.9,29.39,1,0,0,0.3513686634540587
1.0,281.99,17.73,1,0,0,0.3151244950814377
1.0,45.0,8.82,1,0,0,0.4009984793380038
2.0,278.79,31.46,1,0,0,0.49630980313851175
1.0,59.0,37.32,1,0,0,0.41699704497665546
1.0,45.0,15.42,1,0,0,0.4293371660483907
1.0,105.9,13.08,1,0,0,0.37514214458394607
1.0,49.0,17.67,1,0,0,0.48161614290239657
1.0,45.9,13.08,1,0,0,0.37952549609448877
1.0,79.9,15.66,1,0,0,0.33591415711489914
1.0,64.9,25.33,1,0,0,0.3297584426374021
1.0,149.9,23.37,1,0,0,0.2996302406210096
1.0,210.0,16.35,1,0,0,0.36914863397229813
1.0,196.8,42.36,1,0,0,0.3955804662995059
1.0,175.0,19.33,1,0,0,0.315423365794938
1.0,89.0,15.37,1,0,0,0.4803279358541578
1.0,299.0,13.11,1,0,0,0.27645404756150227
1.0,69.9,16.93,1,0,1,0.5232079710857971
1.0,40.8,15.23,1,0,0,0.35047916868822043
2.0,68.9,55.3,1,0,0,0.4849124830852415
1.0,75.9,26.79,1,0,0,0.40977036468044487
1.0,35.0,17.78,1,1,0,0.45110141950417976
1.0,16.99,15.1,1,0,0,0.42323871961234033
1.0,119.9,15.59,1,1,0,0.3612231915905425
1.0,29.99,17.63,1,0,0,0.4399951198125279
1.0,159.99,21.61,1,0,0,0.40846800622586604
1.0,109.9,117.54,1,0,0,0.31971222299898977
1.0,29.9,7.47,1,0,0,0.008343788445154878
1.0,32.64,11.85,1,0,0,0.42313993292477686
1.0,395.0,36.57,1,0,0,0.2923285453752848
3.0,266.67,146.45,1,0,1,0.636879769085617
2.0,70.0,32.64,1,0,0,0.46236894938747375
1.0,29.99,18.23,1,0,0,0.3143869174044573
1.0,184.9,21.78,1,0,1,0.578529251086253
1.0,19.9,18.23,1,0,0,0.15688042095328103
1.0,18.99,14.1,1,0,0,0.4353891384616142
1.0,69.99,27.03,1,0,0,0.38020412890653305
1.0,243.89,16.47,1,0,0,0.2933478291291076
1.0,59.9,14.17,1,0,0,0.4143587516574212
2.0,152.8,51.63,1,0,0,0.4187176118203522
1.0,134.9,9.76,1,0,0,0.36212426894532435
1.0,99.9,12.2,1,0,0,0.3020626937839099
1.0,92.1,18.72,1,0,0,0.29417416326190293
1.0,49.0,7.6,1,0,0,0.11335964835990782
1.0,19.9,15.1,1,0,0,0.4372727634158048
1.0,22.44,7.42,1,0,0,0.003152663508243277
1.0,50.0,11.85,1,0,0,0.4312085158085536
1.0,159.99,32.15,1,0,0,0.31880078979689425
1.0,95.0,25.48,1,0,0,0.3174933586844732
1.0,99.9,13.36,1,0,0,0.36695965827274324
1.0,149.0,12.95,1,0,0,0.31886114009240646
1.0,54.99,21.18,1,0,0,0.39192896287069556
1.0,19.95,11.85,1,0,0,0.4473177135004276
1.0,35.0,12.43,1,0,0,0.4218389833666645
2.0,96.95,75.86,1,0,0,0.4268921959040294
1.0,30.9,10.53,1,0,0,0.4291989730438561
1.0,71.9,22.21,1,0,0,0.2607972145578912
1.0,109.9,21.85,1,0,0,0.2851819894882959
1.0,169.99,23.99,2,1,1,1.0
1.0,41.99,18.23,1,0,0,0.25727099603995174
1.0,110.0,25.22,1,0,0,0.31817975410646826
1.0,49.9,20.99,1,0,0,0.3301717313023532
1.0,45.99,15.23,1,1,0,0.3954175228091185
1.0,329.9,85.86,1,0,0,0.3124048858648994
1.0,20.59,15.11,1,0,0,0.42892926695529304
1.0,17.89,8.72,1,0,0,0.4149476885266607
1.0,219.9,16.3,1,0,0,0.32780813724400604
1.0,127.0,12.09,1,1,0,0.38430623418090465
1.0,84.99,14.34,1,0,0,0.48021458026456165
1.0,49.0,9.09,1,0,0,0.40933674521409
1.0,6.33,10.96,1,0,1,0.5879866366080504
1.0,19.5,8.72,1,0,0,0.4127217109931502
1.0,270.0,55.35,1,0,0,0.28346327795545617
1.0,199.0,19.27,1,0,0,0.2519228975048311
1.0,145.0,17.19,1,0,0,0.3440775431587556
2.0,12.08,15.56,1,0,0,0.29834394043361323
1.0,39.9,9.34,1,0,0,0.45269537423079387
1.0,117.0,58.9,1,0,0,0.3115533182480139
1.0,59.9,16.18,1,0,0,0.45167663020463256
1.0,129.9,23.49,1,0,0,0.24635765086439382
2.0,178.0,33.18,1,0,1,0.5915294216300343
,,,1,0,1,0.5676371073814253
1.0,37.99,10.96,1,0,0,0.43261882570647875
1.0,109.99,17.02,1,0,0,0.3919539434197119
2.0,300.0,19.72,1,0,0,0.19470564548369884
1.0,29.99,15.1,1,0,0,0.4375317102191416
1.0,69.0,17.73,1,0,0,0.436327158260541
1.0,169.9,18.48,1,0,0,0.34252889855533214
2.0,253.98,44.86,1,0,0,0.3836163774532963
1.0,249.0,19.62,1,0,0,0.32398734480078134
1.0,82.49,16.55,1,0,0,0.49675287670039164
2.0,40.0,19.88,1,1,0,0.3509582958491026
1.0,49.0,7.6,1,0,0,0.11335964835990782
1.0,599.0,24.59,1,0,0,0.12640750579391064
1.0,139.99,16.85,1,0,0,0.33806398760903683
1.0,46.9,16.79,1,1,0,0.44052302231360274
1.0,149.9,27.35,1,0,0,0.3002466000169153
1.0,13.65,15.23,1,0,0,0.28488466867092005
1.0,95.0,7.92,1,0,0,0.48755248813472224
1.0,59.9,27.37,1,0,0,0.3642159983749556
1.0,131.9,18.54,1,0,0,0.3266134060575968
,,,1,0,1,0.5676371073814253
2.0,275.8,77.62,1,0,0,0.29501346886067237
1.0,209.99,39.98,1,0,0,0.2857828591910662
1.0,419.9,67.96,1,0,0,0.29552657628098006
1.0,193.0,23.67,1,0,0,0.38792484327137594
1.0,24.9,7.75,1,0,0,0.029828469383074742
2.0,119.8,84.9,1,0,0,0.2959774536410763
2.0,96.8,25.39,1,1,0,0.4612100871056201
1.0,96.99,22.18,1,0,0,0.30476752485400016
1.0,179.0,18.38,1,0,0,0.32002946508073754
1.0,49.9,13.37,1,0,0,0.3747613173881522
1.0,34.9,12.69,1,0,0,0.49513825719200166
1.0,28.0,8.27,1,0,0,0.375486114207002
1.0,129.99,18.16,1,0,0,0.32278208799838437
1.0,143.0,38.55,1,0,0,0.3277031889149024
1.0,65.89,17.71,1,0,0,0.43757086005975204
1.0,129.0,49.42,1,0,0,0.31617649412873994
1.0,180.0,28.64,1,0,1,0.5798370843089191
1.0,59.9,15.17,1,1,0,0.42535051473897284
1.0,29.9,21.15,1,0,1,0.5816794867461129
1.0,21.99,15.1,1,0,0,0.44752408411776873
2.0,110.8,18.0,1,0,0,0.45542539044723884
1.0,29.9,14.1,1,0,0,0.43005889102260964
2.0,47.95,38.63,1,0,0,0.30877745887718216
2.0,188.0,58.1,1,0,0,0.4156559952767383
1.0,179.0,34.79,1,0,0,0.2352941446597687
1.0,119.0,15.94,1,0,0,0.35133040117972464
1.0,109.9,23.35,1,0,0,0.29380944441292084
1.0,79.99,18.66,1,0,0,0.32382084245241854
1.0,27.9,16.79,1,0,0,0.376245506344783
1.0,129.9,50.0,1,0,0,0.331997979887163
1.0,157.0,14.85,1,1,0,0.395144735052819
1.0,45.36,8.72,1,0,0,0.3985096865282959
1.0,12.88,18.23,1,0,0,0.1625493238638974
1.0,117.3,21.66,1,0,0,0.3237048599867186
1.0,166.99,8.43,1,0,0,0.21519315112841875
1.0,79.9,15.32,1,0,0,0.39423918184383544
1.0,95.2,18.6,1,0,0,0.30313463811484037
1.0,99.0,18.57,1,0,0,0.2320373909878945
1.0,56.97,12.8,1,0,0,0.32322143119374624
1.0,99.9,17.95,1,0,0,0.3176070724508967
1.0,139.99,32.45,1,0,0,0.34113221486285306
1.0,75.5,11.73,1,1,0,0.3943431690735903
1.0,42.0,15.1,1,0,0,0.374739684729417
1.0,204.0,17.87,1,0,0,0.3683454980097987
1.0,159.49,27.59,1,0,0,0.290516209250527
1.0,64.0,19.42,1,0,0,0.1669446744341786
1.0,29.9,9.09,1,0,0,0.401339349516498
1.0,9.0,18.23,1,0,0,0.40401578504983254
1.0,235.9,26.93,1,0,0,0.39527142698176326
1.0,19.99,15.1,1,0,0,0.44740981797417323
1.0,6.99,8.72,1,0,1,0.8478650779178711
1.0,106.99,18.0,1,0,0,0.3560004840842024
1.0,179.9,26.24,1,0,0,0.33658827261901075
1.0,82.99,17.83,1,0,1,0.5008306120369795
1.0,32.9,12.69,1,0,0,0.4932808447365603
1.0,113.0,15.67,8,1,1,1.0
1.0,66.0,15.56,1,0,0,0.4041067530908842
1.0,319.0,18.2,1,0,0,0.22600185208605994
1.0,94.0,17.91,1,0,0,0.40022886033336513
1.0,84.99,18.7,1,0,0,0.17859721724001051
1.0,129.9,32.01,1,0,0,0.3387646612290448
1.0,176.5,16.12,1,0,0,0.4494911152349544
4.0,672.41,100.09,1,0,0,0.4445524173067992
1.0,107.7,8.52,1,0,0,0.34719330281054167
1.0,119.9,18.09,1,0,0,0.3534551875253613
1.0,149.0,15.79,1,0,0,0.32128754604417675
1.0,19.89,17.63,1,0,0,0.40868863659994503
1.0,19.9,14.1,1,0,0,0.4341070453532137
1.0,118.5,8.8,1,0,0,0.316379260416808
1.0,49.0,17.64,1,0,0,0.4907201719899166
1.0,21.5,18.25,1,0,0,0.11464238673093784
1.0,78.0,7.41,1,0,0,0.04565523169264418
1.0,37.5,12.79,1,0,0,0.3217457605517337
1.0,99.99,16.95,1,0,0,0.36893118306856215
1.0,86.9,21.1,1,0,0,0.44773041701131405
1.0,239.0,8.93,1,0,0,0.30986746826790706
1.0,229.9,13.11,1,0,0,0.35777837984419486
1.0,889.0,20.31,1,0,0,0.09990162178631941
1.0,24.9,15.1,1,0,0,0.46022497300716375
1.0,89.99,18.87,1,1,0,0.21473245010805647
1.0,49.9,24.84,1,0,0,0.3169327747263815
1.0,49.9,18.23,1,0,0,0.2578580700996321
1.0,44.9,15.1,1,0,0,0.38345588501529326
1.0,84.9,20.64,1,0,0,0.3152286027967655
2.0,199.8,46.04,1,0,0,0.38576117878667543
1.0,949.99,38.88,1,0,0,0.14522794049721152
2.0,79.9,30.76,1,0,0,0.4496933880510658
,,,1,0,1,0.5676371073814253
1.0,161.99,33.61,1,0,0,0.31536962921586076
1.0,59.9,17.26,1,0,0,0.3750693505871846
1.0,94.9,23.81,1,0,0,0.29972765126131456
1.0,499.99,21.38,1,0,0,0.490742564148302
1.0,199.0,15.14,1,0,0,0.42258425943998196
1.0,55.0,9.34,1,0,0,0.4418656023007738
1.0,599.0,55.41,1,0,0,0.10182447598258507
1.0,59.99,60.48,1,0,0,0.3122573149343183
1.0,45.05,15.23,1,0,0,0.38449612152956586
1.0,84.0,12.89,1,0,0,0.4408483706448076
1.0,27.99,7.78,1,1,0,0.37761790748810736
1.0,199.75,35.48,1,0,0,0.4092318368713888
1.0,119.9,20.08,1,0,0,0.2555351354951974
1.0,246.62,18.3,1,0,0,0.3488113626321652
1.0,159.0,19.21,1,0,0,0.30523959628034925
1.0,29.99,18.23,1,0,0,0.3143869174044573
1.0,809.0,18.1,1,0,0,0.128059520087873
1.0,109.18,9.12,1,0,0,0.32597270571920456
1.0,54.99,18.19,1,0,0,0.2541756650854941
1.0,385.0,59.23,1,0,0,0.3552878407954045
1.0,42.99,13.88,1,0,0,0.2913350028649477
1.0,540.0,103.89,1,0,0,0.3344609724100756
1.0,55.0,7.78,1,0,0,0.43032781926596364
1.0,82.99,17.32,1,0,0,0.4809443170945385
2.0,128.0,25.14,1,1,1,0.5009325826403622
1.0,138.0,15.73,1,0,0,0.3378182282341637
2.0,210.0,47.08,1,0,0,0.37326050613289063
1.0,59.89,9.17,1,0,0,0.41456368258401627
1.0,99.99,17.95,1,0,0,0.3146308617228917
1.0,174.9,43.45,1,0,0,0.324262839318851
1.0,39.9,16.11,1,0,0,0.44885536465370424
4.0,236.0,35.12,1,0,0,0.47791809317729333
1.0,129.99,17.16,1,0,0,0.32545355702193696
1.0,47.9,13.71,1,0,0,0.34251060691525914
1.0,24.89,19.04,1,0,0,0.09626373842080425
2.0,149.8,32.56,1,0,1,0.555273416889857
1.0,69.9,13.08,1,0,0,0.38502591831437133
1.0,589.9,38.75,1,0,0,0.10184784961524872
1.0,65.9,15.34,3,1,1,1.0
1.0,119.9,138.91,1,0,0,0.40894245286838143
1.0,179.9,12.46,1,0,0,0.37892276600852376
1.0,97.9,11.31,1,0,0,0.39072281549498766
1.0,219.9,9.89,1,0,0,0.33218612912994777
1.0,209.99,58.14,1,0,0,0.31957289218416446
1.0,349.99,21.69,1,0,0,0.3797522610355177
1.0,89.99,38.43,1,0,0,0.31465375530470646
1.0,37.9,11.85,1,1,0,0.4275512437865756
1.0,524.9,26.25,1,0,0,0.33239383735703043
1.0,168.0,18.95,1,0,0,0.32181348596438003
1.0,68.99,7.78,1,0,0,0.4163402482537754
1.0,189.9,19.48,1,0,0,0.28463718701355967
1.0,59.9,11.73,1,0,0,0.43956680299001705
1.0,45.6,15.1,1,0,0,0.4006162577448429
1.0,8.7,15.23,1,0,1,0.5062961944250363
1.0,150.9,16.82,1,0,0,0.24527823432493573
1.0,23.8,15.1,1,0,0,0.43504589847573355
2.0,37.0,30.46,1,0,0,0.43337332452696037
1.0,319.9,87.12,1,0,0,0.31580980600981307
1.0,35.9,22.93,1,0,0,0.3272978552796609
1.0,9.0,12.79,1,0,0,0.16204444601694717
6.0,249.95,76.86,1,1,0,0.4161294572105906
1.0,24.0,17.92,1,0,0,0.4668776066833625
1.0,236.0,30.85,1,0,0,0.3822939640565924
1.0,98.99,15.8,1,0,0,0.2830267460772517
1.0,248.8,21.82,1,0,0,0.4572938331575354
1.0,16.9,15.1,1,0,0,0.43089283723445654
1.0,99.99,17.95,1,0,0,0.3146308617228917
1.0,16.99,10.96,1,0,0,0.45128845675983476
1.0,199.9,8.65,1,0,0,0.38376905833272684
1.0,59.9,13.44,1,0,0,0.3815268290961434
1.0,29.32,11.74,1,0,0,0.43079165399199887
1.0,179.99,49.79,1,0,0,0.2570434387833579
1.0,51.89,15.11,1,0,0,0.4102807853270028
1.0,31.9,8.11,1,0,0,0.39849494092677146
1.0,117.3,18.0,1,0,0,0.3454373861648446
1.0,69.9,18.59,1,0,0,0.21638878154329627
1.0,295.7,13.09,1,0,0,0.2788542927967788
1.0,348.9,20.32,1,0,0,0.34436602403325384
1.0,75.0,20.02,1,0,0,0.3497492034556174
1.0,69.9,15.7,1,0,0,0.49753864311699253
1.0,22.5,9.34,1,0,0,0.4516969111538191
1.0,89.5,15.48,1,0,0,0.48285737380732163
1.0,370.0,23.08,1,0,0,0.3693014217366567
1.0,48.9,9.74,1,0,0,0.4292632298005106
1.0,102.0,13.15,1,0,0,0.3314338197582824
1.0,89.99,38.47,1,0,0,0.31465375530470646
1.0,169.9,17.63,1,0,0,0.2779809576219378
1.0,14.89,22.06,1,0,0,0.1913165478562247
1.0,120.0,15.72,1,0,0,0.313047656587466
1.0,99.99,21.5,1,0,0,0.4150561343690785
1.0,110.0,11.39,1,0,0,0.3078900598651416
1.0,109.9,11.86,1,0,0,0.3047476326226158
1.0,89.9,7.88,1,1,0,0.42652812040710614
1.0,25.9,16.79,1,0,0,0.4584076324710274
1.0,1159.0,25.55,1,0,0,0.27993724217337485
1.0,119.9,21.33,1,0,0,0.40456867044199707
1.0,248.99,74.69,1,0,0,0.3009001263260593
1.0,109.0,49.28,1,0,0,0.32108708367464106
1.0,108.9,23.56,1,0,0,0.21391371247663746
1.0,245.9,16.48,1,0,0,0.30589730074137034
1.0,110.0,20.26,6,1,1,1.0
,,,1,1,1,0.5676371073814253
1.0,199.0,18.64,1,0,0,0.33891132418004016
1.0,27.99,18.23,1,0,0,0.3189003778073297
1.0,149.9,13.18,1,0,0,0.33344706030364335
1.0,99.9,17.95,1,0,0,0.3176070724508967
2.0,578.0,54.6,1,0,0,0.44820792594688197
1.0,163.52,20.34,1,0,0,0.2689403612781737
1.0,19.9,18.23,1,0,0,0.15688042095328103
1.0,79.9,14.73,1,0,0,0.36514133317706515
1.0,37.99,18.23,1,0,0,0.3211079048549335
1.0,14.9,22.06,1,0,0,0.20014256411638734
1.0,26.99,7.78,1,0,0,0.38250620250935913
1.0,39.0,47.25,1,1,0,0.3616453697571941
1.0,43.0,16.25,1,0,0,0.44036118484709275
1.0,38.9,7.53,1,0,0,0.3565516563133504
1.0,52.5,15.12,1,0,0,0.4169749477669656
1.0,74.9,15.27,1,1,0,0.4134927399185823
1.0,159.0,25.52,1,0,0,0.27613412219195915
1.0,144.9,12.51,1,0,0,0.30510723050071126
1.0,59.99,8.58,1,0,0,0.4190125362830564
1.0,79.9,15.32,1,0,0,0.39423918184383544
1.0,177.9,17.96,1,0,0,0.29512198386828425
1.0,34.9,7.78,1,0,0,0.40640166893639346
1.0,34.9,16.92,1,0,0,0.43683122329300167
1.0,95.9,17.92,1,0,0,0.263927707650249
1.0,149.0,15.79,1,0,0,0.32128754604417675
1.0,329.93,22.71,1,0,0,0.40421695013659026
2.0,114.0,18.34,1,0,0,0.4640791581975598
2.0,220.64,31.74,1,1,1,0.5073797802168745
1.0,99.0,14.05,1,0,0,0.337055896567453
1.0,159.0,34.65,1,0,0,0.2744605911206191
1.0,189.9,26.36,1,0,1,0.5290907158782916
1.0,19.99,16.05,1,0,1,0.5466640465343849
1.0,139.9,34.78,1,0,0,0.30851445483854667
1.0,61.49,8.27,1,0,0,0.40359466480174433
1.0,32.29,10.96,1,0,0,0.4263035108741171
1.0,79.9,14.73,1,0,0,0.36514133317706515
1.0,149.9,21.1,1,0,0,0.3369353686653267
1.0,3099.0,252.35,1,0,0,0.1741535018216393
1.0,53.0,23.09,1,0,0,0.24361166676312526
1.0,29.9,9.34,1,0,0,0.4410943746835939
1.0,96.0,18.25,1,0,0,0.17270140735661943
1.0,10.9,8.72,1,1,1,0.8891727979131302
1.0,42.0,13.71,1,0,0,0.29157197178860417
1.0,49.9,12.43,1,0,0,0.4275926631863923
1.0,45.9,20.84,1,0,0,0.29727062070590654
1.0,72.99,16.48,1,0,1,0.5535889606137555
1.0,349.9,27.13,1,0,0,0.3554512958868537
1.0,592.0,22.02,1,0,0,0.2063433269580499
1.0,284.0,69.13,1,0,0,0.27935882865332257
1.0,89.9,17.88,1,0,1,0.5669409744949782
1.0,52.0,16.61,1,0,0,0.4478121150192403
1.0,24.99,14.1,1,0,0,0.4570592549445728
1.0,48.99,14.52,1,0,0,0.4100429565492324
2.0,213.9,16.91,1,0,0,0.22281622377759358
1.0,87.0,23.55,1,0,0,0.3475044333552461
1.0,38.99,17.95,1,0,0,0.3871387361614769
1.0,65.9,12.8,1,0,0,0.33053769124968424
1.0,78.0,14.64,1,0,0,0.33892176248682215
1.0,186.0,15.81,1,0,0,0.391585777832239
1.0,88.89,15.37,1,0,0,0.4016061977805278
1.0,24.99,18.28,1,0,0,0.0979292037036039
1.0,199.0,21.71,1,1,0,0.45782447431605655
1.0,99.7,42.73,1,0,0,0.3488523745653866
4.0,57.32,72.92,1,0,0,0.43365010728821335
1.0,432.9,52.25,1,0,0,0.2908959176167793
1.0,188.16,13.62,1,0,0,0.4116549818682963
1.0,14.9,15.1,1,0,0,0.41260711046516896
1.0,99.49,12.65,1,0,0,0.30627260388190813
2.0,59.8,15.42,1,0,0,0.210868249687014
1.0,250.0,24.29,1,0,0,0.28478171312541795
1.0,75.0,15.28,1,0,0,0.4092643968812551
1.0,57.0,16.84,1,0,0,0.47228602291322735
1.0,85.9,10.02,1,0,0,0.3270117733891729
1.0,143.0,11.61,1,0,0,0.39291782216729465
1.0,65.99,16.22,1,0,1,0.562937701669229
1.0,189.97,10.74,1,0,0,0.3882017957188161
1.0,59.9,17.67,1,0,0,0.42173401220594686
1.0,493.0,18.21,1,0,0,0.282461435594787
1.0,25.0,7.39,1,0,0,0.23497861301877884
1.0,31.9,15.1,1,0,0,0.43932686784736347
2.0,101.98,32.27,1,1,0,0.4141698503832663
1.0,18.9,8.29,1,0,0,0.40165563143358457
1.0,55.0,14.14,1,0,0,0.4043118881104213
1.0,69.9,26.81,1,0,0,0.3269247395082914
1.0,47.0,11.85,1,0,0,0.4339665493342422
1.0,49.9,13.37,1,0,0,0.3747613173881522
1.0,45.97,13.42,1,0,0,0.3849759297281956
1.0,69.9,25.04,1,0,0,0.25509860917895383
1.0,209.9,61.93,1,0,0,0.32838489529939563
2.0,229.8,42.9,1,0,0,0.4020658068849201
1.0,64.89,17.7,1,0,0,0.4277800229443495
1.0,124.98,22.18,1,0,0,0.2813658796730322
1.0,299.9,26.81,1,0,0,0.2918234026914514
1.0,32.0,17.63,1,0,0,0.4519107566182305
1.0,74.99,15.96,1,0,1,0.5113346921790594
1.0,129.9,15.66,1,0,0,0.36184785278436116
1.0,157.9,23.69,1,0,0,0.267336397555379
1.0,109.9,13.35,1,0,0,0.3301042940841747
1.0,43.9,13.37,1,0,0,0.33118194841312865
1.0,142.47,43.41,1,0,0,0.3277726957896126
1.0,30.99,34.15,1,0,0,0.47979822946012984
1.0,19.9,17.63,1,0,0,0.41090369586930475
1.0,28.5,34.15,1,0,0,0.3373183218500126
1.0,78.9,8.71,1,0,0,0.3439791812084899
1.0,185.9,19.18,1,0,0,0.27153571548798383
1.0,59.9,12.43,1,0,0,0.43301312887797894
1.0,29.9,22.14,1,0,0,0.4271495823262677
1.0,129.9,36.26,8,1,1,1.0
1.0,94.9,17.91,1,0,0,0.31566008462523426
1.0,49.0,8.5,1,0,0,0.4068441576583865
1.0,58.99,13.07,1,0,0,0.37606703104748773
1.0,34.9,10.96,1,0,0,0.4288802717170616
1.0,226.95,18.32,1,0,0,0.33773921246014055
1.0,209.9,13.37,1,0,0,0.3742533837658349
1.0,48.9,42.38,1,0,0,0.38482319822913413
1.0,89.9,12.13,1,0,0,0.39996673571096586
1.0,459.0,19.18,1,0,0,0.3654627715998418
1.0,125.0,21.32,1,0,0,0.3762070329381894
1.0,349.9,11.86,1,0,0,0.2669368943570909
1.0,73.35,16.27,1,0,1,0.5503246960234619
1.0,134.9,13.38,1,1,0,0.34780688665710713
1.0,64.9,18.07,1,0,0,0.2260927574020963
1.0,89.99,18.21,1,0,0,0.13305229584826295
1.0,155.0,12.59,1,0,0,0.3660990920589296
1.0,12.99,15.23,1,0,0,0.3027813628897557
1.0,55.0,19.58,1,0,0,0.3653282987325831
1.0,169.0,15.93,1,0,0,0.2836485770097615
1.0,204.0,29.83,1,0,0,0.4110246079611618
1.0,49.8,14.52,1,0,0,0.4096354382415655
1.0,62.0,16.71,1,0,1,0.5274682896334546
1.0,39.99,6.78,1,0,0,0.236170258891765
1.0,79.99,16.45,1,0,1,0.5633400541906214
1.0,69.9,19.35,1,0,0,0.35912145350613667
1.0,100.0,34.79,1,0,0,0.3214600847438369
1.0,149.9,23.37,1,0,0,0.2996302406210096
1.0,37.9,15.1,1,0,0,0.433640460827287
1.0,24.99,7.78,1,0,0,0.466656290795292
1.0,196.8,29.92,1,0,0,0.4215497416125953
2.0,299.8,29.62,1,0,0,0.41088772044748184
1.0,93.0,18.53,1,0,0,0.16833806437813215
1.0,55.0,22.32,1,0,0,0.2569299305705524
,,,1,0,1,0.5676371073814253
1.0,119.99,15.59,1,0,0,0.3494288949355903
1.0,116.9,16.58,1,0,0,0.3693767519140137
1.0,29.5,13.08,1,0,0,0.3613354204819131
1.0,31.9,21.15,1,0,1,0.6010619596339509
1.0,1200.0,40.85,1,0,0,0.18960146010716694
1.0,109.99,27.21,1,0,0,0.3080566423194966
,,,1,0,1,0.5676371073814253
1.0,176.0,33.15,1,0,0,0.3001966507815972
1.0,30.9,10.96,1,0,0,0.4291989730438561
1.0,18.17,16.79,1,0,0,0.41814822228517873
1.0,16.99,7.39,1,0,0,0.12281048290005861
1.0,139.98,18.75,1,0,0,0.26535633443574547
1.0,390.0,15.03,1,0,0,0.2988914655205791
1.0,27.9,7.46,1,0,0,0.005246164817164093
1.0,679.0,56.88,1,0,0,0.19659843368071336
1.0,369.99,23.08,1,0,0,0.3693014217366567
3.0,340.71,54.12,1,1,0,0.4853878463743962
1.0,129.0,25.74,1,0,0,0.2925425654899227
1.0,175.0,19.11,1,0,0,0.3447755480568501
1.0,219.0,40.46,1,0,0,0.291345773606584
1.0,49.99,7.78,1,0,0,0.4332548548918797
1.0,205.0,18.14,1,0,0,0.45500985561783647
1.0,23.8,16.79,1,0,0,0.4615495763629359
1.0,135.0,14.31,5,1,1,1.0
1.0,124.99,19.41,1,0,0,0.20354659524645372
1.0,99.99,12.03,1,0,0,0.26572168773344707
3.0,239.7,39.42,1,0,1,0.5310317574281427
1.0,129.89,11.93,1,0,0,0.39971915056687657
1.0,219.0,17.97,1,0,0,0.4061199737499037
1.0,13.65,18.23,1,0,0,0.16484293191363594
1.0,49.99,15.1,1,0,0,0.4161158777380788
1.0,95.0,21.47,1,0,0,0.3578212882930489
1.0,99.99,49.41,1,0,0,0.3378951903081537
1.0,949.9,29.52,1,0,0,0.14046128808543412
2.0,279.98,33.7,1,0,1,0.5553550698909572
1.0,30.97,16.05,1,0,0,0.4669482889608664
1.0,123.9,22.58,1,0,0,0.2432871722439403
1.0,139.34,12.0,1,0,0,0.3803085664428756
1.0,53.9,14.47,1,0,0,0.4004023200125728
1.0,75.0,13.08,1,0,0,0.39373670101325764
1.0,82.99,17.32,1,0,0,0.4809443170945385
1.0,44.9,13.08,1,0,0,0.32969363505553934
2.0,109.98,35.9,1,1,0,0.41931786018566763
1.0,379.9,13.86,1,0,0,0.2682098851687127
1.0,79.0,15.3,1,0,0,0.3609054783601947
1.0,84.44,17.84,1,0,0,0.3239751914722918
2.0,130.89,30.5,1,0,1,0.5266327637113463
1.0,29.99,18.31,1,0,0,0.27781814509245967
1.0,79.0,12.68,1,0,0,0.4420737853902237
1.0,82.99,21.53,1,0,0,0.22120481654964724
2.0,137.8,32.48,1,0,1,0.5036579242993207
1.0,119.87,10.05,1,0,0,0.3457575241743473
1.0,78.0,17.46,1,0,0,0.4342428885247754
1.0,36.9,19.32,1,0,0,0.31402264195826834
1.0,159.9,15.88,1,0,0,0.3927804700757605
1.0,79.99,11.17,1,0,0,0.4274768437619998
1.0,48.9,15.56,1,0,0,0.4175692475380646
1.0,49.9,11.15,1,0,0,0.4299257297992119
1.0,27.99,8.4,1,1,0,0.39380380370314055
1.0,145.0,12.51,1,0,0,0.3027319751896669
1.0,75.0,13.08,1,0,0,0.39373670101325764
1.0,129.9,20.47,4,1,1,1.0
1.0,209.99,35.46,1,0,0,0.3046495347572655
1.0,29.0,15.79,1,0,0,0.401936495463393
1.0,299.0,47.39,1,1,0,0.24828269043250348
1.0,43.0,8.27,1,0,0,0.39566129400088956
1.0,24.9,15.27,1,0,0,0.3138637599104614
1.0,58.99,17.66,1,0,0,0.4674738937881697
1.0,249.9,74.7,1,0,0,0.2929896681617313
1.0,169.0,18.43,1,0,0,0.33134036829687624
1.0,39.9,18.23,1,0,0,0.281560851376136
1.0,79.9,7.81,1,0,0,0.4025153874091322
1.0,149.99,16.81,1,0,0,0.2530345066177483
1.0,7.79,7.78,1,0,1,0.6207226982529527
1.0,59.99,15.18,1,0,0,0.42535051473897284
1.0,32.5,13.71,1,0,0,0.3224860603572151
1.0,279.9,13.46,1,0,0,0.29878729772210827
1.0,34.9,7.78,1,0,0,0.40640166893639346
1.0,74.9,16.28,1,0,1,0.5547114341231484
1.0,69.9,13.79,1,1,0,0.3351119569884894
1.0,32.0,8.97,1,0,0,0.3897125349228162
1.0,157.9,20.35,1,0,0,0.2842896779942184
1.0,589.9,26.42,1,0,0,0.17149775721618762
1.0,139.9,23.85,1,0,0,0.24074783857252066
1.0,75.0,14.28,1,0,0,0.4022459196964965
1.0,54.9,11.73,1,0,0,0.43362719004489275
1.0,16.99,22.06,1,0,0,0.20322047333418133
1.0,349.99,20.69,1,0,0,0.36431623350227194
1.0,78.0,7.81,1,0,0,0.33035365614135787
1.0,159.9,20.61,1,0,0,0.4575962070593445
1.0,489.0,17.17,1,0,0,0.25383374496217836
1.0,79.9,19.9,1,0,0,0.35750661691366453
1.0,415.17,98.94,1,0,0,0.3090465486247006
1.0,59.9,26.5,1,0,0,0.4145416920439396
1.0,17.9,34.15,1,0,0,0.4026019998352746
1.0,192.0,16.09,1,0,1,0.5052575151292992
1.0,69.99,11.73,1,0,0,0.43450363859323604
1.0,26.54,8.88,1,0,0,0.4002860074860623
1.0,30.0,12.69,1,0,1,0.5098507099914951
1.0,169.99,17.63,1,0,0,0.26800169140009583
1.0,69.9,44.34,1,0,0,0.3411351673376076
4.0,303.6,57.12,1,1,0,0.4347707967564888
1.0,34.38,16.32,1,0,0,0.4149325577984065
1.0,118.0,16.46,1,0,0,0.3712861844845226
1.0,89.49,14.38,1,0,1,0.5389655672480529
1.0,42.9,16.05,1,0,1,0.5249704723657717
1.0,59.9,8.29,1,0,0,0.4156161671471006
1.0,27.9,18.23,1,0,0,0.34299655426223663
1.0,144.97,38.56,1,0,0,0.3255505220353112
1.0,25.99,8.88,1,0,0,0.39375312932619216
1.0,330.0,15.79,1,0,0,0.21971549302640309
1.0,449.9,85.47,1,0,0,0.3009001015289394
1.0,86.5,16.86,1,0,0,0.48960994162569527
1.0,153.0,33.52,1,0,0,0.30193718744079606
1.0,10.9,7.39,4,1,1,0.9933333333333333
1.0,22.9,15.1,1,0,0,0.43828981965850555
1.0,92.0,13.7,1,0,0,0.4497401397138517
2.0,97.98,49.8,1,0,0,0.47526055983419163
1.0,90.0,8.98,1,0,1,0.554716015696392
1.0,199.0,23.04,1,0,0,0.43660003586997703
1.0,156.0,18.97,1,0,0,0.2781063501760537
1.0,219.0,27.79,1,0,0,0.36796700189059683
3.0,219.25,51.89,1,0,1,0.5110160334171905
1.0,129.0,25.74,1,0,0,0.2925425654899227
2.0,150.0,26.16,1,0,1,0.562593487828507
1.0,29.9,7.71,1,0,0,0.02254167362613241
4.0,67.6,31.130000000000003,1,1,1,0.6222065467243566
1.0,89.9,12.13,1,0,0,0.39996673571096586
1.0,24.99,34.15,1,0,0,0.3679261888283203
1.0,74.99,18.63,1,0,0,0.30242477803066187
1.0,586.56,26.69,1,0,0,0.17793567381149789
1.0,48.9,17.78,1,0,0,0.4799850069728845
1.0,169.97,15.94,1,0,0,0.2688950398200654
1.0,34.99,8.4,1,0,0,0.39537380369744934
1.0,759.9,20.08,1,0,0,0.29320745963594186
1.0,14.3,7.39,1,0,0,0.03690316655245644
1.0,85.9,8.76,1,0,0,0.3241438161124071
1.0,280.0,13.46,1,1,0,0.28339711873030166
1.0,99.0,22.62,1,0,0,0.37610310483284254
1.0,53.9,13.46,1,0,0,0.3297041384582343
1.0,44.5,22.28,1,0,0,0.23156692500984538
1.0,279.0,16.7,1,0,0,0.28028636144028246
1.0,152.0,34.86,1,0,0,0.3026143115272218
1.0,120.0,8.1,1,0,0,0.33893302379878487
1.0,89.9,19.6,1,0,0,0.36829478452498754
1.0,39.9,10.96,1,0,0,0.44568173460029226
1.0,128.9,13.24,1,0,0,0.3320499191484295
1.0,59.9,15.63,1,0,0,0.4115325182917492
1.0,239.99,22.17,1,0,0,0.36547398345150733
1.0,18.9,8.88,1,0,0,0.4143108931826129
1.0,108.99,27.61,1,0,0,0.30522860775057864
5.0,278.5,36.95,1,0,0,0.441408639543468
1.0,23.99,15.1,1,0,0,0.473230308259969
1.0,144.99,17.26,1,0,0,0.3531997459014668
1.0,249.0,33.53,1,0,0,0.3454395867064324
1.0,53.9,10.13,1,0,0,0.43590248616347965
1.0,119.9,15.59,1,1,0,0.3612231915905425
1.0,114.9,13.82,1,0,0,0.37732242646962155
1.0,144.99,18.26,1,0,0,0.3411108690710331
1.0,199.9,19.28,1,0,0,0.28417656708944555
1.0,125.0,46.22,1,0,0,0.31779913970951335
1.0,89.0,14.37,1,0,0,0.4889352944510145
1.0,69.9,26.11,1,1,0,0.32570974679857734
1.0,16.17,14.1,1,0,0,0.42649541775600075
1.0,14.6,15.23,1,0,0,0.3005254285545363
1.0,68.5,14.06,1,0,0,0.33489647059681427
1.0,14.89,18.23,1,0,0,0.3329332273654443
,,,1,0,1,0.5676371073814253
2.0,230.0,18.0,1,0,0,0.3487222487915964
1.0,129.0,14.77,1,0,0,0.3388436479216562
1.0,35.0,13.08,1,0,0,0.35856157838308356
1.0,13.99,7.39,1,0,1,0.5710293372827554
1.0,9.9,34.15,1,0,0,0.3869459226631455
1.0,119.99,7.7,1,0,0,0.2700089684244449
2.0,113.0,27.94,1,0,0,0.3995450696891208
1.0,125.9,18.13,1,0,0,0.3575367794318006
1.0,58.9,14.49,1,0,0,0.40447640279973746
1.0,59.7,34.22,1,0,0,0.3981349077687016
2.0,168.9,41.11,1,0,0,0.33508817404920715
2.0,294.8,25.48,1,0,0,0.3090019101044891
1.0,99.88,15.01,1,0,0,0.38962860499149243
1.0,112.9,23.37,1,0,0,0.31421355635122955
1.0,21.5,18.25,1,0,0,0.11464238673093784
1.0,99.99,26.78,1,0,0,0.3640490589308487
1.0,219.0,17.8,1,0,0,0.3753339433996216
1.0,190.9,17.1,1,0,1,0.5310092281758169
2.0,27.8,29.04,1,0,0,0.42355060298785174
1.0,399.9,23.24,1,0,0,0.2845213969747502
1.0,388.5,18.76,1,0,0,0.322552826402592
1.0,78.9,16.31,1,0,1,0.5723975691645029
1.0,78.0,15.3,1,0,0,0.33664119765808637
1.0,119.95,33.29,1,0,0,0.3210966146870784
1.0,84.99,15.35,1,0,0,0.3782196456530912
1.0,38.99,13.71,1,0,0,0.32938024852230896
1.0,29.0,15.1,1,0,0,0.44478496511457155
1.0,98.75,15.57,1,0,0,0.26614245370495365
1.0,320.0,23.95,1,0,0,0.23466097919432566
1.0,160.0,15.87,7,1,1,1.0
1.0,160.55,46.71,1,0,0,0.3263131762577794
1.0,89.99,11.79,1,0,0,0.4430173373946103
1.0,149.99,16.92,1,0,0,0.2515825742754208
1.0,149.9,18.3,1,0,0,0.3201784142721043
2.0,258.0,101.54,1,0,0,0.3106943591813826
1.0,49.0,9.27,1,0,0,0.44047680271676637
1.0,89.99,7.88,1,0,1,0.6041791500022688
1.0,35.0,15.1,1,0,0,0.44060096419126454
1.0,119.9,18.41,1,0,0,0.2985220160079791
1.0,94.5,23.59,1,0,0,0.2963792003572339
1.0,27.9,19.11,1,0,0,0.2602474853819725
1.0,79.9,18.8,1,0,0,0.28538486999900153
1.0,36.23,18.23,1,0,0,0.3186494330941362
1.0,28.99,16.39,1,0,0,0.39117275780800687
1.0,89.9,9.51,1,0,0,0.4237569832861962
1.0,99.99,24.7,1,0,0,0.28433535828502887
1.0,18.75,18.23,1,0,0,0.3210169332811702
1.0,29.9,8.11,1,0,0,0.4043891815946168
1.0,49.9,16.32,1,0,0,0.4285262003606379
1.0,72.0,23.3,1,0,0,0.24078146079809631
1.0,12.47,18.23,1,0,0,0.15989872145425885
1.0,119.9,15.59,1,0,0,0.3612231915905425
1.0,42.5,16.79,1,0,0,0.4419375017327345
1.0,139.99,17.23,1,0,0,0.34401018707951875
1.0,95.0,18.77,1,0,0,0.2608210208872397
1.0,129.9,17.0,1,0,0,0.34323458855962297
1.0,109.0,24.84,1,0,0,0.26412492787512354
1.0,199.9,27.72,1,0,0,0.40959601178244515
1.0,13.9,16.05,1,1,1,0.6136065498203146
1.0,28.99,7.46,1,0,0,0.009779148333344955
2.0,99.6,29.04,1,0,0,0.4208794699151117
1.0,49.0,21.15,1,0,0,0.35960357613694927
1.0,69.99,15.25,1,0,0,0.42035409283414615
1.0,55.0,24.52,1,0,0,0.3126790549871167
1.0,659.0,30.87,1,0,0,0.17247340318810903
1.0,30.9,7.39,1,0,1,0.5858308972994869
1.0,308.99,12.77,1,0,0,0.26502181097248734
1.0,31.0,8.88,1,0,0,0.3973165252482898
1.0,17.0,18.23,1,0,0,0.35776716069250947
1.0,55.0,18.49,1,0,0,0.2694168775863352
1.0,24.99,8.11,1,0,0,0.42878553055493174
1.0,25.0,14.11,1,0,0,0.45657547749375266
5.0,984.95,245.25,1,0,0,0.45029144905860213
3.0,149.7,45.4,1,0,0,0.42859531060647704
1.0,137.94,16.41,1,0,0,0.35982897315963536
1.0,89.9,9.44,1,0,0,0.42549944944432355
1.0,120.0,16.6,1,0,0,0.3395440293540014
4.0,143.6,11.84,1,0,0,0.18966350192844714
1.0,33.6,26.67,1,0,0,0.46458864335679795
,,,1,0,1,0.5676371073814253
2.0,19.8,14.78,1,0,0,0.1374310454901195
2.0,38.9,31.12,1,0,0,0.46955365237847074
1.0,110.0,19.74,1,0,0,0.3263898607194889
1.0,139.99,9.73,1,0,0,0.3331546410026412
1.0,83.8,18.47,1,0,0,0.14337572937379237
1.0,34.3,18.23,1,0,0,0.3165163974567442
2.0,399.98,35.76,1,0,1,0.5312356934044481
2.0,33.8,44.12,1,0,0,0.29417554794554546
1.0,49.99,16.79,1,0,0,0.4487091998732923
1.0,44.99,7.78,1,0,0,0.4108974464321725
1.0,122.99,14.61,1,0,0,0.3173550784534548
1.0,118.44,11.85,1,0,0,0.34588194634828817
1.0,179.0,49.86,8,1,1,1.0
1.0,44.99,12.98,1,0,0,0.3394854131861759
2.0,236.0,55.62,1,0,0,0.37793391230699297
1.0,89.9,17.88,1,0,1,0.5669409744949782
1.0,129.99,14.51,1,0,0,0.33853175233794874
2.0,548.9,113.84,1,0,1,0.5724917132391663
1.0,19.9,15.1,1,0,0,0.4372727634158048
1.0,44.9,7.39,1,0,0,0.4083477248544316
1.0,133.9,25.49,1,0,0,0.30621469945967567
1.0,89.0,15.5,1,0,0,0.4134392475999006
1.0,79.0,7.42,1,0,0,0.04719849482333502
1.0,89.0,14.37,1,0,0,0.4889352944510145
1.0,89.9,17.88,1,0,1,0.5669409744949782
1.0,23.95,12.47,1,0,0,0.43812502625137634
2.0,118.82,18.82,1,0,0,0.43144625552519394
1.0,131.17,13.26,1,0,0,0.34212497667346414
1.0,370.47,40.31,1,0,0,0.2739301581753019
1.0,16.9,7.78,1,0,0,0.48186054571855647
1.0,139.98,23.92,1,0,0,0.4134515834934257
1.0,339.0,17.12,1,0,0,0.20460840567881508
1.0,149.0,16.67,1,0,0,0.34579554024213954
1.0,199.89,12.02,1,0,0,0.4587418417271305
1.0,19.9,11.85,1,0,0,0.4473177135004276
1.0,201.6,10.23,1,0,0,0.30627092427619684
1.0,159.9,15.87,1,0,0,0.391007594258767
1.0,6.9,18.23,1,0,0,0.2990529398869543
1.0,59.9,13.44,1,0,0,0.3815268290961434
,,,1,0,1,0.5676371073814253
1.0,75.0,7.95,1,0,0,0.38712142840218167
1.0,24.99,14.1,1,0,0,0.4570592549445728
1.0,89.99,58.9,1,0,0,0.3151115600190222
1.0,22.9,12.48,1,0,0,0.4382264677510574
1.0,349.9,105.84,1,0,0,0.3021605082744929
1.0,91.49,17.89,1,0,1,0.5177691226182595
2.0,79.8,53.22,1,0,0,0.47421726700939254
1.0,10.99,18.23,1,0,0,0.24617347003174886
1.0,35.0,11.42,1,0,0,0.42592282953346244
1.0,69.9,13.51,1,1,0,0.3348271060759655
1.0,49.99,16.11,1,0,0,0.44750405918745295
1.0,158.9,23.04,1,0,0,0.2787783520225029
1.0,58.9,14.49,1,0,0,0.40447640279973746
1.0,12.99,22.06,1,0,0,0.22464296299443698
1.0,108.0,16.52,1,0,0,0.32869516274968774
1.0,39.99,15.1,1,0,0,0.46831082957734416
1.0,48.9,13.37,1,0,0,0.3817749272292989
1.0,49.0,13.92,1,0,0,0.32872544540205617
1.0,155.0,30.62,1,0,0,0.32290669495440805
1.0,119.0,18.93,1,0,0,0.2686161905018347
1.0,13.65,34.15,1,0,0,0.38204034828278144
1.0,34.9,16.79,1,0,0,0.43224676432452097
2.0,86.0,36.46,1,0,0,0.3595554760391417
1.0,59.9,17.67,1,1,0,0.42173401220594686
1.0,53.9,21.35,1,0,0,0.2661495750992913
1.0,142.0,8.02,1,0,0,0.3042845653470496
1.0,109.9,12.9,1,0,0,0.31398408221491897
1.0,34.9,9.34,1,0,0,0.4368860439220527
1.0,34.9,12.79,1,0,0,0.32395803412082436
1.0,21.9,11.85,1,0,0,0.45269581314143326
1.0,49.9,28.83,1,0,0,0.4063762814176311
2.0,114.0,30.4,1,0,0,0.42714743495977814
1.0,42.0,15.1,1,0,0,0.374739684729417
1.0,93.24,9.4,1,1,1,0.5311284136658804
2.0,185.0,37.04,1,0,0,0.3480626829972506
1.0,138.5,18.85,1,0,0,0.2633584151893194
2.0,220.64,16.06,1,0,0,0.19545014304085223
7.0,172.14,55.52,1,0,0,0.18769760794659932
1.0,209.9,21.96,1,0,1,0.5362338442312293
1.0,259.9,48.53,1,0,0,0.32132354482659214
1.0,15.99,7.78,1,0,0,0.47254503967561845
1.0,125.0,27.34,1,0,0,0.2903799254717164
1.0,299.9,13.6,1,0,0,0.2523662580417878
3.0,163.5,26.630000000000003,1,0,0,0.33568728611154897
1.0,169.9,18.1,1,0,0,0.31498130720506734
1.0,114.9,25.64,1,0,0,0.28611398154890677
1.0,31.9,12.48,1,0,0,0.4262759078900971
1.0,98.9,15.44,1,0,0,0.32888071378872724
1.0,61.9,13.55,1,0,0,0.32691411761119393
1.0,89.0,17.87,1,0,0,0.41774527184019533
1.0,110.0,16.74,1,0,0,0.3837601907015216
1.0,30.21,15.1,1,0,0,0.43746905357753757
1.0,21.99,7.78,1,0,0,0.49803519768292676
1.0,119.0,18.63,1,0,0,0.27413244754923644
1.0,135.64,7.81,1,0,0,0.3188891792378088
1.0,69.9,15.37,1,1,0,0.4661122434705795
1.0,126.0,77.9,1,0,0,0.3534348088317767
1.0,150.0,15.8,1,0,0,0.23658874026327809
1.0,159.0,22.41,1,0,0,0.24290399487485032
1.0,399.9,35.57,1,0,0,0.28780524145080566
1.0,47.9,8.88,1,0,0,0.407811533192873
1.0,193.0,17.6,3,1,1,1.0
2.0,169.78,36.94,1,0,0,0.3037889250912295
1.0,159.99,57.79,1,0,0,0.34165723713977036
1.0,45.9,15.1,1,0,0,0.42271485382520946
1.0,110.0,11.38,1,0,0,0.3078900598651416
1.0,37.9,9.27,1,0,0,0.4416785849118802
1.0,27.5,8.82,1,0,0,0.40276258956616035
1.0,28.9,18.23,1,0,0,0.29125878428609997
1.0,54.9,15.13,1,0,0,0.4185359017562232
1.0,24.9,37.08,1,0,0,0.4089064242550689
1.0,30.21,11.85,1,0,0,0.4253160467070129
1.0,69.9,12.43,1,0,0,0.43902408127786724
5.0,249.5,87.97999999999999,1,0,0,0.3845037169676632
1.0,79.99,14.33,1,0,0,0.3687768675415053
1.0,38.9,16.05,1,1,0,0.4991964732529368
1.0,28.0,7.39,1,0,0,0.4084263780466883
1.0,180.0,20.23,1,0,0,0.299480076546967
1.0,59.9,50.0,1,0,0,0.375520888214046
1.0,169.99,10.0,1,0,0,0.27862441111717295
3.0,62.67,33.45,1,0,1,0.5723669131597969
1.0,176.99,23.56,1,0,0,0.20057886207735834
1.0,159.0,22.58,1,0,0,0.24654291771865824
1.0,89.0,23.2,1,0,0,0.4374800046904348
1.0,159.49,19.7,1,0,0,0.3556121275421288
1.0,149.9,21.1,1,0,0,0.3369353686653267
1.0,108.0,15.52,1,0,0,0.3111454500037813
1.0,54.9,16.14,1,0,0,0.48207324550993536
1.0,150.0,16.81,1,0,0,0.25017756844166117
1.0,24.9,18.27,1,0,0,0.09951619718960845
1.0,40.0,19.84,1,0,0,0.45937720919645564
2.0,149.7,28.54,1,0,1,0.534088336956957
1.0,9.0,15.23,1,0,0,0.4681540639912034
2.0,276.0,34.5,1,0,0,0.48425329508837306
1.0,114.99,25.16,1,0,0,0.3036750481329893
1.0,106.0,18.62,1,0,0,0.26667740284414443
2.0,118.0,35.32,1,0,0,0.45584504098054746
1.0,105.0,14.9,1,0,0,0.3659511405045543
1.0,78.8,18.43,1,0,0,0.2642688647765027
2.0,203.98,47.98,1,0,0,0.3831618022803753
3.0,897.0,48.78,1,0,0,0.46008879822148896
1.0,199.0,25.94,1,0,0,0.45707382098071464
3.0,50.0,23.07,1,0,1,0.5756890032969264
1.0,110.0,0.0,1,0,0,0.01884681142338861
1.0,95.2,16.64,1,0,0,0.2718890047677279
1.0,30.99,12.88,1,0,0,0.353970265414129
1.0,84.9,17.84,1,0,0,0.43025983040265914
1.0,55.0,13.05,1,0,0,0.3749216499407803
1.0,10.99,15.65,1,0,0,0.4629961283491275
1.0,122.0,92.1,1,0,0,0.2767004753312979
1.0,149.8,13.63,1,1,0,0.35506660356442743
1.0,215.0,21.0,1,0,0,0.35816273815245014
1.0,171.0,17.91,1,1,0,0.301109389822716
1.0,47.9,22.27,1,0,0,0.24388798234572215
1.0,69.0,14.57,1,0,0,0.40013654295452666
1.0,17.99,14.1,1,0,0,0.418502317083037
1.0,18.99,14.52,1,0,0,0.43674030532351765
1.0,84.9,17.84,1,0,0,0.43025983040265914
1.0,47.9,16.11,1,0,0,0.4489819897078395
1.0,788.42,21.28,1,0,0,0.1841600880985674
1.0,97.9,9.06,1,0,0,0.4443724807647802
1.0,84.9,20.64,1,0,0,0.3152286027967655
1.0,150.0,23.0,1,0,0,0.22391147095017402
2.0,63.8,68.3,1,0,1,0.5469047671701909
1.0,189.9,17.6,1,0,0,0.3476858507741458
1.0,234.9,18.89,1,0,0,0.34128324371217283
1.0,89.9,19.6,1,0,0,0.36829478452498754
2.0,37.8,21.19,1,0,0,0.38512446015789537
1.0,215.0,23.44,1,0,0,0.3446378653527871
1.0,47.65,7.39,1,0,0,0.45797159071777704
1.0,23.8,14.1,1,0,0,0.4310254795584418
1.0,54.99,18.26,1,0,0,0.28936204254005027
1.0,69.9,17.74,1,0,0,0.4780985640983793
1.0,109.99,64.14,1,0,0,0.3530782954239348
1.0,189.99,11.95,1,0,1,0.5391025454637339
1.0,44.95,19.04,1,0,0,0.26136137702973256
1.0,29.9,18.23,1,0,0,0.3229998449385523
1.0,39.99,7.54,1,0,0,0.10345341089602411
1.0,205.0,48.87,1,0,0,0.35055456845334937
1.0,49.9,26.43,1,0,0,0.40748399081129266
1.0,194.9,13.7,1,0,0,0.46330851021081365
1.0,69.99,8.72,1,0,0,0.41051405092778964
1.0,57.49,16.16,1,0,0,0.4726671557625641
1.0,38.5,13.37,1,0,0,0.36547100340542477
1.0,39.58,16.79,1,0,0,0.4287556886851179
4.0,59.96,43.84,1,0,1,0.6697771926494615
1.0,109.9,14.5,1,0,0,0.3254442144042972
1.0,79.0,14.13,1,0,0,0.34458181180102393
1.0,48.9,12.69,1,0,1,0.5140708013854988
1.0,99.99,7.95,1,0,0,0.2541141135767338
1.0,24.88,10.96,1,0,0,0.4542715436402286
1.0,25.6,12.69,1,0,1,0.5053574537817822
1.0,47.9,16.32,1,0,0,0.41762828361190596
1.0,412.0,27.72,1,0,0,0.33151087245907573
1.0,379.94,16.41,1,0,0,0.24191824780672164
1.0,36.6,19.32,1,0,0,0.3111293730596108
1.0,27.5,18.0,1,0,0,0.27438107077732465
1.0,44.99,18.23,1,0,0,0.26320398089797076
1.0,93.99,15.42,2,1,1,1.0
1.0,159.0,27.43,1,0,0,0.2815295789103133
1.0,179.9,17.45,1,0,0,0.38444997326384256
1.0,13.65,7.39,1,0,0,0.3418451454887376
1.0,84.99,14.34,1,0,0,0.48021458026456165
1.0,339.0,11.19,1,0,0,0.22305669000285694
1.0,18.9,16.79,1,0,0,0.4236639738603363
1.0,59.9,12.55,1,0,0,0.4210084014912148
1.0,27.99,11.85,1,0,0,0.41898953007609163
1.0,68.8,15.23,1,0,0,0.39612221558805477
2.0,58.0,30.2,1,0,0,0.4689115860479892
1.0,135.0,62.97,1,0,0,0.34195939262333513
1.0,37.99,25.63,1,0,0,0.41797497172923814
1.0,114.0,38.35,1,0,0,0.3019507761775991
1.0,36.9,16.11,1,0,0,0.45471552427959505
1.0,125.02,18.13,1,0,0,0.3486478905429117
2.0,440.0,39.22,1,0,1,0.6239106306813775
1.0,149.99,15.66,1,0,0,0.26091205121021854
1.0,139.9,7.84,1,0,0,0.3105991537489551
1.0,99.99,18.27,1,0,0,0.25674318140815494
1.0,24.99,7.39,1,0,0,0.3137460385498941
1.0,169.8,8.53,1,0,0,0.19203346193896328
1.0,109.9,16.53,1,0,0,0.34504379547673353
1.0,1240.0,51.39,1,0,0,0.1408262205078608
1.0,18.9,17.06,1,0,0,0.40795504607979927
1.0,35.0,15.1,1,0,0,0.44060096419126454
1.0,67.1,11.97,1,0,0,0.43732439391952804
1.0,966.9,28.7,1,0,0,0.1471428103824036
1.0,339.74,41.01,1,0,0,0.2784605679940547
1.0,113.85,9.71,1,0,0,0.3774048183708983
1.0,164.0,18.65,1,0,0,0.38029080598907045
1.0,27.99,15.1,1,1,0,0.43602415438223857
1.0,24.99,18.99,1,0,0,0.09586309497531423
1.0,14.4,14.1,1,0,0,0.39435597910519815
2.0,149.8,37.24,1,0,0,0.4518547497580075
1.0,22.32,22.88,1,0,0,0.2859396616237259
1.0,278.0,26.7,1,0,0,0.3662121833946777
1.0,85.99,20.7,1,0,0,0.3818273979403059
1.0,42.99,18.0,1,0,0,0.36331659648012826
1.0,29.99,15.23,1,0,0,0.37001578731748985
1.0,59.9,15.17,1,0,0,0.42535051473897284
1.0,22.5,17.19,1,0,0,0.46161445212307767
1.0,38.9,34.15,1,0,0,0.3996827752826077
1.0,119.99,17.58,1,0,0,0.382030125538567
1.0,89.99,26.25,1,0,0,0.3161708178254729
1.0,219.9,17.17,1,0,0,0.4419108462570487
1.0,134.9,23.81,1,0,0,0.24421876658241273
1.0,64.99,27.74,1,0,0,0.3088645867676626
1.0,53.9,8.88,1,0,0,0.4125103546730728
1.0,99.0,9.06,1,0,0,0.25278658927332004
1.0,127.9,12.4,1,0,0,0.31954115473265315
1.0,349.9,46.3,1,0,0,0.29503876814586716
1.0,95.2,20.62,1,0,0,0.341483421353993
1.0,149.9,23.63,1,0,0,0.2638953886721321
2.0,40.0,16.54,1,1,0,0.12379003021716559
1.0,32.9,7.39,1,0,0,0.2745692400200673
1.0,175.0,23.16,1,0,0,0.24379829854479715
1.0,165.0,13.59,1,0,0,0.37542386924425225
1.0,1999.0,40.31,1,0,0,0.21257104536097166
1.0,51.49,7.87,1,0,0,0.4244162145983299
1.0,492.04,12.26,1,0,0,0.22024773375960402
2.0,209.8,33.4,1,0,0,0.4979789939797295
1.0,61.0,18.0,1,0,1,0.6180827610365728
1.0,45.99,13.37,4,1,1,1.0
1.0,60.0,16.61,1,0,0,0.4542614584660864
1.0,89.79,15.38,1,0,1,0.5489267304497712
1.0,179.49,9.02,1,0,0,0.3070360410857004
1.0,19.99,13.71,1,0,0,0.34818055096215145
1.0,79.0,16.74,1,0,1,0.5027340732350085
1.0,189.9,14.91,1,0,0,0.4947241918314823
1.0,85.0,36.69,1,0,0,0.3580227425270213
1.0,10.99,8.72,1,0,0,0.4746305081879671
1.0,139.9,16.09,1,1,0,0.3412982265782895
1.0,119.9,18.09,1,0,0,0.3534551875253613
1.0,189.9,26.36,1,0,1,0.5290907158782916
1.0,369.0,17.46,1,0,0,0.2694486048523135
1.0,514.99,18.58,1,0,0,0.3090412342623843
,,,1,0,1,0.5676371073814253
2.0,250.0,50.08,1,0,0,0.36353722187960175
1.0,108.9,10.18,1,0,0,0.30345615407804627
1.0,349.9,18.21,1,0,0,0.22553825321501259
1.0,109.9,12.9,1,0,0,0.31398408221491897
1.0,21.99,15.1,1,0,0,0.44752408411776873
1.0,45.99,15.23,1,0,0,0.3954175228091185
1.0,185.85,12.51,1,0,0,0.41004856824892855
1.0,49.95,18.23,6,1,1,1.0
1.0,64.9,17.02,1,0,1,0.5165216530608461
1.0,77.9,11.64,1,0,0,0.40401151917577743
1.0,16.49,7.39,1,1,0,0.038624096785014585
1.0,13.98,24.84,1,0,0,0.23410771114165244
1.0,19.9,7.94,1,0,0,0.43973965173631624
1.0,139.94,17.71,1,0,0,0.32705664627389536
1.0,21.99,17.63,1,0,0,0.48446816777137797
1.0,129.98,23.71,2,1,1,1.0
1.0,669.0,32.04,1,0,0,0.182432840399509
1.0,76.07,15.6,1,0,0,0.3364147205054237
1.0,99.0,17.94,1,0,0,0.33496130334081564
1.0,64.0,7.71,1,1,1,0.5468697650538588
1.0,599.0,17.94,1,0,0,0.35772640427778024
1.0,199.9,24.55,1,0,0,0.4198855077134341
1.0,86.9,13.63,9,1,1,1.0
2.0,31.8,33.58,1,0,1,0.5722192424518027
1.0,119.99,20.89,1,0,0,0.3275808434629111
1.0,29.0,15.65,1,0,0,0.4036430786411914
1.0,310.0,9.43,1,0,0,0.3032904781401044
1.0,88.9,42.65,1,0,0,0.34892330432526675
1.0,299.9,15.85,1,0,0,0.21631137865025044
1.0,49.99,7.78,1,0,0,0.4332548548918797
1.0,29.99,7.78,1,0,0,0.40712747008579875
1.0,148.75,14.06,1,0,0,0.3489196691628341
1.0,28.99,15.1,1,0,0,0.44478496511457155
1.0,51.8,11.15,13,1,1,1.0
2.0,19.6,15.88,1,0,0,0.0839623814052771
1.0,230.0,14.63,1,0,0,0.35238743529646355
1.0,47.65,7.39,1,0,0,0.45797159071777704
1.0,189.0,13.98,1,0,0,0.4052572646305249
1.0,19.5,8.29,1,0,0,0.4005164739745089
1.0,14.5,7.39,1,0,0,0.037974595123885006
1.0,89.9,18.56,1,0,0,0.18305307862054443
1.0,197.9,24.15,1,0,0,0.4121565771523137
2.0,58.0,30.2,1,0,0,0.4689115860479892
1.0,219.9,19.42,1,0,0,0.25291051917428947
1.0,29.99,21.15,1,0,1,0.5674554805125244
1.0,13.65,14.1,1,0,0,0.3827804234166249
1.0,84.99,21.08,1,0,0,0.2762027420780345
1.0,99.0,13.71,1,0,0,0.3527998888561336
1.0,298.5,17.76,1,0,0,0.2708330641832552
1.0,199.9,9.51,1,0,0,0.3803035470839393
1.0,59.9,17.67,1,0,0,0.42173401220594686
1.0,83.36,16.34,1,0,1,0.6292291105394626
1.0,152.25,8.81,1,0,0,0.36028984399256275
1.0,10.99,7.39,1,0,0,0.1846629608757137
1.0,98.0,17.94,1,0,0,0.45236830108732723
1.0,149.9,12.14,1,0,0,0.40112834857702184
1.0,19.9,17.63,1,0,0,0.41090369586930475
3.0,94.47,38.07,1,0,1,0.5731076674144844
1.0,18.9,16.79,1,0,0,0.4236639738603363
1.0,64.99,14.62,1,0,0,0.41293805538466655
1.0,84.9,16.78,1,0,0,0.4884147972126229
1.0,74.99,18.45,1,0,0,0.2574445829956981
1.0,112.0,16.22,1,0,0,0.37453278641159593
1.0,126.79,33.75,1,0,0,0.3181728761347277
1.0,12.25,18.23,1,0,0,0.15989872145425885
1.0,19.9,16.79,1,0,0,0.405032835846471
3.0,659.7,53.19,1,0,1,0.5273590145415097
1.0,285.0,28.72,1,0,0,0.34894848974231396
1.0,17.33,11.85,1,0,0,0.4473182774769153
1.0,263.92,19.1,1,0,0,0.33033268249699616
1.0,19.9,15.24,1,0,0,0.3249512782028627
1.0,14.99,17.63,1,0,0,0.4055485943718637
1.0,379.9,63.61,1,0,0,0.3613140094951546
2.0,193.32,70.47,1,0,0,0.39391735830672675
1.0,26.9,14.1,1,0,0,0.43643476829161587
1.0,307.58,44.38,1,0,0,0.2536094215538924
1.0,75.0,20.02,1,0,0,0.3497492034556174
1.0,34.99,15.11,1,0,0,0.44224200417503823
1.0,89.9,13.65,1,0,0,0.43324732704013114
1.0,12.5,20.8,1,0,0,0.3189881013582068
1.0,94.99,11.29,1,0,0,0.4154766196849639
1.0,39.99,17.09,1,0,0,0.43786589710384843
1.0,119.9,27.14,1,0,0,0.3089593023114852
1.0,299.9,15.83,1,0,0,0.21631137865025044
1.0,179.9,51.98,1,0,0,0.295503495908203
1.0,64.99,27.51,1,0,0,0.3038018871168194
1.0,89.9,7.89,1,0,0,0.4186709935252068
1.0,439.65,20.96,1,0,0,0.3720216691616011
1.0,130.0,13.21,1,0,0,0.34575559020920105
1.0,49.9,19.59,1,1,0,0.3862514756033553
1.0,84.9,17.03,1,1,1,0.555840059841679
1.0,239.0,14.01,1,0,0,0.34242226463997755
1.0,70.9,26.82,1,0,0,0.3832247562241864
2.0,954.0,58.9,1,0,0,0.40175928719118925
1.0,24.99,18.23,1,0,0,0.12777888071908589
1.0,37.0,20.8,1,0,0,0.41013526123277083
1.0,59.9,7.68,1,0,0,0.07071006902120346
1.0,29.99,22.85,1,1,0,0.3757789098869033
1.0,24.9,21.15,1,0,0,0.48433687373915063
1.0,24.9,21.15,1,0,0,0.48433687373915063
1.0,36.49,9.27,1,0,0,0.4396453232824331
1.0,107.6,18.63,1,0,0,0.26005532900523853
2.0,207.97,30.09,1,0,0,0.4732039628652881
3.0,161.7,27.0,1,0,0,0.33568728611154897
1.0,35.0,16.44,1,0,0,0.4082002438845335
1.0,55.0,13.05,1,0,0,0.3749216499407803
1.0,19.74,21.15,1,0,0,0.38827323470711217
1.0,62.9,8.88,15,1,1,1.0
1.0,53.0,25.65,1,0,0,0.4183347655670837
2.0,102.88,23.98,1,0,0,0.4054759492845555
1.0,15.0,14.1,1,0,0,0.3926748781455937
1.0,102.0,18.59,1,0,0,0.20789895245041257
2.0,99.98,35.86,1,0,0,0.38714658096256116
1.0,67.9,18.41,1,0,0,0.24428801696588162
1.0,135.21,15.83,1,0,0,0.3486568080357986
1.0,59.99,15.17,1,0,0,0.42535051473897284
1.0,49.0,7.78,1,0,0,0.43432072400816535
1.0,40.9,54.02,1,0,0,0.35745654923413134
1.0,205.0,15.04,1,0,0,0.42015506107202716
1.0,259.0,28.11,1,0,0,0.35883006411471957
1.0,105.6,16.67,1,0,0,0.38788166067517355
1.0,154.99,14.83,1,0,0,0.4893199749239733
1.0,14.6,18.23,1,0,0,0.3329332273654443
1.0,139.9,8.23,1,0,0,0.3015020035047741
1.0,107.0,34.55,1,0,0,0.3128634366344451
1.0,129.8,82.76,1,0,0,0.35846415565783557
1.0,349.97,25.25,1,0,0,0.25255269005469266
2.0,57.4,15.56,1,0,0,0.2213822186241177
1.0,144.99,12.22,1,0,0,0.30600572412174476
1.0,89.0,19.86,1,0,0,0.40401441290575135
1.0,169.9,13.53,1,0,0,0.27138966185728297
1.0,82.99,17.83,1,1,1,0.5008306120369795
1.0,38.9,11.29,1,0,0,0.4304541964983079
1.0,29.99,18.31,1,0,0,0.27781814509245967
2.0,98.0,36.46,1,0,0,0.3479345720751861
2.0,114.8,15.56,1,0,0,0.3683831638689236
1.0,379.95,18.91,1,0,0,0.33996174216591263
1.0,15.0,7.39,1,0,0,0.03690316655245644
2.0,139.8,27.02,1,0,0,0.46314775909977307
1.0,159.9,14.51,1,0,0,0.37393522835869014
1.0,59.9,19.66,1,0,0,0.4172820594413882
1.0,39.99,11.85,1,0,0,0.4369403762224719
1.0,86.9,17.5,1,0,0,0.39359238768108507
1.0,89.0,19.59,1,0,1,0.5264899295802324
1.0,145.97,41.41,1,0,0,0.3270781110577587
1.0,107.0,12.25,1,0,0,0.36688916114813985
1.0,62.9,8.88,1,0,0,0.4103414765245814
1.0,54.99,13.4,1,0,0,0.37914137671887643
1.0,69.9,22.2,1,0,0,0.24752554702336407
1.0,110.0,23.57,1,0,0,0.2355929757060866
1.0,1599.99,35.65,1,0,0,0.23602866068804224
2.0,150.0,26.16,1,0,1,0.562593487828507
3.0,119.7,23.34,1,0,0,0.4512959412508435
2.0,239.0,35.54,1,0,0,0.4325070934911859
2.0,129.8,19.5,1,0,0,0.4686960041423522
1.0,194.99,26.4,1,0,0,0.4967968141541898
1.0,84.0,18.17,1,0,0,0.13690655904316326
1.0,135.0,60.18,1,0,0,0.33836003863590924
1.0,150.0,11.31,1,0,0,0.22494955829671265
1.0,9.99,16.32,1,0,0,0.4238521873863725
1.0,60.0,7.78,1,0,0,0.4292739995168031
1.0,51.45,22.33,1,0,0,0.2669879080008336
1.0,62.9,13.46,1,0,0,0.3275892483077444
1.0,12.5,15.1,1,0,0,0.37963795119764804
1.0,104.9,13.07,1,0,0,0.3707949982422487
2.0,109.98,17.76,1,0,0,0.22998764139498457
1.0,61.8,16.19,1,0,1,0.5785761529656328
1.0,19.99,17.63,1,0,0,0.4148535168155975
1.0,29.5,16.11,1,0,0,0.44379316252841616
1.0,55.9,13.75,1,0,0,0.33267360793288153
1.0,29.99,10.96,1,0,0,0.42926162968546017
1.0,49.98,13.01,1,0,0,0.37327300403056296
1.0,589.0,37.48,1,0,0,0.10692399201249235
1.0,449.99,14.65,1,0,0,0.27250624648559657
1.0,138.0,15.47,1,0,0,0.3464415309062805
1.0,119.0,19.71,1,0,0,0.2769139092450471
1.0,79.99,18.13,1,0,0,0.24788708518070876
1.0,126.69,38.09,1,0,0,0.3153982423819861
1.0,59.0,23.35,1,0,0,0.26471642883822344
1.0,96.0,26.97,1,0,0,0.3554950739949199
1.0,42.0,14.1,1,0,0,0.3515171313316738
1.0,583.0,15.58,1,0,0,0.18414561956853012
1.0,27.99,7.78,1,0,0,0.37761790748810736
1.0,89.88,9.54,1,0,0,0.4179760836125762
1.0,49.9,17.6,1,0,0,0.42697186726283365
1.0,56.99,16.16,1,0,0,0.4726671557625641
1.0,89.0,15.37,1,0,0,0.4803279358541578
1.0,325.0,10.47,1,0,0,0.2196645268510135
1.0,798.0,39.39,1,0,0,0.305878465327587
2.0,77.8,76.8,1,0,0,0.3495788478434124
1.0,45.9,16.11,1,0,0,0.4586537690451446
4.0,292.37,58.81,1,0,1,0.5188554822188927
1.0,114.9,11.9,1,0,0,0.37349269832228765
3.0,74.69999999999999,35.55,1,0,0,0.49957348466114165
1.0,149.99,15.81,1,1,0,0.24118665508480044
1.0,27.99,15.1,1,0,0,0.43602415438223857
1.0,9.5,8.72,1,0,1,0.810734133108129
1.0,29.0,7.46,1,0,0,0.015017243571440192
1.0,380.0,35.83,1,0,0,0.27916192550064267
2.0,197.25,27.62,1,0,1,0.520384012750855
1.0,109.9,23.08,1,0,0,0.28427608848335384
1.0,379.0,59.51,1,0,0,0.34933065210977415
2.0,222.9,51.53,1,1,0,0.38621109970566003
1.0,119.0,27.49,1,0,0,0.297762933667557
1.0,249.0,17.04,1,0,0,0.3319523989706718
1.0,109.99,64.14,1,0,0,0.3530782954239348
1.0,39.99,8.44,1,0,0,0.411911449646552
1.0,99.0,17.94,1,0,0,0.33496130334081564
1.0,70.0,9.24,9,1,1,1.0
1.0,239.0,14.11,1,0,0,0.3468509230740641
2.0,149.8,33.92,1,0,0,0.46087539060406274
1.0,57.9,23.56,1,0,0,0.2470607561264328
1.0,20.99,11.85,1,0,0,0.45315641183288136
1.0,308.8,20.4,1,0,0,0.31749802113948256
1.0,59.9,16.86,1,0,0,0.4332511683361892
1.0,399.0,203.38,1,0,0,0.35370868492031077
1.0,129.8,39.84,1,0,0,0.34141730985562885
1.0,279.9,22.45,1,0,0,0.4063628655805915
1.0,93.9,15.41,1,0,1,0.5690829809021711
1.0,682.98,69.23,1,1,0,0.2471683773457326
1.0,39.9,13.37,1,0,0,0.36690205353390615
1.0,129.8,21.75,7,1,1,1.0
1.0,69.0,19.45,1,0,0,0.17045120463841182
1.0,79.9,28.96,1,1,0,0.38968158496931415
1.0,194.5,15.53,1,0,0,0.4815956630437305
1.0,82.9,15.33,1,0,0,0.3933258642559308
1.0,14.9,16.11,1,0,0,0.41094283947698723
1.0,43.0,13.88,1,0,0,0.29340809416050123
1.0,29.9,15.1,1,0,0,0.4436085002978538
1.0,99.99,11.9,1,0,0,0.2768277865992742
1.0,49.9,41.33,1,0,0,0.3843770959662507
1.0,899.0,26.69,1,0,0,0.16148229673554784
1.0,32.0,19.41,1,0,0,0.17483917496287135
1.0,138.0,60.2,1,0,0,0.33811606299971575
1.0,129.99,17.65,1,0,0,0.30831455592063783
1.0,149.0,13.34,1,0,0,0.3256241374231043
1.0,134.97,25.25,1,0,0,0.30974489496594704
1.0,58.0,7.39,1,0,0,0.10489021553872037
2.0,147.8,46.2,1,0,0,0.3797906033883023
1.0,44.9,12.93,1,0,0,0.3399211451111585
2.0,49.8,45.86,1,0,0,0.4832802829037907
1.0,99.9,13.72,1,0,0,0.37122544093035825
1.0,99.0,8.85,1,0,0,0.24966573506584352
1.0,51.99,13.94,1,0,0,0.3297400729365448
2.0,59.8,15.58,1,0,0,0.1912057524797222
1.0,21.9,15.1,1,0,0,0.44694921928272513
11.0,1361.89,626.64,1,1,0,0.05433245149911817
2.0,149.8,24.04,1,0,1,0.5544275945751636
1.0,83.0,9.89,1,0,1,0.624234949335143
1.0,79.9,16.26,1,0,1,0.5451866470699575
5.0,229.5,46.7,1,0,1,0.5504391163729846
1.0,59.0,13.07,1,0,0,0.3745026940713856
1.0,16.49,15.23,1,0,0,0.31747549501050293
1.0,264.0,23.56,1,0,0,0.2655536273216476
1.0,102.0,10.13,1,0,0,0.21782423848209825
1.0,14.0,15.1,1,0,0,0.41366627174659126
1.0,129.9,12.24,1,0,0,0.33063707735317205
1.0,1350.0,294.76,1,0,0,0.1456316258796181
1.0,239.99,22.17,1,0,0,0.36547398345150733
1.0,49.9,15.23,1,0,0,0.39142848897664245
1.0,22.9,8.27,1,0,0,0.4037237340103708
1.0,24.0,7.78,1,0,0,0.4530489565962149
1.0,349.9,21.42,1,0,0,0.36330081149908994
1.0,37.5,15.1,1,0,0,0.4386954147676261
1.0,198.0,17.15,1,0,0,0.475021351470633
1.0,99.99,17.27,1,0,0,0.38931294380096404
1.0,219.9,65.78,1,0,0,0.3445262390991485
1.0,179.89,8.12,1,0,0,0.2777144862829364
1.0,119.9,14.44,1,0,0,0.36297186834851325
1.0,330.0,14.7,1,0,0,0.26496876945987824
1.0,179.9,36.39,1,0,0,0.3360032650019961
1.0,289.0,17.78,1,0,0,0.2707997371797226
1.0,45.0,34.15,1,0,0,0.4163403692319619
1.0,13.65,15.79,1,0,0,0.39108479843168387
1.0,38.7,8.29,1,0,0,0.41003684654032874
2.0,163.9,40.1,1,0,0,0.30753617517220044
1.0,19.9,16.11,1,0,0,0.43663747025022315
1.0,199.99,18.65,1,0,0,0.351433348512249
1.0,119.85,11.86,1,0,0,0.4140967547990517
1.0,59.49,22.13,1,0,0,0.26507903460627585
1.0,49.89,8.27,1,1,0,0.4083149012575574
1.0,29.9,11.85,1,0,0,0.43029201987465515
1.0,8.9,15.23,1,0,1,0.5064826746115165
1.0,29.9,15.79,1,1,0,0.4122793641116803
1.0,28.9,15.1,1,1,0,0.44419785257830646
1.0,270.9,52.62,1,0,0,0.2669621241262209
1.0,69.9,14.8,1,0,0,0.41980407484831955
1.0,130.0,17.16,1,0,0,0.32966388843972594
1.0,283.0,27.26,1,0,0,0.3150997907114521
1.0,119.0,37.52,1,0,0,0.319773834086649
1.0,399.0,13.4,1,0,0,0.2489570787211567
1.0,57.8,11.9,1,1,0,0.4337186551500721
1.0,109.9,13.43,1,0,0,0.3301042940841747
1.0,16.5,12.79,1,0,0,0.311421706890448
1.0,139.9,16.68,1,0,0,0.350123929230703
1.0,120.0,34.38,1,0,0,0.29231347139345115
1.0,129.0,30.43,1,0,0,0.31464675241769396
1.0,159.0,22.19,1,0,0,0.24688504051365565
1.0,780.0,25.95,1,0,0,0.26710740461768123
1.0,89.9,34.79,1,0,0,0.3847423939915187
1.0,299.0,25.72,1,0,0,0.2878694883931851
1.0,24.9,21.18,1,0,1,0.5102581633490018
1.0,78.0,18.65,1,0,0,0.2830697824281813
1.0,159.9,13.42,1,0,0,0.38045529319600235
1.0,199.9,14.1,1,0,0,0.414536992658214
1.0,49.9,15.1,1,0,0,0.41629867076139715
1.0,27.99,7.78,1,0,0,0.37761790748810736
1.0,139.0,12.25,1,0,0,0.3141830973593384
1.0,104.9,34.27,1,0,0,0.3442377123648832
2.0,493.24,56.54,1,0,0,0.4952689189872268
1.0,14.9,12.79,1,0,0,0.29450952208336006
1.0,49.9,16.11,1,0,0,0.44907225836919956
1.0,149.0,23.76,1,0,0,0.28758577594849194
1.0,242.0,10.82,1,0,0,0.34261252386846064
,,,1,0,1,0.5676371073814253
1.0,119.0,43.63,1,0,0,0.32524387216202033
1.0,24.33,8.92,1,0,0,0.40080178106112085
1.0,59.0,8.88,1,0,0,0.4136214370377565
1.0,87.9,20.7,1,0,0,0.4007769773594047
1.0,159.9,14.14,1,0,0,0.3703013879743528
1.0,25.99,9.34,1,0,0,0.4365719164484573
1.0,129.0,23.62,1,0,0,0.2424780122606613
1.0,135.0,9.76,1,0,0,0.34743893950511523
1.0,157.77,18.98,1,0,0,0.28050088928110595
1.0,179.9,21.75,1,0,1,0.5020236113919352
1.0,89.0,17.87,1,0,0,0.41774527184019533
1.0,56.99,14.71,1,0,0,0.4090599108015279
1.0,58.5,18.29,1,0,0,0.24982280756593112
1.0,115.0,38.36,1,0,0,0.2957441708722009
2.0,156.0,32.62,1,0,1,0.5924767697588715
1.0,76.7,15.29,1,0,0,0.38488919776711117
1.0,98.99,15.8,1,0,0,0.2830267460772517
1.0,108.9,14.93,1,0,0,0.3179097767703589
2.0,97.9,37.64,1,0,0,0.33257801187317315
1.0,249.0,35.82,1,0,0,0.3221453762662784
1.0,169.99,27.73,1,0,0,0.3085696016262086
1.0,109.0,35.82,1,0,0,0.3221474172141955
1.0,79.0,14.72,1,0,0,0.3640008296682739
1.0,57.0,14.49,1,0,0,0.4003886521015525
1.0,149.9,15.14,1,0,0,0.34479544569003656
1.0,229.99,16.37,1,0,0,0.31179464122975903
1.0,73.5,47.04,1,0,0,0.3867092948278687
1.0,134.9,14.69,1,0,0,0.35184529175123813
1.0,39.99,15.23,1,0,0,0.42530951867986855
1.0,15.0,15.23,1,0,0,0.2946282084424087
1.0,65.85,13.12,1,0,0,0.3745076201167324
1.0,109.9,7.95,1,0,0,0.3704623133674749
1.0,125.0,21.36,1,0,0,0.39963899958675664
1.0,105.0,14.94,1,0,0,0.37049082304423686
1.0,56.89,15.16,1,0,0,0.4173771747153059
3.0,191.7,40.77,1,0,1,0.5209912287377585
2.0,208.0,37.22,1,0,0,0.3151223810082177
1.0,58.0,13.67,1,0,0,0.3283774368863702
1.0,1050.0,250.57,1,0,0,0.17884406252825913
1.0,54.99,15.13,1,0,0,0.41890193389053076
1.0,18.6,15.1,1,0,0,0.42075333949538124
1.0,39.99,23.85,1,0,0,0.39114762702791034
1.0,88.34,16.25,1,0,0,0.46614356761505593
1.0,299.0,18.34,1,0,0,0.3349250810377583
1.0,59.9,16.67,1,0,0,0.4285027739037726
1.0,53.49,7.63,1,0,0,0.09251724636611548
1.0,349.9,18.89,1,0,0,0.3075388196027786
1.0,138.0,17.25,1,0,0,0.3503752375201159
1.0,107.5,17.88,1,0,0,0.31698959172797425
1.0,35.0,9.34,1,0,0,0.437811528075297
1.0,269.0,19.76,1,0,0,0.3031847816999475
1.0,28.99,15.1,1,0,0,0.44478496511457155
1.0,35.6,7.99,1,0,0,0.39666705220170345
1.0,330.0,19.94,1,0,0,0.2951633500581867
2.0,372.84,57.2,1,0,0,0.21669379418907259
1.0,240.0,13.18,1,0,0,0.35867560388818875
1.0,129.9,15.98,1,0,0,0.32260754964563104
1.0,18.99,17.78,1,0,0,0.4158067471492532
1.0,49.9,16.11,1,0,0,0.44907225836919956
1.0,249.9,28.05,1,0,0,0.36175930001206374
1.0,14.9,12.48,1,0,0,0.4232635354804416
1.0,53.9,17.63,1,0,0,0.49747649417809964
1.0,59.0,12.66,1,0,0,0.47898765445869
1.0,399.8,36.34,1,1,0,0.2937588550663787
1.0,219.9,16.42,1,0,0,0.338283721552126
1.0,89.9,16.88,1,0,0,0.4878693093314687
1.0,160.99,43.54,1,0,0,0.3201513277066643
1.0,180.0,23.84,1,0,1,0.5008933132897805
1.0,67.9,12.61,1,0,1,0.6243020324942645
1.0,44.55,12.69,1,0,1,0.5093464579814325
1.0,69.0,13.08,1,0,0,0.3667599780918965
1.0,138.0,27.29,1,0,0,0.30442444365112903
1.0,26.0,18.28,1,0,0,0.09674640800467917
1.0,39.99,15.1,1,0,0,0.46831082957734416
1.0,45.9,24.48,1,0,0,0.333276949289413
1.0,79.5,13.11,1,1,0,0.3156223474843513
1.0,29.9,15.1,1,0,0,0.4436085002978538
1.0,649.9,23.52,1,0,0,0.11922527640550093
1.0,15.9,7.78,1,0,0,0.4653628919271654
1.0,125.0,8.14,1,0,0,0.30512855187319604
1.0,610.0,37.54,1,0,0,0.11153040309266656
1.0,71.0,16.94,1,0,1,0.5211673626552712
1.0,169.9,51.69,1,0,0,0.31719241360993966
1.0,69.9,19.98,1,0,0,0.33913636175460626
1.0,249.9,18.14,1,0,0,0.33707136443649743
1.0,54.9,12.72,1,0,0,0.498672207693598
1.0,49.9,13.37,1,0,0,0.3747613173881522
1.0,34.8,17.06,1,0,0,0.43873987045734014
1.0,103.9,11.35,1,0,0,0.2300043260723962
1.0,125.0,16.08,1,0,0,0.3231601538399681
1.0,39.2,26.89,1,0,0,0.4238835194713132
1.0,134.9,38.99,1,0,0,0.338490414449898
1.0,49.95,8.27,1,0,0,0.4083149012575574
1.0,95.0,15.55,1,0,1,0.5383379501133124
1.0,29.0,7.78,1,0,0,0.4114624963538499
1.0,98.4,42.72,1,0,0,0.2962074928858138
1.0,99.9,17.0,1,0,0,0.3661456772603843
1.0,109.9,15.53,1,0,0,0.32571841281797337
2.0,139.8,0.0,1,0,0,0.1512763993454163
2.0,68.0,16.54,1,0,0,0.17007087743607682
1.0,58.67,26.95,1,0,0,0.3823501063892738
1.0,109.9,20.01,1,0,0,0.2737116256719037
1.0,69.99,13.15,1,0,0,0.3756585604187446
1.0,104.9,16.7,1,0,0,0.3667602008618272
1.0,284.0,58.54,1,0,0,0.29073826970406086
1.0,50.9,35.68,1,0,0,0.4109769900892089
2.0,198.0,16.08,1,0,0,0.258112725454541
1.0,32.9,12.89,1,0,0,0.36401296727197247
1.0,12.35,7.39,1,0,0,0.0971836490901855
1.0,399.94,74.43,1,0,0,0.32265470616166386
1.0,139.0,18.54,1,0,0,0.3263251100604425
1.0,19.9,15.1,1,0,0,0.4372727634158048
1.0,78.0,37.46,1,0,0,0.3935351219105408
1.0,149.9,25.18,1,0,0,0.2948596889892504
1.0,53.9,9.74,1,0,0,0.43590248616347965
1.0,69.9,15.24,1,0,0,0.4283950751924322
2.0,98.0,36.46,1,0,0,0.3479345720751861
1.0,69.9,20.98,1,0,0,0.3714951819346446
1.0,271.99,18.61,1,0,0,0.33509208987622957
1.0,89.9,11.83,1,0,0,0.38839004601624644
1.0,89.9,12.13,1,0,0,0.39996673571096586
1.0,25.73,23.28,1,0,0,0.24354305079720656
1.0,65.0,8.27,1,1,0,0.4080441829636894
1.0,99.0,14.05,1,0,0,0.337055896567453
2.0,339.8,54.54,1,0,1,0.574896054353005
1.0,254.0,13.28,5,1,1,1.0
1.0,29.5,14.52,1,0,0,0.44337361101547174
1.0,139.99,18.78,1,0,0,0.2612277328029169
1.0,348.8,9.7,1,0,0,0.22167514846847913
2.0,60.5,31.21,1,1,0,0.47287786159962136
1.0,69.9,11.88,1,1,0,0.44494804394895937
1.0,99.0,17.43,1,0,0,0.3401953248239613
1.0,89.9,15.38,1,0,1,0.5942572858010134
1.0,13.99,7.78,1,0,0,0.45878947257060787
1.0,99.97,18.58,1,0,0,0.2231208336207516
1.0,116.0,16.57,1,0,0,0.36479027524399016
1.0,75.9,25.81,1,0,0,0.39440080614481
1.0,34.08,8.72,1,0,0,0.3970466315115891
1.0,219.9,29.94,1,0,0,0.37318483583242046
1.0,39.99,11.85,1,0,0,0.4369403762224719
1.0,125.0,20.99,1,0,0,0.348111159727176
1.0,29.99,14.1,1,0,0,0.42514557449657153
1.0,99.98,33.56,1,0,0,0.3447189627342782
1.0,50.0,14.1,1,0,0,0.39345858952625057
2.0,69.9,22.7,1,0,0,0.3829323551257009
1.0,159.9,15.87,1,0,0,0.391007594258767
1.0,125.0,37.58,1,0,0,0.31404584522929035
1.0,89.9,13.65,1,0,0,0.43324732704013114
2.0,32.0,25.58,1,0,1,0.5068991721574568
1.0,59.9,19.61,1,0,0,0.2809591020795958
1.0,2258.0,46.68,1,0,0,0.19827316484042715
2.0,370.0,109.66,1,0,0,0.29997298652686494
1.0,24.0,14.1,1,0,0,0.45049146715262156
1.0,284.0,39.54,1,0,0,0.255574287594005
1.0,29.0,22.92,1,0,0,0.2319231416916834
1.0,44.4,7.39,1,0,0,0.39686839704903887
1.0,39.9,7.78,1,0,0,0.43131009253739117
1.0,24.5,15.1,1,0,0,0.45167427923230663
1.0,59.0,7.71,1,0,0,0.2924466361920515
1.0,82.9,14.33,1,0,0,0.34098376761541643
1.0,142.99,18.09,1,0,0,0.3337055399285412
1.0,106.9,0.0,1,0,0,0.00963957362303861
1.0,79.0,19.79,1,0,0,0.3433616588226978
1.0,228.0,26.58,1,1,0,0.41356505243225616
1.0,199.9,21.89,1,1,1,0.5888939030989668
1.0,52.0,22.94,1,0,0,0.29265110693349844
1.0,110.0,15.87,1,0,0,0.3661998540978308
1.0,54.9,11.88,1,0,0,0.43520728856799384
2.0,43.6,30.2,1,0,0,0.3989801154374811
1.0,55.0,23.19,1,0,0,0.23068801567582276
1.0,80.99,11.19,1,0,1,0.5315100628287727
1.0,26.9,14.52,1,0,0,0.4455869412691404
1.0,27.9,11.85,1,0,0,0.4218890198383265
1.0,149.9,18.3,1,0,0,0.3201784142721043
1.0,90.0,22.95,1,1,0,0.32755271182347845
1.0,145.0,16.12,1,0,0,0.3336201512746543
1.0,31.9,8.27,1,0,0,0.3933423023004315
1.0,68.99,9.47,1,0,0,0.42418137344411067
1.0,24.9,10.96,1,0,0,0.46249979838491934
1.0,21.99,50.85,1,0,0,0.47291153923959767
2.0,23.98,28.2,1,0,0,0.268510323355054
1.0,58.99,13.07,1,0,0,0.37606703104748773
1.0,49.0,7.6,1,0,0,0.11335964835990782
2.0,242.0,29.86,1,0,0,0.39687629398175023
1.0,59.9,14.17,1,0,0,0.4143587516574212
1.0,13.99,14.1,1,0,0,0.3935328782175805
1.0,179.9,40.12,1,0,0,0.30556329585286884
1.0,99.9,13.25,1,0,0,0.3705688926051634
1.0,439.9,52.56,1,0,0,0.2908959176167793
1.0,56.97,12.74,1,0,0,0.4614403934195726
1.0,13.65,15.79,1,0,0,0.39108479843168387
1.0,215.0,22.59,1,0,0,0.40605088716365256
1.0,198.99,19.49,1,0,0,0.21687071536658611
1.0,149.0,51.33,1,0,0,0.31410927075792466
1.0,62.9,25.94,1,0,0,0.33491488756559784
1.0,189.99,18.0,1,0,0,0.3317855066041893
1.0,765.0,27.06,1,0,0,0.26221682154294884
1.0,49.9,14.52,1,0,0,0.4096354382415655
1.0,14.9,17.06,1,0,0,0.3629441304838362
1.0,90.49,19.82,1,0,0,0.3755497596453484
1.0,19.9,8.11,1,0,0,0.44051312023212574
1.0,99.9,18.13,1,0,0,0.27325102073421564
1.0,110.32,13.43,1,0,0,0.38551978985328694
1.0,55.9,14.48,1,0,0,0.4009145262502148
1.0,140.5,18.87,1,0,0,0.26829981942722597
1.0,149.9,8.3,1,0,0,0.32312908743220975
1.0,24.9,15.23,1,0,0,0.32525881916312
1.0,130.0,20.15,1,0,0,0.2599399653227319
1.0,99.0,15.44,1,0,0,0.3710530202068443
1.0,209.0,17.9,1,0,0,0.37333358964840474
1.0,133.0,16.56,1,0,0,0.35579862180523625
1.0,119.99,14.57,1,0,0,0.35319907427568437
1.0,21.9,11.85,1,1,0,0.45269581314143326
1.0,829.0,38.95,1,0,0,0.2633600100177547
1.0,210.0,13.81,1,0,0,0.343427010595722
1.0,69.9,12.43,1,0,0,0.43902408127786724
1.0,59.9,15.17,1,0,0,0.42535051473897284
1.0,192.99,70.23,1,0,0,0.2752849101433936
1.0,314.8,17.9,1,0,0,0.3323189241057451
1.0,79.0,17.8,1,0,1,0.5015706932504038
1.0,85.0,14.2,1,0,0,0.4076730442308272
1.0,99.99,19.67,1,0,0,0.20576048907068414
1.0,139.0,85.75,1,0,0,0.28302295558754365
1.0,220.0,13.98,1,0,0,0.35093845445666055
1.0,355.79,44.86,1,0,0,0.2943994987394744
1.0,39.9,18.38,1,0,0,0.25173654927064215
1.0,129.0,22.61,1,0,0,0.23973116988719853
1.0,23.99,15.1,1,0,0,0.473230308259969
1.0,195.63,27.69,1,0,0,0.41667832597657184
1.0,238.99,18.11,9,1,1,1.0
2.0,207.98,120.84,1,0,0,0.48257550949239764
1.0,18.9,16.92,1,0,0,0.41045455520344826
1.0,47.5,26.61,1,0,0,0.4162428606577443
1.0,45.04,17.63,1,0,0,0.4757981353477221
1.0,169.9,93.33,1,0,0,0.23110440252951278
1.0,29.0,7.46,1,0,0,0.015017243571440192
1.0,149.9,13.39,1,0,0,0.3295173754769497
1.0,145.0,8.04,1,0,0,0.31880866427731763
1.0,40.0,9.03,1,0,0,0.41088014375069365
1.0,324.89,60.13,1,0,0,0.35482159187337803
1.0,86.9,43.02,1,0,0,0.3162722943419757
1.0,79.0,12.26,1,0,0,0.37669783649581984
1.0,18.9,7.55,1,0,0,0.019249864207283897
1.0,18.9,15.1,1,0,0,0.4347467115112415
1.0,27.1,8.72,1,0,0,0.4036666668465072
2.0,348.9,46.05,1,0,0,0.3696983243986403
1.0,53.9,14.47,1,0,0,0.4004023200125728
2.0,78.0,28.2,1,0,0,0.4416395181812956
1.0,59.9,16.18,1,0,0,0.45167663020463256
1.0,242.9,17.46,1,0,0,0.33745538583436563
2.0,90.0,46.24,1,0,0,0.4024134183034118
1.0,98.9,14.99,1,0,0,0.30534515274424057
1.0,69.9,19.46,1,0,0,0.14016631084027525
1.0,44.99,12.79,1,0,0,0.31222031388853866
1.0,29.0,7.78,1,0,0,0.4114624963538499
1.0,18.0,37.04,1,0,0,0.3695145527961789
1.0,19.99,15.1,1,0,0,0.44740981797417323
1.0,19.9,15.1,1,0,0,0.4372727634158048
1.0,28.5,18.23,1,0,0,0.29125878428609997
1.0,31.9,14.1,1,0,0,0.4260468307045762
1.0,157.77,9.3,1,0,0,0.31359648643939453
1.0,29.9,8.82,1,0,0,0.4007561299526495
1.0,144.99,12.22,1,0,0,0.30600572412174476
1.0,470.0,161.71,1,0,0,0.28332615826518187
1.0,37.8,8.72,1,0,0,0.39423662773415763
1.0,229.9,48.53,1,0,0,0.3210170839199925
1.0,109.99,12.84,1,0,0,0.37011985422170224
1.0,68.9,11.5,7,1,1,1.0
1.0,12.25,7.39,1,0,0,0.0999287471294012
1.0,199.9,33.79,1,0,0,0.4307141432423118
1.0,59.0,19.38,1,0,0,0.30599535228086233
6.0,780.0,140.94,1,1,0,0.3824468894944601
1.0,13.3,7.71,1,1,0,0.040033199876254325
1.0,299.99,12.96,1,0,0,0.2666337883003941
1.0,27.99,15.23,1,0,0,0.32350394962047235
1.0,40.0,20.75,1,0,0,0.46230299123890517
1.0,59.97,16.67,1,0,0,0.4159903636275196
1.0,99.9,0.0,1,0,0,0.002092274678111588
1.0,379.99,164.93,1,0,0,0.26215288789891533
1.0,74.9,38.07,1,0,0,0.3935960667441719
1.0,21.86,17.6,1,0,0,0.4672858106399033
1.0,108.0,16.52,1,0,0,0.32869516274968774
1.0,199.0,12.73,1,0,0,0.44401179488645787
3.0,268.9,45.86,1,0,1,0.5756858191685148
1.0,128.8,13.92,1,0,0,0.3351771767005029
1.0,49.0,15.1,1,0,0,0.4168195117953109
1.0,42.9,18.23,1,0,0,0.2551246186953469
1.0,175.0,21.63,1,0,0,0.41748766753372707
1.0,29.99,10.96,1,0,0,0.42926162968546017
2.0,796.0,251.32,1,0,0,0.1220055117140587
1.0,99.9,16.46,1,0,0,0.37037067680233265
1.0,499.0,25.81,1,0,0,0.3346304087108972
1.0,160.0,19.0,1,0,0,0.3830000441285565
1.0,23.99,14.1,1,0,0,0.47006459019737806
1.0,817.0,63.8,1,0,0,0.242808143622244
6.0,155.39999999999998,84.6,1,0,0,0.4122309715030766
1.0,29.99,7.78,1,0,0,0.40712747008579875
1.0,452.6,76.02,1,0,0,0.30842579778587936
1.0,59.99,11.73,1,0,0,0.4408509926016614
1.0,49.99,7.39,1,0,1,0.5459717648915275
2.0,118.0,36.58,1,0,0,0.34284247732632767
1.0,34.99,15.1,1,0,0,0.44060096419126454
2.0,448.0,172.68,1,0,0,0.11576017573182949
1.0,93.9,25.5,1,0,0,0.29140097756107103
2.0,316.9,48.2,1,0,0,0.3071987529348875
3.0,1380.0,711.33,1,0,0,0.04508656118120767
1.0,143.8,19.89,1,0,0,0.2760558651713135
1.0,284.0,13.32,1,0,0,0.27986386493693854
1.0,45.0,9.27,1,0,0,0.4328151367424946
1.0,119.9,9.97,1,0,0,0.3457575241743473
1.0,60.2,12.86,1,0,0,0.3853750598250161
1.0,29.9,8.11,1,0,0,0.4043891815946168
1.0,14.78,15.1,1,0,0,0.41423996070671476
1.0,139.0,22.9,1,0,0,0.27168684918421215
1.0,89.49,15.38,1,1,1,0.6926292658813722
1.0,29.9,14.52,1,0,0,0.44194350774754726
1.0,144.9,16.12,1,0,0,0.33599540658569865
1.0,56.99,12.74,1,0,0,0.443539595815349
1.0,29.99,22.06,1,0,0,0.27107988409628664
2.0,459.98,70.48,1,0,1,0.5613927180953352
1.0,105.0,9.09,1,0,0,0.36942811965898914
1.0,49.99,19.32,1,0,0,0.3337060979237311
1.0,168.8,15.93,9,1,1,1.0
1.0,26.9,8.27,1,0,0,0.37835907730916046
1.0,69.99,13.83,1,0,0,0.3295970838363575
1.0,94.9,14.41,1,0,0,0.25546210914029077
1.0,69.9,11.88,1,0,0,0.44494804394895937
2.0,219.8,59.4,1,0,0,0.38247847566961435
1.0,9.5,14.1,1,0,0,0.16716913143878676
1.0,59.99,12.76,1,1,0,0.4327041743694351
1.0,122.99,21.13,1,0,0,0.3283013549254746
1.0,199.0,16.27,1,0,0,0.42358190984975463
1.0,122.99,15.61,1,0,0,0.312401467160698
1.0,140.0,68.12,1,0,0,0.2854157350786973
1.0,59.9,16.18,1,0,0,0.45167663020463256
1.0,79.9,21.05,1,0,0,0.36585849912936313
1.0,46.99,21.63,1,0,0,0.28914933619950844
1.0,349.9,17.2,1,0,0,0.279834747488025
1.0,169.99,13.54,1,0,0,0.2662231857781804
1.0,77.0,15.39,1,0,0,0.36090521652719026
1.0,170.0,15.94,1,0,0,0.27669534574531424
1.0,113.8,15.56,1,0,0,0.38109372694831595
1.0,59.9,19.66,1,0,0,0.4172820594413882
1.0,20.99,15.1,1,0,0,0.44740981797417323
1.0,224.99,18.05,1,0,0,0.3186713986545351
1.0,49.9,18.23,1,0,0,0.2578580700996321
1.0,13.9,11.85,1,0,0,0.41230629167895994
1.0,129.99,13.93,1,0,0,0.3447028498339318
1.0,39.99,11.85,1,0,0,0.4369403762224719
1.0,110.0,36.43,1,0,0,0.331514704722142
3.0,29.97,22.17,1,0,0,0.47207789006283735
1.0,120.0,26.46,1,0,0,0.30966429361406517
1.0,108.99,24.63,1,0,0,0.26263087695637494
1.0,35.0,15.1,1,1,0,0.44060096419126454
1.0,44.35,13.37,1,0,0,0.33118194841312865
1.0,192.0,38.16,1,0,0,0.3921007139474489
1.0,49.9,17.28,1,0,0,0.4079985572710213
1.0,24.99,15.1,1,0,0,0.46022497300716375
1.0,18.9,12.48,1,0,0,0.4435806490325194
1.0,26.9,15.1,1,0,0,0.4471273695388364
1.0,79.0,15.3,1,0,0,0.3609054783601947
1.0,92.9,24.86,1,0,0,0.3398492646966978
1.0,49.99,7.61,1,0,0,0.1152879453382329
1.0,399.0,14.02,1,0,0,0.2668252102734274
1.0,16.9,10.96,1,0,0,0.45128845675983476
1.0,109.9,42.8,1,0,0,0.3287604826677369
2.0,99.8,15.22,1,0,0,0.40812808466027223
2.0,49.98,23.7,1,0,0,0.49395922400443026
1.0,79.9,17.3,1,0,0,0.4029507940845197
1.0,349.9,17.01,1,0,0,0.21069422007156385
1.0,39.99,25.63,1,0,0,0.4961023804865825
2.0,119.8,34.26,1,0,0,0.3381800351582275
1.0,59.9,9.34,1,0,0,0.44865260824067843
1.0,99.9,17.83,1,0,0,0.3162855586667012
1.0,120.0,9.04,1,0,0,0.3424415376694966
1.0,199.9,14.23,1,0,0,0.41497651573670624
1.0,119.9,73.56,1,0,0,0.34432717321533846
1.0,89.9,14.38,1,0,0,0.4816073460114063
1.0,169.4,23.99,1,0,0,0.229358823998148
1.0,23.9,7.78,1,0,0,0.4685965323041026
1.0,149.9,9.24,1,0,0,0.34943659960104234
1.0,192.99,91.44,1,0,0,0.24287081771143462
1.0,69.9,9.34,1,0,0,0.4451667011983965
1.0,39.29,15.56,1,0,0,0.46033972211759805
1.0,89.9,17.07,1,0,1,0.5563581814230996
1.0,25.0,8.34,1,0,0,0.41437864926650564
1.0,135.0,17.86,1,0,0,0.33826272073528113
1.0,139.9,18.86,1,0,0,0.2643723054686244
1.0,49.0,15.1,1,0,0,0.4168195117953109
2.0,194.9,22.47,1,0,1,0.5293708986381183
1.0,56.1,19.58,1,0,0,0.4961322157189695
1.0,9.0,7.78,3,1,1,0.9918518518518518
1.0,597.89,18.95,1,0,0,0.2336637055936225
1.0,12.47,7.39,1,0,0,0.0971836490901855
1.0,599.99,34.95,1,0,0,0.1247979733273218
1.0,599.0,96.61,1,0,0,0.11321492923226215
1.0,13.65,7.78,1,0,0,0.46663945425457637
1.0,163.0,27.22,1,0,0,0.2861876095178018
1.0,64.99,18.56,1,0,0,0.228589863080126
1.0,199.0,73.22,1,0,0,0.2544907197886026
1.0,69.99,13.83,1,0,0,0.3295970838363575
1.0,120.0,16.6,1,0,0,0.3395440293540014
3.0,161.7,10.13,1,0,0,0.18281783202195812
1.0,279.9,15.07,1,0,0,0.2945979691303655
1.0,38.0,11.85,1,0,0,0.4324917758814495
2.0,306.0,51.82,1,0,0,0.3613076163714435
1.0,47.49,9.94,1,0,0,0.43698360081838494
1.0,19.99,20.8,1,0,0,0.42230145275586606
1.0,49.8,13.37,1,0,0,0.3747613173881522
1.0,180.0,13.6,1,0,0,0.4182674820761653
1.0,50.0,22.85,1,0,0,0.25658028960281837
1.0,520.0,37.72,1,0,0,0.29003289226527157
1.0,22.99,16.05,1,0,1,0.550040301737121
1.0,69.9,25.77,1,0,0,0.3446414321601595
1.0,23.9,7.39,1,0,0,0.045240610860090014
1.0,129.99,15.66,1,0,0,0.3572983823910326
1.0,17.8,7.87,1,0,0,0.49652262823755117
1.0,196.99,63.2,1,0,0,0.3726024618251736
1.0,116.8,15.92,1,0,0,0.34230254133954774
1.0,175.0,35.29,1,0,0,0.30572075785372943
1.0,67.9,11.98,1,0,0,0.4395932726251639
1.0,48.9,18.23,1,0,0,0.2716074989405716
1.0,49.0,11.85,1,0,0,0.4313913088318721
1.0,50.0,17.6,1,0,0,0.42540366808108704
2.0,130.46,25.6,1,0,0,0.4980090921789908
2.0,99.8,36.9,1,0,0,0.3338709348423781
1.0,598.99,22.29,1,0,0,0.2087243058085594
1.0,84.0,12.5,1,0,1,0.5376253041104964
1.0,78.9,39.91,1,0,0,0.3823572031706082
1.0,45.49,7.58,1,0,0,0.05544376951548987
1.0,38.8,13.37,1,0,0,0.3574350504035753
1.0,49.99,11.85,1,0,0,0.4312085158085536
1.0,79.99,13.9,1,0,0,0.32963690524491923
1.0,499.99,69.17,1,0,0,0.2881031532849755
1.0,89.99,50.5,1,0,0,0.47684077366992134
1.0,13.9,15.1,1,1,0,0.4074197144862732
1.0,339.9,18.14,1,0,0,0.23069895414896682
1.0,29.99,15.1,1,0,0,0.4375317102191416
1.0,94.99,21.46,1,0,0,0.35645504003398026
1.0,59.0,18.51,1,0,0,0.23042651626841368
1.0,28.0,10.96,1,0,0,0.4237565310550618
2.0,139.8,24.86,1,0,0,0.4805142543520752
1.0,79.99,41.63,1,0,0,0.2212605069136417
1.0,99.9,13.72,1,0,0,0.37122544093035825
1.0,190.0,21.75,1,0,1,0.5046621798419132
4.0,220.0,131.36,1,0,1,0.5200889687049267
1.0,259.0,16.69,1,0,0,0.30652114767419175
1.0,35.9,10.96,1,0,0,0.42837994050810996
1.0,31.9,16.79,1,0,0,0.4305884805419051
1.0,17.9,11.15,1,0,0,0.4467821146384436
1.0,39.99,9.59,1,0,0,0.44568173460029226
2.0,183.9,43.46,1,1,0,0.47229652801303085
1.0,179.9,21.75,1,0,1,0.5020236113919352
1.0,149.9,78.07,1,0,0,0.3119637966770874
1.0,59.9,16.99,1,0,0,0.4297410348351454
1.0,19.9,15.1,1,0,0,0.4372727634158048
1.0,44.9,16.6,1,0,0,0.44117292348684456
1.0,18.0,8.29,1,0,0,0.40165563143358457
1.0,89.9,18.91,1,0,0,0.20090761061861748
1.0,168.9,16.28,1,0,0,0.30589067135560893
1.0,152.0,15.81,1,1,0,0.41842903101257206
2.0,70.0,17.76,1,0,0,0.24851193888362638
1.0,18.0,8.88,1,0,0,0.4143108931826129
2.0,31.98,23.7,1,0,1,0.5798498013053601
1.0,79.99,18.84,1,0,0,0.310972362400753
1.0,49.9,12.93,1,0,0,0.37327300403056296
1.0,135.0,20.99,1,0,0,0.36461977741688467
1.0,35.0,22.06,1,0,0,0.26435496620908994
1.0,118.0,14.42,1,0,0,0.35576844564898874
1.0,59.9,13.44,1,0,0,0.3815268290961434
1.0,95.28,28.06,1,0,0,0.28942942954342
1.0,22.9,19.99,1,0,0,0.2555701951620071
1.0,48.9,9.26,1,0,0,0.4243997548626911
1.0,38.9,9.34,1,0,0,0.4483729371966884
1.0,119.9,30.0,1,0,0,0.3264418977411262
1.0,19.95,28.06,1,0,0,0.40300890373625875
1.0,58.9,21.05,1,0,0,0.362939159436562
1.0,143.0,15.75,1,1,0,0.3319950673233816
2.0,220.0,35.02,1,0,0,0.4314177105606733
1.0,81.99,13.01,1,0,0,0.4400807528128675
1.0,79.9,19.75,1,0,0,0.4503846096723919
1.0,79.9,11.76,1,0,0,0.426195398825045
2.0,45.98,28.2,1,0,0,0.37929739429703113
1.0,21.99,11.85,1,0,0,0.45714356200176515
1.0,199.0,12.6,1,0,0,0.4324231021809111
1.0,139.86,18.23,1,0,0,0.30317103245393057
1.0,12.1,15.1,1,0,0,0.36647689003387607
2.0,134.0,25.48,1,0,0,0.49288293454402177
1.0,200.0,18.53,1,0,0,0.35910610676722354
1.0,12.97,15.1,1,0,0,0.38688733892149546
1.0,130.0,18.71,1,0,0,0.2907703959040262
1.0,14.9,15.1,1,0,0,0.41260711046516896
1.0,49.9,10.96,1,0,0,0.4344083603160148
1.0,28.9,19.05,1,0,0,0.21190034771429805
1.0,59.9,13.08,1,0,0,0.38115958706154196
1.0,149.9,16.81,1,0,0,0.35104999888680466
1.0,199.89,17.65,1,0,0,0.35398184733053556
1.0,59.89,17.67,1,0,0,0.3741489648512732
1.0,1200.0,37.81,1,0,0,0.19367679076622968
1.0,24.5,11.85,1,0,0,0.43901776656527913
1.0,159.9,22.99,1,0,0,0.3016981747963257
1.0,120.99,11.46,1,1,0,0.28174404041979195
1.0,49.0,12.79,1,0,0,0.34493651600898356
1.0,64.99,9.21,1,0,0,0.4289196566507532
1.0,149.9,15.8,1,0,0,0.3225088719596728
1.0,48.9,12.6,1,0,0,0.40970822035651
1.0,72.0,9.43,1,0,0,0.43650767762375303
1.0,99.0,23.01,1,0,0,0.38809489852488466
1.0,49.8,14.11,1,0,0,0.3931576050987488
1.0,69.0,15.23,1,0,0,0.3889555618649655
1.0,69.99,25.77,1,0,0,0.3833037455832491
1.0,58.99,17.66,1,0,0,0.4674738937881697
1.0,131.25,17.17,1,1,0,0.3359298049772934
1.0,15.0,8.72,1,0,0,0.4021771306809359
1.0,22.6,12.82,1,0,0,0.31644845019914997
1.0,117.0,15.57,1,0,0,0.35636689228389445
1.0,80.0,34.36,1,0,0,0.21277720441145026
1.0,179.0,17.99,1,0,0,0.3274887501023302
1.0,143.0,38.55,1,0,0,0.3277031889149024
1.0,31.9,14.1,1,0,0,0.4260468307045762
1.0,75.0,14.48,1,0,0,0.4081741033945788
1.0,69.0,11.73,1,0,0,0.4236535549218957
1.0,15.99,14.1,1,0,0,0.4255630229002483
1.0,24.9,8.29,1,0,0,0.41329613482437666
1.0,55.9,21.19,1,0,0,0.32355518336551886
1.0,138.0,38.11,1,0,0,0.3393590335983873
1.0,43.9,17.92,1,0,0,0.48273081095936293
1.0,55.0,15.83,1,0,0,0.3847977456772545
1.0,219.0,27.04,1,0,0,0.3821963187555002
1.0,24.99,7.39,1,1,0,0.3137460385498941
1.0,189.9,16.09,1,0,0,0.4946282150186362
1.0,69.9,13.08,1,0,0,0.38502591831437133
1.0,199.99,20.31,1,0,0,0.2891725127504715
2.0,91.8,29.04,1,0,0,0.40608549570920455
2.0,129.8,19.39,1,0,0,0.4686960041423522
1.0,699.99,80.69,1,0,0,0.2663065282123825
1.0,169.9,17.63,1,0,0,0.2779809576219378
1.0,109.9,27.09,1,0,0,0.3198647726564515
1.0,35.0,15.18,1,0,0,0.4190107833926218
1.0,16.9,7.78,1,0,0,0.48186054571855647
1.0,129.6,11.52,1,0,0,0.2818943055357573
1.0,64.99,14.2,1,0,0,0.41384650029962233
1.0,54.9,14.13,1,0,0,0.4039458559761137
1.0,69.9,13.61,1,0,0,0.332874021023904
1.0,29.9,12.87,1,0,0,0.3589462385817711
1.0,96.8,14.98,1,0,0,0.25252084203887637
2.0,119.9,23.84,1,0,0,0.43011518415077127
1.0,28.99,12.86,1,0,0,0.35987658180528964
1.0,399.0,18.55,1,0,0,0.32737812405694944
1.0,59.99,9.34,1,0,0,0.44993679785232266
1.0,129.6,25.4,1,0,0,0.29042485714512717
1.0,159.9,37.05,1,0,0,0.3023067184861301
1.0,209.0,16.22,1,0,0,0.3778363829208057
1.0,289.0,16.19,1,0,0,0.25037742694415954
1.0,89.9,9.36,1,0,0,0.42085841689631426
1.0,69.0,16.92,1,0,1,0.5168615289441227
1.0,56.99,28.8,1,0,0,0.37864264657889013
1.0,79.9,15.32,1,0,0,0.39423918184383544
1.0,99.9,16.95,1,0,0,0.3683864119078345
1.0,84.9,18.83,2,1,1,0.9933333333333333
2.0,279.88,97.68,1,0,0,0.30023519870638926
2.0,168.9,34.18,1,0,0,0.3453594268490511
1.0,127.0,26.17,1,0,0,0.3185421362935565
1.0,140.0,57.65,1,0,0,0.33327963156218005
1.0,149.94,33.31,1,0,0,0.26311247142408395
1.0,199.0,17.64,1,0,0,0.3195396560009872
1.0,154.0,20.57,1,0,0,0.30121966878324796
1.0,85.0,62.41,1,0,0,0.27324447839010135
1.0,160.0,25.61,1,0,0,0.28761084923151503
1.0,199.0,16.14,1,0,0,0.44100253053040167
1.0,157.77,26.38,1,0,0,0.30803415414160634
1.0,47.9,16.11,1,0,0,0.4489819897078395
1.0,19.99,7.78,1,0,0,0.4901219761289066
1.0,64.99,24.94,1,0,0,0.27364835883237004
1.0,19.99,15.11,1,0,0,0.42892926695529304
1.0,29.9,15.1,1,0,0,0.4436085002978538
1.0,39.99,15.23,1,1,0,0.42530951867986855
1.0,69.9,28.89,1,0,0,0.32469917737150134
1.0,109.9,24.03,1,0,0,0.3193417355510491
1.0,59.9,34.22,5,1,1,1.0
1.0,249.9,41.82,1,0,0,0.2906141795542902
1.0,99.0,52.7,1,0,0,0.42700028729143485
1.0,28.9,15.1,1,0,0,0.44419785257830646
1.0,109.99,13.35,1,0,0,0.3826406634788071
1.0,75.0,34.07,1,0,0,0.3952232889035409
1.0,86.99,13.63,1,0,0,0.3342910465003166
1.0,69.99,16.19,1,0,1,0.5448982338843668
1.0,16.9,18.23,1,0,0,0.35776716069250947
1.0,78.9,14.72,1,0,0,0.36527798460989097
1.0,10.0,7.78,1,0,0,0.3632317252094362
1.0,109.0,14.51,1,0,0,0.3254773902966904
1.0,75.66,90.8,1,0,0,0.25805668168400286
2.0,114.0,15.56,1,1,0,0.3683831638689236
1.0,69.0,14.79,1,0,0,0.3989410148912943
1.0,44.9,14.1,1,0,0,0.35905079193501044
3.0,131.97,35.55,1,0,0,0.4918579461304882
2.0,340.0,51.08,1,0,0,0.46049066996055493
1.0,78.9,13.89,1,0,0,0.2809444126540068
1.0,177.99,57.14,1,0,0,0.31524119121885363
1.0,138.0,18.55,1,0,0,0.3244914299314377
2.0,59.8,17.92,1,0,0,0.2501892128621858
1.0,129.0,57.57,1,0,0,0.3316157253957823
1.0,35.0,14.52,1,0,0,0.4387590906801666
1.0,109.9,14.5,1,0,0,0.3254442144042972
1.0,139.9,34.36,1,0,0,0.3033101190718819
1.0,129.77,19.88,1,0,0,0.24370268338230872
1.0,34.99,11.85,1,0,0,0.42592282953346244
,,,1,0,1,0.5676371073814253
1.0,69.9,15.54,1,0,0,0.3702055877866617
1.0,129.9,59.11,1,0,0,0.3452506389581303
1.0,129.49,27.21,1,0,0,0.2882295016694286
1.0,146.99,16.66,1,0,0,0.33587033111926845
1.0,99.99,20.05,1,0,0,0.22850372119507859
2.0,48.89,15.56,1,0,0,0.3525008762015849
1.0,23.9,13.37,1,0,0,0.3698536772877808
1.0,82.95,8.33,1,0,1,0.5299644805659209
1.0,90.0,7.65,1,0,0,0.11293963375769613
1.0,65.49,9.15,4,1,1,1.0
1.0,56.99,13.98,1,0,0,0.33229771507856093
1.0,44.9,16.11,1,0,0,0.4520592282995603
1.0,111.9,8.53,1,1,0,0.3302615075616311
1.0,100.0,23.42,1,0,0,0.2794888982888027
1.0,129.99,18.16,1,0,0,0.32278208799838437
1.0,219.0,16.28,1,0,0,0.32787142144160186
1.0,50.0,15.11,1,0,0,0.4143982699732101
1.0,101.9,23.43,1,0,0,0.28196683224818725
2.0,108.0,30.26,1,0,0,0.3955870783080122
1.0,94.5,15.42,1,0,1,0.5584601451917127
1.0,209.0,24.61,1,0,0,0.30421116583672947
1.0,57.99,24.72,1,0,0,0.30495263534618877
2.0,159.8,30.64,1,0,1,0.5636817286347675
2.0,128.0,36.04,1,1,0,0.3907794819212179
1.0,519.9,25.57,1,0,0,0.3038726013093087
1.0,35.97,14.1,1,0,0,0.4217009388478686
1.0,75.0,21.61,1,0,0,0.34537203575443676
1.0,58.5,14.16,1,0,0,0.4022192506399926
1.0,649.0,16.98,1,0,0,0.1951530885078121
2.0,130.0,62.66,1,0,0,0.49803877056782087
1.0,29.99,7.39,1,1,0,0.32942735493042996
1.0,239.9,22.13,1,0,0,0.36396933705004314
1.0,59.9,23.0,1,0,0,0.2594543597479895
1.0,32.9,15.1,1,0,0,0.4399666838483457
1.0,77.9,20.6,1,0,0,0.3716614721649709
1.0,49.9,8.51,1,0,0,0.4068441576583865
3.0,294.9,224.58,1,0,0,0.22854352358601038
1.0,500.0,15.94,1,0,0,0.21416680805873792
1.0,9.9,15.1,1,0,1,0.5901529881273017
1.0,56.99,19.37,1,0,0,0.3019422956927954
1.0,119.9,12.34,1,0,0,0.37675822781171486
1.0,79.9,52.92,1,0,0,0.34017801013643995
2.0,35.8,30.46,1,0,0,0.4682348603849415
1.0,249.99,13.25,1,0,0,0.35423541724064583
1.0,62.9,16.14,1,0,1,0.6033191319856374
1.0,48.9,9.26,1,0,0,0.4243997548626911
1.0,52.64,11.87,1,0,0,0.434465533202438
1.0,139.9,21.4,1,0,0,0.39278408563214323
1.0,159.9,18.37,1,0,0,0.326819323026585
1.0,89.9,13.65,1,0,0,0.43324732704013114
1.0,29.99,14.1,1,0,0,0.42514557449657153
1.0,97.9,17.43,1,0,0,0.27669054528339776
1.0,32.9,7.49,1,0,0,0.2940525858438663
1.0,79.99,9.12,1,0,0,0.4310028671843254
1.0,414.0,19.05,1,1,0,0.3277204495787097
1.0,56.85,16.84,1,0,0,0.4746384808937657
1.0,129.9,36.14,12,1,1,1.0
1.0,69.9,7.78,1,0,0,0.43042490059502747
1.0,18.99,16.79,1,0,0,0.4205947907839573
1.0,40.0,18.38,1,0,0,0.2269915309609813
1.0,65.9,9.21,1,0,0,0.4289196566507532
2.0,30.0,32.22,1,0,0,0.4952773410920833
1.0,21.9,15.1,1,0,0,0.44694921928272513
1.0,69.99,23.29,1,0,0,0.23113131057294165
1.0,219.0,75.8,1,0,0,0.34031414964095935
1.0,55.0,15.27,1,0,0,0.3808567032794189
1.0,24.75,15.56,1,0,0,0.408077165339055
1.0,100.0,17.95,1,0,0,0.30745281528230667
1.0,19.9,15.11,1,0,0,0.416203070582003
1.0,899.0,32.37,1,0,0,0.1530841588723806
1.0,82.99,18.52,1,0,0,0.14939629932925474
1.0,128.56,13.92,1,0,0,0.3351771767005029
1.0,83.9,15.35,5,1,1,1.0
1.0,199.0,16.14,1,0,0,0.44100253053040167
1.0,58.9,35.76,1,0,0,0.3863536121918237
1.0,89.65,17.88,1,0,0,0.4623849504812865
1.0,310.0,18.61,1,0,0,0.28309442756727937
2.0,79.8,18.0,1,0,0,0.4486672070572816
1.0,129.9,20.47,11,1,1,1.0
1.0,45.9,17.92,1,0,0,0.48312741135048953
1.0,49.9,20.99,1,0,0,0.3301717313023532
1.0,109.9,20.01,1,0,0,0.2737116256719037
1.0,129.9,43.71,1,0,0,0.33511313280315647
1.0,170.0,29.59,1,0,0,0.30691701584750025
1.0,49.9,18.45,1,0,0,0.25578428522000335
1.0,179.0,57.92,1,0,0,0.27850015016039026
1.0,34.99,15.1,1,0,0,0.44060096419126454
1.0,62.8,14.19,1,0,0,0.4123043075725277
1.0,129.0,22.51,1,0,0,0.2385145031346553
1.0,259.9,73.45,1,0,0,0.3489609934877397
1.0,79.9,14.31,1,0,0,0.3659232102082957
1.0,31.9,15.1,1,1,0,0.43932686784736347
1.0,29.9,17.6,1,0,0,0.4159181783995604
1.0,189.0,8.58,1,0,0,0.3493455496343253
1.0,89.99,7.89,1,0,1,0.5970012092190198
1.0,349.9,17.21,1,0,0,0.2986100626904868
2.0,158.0,43.68,1,0,0,0.3587019829498931
1.0,15.99,7.78,1,0,0,0.47254503967561845
1.0,79.0,15.3,1,0,0,0.3609054783601947
1.0,99.9,16.46,1,0,0,0.37037067680233265
1.0,24.5,25.63,1,0,0,0.46762140140222813
2.0,125.89,32.99,1,0,1,0.5035278936555792
1.0,89.9,15.38,1,0,1,0.5942572858010134
1.0,50.0,19.54,1,0,0,0.08573429656618835
2.0,102.9,14.78,1,0,1,0.6608374172540875
1.0,109.0,15.97,1,0,0,0.30981248942160455
1.0,59.0,13.99,1,0,0,0.3313087429468697
1.0,45.9,15.03,1,0,0,0.4158743720910703
1.0,109.9,11.97,11,1,1,1.0
1.0,79.9,19.53,11,1,1,1.0
1.0,24.75,16.11,1,0,0,0.48824268413213523
3.0,135.0,52.8,1,0,0,0.4409274802822637
1.0,27.9,7.94,1,0,0,0.37154416299364573
1.0,117.99,21.32,1,0,0,0.35257433176409897
2.0,219.8,27.58,1,0,0,0.46330272336211115
1.0,69.0,16.24,1,0,1,0.5402973632007261
1.0,69.9,17.74,1,0,0,0.4780985640983793
1.0,325.0,10.47,1,0,0,0.2196645268510135
1.0,44.88,41.11,1,0,0,0.3770328818114777
1.0,74.75,34.38,1,0,0,0.39902456482844956
1.0,49.9,16.11,1,0,0,0.44907225836919956
1.0,89.9,15.39,1,0,1,0.5589921329048482
1.0,39.99,18.58,1,0,0,0.24036396391656495
1.0,39.9,11.86,1,0,0,0.4378791266072056
1.0,149.97,23.59,1,0,0,0.2102436473699029
1.0,24.89,17.06,1,0,0,0.4716663219588913
1.0,219.9,19.42,1,0,0,0.25291051917428947
1.0,119.99,11.45,1,0,0,0.29917899810629456
1.0,135.0,13.97,1,1,0,0.35921621430785083
1.0,110.32,13.43,1,0,0,0.38551978985328694
1.0,85.71,11.69,1,0,0,0.2853899662751663
1.0,229.9,16.71,1,0,0,0.3918783500070184
1.0,179.9,12.76,1,0,0,0.38178945435444867
1.0,56.9,15.15,1,0,0,0.41890193389053076
1.0,29.0,18.23,1,0,0,0.2897553300109066
1.0,69.9,18.37,1,0,0,0.24131963816766178
1.0,210.0,17.1,1,0,0,0.38938662160180415
1.0,189.99,14.67,1,0,0,0.47678366723673016
1.0,112.0,59.79,1,0,0,0.3435086849697453
1.0,26.9,16.05,1,0,1,0.5049840543651231
1.0,144.99,19.7,1,0,0,0.2926030894133616
1.0,389.0,42.05,1,0,0,0.3184731410641146
1.0,49.9,15.1,1,0,0,0.41629867076139715
1.0,69.9,23.29,1,0,0,0.2230484555288429
1.0,74.99,13.59,1,0,0,0.34179627803300777
1.0,45.0,17.25,1,0,0,0.4061992796016629
1.0,79.99,18.66,1,0,0,0.32382084245241854
1.0,19.99,16.05,1,0,1,0.5466640465343849
2.0,266.7,39.6,1,0,0,0.39383561693594
,,,1,0,1,0.5676371073814253
2.0,63.8,30.2,1,0,0,0.4545854099743404
1.0,149.87,16.81,1,0,0,0.3432280787349233
1.0,26.9,11.74,1,0,0,0.42841951151079694
1.0,67.99,14.52,1,0,0,0.41313996891081683
2.0,66.82,21.92,1,0,0,0.4087222571106419
1.0,249.99,35.55,1,0,0,0.3066736625723461
3.0,112.5,52.8,1,1,0,0.49161193540433745
2.0,158.99,33.2,1,0,1,0.5958982198500135
1.0,29.0,17.63,1,0,0,0.44104897619976885
1.0,45.9,16.11,1,0,0,0.4586537690451446
1.0,249.99,12.95,1,0,0,0.38262634089781217
1.0,99.9,18.58,6,1,1,1.0
1.0,165.05,21.79,1,0,0,0.40025464418958384
1.0,149.9,12.75,1,0,0,0.32202102215823736
1.0,114.9,14.89,1,0,0,0.3728955976972053
1.0,195.99,25.86,1,0,0,0.427324954283798
1.0,198.9,40.78,1,0,0,0.3574161202916604
1.0,100.0,7.57,1,0,0,0.010470940185308392
1.0,29.9,79.88,1,0,1,0.5066065249732186
1.0,79.0,59.56,1,0,0,0.33606607807491184
1.0,1599.99,40.61,1,0,0,0.22828415905708715
1.0,199.99,17.65,1,0,0,0.3403040186760313
1.0,38.9,19.46,1,0,0,0.22116749398082594
2.0,130.0,32.3,1,0,1,0.5096006275329955
1.0,59.9,16.61,1,0,0,0.42505696639271745
1.0,43.9,24.55,1,0,0,0.2951600084615767
2.0,256.3,45.08,1,0,0,0.3836163774532963
2.0,160.0,35.62,1,0,0,0.3852519548567129
1.0,113.0,31.0,1,0,0,0.32000420215517583
1.0,274.0,62.66,1,1,0,0.33468340093505317
4.0,431.6,153.24,1,0,0,0.38297488693767917
1.0,129.99,57.58,1,0,0,0.3428996807632703
1.0,7.6,10.96,1,0,1,0.6177938380522707
1.0,119.9,15.94,1,0,0,0.34830644979380493
1.0,69.9,16.25,1,1,1,0.5604267480009151
1.0,35.9,18.23,9,1,1,1.0
1.0,28.28,13.78,1,0,0,0.3208529217275216
1.0,181.82,13.61,1,0,0,0.41792952239543313
1.0,59.9,13.44,1,0,0,0.3815268290961434
1.0,122.99,15.96,1,0,0,0.29355325181643066
1.0,64.9,18.0,1,0,1,0.6094991341422201
1.0,278.0,14.39,1,0,0,0.2955036373692837
1.0,29.9,7.47,1,0,0,0.008343788445154878
1.0,129.9,16.12,1,1,0,0.34483034282477043
1.0,151.9,27.14,1,0,0,0.33778037172543485
1.0,49.9,7.78,1,1,0,0.4318516290854281
1.0,79.9,11.76,1,0,0,0.426195398825045
1.0,5.9,7.39,1,0,0,0.07442474352541681
1.0,159.9,25.96,1,0,0,0.30965829321885086
1.0,139.9,13.32,1,0,0,0.3297918174777643
1.0,89.9,15.38,1,0,1,0.5942572858010134
1.0,498.8,171.5,1,0,0,0.29280126045767535
1.0,69.0,23.06,1,0,0,0.21885059688362654
1.0,49.0,24.84,1,0,0,0.3098344845750002
1.0,109.9,18.2,1,0,0,0.31584746702542366
1.0,95.0,18.77,1,0,0,0.2608210208872397
1.0,109.99,13.11,1,0,0,0.37990553241059766
1.0,37.9,15.11,1,0,0,0.43528150081106065
1.0,69.9,18.06,1,0,0,0.2225831683289748
1.0,295.0,19.95,5,1,1,1.0
2.0,247.8,45.16,1,0,0,0.37320373942953816
1.0,245.0,19.59,1,0,0,0.31815954707557575
1.0,429.0,21.1,1,0,0,0.41663702819525417
1.0,89.99,15.39,1,1,1,0.6111527328900801
2.0,159.8,30.88,1,0,1,0.5631705723734737
1.0,27.2,16.32,1,0,0,0.36009526775332396
2.0,100.0,18.68,1,0,0,0.4860956874235943
1.0,79.0,17.8,1,0,1,0.5015706932504038
2.0,191.98,24.76,1,0,1,0.5361840661985955
1.0,88.9,24.97,1,0,0,0.36282543650908966
1.0,24.9,16.79,1,0,0,0.46608672390464667
1.0,204.0,29.83,1,0,0,0.4110246079611618
2.0,45.0,31.3,1,0,0,0.4061702671138856
1.0,12.88,18.23,1,0,0,0.1625493238638974
1.0,99.99,16.95,1,0,0,0.36893118306856215
,,,1,0,1,0.5676371073814253
1.0,489.0,27.97,1,0,0,0.3743939613367609
2.0,148.0,54.7,1,0,0,0.4101780466551081
1.0,139.9,13.53,1,0,0,0.34269885443769893
1.0,62.99,9.19,1,0,0,0.4244645719375959
1.0,13.65,17.63,1,0,0,0.3982174434978396
1.0,158.9,18.99,1,0,0,0.3054057642819634
1.0,29.89,8.96,1,0,0,0.3961372732477952
1.0,59.0,18.29,10,1,1,1.0
1.0,14.89,7.71,1,0,0,0.017771542967324427
1.0,59.5,15.56,1,0,0,0.42887531504853127
1.0,59.99,15.63,1,0,0,0.39710510170629365
1.0,99.9,16.33,1,0,0,0.37409826487378517
1.0,197.9,17.8,1,0,0,0.3203332233464856
1.0,689.0,17.84,1,0,1,0.6866599237564663
1.0,160.0,15.21,1,0,0,0.39717429169926033
1.0,72.9,19.7,1,0,0,0.4246360126770462
1.0,26.9,11.74,1,0,0,0.42841951151079694
1.0,109.0,19.95,1,0,0,0.2842307971814105
1.0,34.99,11.85,1,0,0,0.42592282953346244
1.0,28.9,15.79,1,0,0,0.4028528372023213
1.0,49.9,17.6,1,0,0,0.42697186726283365
1.0,19.9,15.1,1,0,0,0.4372727634158048
1.0,39.9,10.96,1,0,0,0.44568173460029226
1.0,199.9,13.83,5,1,1,1.0
1.0,56.99,12.74,1,0,0,0.443539595815349
1.0,35.76,8.72,1,0,0,0.39449103259970136
1.0,85.95,51.32,1,0,0,0.4270844560143871
1.0,239.0,18.92,1,0,0,0.3472525440409783
1.0,129.99,59.2,1,0,0,0.34170987831868554
1.0,119.9,31.87,1,0,0,0.3252332745068862
1.0,29.99,18.31,1,0,0,0.27781814509245967
1.0,56.99,16.16,1,0,0,0.4726671557625641
1.0,519.0,16.99,1,0,0,0.21237729446112025
1.0,58.99,17.66,1,0,0,0.4674738937881697
1.0,410.0,20.67,1,0,0,0.364588178223688
1.0,24.99,7.78,1,0,0,0.466656290795292
1.0,69.9,15.7,1,0,0,0.49753864311699253
1.0,494.0,10.64,1,0,0,0.18240268018749783
1.0,124.9,15.18,1,0,0,0.3318393400943275
1.0,98.9,9.26,1,0,0,0.22311624144755768
1.0,179.99,82.7,1,0,0,0.21009262844979992
1.0,45.9,14.52,1,0,0,0.4145628740278853
1.0,29.9,26.09,1,0,0,0.4877781787010241
1.0,450.0,36.69,1,0,0,0.30320333992836573
1.0,59.9,14.17,1,0,0,0.4143587516574212
1.0,42.0,16.05,1,0,1,0.533925501076898
1.0,55.0,22.97,1,0,0,0.23775427864180856
1.0,19.9,15.1,1,0,0,0.4372727634158048
1.0,49.0,19.04,1,0,0,0.2832396166268891
1.0,115.0,15.69,2,1,1,1.0
1.0,69.9,17.62,1,0,0,0.4281030601531674
1.0,20.3,8.11,1,0,0,0.44090482685717586
1.0,28.0,19.04,1,1,0,0.23260781506151076
1.0,95.0,8.43,1,0,1,0.511861682027637
1.0,19.0,7.49,1,0,0,0.0598658391622492
1.0,50.0,22.17,1,0,0,0.258614559161024
1.0,195.0,26.65,3,1,1,1.0
1.0,89.9,16.39,1,0,1,0.5261852085404732
1.0,45.9,12.79,1,0,0,0.34057342940626817
1.0,16.9,11.74,1,0,0,0.4473182774769153
1.0,199.99,27.48,1,0,0,0.4196717169448428
1.0,65.9,18.03,1,0,0,0.2400884925515064
1.0,109.9,14.94,1,0,0,0.32703637796596985
1.0,89.9,42.69,1,0,0,0.3679521722939077
1.0,179.99,26.54,1,0,1,0.5291963069613155
1.0,83.0,23.73,1,0,0,0.16078357576935304
1.0,65.99,11.96,1,1,0,0.43712984721335335
2.0,359.8,92.14,1,0,0,0.18621072918687132
1.0,670.0,28.45,1,0,0,0.38848043864210113
1.0,76.25,12.66,1,0,1,0.5347198527399497
5.0,213.5,62.63,1,0,1,0.5511001215401758
1.0,39.99,15.1,1,0,0,0.46831082957734416
1.0,219.9,23.86,1,0,0,0.2679614899047365
1.0,57.31,12.74,1,0,0,0.43876228117596544
1.0,27.3,15.1,1,0,0,0.4359824676738852
1.0,58.99,13.49,1,0,0,0.33001572126904394
2.0,98.0,35.34,1,0,0,0.3710958171492694
1.0,37.9,18.13,1,0,0,0.2615922918615986
1.0,610.0,113.72,1,0,0,0.1051633419306748
1.0,99.9,13.72,1,0,0,0.37122544093035825
1.0,84.99,11.97,1,0,0,0.3047134816609
1.0,69.5,37.4,1,0,0,0.31825575786966315
2.0,27.6,21.92,1,0,0,0.32372021239275506
1.0,49.0,25.63,1,0,0,0.39242477331788017
1.0,29.0,7.78,1,0,0,0.4114624963538499
1.0,75.51,15.64,1,0,0,0.32888686047722343
1.0,37.5,17.6,1,0,0,0.42051578810943097
2.0,57.8,18.54,1,0,1,0.5331889741689136
1.0,274.49,23.22,1,0,0,0.31828733590029024
1.0,5.4,9.27,1,0,0,0.2241574714518749
1.0,516.59,19.38,1,0,0,0.3079563472537136
1.0,27.99,11.85,1,0,0,0.41898953007609163
1.0,179.9,24.64,1,0,0,0.26856311605018945
1.0,35.7,15.1,4,1,1,1.0
1.0,79.9,13.0,3,1,1,1.0
1.0,110.89,18.88,1,0,0,0.29511348301158424
1.0,118.6,8.09,1,0,0,0.33298839990464524
1.0,279.0,26.69,1,0,0,0.36307106807473777
1.0,86.99,13.63,1,0,0,0.3342910465003166
2.0,220.0,22.76,1,0,0,0.37226995565284765
1.0,249.9,20.85,1,0,0,0.3352119496619017
1.0,55.0,15.83,1,0,0,0.3847977456772545
1.0,105.83,15.49,1,0,0,0.3650818198052023
1.0,89.0,8.36,1,0,0,0.42100430364415936
1.0,27.0,16.79,1,1,0,0.38390198245895013
1.0,199.9,20.59,1,0,0,0.4247310223183744
1.0,48.4,12.69,1,0,1,0.5140708013854988
1.0,176.99,53.79,1,0,0,0.3811049388147766
1.0,89.9,44.48,1,0,0,0.3253950118824488
2.0,70.0,43.3,1,0,0,0.4375749338632146
1.0,129.46,14.66,1,0,0,0.3388436479216562
1.0,32.9,15.1,1,0,0,0.4399666838483457
1.0,219.99,20.78,1,0,0,0.3612142373577916
1.0,171.0,15.7,1,0,0,0.30202696938151147
1.0,29.9,12.79,1,0,0,0.3243738295266528
1.0,149.9,27.59,1,0,0,0.31365850429497355
1.0,298.0,14.53,1,0,0,0.2614483407204397
1.0,29.9,18.31,1,0,0,0.2972676002910965
1.0,115.99,25.3,1,0,0,0.28588343079139794
2.0,220.0,31.76,1,0,1,0.5022937375257674
1.0,19.9,12.79,1,0,0,0.33257155481064
1.0,109.99,50.0,1,0,0,0.31965879162405564
1.0,59.9,17.26,1,0,0,0.3750693505871846
1.0,98.0,26.77,1,1,0,0.3136039971204106
1.0,200.0,38.54,1,0,0,0.40490673229159685
1.0,149.99,36.37,1,0,0,0.25603584135374374
1.0,259.9,52.47,1,0,0,0.30789000396339444
1.0,117.0,18.92,1,0,0,0.2637490804048965
1.0,128.9,20.14,4,1,1,1.0
1.0,72.0,9.43,1,0,0,0.43650767762375303
1.0,23.8,15.79,1,0,0,0.39091929123771524
1.0,37.9,24.84,1,0,0,0.3794663476859763
1.0,40.49,16.32,1,0,0,0.4040917895241612
1.0,64.9,19.69,1,0,0,0.43104215170019455
1.0,89.9,12.13,1,1,0,0.39996673571096586
1.0,117.3,17.53,1,0,0,0.37282609108433185
1.0,990.0,157.5,1,0,0,0.18620532657340527
1.0,69.9,15.24,1,1,0,0.4283950751924322
1.0,160.56,37.81,1,0,0,0.31483707030912356
1.0,66.99,27.75,1,0,0,0.2906140803267943
1.0,24.99,7.76,1,0,0,0.03092632389673061
1.0,47.2,17.6,1,0,0,0.4184674262877619
1.0,105.9,23.67,1,0,0,0.22477774580437776
1.0,27.99,14.1,1,0,0,0.42367835439108725
1.0,24.9,15.27,1,0,0,0.3138637599104614
1.0,129.9,14.68,1,1,0,0.3486883454975183
1.0,17.99,18.23,1,0,0,0.35776716069250947
2.0,225.98,34.16,1,0,0,0.3543077742431468
1.0,9.9,8.72,1,1,1,0.9080587299588668
1.0,199.9,23.61,1,0,0,0.3657346076623846
1.0,129.0,26.98,1,0,0,0.29613528518633503
2.0,39.8,23.7,1,0,0,0.45601688440530497
1.0,99.9,0.0,1,0,0,0.002092274678111588
1.0,85.9,17.85,1,0,0,0.4442929114715627
1.0,30.9,11.85,1,0,0,0.4253160467070129
2.0,220.0,54.08,1,0,0,0.39812632635588363
1.0,44.9,22.93,1,0,0,0.23285931036468246
1.0,227.8,15.34,1,0,0,0.28701581773238044
1.0,45.0,15.11,1,0,0,0.40160935734322173
1.0,195.65,9.11,1,0,0,0.3368341521856241
1.0,17.99,14.52,1,0,0,0.42269020257223117
2.0,135.8,25.22,1,1,1,0.5218314121045547
1.0,215.0,27.59,1,0,0,0.38189123924585233
1.0,69.5,13.07,1,0,0,0.3648462638018151
1.0,22.32,15.26,1,0,0,0.34681240835092125
1.0,219.0,38.44,1,0,0,0.2973159327237472
1.0,46.0,19.32,1,0,0,0.320303988084691
1.0,59.9,13.44,1,0,0,0.3815268290961434
1.0,25.99,20.4,1,0,0,0.24111908778870467
1.0,37.99,10.96,1,0,0,0.43261882570647875
1.0,109.9,18.02,1,0,0,0.31894274462190436
1.0,359.99,16.27,1,0,0,0.23045647187152354
1.0,130.0,15.66,1,0,0,0.36710011165828393
1.0,49.99,15.23,1,0,0,0.3898602897948958
1.0,430.0,81.18,1,0,0,0.30904911737743956
1.0,119.9,15.01,1,0,0,0.36589577760453257
1.0,64.9,15.2,1,0,0,0.40958516450953747
1.0,747.0,20.33,1,0,0,0.2908745866243913
1.0,39.9,14.08,1,0,0,0.3267583019587491
1.0,24.99,18.23,1,0,0,0.12777888071908589
1.0,69.9,13.08,1,0,0,0.38502591831437133
1.0,139.9,35.5,1,0,0,0.33090916433851947
1.0,49.0,7.6,1,0,0,0.11335964835990782
1.0,59.9,38.25,1,0,0,0.3865151806840474
1.0,18.6,16.11,1,0,0,0.4475925353360239
1.0,49.7,14.44,1,0,0,0.39766018273814596
1.0,59.9,25.26,1,0,0,0.43235445957338553
1.0,159.91,10.53,1,0,0,0.35643092820810485
1.0,79.0,18.79,1,0,0,0.2787671039532057
2.0,119.8,32.36,1,0,0,0.45111989569530314
1.0,44.9,14.1,1,0,0,0.35905079193501044
1.0,39.9,11.15,1,0,0,0.43331105449975327
1.0,424.2,55.57,1,0,0,0.3418807248216485
1.0,239.8,19.23,1,0,0,0.28577194477554296
1.0,27.99,7.78,1,0,0,0.37761790748810736
3.0,179.7,27.51,1,0,0,0.33334337987972185
1.0,59.99,12.76,1,0,0,0.4327041743694351
1.0,44.9,15.1,1,0,0,0.38345588501529326
1.0,59.9,15.17,1,0,0,0.42535051473897284
1.0,91.99,14.22,1,0,0,0.37975910665242113
1.0,35.0,15.35,1,0,0,0.34505287146029406
1.0,98.99,20.77,1,0,0,0.2786489502604954
1.0,307.3,27.65,1,0,0,0.29904973434080667
1.0,78.0,7.81,1,0,0,0.33035365614135787
1.0,48.99,13.0,1,0,0,0.3802866138717096
1.0,79.9,14.31,1,0,0,0.3659232102082957
1.0,21.7,19.34,1,0,0,0.13427322638655667
1.0,73.0,15.26,1,0,0,0.4044146731388842
1.0,239.9,17.12,1,0,0,0.36788980747015665
1.0,134.9,29.34,1,0,0,0.34669412604340116
1.0,210.0,24.05,1,1,0,0.3049177581868275
1.0,49.9,20.99,1,0,0,0.3301717313023532
1.0,78.0,16.74,1,0,0,0.4800485363133737
1.0,111.9,16.54,1,0,0,0.39057922977855647
1.0,25.99,8.34,1,0,0,0.3791257417941372
1.0,233.0,18.07,1,0,0,0.31796786840172214
1.0,89.99,34.43,1,0,0,0.3192979218286242
1.0,19.9,16.32,1,0,0,0.3787578484392337
1.0,52.11,20.85,1,0,0,0.35137356841845924
1.0,39.99,16.95,1,0,0,0.4362731498064996
2.0,101.77,50.53,1,1,0,0.4503965455462775
1.0,51.49,8.88,1,0,0,0.4053305449976539
1.0,119.99,30.68,1,0,0,0.32182594114749236
1.0,219.9,18.25,1,1,0,0.32654926234361126
1.0,69.9,12.83,1,0,0,0.4019008382610347
1.0,75.9,22.24,1,0,0,0.2994443717420545
1.0,82.0,16.82,1,0,1,0.526995111584016
,,,1,0,1,0.5676371073814253
1.0,69.9,16.46,1,0,1,0.545175426248842
1.0,129.0,11.53,1,0,0,0.2844599621014139
1.0,115.9,12.02,1,0,0,0.34940702868964835
1.0,69.9,38.04,1,0,0,0.31530814952217384
1.0,122.99,16.3,1,0,0,0.3069445971066315
1.0,77.9,67.47,1,0,0,0.28000280284779244
1.0,69.9,17.74,1,0,0,0.4780985640983793
1.0,75.0,15.28,1,1,0,0.4092643968812551
1.0,299.99,10.29,1,0,0,0.3116888572131495
1.0,119.9,23.71,1,0,0,0.2305684624729507
1.0,34.99,7.78,1,0,0,0.4133580352595401
1.0,43.0,15.23,1,0,0,0.37196643218106556
1.0,44.99,17.06,1,0,0,0.4506303519939722
1.0,30.21,17.6,1,0,0,0.41144408988343256
1.0,179.9,15.99,1,0,0,0.3546325566853192
1.0,72.0,18.65,1,0,0,0.27719178425962365
1.0,69.0,19.45,1,0,0,0.17045120463841182
1.0,119.99,18.09,1,0,0,0.35137359105629473
3.0,2370.0,97.17,1,0,0,0.0849597901890889
4.0,239.6,77.56,1,0,0,0.47735885979430187
1.0,79.9,11.17,1,0,0,0.4236100834334634
1.0,379.99,17.87,1,0,1,0.5000253628982052
1.0,122.99,0.0,1,0,0,0.022055567987759588
2.0,184.98,103.92,1,0,0,0.44280034433036114
1.0,23.99,11.85,1,0,0,0.4920499136658471
1.0,18.99,14.52,1,0,0,0.43674030532351765
1.0,39.9,18.0,1,0,0,0.3323263337705344
1.0,127.26,13.19,1,0,0,0.3320499191484295
1.0,74.9,25.8,1,0,0,0.3992832236878641
1.0,49.9,11.85,1,0,0,0.4313913088318721
1.0,29.9,8.11,1,0,0,0.4043891815946168
1.0,169.9,32.22,1,0,0,0.30300616482100345
2.0,200.0,33.93,1,0,0,0.4148709160174549
1.0,79.0,20.6,1,0,0,0.34947728987257054
1.0,12.9,7.39,1,0,0,0.0971836490901855
1.0,115.97,45.27,1,0,0,0.29956975829600396
1.0,250.0,19.0,1,0,0,0.3101932701695033
1.0,220.0,19.42,1,0,0,0.25291051917428947
1.0,210.0,50.0,1,0,0,0.3647305081807172
1.0,119.98,18.72,1,0,0,0.2613133743960922
1.0,39.9,7.39,1,0,0,0.44012317916909743
1.0,320.0,44.1,1,0,0,0.28912946980645415
1.0,219.99,16.29,1,0,0,0.32704456545303695
1.0,169.99,19.07,1,0,0,0.3225035649504544
1.0,3.85,7.78,1,0,1,0.7035400598444141
,,,1,0,1,0.5676371073814253
1.0,19.9,8.72,1,1,0,0.41494393321537243
1.0,39.9,17.63,1,0,0,0.45401622953958204
1.0,279.9,26.16,1,0,0,0.3753030128551457
1.0,89.99,15.39,1,0,1,0.6111527328900801
1.0,139.9,15.73,1,0,0,0.333587675078244
1.0,319.99,41.17,1,0,0,0.30570653724516433
1.0,19.9,11.85,1,0,0,0.4473177135004276
1.0,74.9,12.65,1,0,1,0.6219944757955465
1.0,59.9,47.93,1,0,0,0.37508845578161354
1.0,448.47,90.0,1,0,0,0.29066312879741274
2.0,65.9,29.19,1,0,0,0.437584789795783
3.0,119.7,36.69,1,0,0,0.43791637059790794
1.0,69.9,23.11,1,0,0,0.21711977846930425
1.0,169.97,16.63,1,0,0,0.29884492131685264
1.0,49.7,16.6,1,0,0,0.448728245421977
1.0,420.0,20.19,1,0,0,0.4053282937876373
1.0,27.99,22.85,1,0,0,0.2440812034897029
1.0,30.0,18.23,1,0,0,0.3173926154101553
1.0,129.9,24.06,1,0,0,0.28466775569628205
1.0,79.9,12.69,1,0,0,0.4625134873323532
4.0,23.6,29.56,1,0,0,0.2022285386139773
1.0,59.99,18.0,1,0,0,0.4282910378209734
1.0,2999.99,126.51,1,0,0,0.18074194524631348
1.0,65.5,50.96,1,0,0,0.3414104305540324
2.0,137.8,23.0,1,0,0,0.4823414787894362
1.0,279.9,19.84,1,0,0,0.40223473654476655
1.0,24.99,22.06,1,0,0,0.20427106664127972
1.0,49.0,7.78,1,1,0,0.43432072400816535
1.0,110.0,62.44,1,0,0,0.34354953975226915
1.0,40.49,18.38,1,0,0,0.22839426399190488
1.0,189.2,27.4,1,0,0,0.3803412465351364
1.0,44.9,16.5,1,0,0,0.42185982015880186
1.0,325.0,10.04,1,0,0,0.22634166296931388
1.0,55.0,15.49,1,0,0,0.3147441102351433
1.0,499.99,99.31,1,0,0,0.3108902959461376
1.0,205.0,28.81,1,0,0,0.41822079092342496
1.0,75.9,23.33,1,0,0,0.3209071336235013
1.0,59.9,17.67,1,0,0,0.42173401220594686
1.0,250.0,30.0,1,0,0,0.3575804349544612
1.0,59.99,16.67,1,0,0,0.4159903636275196
1.0,122.1,8.11,1,0,0,0.31413806004483125
1.0,58.0,25.25,1,0,0,0.39357855183071716
1.0,189.9,10.46,1,0,0,0.38045462154196813
2.0,59.8,17.28,1,0,0,0.16845625178913484
1.0,176.99,25.75,1,0,0,0.26622742609286953
5.0,199.5,90.4,1,0,0,0.4004356287731283
1.0,69.9,20.06,1,0,0,0.32489012540151774
1.0,459.9,61.3,1,0,0,0.3092505706310627
1.0,61.1,23.23,1,0,0,0.27361871685684647
1.0,54.9,16.82,1,0,0,0.47710224672185697
1.0,67.9,19.45,1,0,0,0.1713669519291927
1.0,119.9,18.0,1,0,0,0.3513149727375062
2.0,299.98,165.0,1,0,0,0.26335896421270616
1.0,23.9,14.52,1,0,0,0.4364929286806499
1.0,479.0,16.93,1,0,0,0.18885369103168417
1.0,35.5,18.0,1,0,0,0.3320406329814078
1.0,160.0,58.91,1,0,0,0.34289466637719956
1.0,599.0,72.34,1,0,0,0.10720455212070526
1.0,47.9,22.67,1,0,0,0.25061594843916585
1.0,149.0,25.88,1,0,0,0.3133077124280947
1.0,59.9,17.99,1,0,0,0.410744322650021
1.0,78.73,22.48,1,0,0,0.3031535100922593
1.0,28.99,25.63,1,0,0,0.3592765623106363
2.0,70.0,30.36,1,0,0,0.4578991669557009
1.0,110.32,15.87,1,0,0,0.37405566098223697
1.0,119.99,50.0,1,0,0,0.3147432913254982
1.0,86.9,21.1,1,0,0,0.44773041701131405
1.0,149.9,29.51,1,0,0,0.3657716509912459
1.0,169.9,19.29,1,0,0,0.2947458498102964
1.0,48.0,25.38,1,0,0,0.3974294791304369
1.0,89.9,19.6,1,0,0,0.36829478452498754
1.0,99.99,14.45,1,0,0,0.34565032670867696
1.0,59.0,13.43,1,0,0,0.3810931971051895
1.0,105.0,21.22,1,0,0,0.39273668161602077
1.0,16.0,18.23,1,0,0,0.38579547754666843
2.0,119.8,35.34,1,0,0,0.3847617918479975
1.0,109.9,9.9,1,0,0,0.293089723404006
1.0,29.99,15.1,1,0,0,0.4375317102191416
1.0,109.9,13.07,1,0,0,0.3305196745393294
1.0,169.99,16.95,1,0,0,0.28340732516902667
1.0,22.5,16.32,1,0,0,0.42839873245076054
1.0,69.9,0.0,1,0,0,0.04745360653759695
6.0,234.0,96.66,1,0,0,0.3867890665805786
1.0,39.99,16.79,1,0,0,0.4309338927440559
1.0,424.9,18.67,1,0,0,0.3449229890386643
1.0,40.0,17.6,1,0,0,0.4318317938696445
1.0,74.9,12.65,1,0,1,0.6219944757955465
1.0,99.99,19.67,1,0,0,0.20576048907068414
1.0,117.7,8.77,1,0,0,0.3154614028590062
1.0,215.0,18.42,1,0,0,0.37153588107374913
1.0,39.9,26.89,1,0,0,0.4332775989033672
1.0,39.99,15.44,1,0,0,0.37851699365148517
1.0,35.9,8.88,1,0,0,0.39533307594624784
1.0,65.0,18.38,1,0,0,0.25093941408987624
2.0,198.0,91.98,1,0,0,0.3450741562330683
1.0,38.0,16.11,1,0,0,0.47314003298044244
1.0,45.9,11.85,1,0,0,0.4327410546725607
1.0,239.0,35.47,1,0,0,0.31862731358316854
1.0,81.0,16.33,1,0,1,0.559567305938207
1.0,54.99,21.18,7,1,1,1.0
1.0,65.9,22.39,1,0,0,0.27186719184886
1.0,89.18,15.38,1,0,1,0.624425186523851
2.0,75.6,25.38,1,0,0,0.43410524017290136
2.0,75.8,25.03,1,0,0,0.43727341646976886
1.0,169.0,23.11,1,0,0,0.29394065837579236
1.0,229.0,23.53,1,0,0,0.27675313347638
1.0,49.9,8.72,1,0,0,0.4089226900140161
1.0,49.9,8.72,1,0,0,0.4089226900140161
1.0,17.9,14.52,1,1,0,0.42269020257223117
3.0,20.700000000000003,43.56,1,0,0,0.2538987172834166
2.0,109.8,28.22,1,0,0,0.390189678378757
1.0,334.98,14.68,1,0,0,0.2587372020504534
1.0,84.9,9.41,1,0,1,0.5072059243823209
1.0,48.0,17.6,1,0,0,0.41579497513842345
1.0,29.9,16.95,1,0,0,0.4286927380189042
1.0,59.9,17.67,1,0,0,0.42173401220594686
1.0,26.1,8.29,1,0,0,0.3894368846996292
1.0,699.99,162.4,1,0,0,0.24919265450414305
1.0,104.9,14.9,1,0,0,0.3614858900447529
1.0,199.9,16.84,1,0,0,0.4587725583075906
1.0,49.0,14.1,1,1,0,0.39364138254956893
1.0,69.9,16.25,1,0,1,0.5604267480009151
1.0,110.0,18.02,1,0,0,0.37974068907235703
1.0,75.0,19.5,1,0,0,0.09008796780143924
1.0,33.6,15.1,1,0,0,0.4423741980033868
1.0,42.99,10.24,1,0,0,0.42485712055291297
1.0,59.58,14.51,1,0,0,0.3945595134667828
1.0,25.0,12.84,1,0,0,0.3900178235340478
1.0,79.99,8.75,1,0,0,0.40516937506800343
1.0,156.99,23.68,1,0,0,0.26119990148058475
1.0,44.9,14.16,1,0,0,0.3670098208967705
1.0,278.25,40.88,1,0,0,0.2717808255755704
1.0,13.9,10.96,1,0,0,0.4219393636247719
1.0,29.9,7.79,1,0,0,0.385676290084093
1.0,21.99,7.78,1,0,0,0.49803519768292676
1.0,49.9,15.1,1,0,0,0.41629867076139715
2.0,217.9,63.08,1,0,0,0.37986269602442296
1.0,130.9,15.67,1,0,0,0.344897562844701
2.0,379.98,52.34,1,0,1,0.5366345015711482
1.0,189.9,18.17,1,0,0,0.3287533447282742
1.0,179.0,57.92,1,0,0,0.27850015016039026
1.0,33.9,9.55,1,0,0,0.4288802717170616
2.0,15.98,23.7,1,0,0,0.14327868639714306
1.0,139.99,11.6,1,0,0,0.30045970978308534
1.0,40.0,13.37,1,0,0,0.3676108006435127
1.0,212.0,12.98,1,0,0,0.40345973142264313
1.0,119.9,13.5,1,0,0,0.37024622897174975
1.0,47.9,15.1,1,0,0,0.41722703010297785
2.0,124.8,15.260000000000002,1,0,0,0.33107594227586756
1.0,209.0,12.67,1,1,0,0.36750626995603125
1.0,79.0,25.83,1,0,0,0.3827045709977464
1.0,135.0,27.03,1,0,0,0.3185928649683875
1.0,58.2,14.16,1,0,0,0.4022192506399926
1.0,189.0,38.23,1,0,0,0.3271480020911129
2.0,223.8,25.06,1,0,0,0.3657787588191052
1.0,99.99,19.94,1,0,0,0.23158847304700383
1.0,109.9,14.5,1,0,0,0.3254442144042972
1.0,36.0,17.6,1,0,0,0.4218450288744286
1.0,38.97,16.11,1,0,0,0.4480642157582839
1.0,119.9,19.81,1,0,0,0.2534552187439574
1.0,209.99,25.82,1,0,0,0.32695777903926015
1.0,173.99,41.61,1,0,0,0.3206231216177341
1.0,29.9,7.71,1,0,0,0.02254167362613241
1.0,92.34,23.23,1,0,0,0.3558254474514113
2.0,64.0,23.7,1,0,0,0.48659439079499434
2.0,150.0,26.16,1,0,1,0.562593487828507
1.0,29.9,16.79,1,0,0,0.4241082790504235
1.0,126.8,18.02,1,0,0,0.31660251797321914
1.0,175.0,38.78,1,0,0,0.3150904321389698
1.0,29.9,12.69,1,0,1,0.5086527384497235
1.0,89.9,19.32,1,0,0,0.2601787983880129
1.0,74.9,7.78,1,0,0,0.4148734574540659
1.0,54.9,7.78,1,0,0,0.4299617871316561
1.0,112.99,30.04,1,0,0,0.31356162512436353
1.0,89.0,18.2,8,1,1,0.9933333333333333
1.0,99.9,12.08,1,1,0,0.3042743793974007
1.0,19.9,18.24,1,0,0,0.12480423584804083
1.0,119.99,29.87,1,0,0,0.3229374659862899
1.0,179.9,10.01,1,0,0,0.38319663615732164
1.0,159.0,14.86,1,0,0,0.38782938060997896
1.0,24.99,7.78,1,0,0,0.466656290795292
1.0,59.9,8.72,1,0,0,0.4184848287875675
1.0,87.67,16.18,1,0,1,0.5090757111545877
1.0,49.0,15.1,1,0,0,0.4168195117953109
1.0,69.9,23.07,8,1,1,1.0
1.0,199.9,14.51,1,0,0,0.4431021804071064
1.0,12.9,14.1,1,0,0,0.36557869146219385
1.0,13.99,7.78,1,0,0,0.45878947257060787
1.0,59.9,14.01,1,0,0,0.33430737551203055
1.0,114.9,21.64,1,0,0,0.34080478923331
1.0,129.9,14.66,1,0,0,0.3486883454975183
1.0,21.9,15.79,1,0,0,0.4175089123204829
1.0,33.99,8.72,1,1,0,0.3970466315115891
1.0,84.89,13.25,1,0,1,0.5567813681001746
1.0,48.0,9.34,1,0,0,0.43789919973506947
1.0,9.9,18.23,1,0,0,0.3673282979161519
2.0,59.8,32.22,1,0,0,0.4270343335433815
1.0,787.9,36.27,1,0,0,0.29107115884884766
1.0,59.9,13.44,1,1,0,0.3815268290961434
2.0,1458.0,48.68,1,0,0,0.3325061249413777
1.0,469.0,19.47,1,0,0,0.3010477626107669
1.0,79.9,7.74,1,0,0,0.10660832030544826
1.0,107.0,15.5,1,1,0,0.36406157071598766
1.0,114.99,19.77,1,0,0,0.27950609190863296
1.0,74.59,20.94,1,0,0,0.3754875298387687
1.0,135.0,15.04,1,0,0,0.35032914083865674
1.0,12.25,12.79,1,0,0,0.29435112843297484
1.0,13.2,14.1,1,0,0,0.4025267604650234
1.0,51.5,14.44,1,0,0,0.3945944729698547
1.0,124.9,13.99,1,1,0,0.3388423329989448
1.0,99.6,12.19,1,0,0,0.31774401465118357
1.0,179.0,17.01,1,0,0,0.36255680524493883
2.0,103.98,114.68,1,0,0,0.3855664740957528
2.0,69.98,15.56,1,0,0,0.2418060135548405
1.0,53.99,12.82,1,0,0,0.3150051587779174
2.0,539.8,19.26,1,0,1,0.5205098286177723
1.0,64.99,23.61,1,0,0,0.24737179881686297
1.0,388.0,32.13,1,0,0,0.3115792625680901
1.0,59.0,7.39,1,0,0,0.10623584077039983
1.0,49.0,15.79,1,0,0,0.4022586667996262
1.0,99.9,23.28,1,0,0,0.3048844995815375
1.0,18.9,12.48,1,0,0,0.4435806490325194
1.0,15.0,7.39,5,1,1,1.0
1.0,418.0,69.45,1,1,0,0.31033316240656933
1.0,119.4,15.94,1,0,0,0.3471526234019469
1.0,64.8,14.03,1,0,0,0.3314647463059678
1.0,14.99,19.04,1,0,0,0.10668073751071662
1.0,99.0,13.25,1,1,0,0.3810051080113891
1.0,639.0,17.81,1,0,0,0.22935682050128756
1.0,54.49,18.26,1,0,0,0.2903616580725378
1.0,539.0,91.28,1,0,0,0.3229864146605513
1.0,619.0,39.65,1,0,0,0.12338841266715837
1.0,74.9,17.37,1,0,0,0.4306357506605379
1.0,52.9,13.39,1,0,0,0.3763816711758506
1.0,99.9,15.58,1,0,0,0.35676277977213877
1.0,48.9,7.39,1,0,0,0.44785426546546875
1.0,13.99,7.78,1,0,0,0.45878947257060787
1.0,219.9,18.79,1,0,0,0.3232783385583739
1.0,99.99,16.95,1,0,0,0.36893118306856215
1.0,21.5,8.72,1,0,0,0.4168911450266494
1.0,142.5,12.5,1,0,0,0.3191055148744189
1.0,174.0,16.66,1,0,0,0.35438818585879384
1.0,188.0,15.07,1,0,0,0.4020409857892521
1.0,279.97,19.79,1,0,0,0.3358183913752085
1.0,60.0,11.92,1,0,0,0.43889248975714823
1.0,49.3,15.87,1,0,0,0.45103953230805927
1.0,36.0,15.1,1,0,0,0.43589003426849066
1.0,48.9,11.85,1,0,0,0.42624617831636785
1.0,26.54,16.11,1,0,1,0.5026725929010754
1.0,139.9,14.73,1,0,0,0.3418493675123934
1.0,143.54,21.49,1,0,0,0.42061270833150477
1.0,29.0,11.85,1,0,0,0.43079165399199887
1.0,142.5,15.75,1,0,0,0.3357455338071159
1.0,179.0,15.0,1,1,0,0.3907544543973918
1.0,14.6,34.15,1,0,0,0.37824697007910213
1.0,165.0,10.29,1,0,0,0.3635138182808892
1.0,52.88,18.47,1,0,0,0.2600271137792652
1.0,34.0,19.04,1,0,0,0.2317659466334103
1.0,36.0,12.69,1,0,0,0.49317524626040543
1.0,59.9,15.17,1,0,0,0.42535051473897284
1.0,24.0,15.23,1,0,0,0.3216139689125802
2.0,199.8,23.58,1,0,0,0.4585567005227037
1.0,26.7,15.11,1,0,0,0.4371427163496086
3.0,206.9,43.78,2,1,1,1.0
1.0,39.9,19.32,1,0,0,0.3467654873802078
1.0,44.1,7.78,1,0,0,0.4056772953186998
1.0,74.0,13.54,1,0,0,0.3276028626149888
1.0,118.58,16.59,1,0,0,0.3843788694367197
1.0,209.99,25.82,1,0,0,0.32695777903926015
1.0,305.0,21.1,1,0,0,0.4085513310903046
1.0,94.9,15.42,1,0,1,0.5688031240256193
1.0,116.6,30.73,1,0,0,0.2956540868618872
1.0,64.9,27.22,1,0,0,0.28980842151562597
1.0,179.99,16.56,1,0,0,0.4027178082016605
1.0,109.99,17.02,1,0,0,0.3919539434197119
1.0,95.2,18.24,1,0,0,0.18923308206829223
1.0,83.9,13.61,1,0,0,0.4342292574617836
1.0,122.0,10.16,1,0,0,0.32532910875599574
1.0,26.9,7.39,1,0,0,0.23583389241239777
1.0,23.0,12.79,1,0,0,0.33274186456469096
1.0,21.0,15.1,1,0,0,0.44740981797417323
1.0,29.9,15.1,1,0,0,0.4436085002978538
1.0,139.9,21.37,1,0,0,0.39142406714363864
1.0,60.0,20.91,1,0,0,0.3609376210312358
1.0,57.9,11.43,1,0,0,0.43183904862142497
1.0,69.9,17.74,1,0,0,0.4780985640983793
1.0,179.99,45.72,1,0,0,0.25052899782846494
1.0,29.5,14.52,1,0,0,0.44337361101547174
1.0,119.9,155.82,1,0,0,0.4229887040519843
1.0,314.99,12.81,1,0,0,0.26012497895673575
1.0,15.6,12.69,1,0,0,0.48197974252934633
1.0,69.9,16.25,1,0,1,0.5604267480009151
1.0,29.99,8.37,1,0,0,0.39393882657596324
1.0,143.8,19.89,1,0,0,0.2760558651713135
1.0,32.0,14.11,1,0,0,0.4254835208672352
1.0,44.9,19.59,1,0,0,0.40067148389204055
1.0,41.5,9.74,1,0,0,0.42687065730092866
1.0,59.99,18.52,1,0,0,0.23042651626841368
1.0,12.5,7.78,1,0,1,0.5175791299360425
1.0,49.9,11.73,1,0,0,0.4313913088318721
1.0,200.4,38.95,1,0,0,0.47784833225005446
1.0,88.9,13.96,1,0,0,0.38784183004704675
1.0,45.9,7.78,1,0,0,0.4290896442526471
1.0,92.99,22.58,1,0,0,0.2989107188761399
,,,1,1,1,0.5676371073814253
1.0,765.0,23.23,1,0,0,0.24744024130678663
1.0,82.99,13.6,1,0,0,0.44712011394540846
1.0,52.0,11.73,1,0,0,0.43288543467933693
1.0,14.39,15.1,1,0,0,0.41448937263420893
1.0,69.9,16.46,1,0,1,0.545175426248842
1.0,20.49,9.27,1,0,0,0.46416612445240274
1.0,85.5,38.87,1,0,0,0.3900980546951369
2.0,99.78,16.8,1,0,0,0.4092540107524304
1.0,299.99,22.59,1,0,0,0.3419212725856016
1.0,31.0,10.96,1,0,0,0.4291989730438561
1.0,78.9,21.04,1,0,0,0.38669278301334975
1.0,150.0,21.13,1,0,0,0.26998502501499616
1.0,69.9,15.7,1,0,0,0.49753864311699253
1.0,1280.0,63.44,1,0,0,0.1352662122684818
1.0,117.8,18.39,1,0,0,0.2957691444614973
1.0,19.79,12.79,1,0,0,0.32688923875852627
1.0,145.0,22.72,1,0,0,0.2583194972116387
1.0,20.39,11.85,1,0,0,0.45315641183288136
1.0,27.9,15.1,1,0,0,0.43892364414447343
1.0,99.9,12.03,1,0,0,0.3020454971685185
1.0,59.99,16.18,1,0,0,0.43541799851785346
1.0,100.0,9.63,1,0,0,0.21888905329691308
1.0,159.9,18.37,1,0,0,0.326819323026585
1.0,28.8,13.37,1,0,0,0.36405428400702305
1.0,259.9,24.81,1,0,0,0.30266532467529866
1.0,119.99,17.09,1,0,0,0.3575535797226316
1.0,89.9,15.38,1,0,1,0.5942572858010134
1.0,110.0,15.52,1,0,0,0.37004073266980014
1.0,120.0,7.87,1,0,0,0.33686576879457814
1.0,21.99,15.1,1,0,0,0.44752408411776873
1.0,101.49,18.59,1,0,0,0.20789895245041257
1.0,75.9,23.33,1,0,0,0.3209071336235013
1.0,139.0,15.28,1,0,0,0.33402124278969164
1.0,580.27,56.19,1,0,0,0.13872038216118002
1.0,79.9,17.27,1,0,0,0.4029507940845197
1.0,138.0,9.72,1,0,0,0.3447406865660158
1.0,379.9,18.22,1,0,0,0.25959385327547174
1.0,289.9,21.52,1,0,0,0.36463516260029183
1.0,27.2,11.15,1,0,0,0.4252462826761145
5.0,143.5,78.94,1,0,0,0.4409536392575914
1.0,84.99,9.41,1,0,0,0.29775652901242905
2.0,139.8,41.96,1,0,0,0.4115013301955543
1.0,69.0,16.25,1,1,1,0.5525677121863376
1.0,9.0,11.85,1,0,1,0.8428490641604166
1.0,108.0,19.3,1,0,0,0.268149139824943
1.0,29.5,15.98,1,0,0,0.43665986192276846
2.0,46.98,15.56,1,0,0,0.3372948198577576
1.0,150.0,9.86,1,0,0,0.25256854204726675
1.0,133.0,16.69,1,0,0,0.3395489881641899
2.0,220.64,16.06,1,0,0,0.19545014304085223
1.0,56.99,11.9,1,0,0,0.4337186551500721
1.0,89.9,16.88,1,0,0,0.4878693093314687
1.0,34.3,8.11,1,1,0,0.40107170176971596
1.0,164.9,17.4,1,0,0,0.34184876989196095
1.0,59.9,15.63,1,0,0,0.4115325182917492
2.0,217.8,71.98,1,0,0,0.36886379036818967
1.0,49.99,16.83,1,0,0,0.4519188822630405
1.0,44.49,11.85,1,0,0,0.42517616927800417
1.0,95.0,15.77,1,0,1,0.5706591786787738
1.0,127.48,16.59,1,0,0,0.3460989287638912
1.0,58.9,13.77,1,0,0,0.33273948467817716
1.0,159.5,12.32,1,0,0,0.3747075095988925
1.0,199.9,40.33,1,0,0,0.3882310661407999
1.0,179.99,42.21,1,0,0,0.30884658364240375
1.0,84.99,18.87,1,0,0,0.16381026770552096
1.0,49.0,16.79,1,0,0,0.4553797164070975
1.0,9.8,18.23,1,0,0,0.3179424708464529
6.0,178.5,99.6,1,0,0,0.3136767881579379
1.0,24.9,11.85,1,1,0,0.4585296191019999
2.0,225.98,31.1,1,0,0,0.4993215547388178
1.0,193.0,16.98,1,0,1,0.5593536088528247
1.0,34.9,14.1,1,0,0,0.4266866467055584
1.0,38.9,15.1,1,0,0,0.4657170196023092
1.0,167.9,23.76,1,0,0,0.30655634768849843
1.0,199.0,0.0,1,0,0,0.4954901549243507
1.0,119.9,17.09,1,0,0,0.36788462950528944
1.0,49.91,20.99,1,0,0,0.3301717313023532
1.0,59.9,17.67,1,0,0,0.42173401220594686
1.0,78.8,16.31,1,0,1,0.5723975691645029
1.0,29.9,19.32,1,0,0,0.335909036681068
2.0,372.84,36.02,1,0,0,0.2457218660088316
1.0,34.99,18.35,1,0,0,0.2494456773697299
,,,1,0,1,0.5676371073814253
1.0,49.9,15.98,1,0,0,0.4619722102823698
1.0,29.9,12.87,1,0,0,0.3589462385817711
1.0,54.9,8.72,1,0,0,0.4127898967934218
2.0,28.0,26.74,1,0,0,0.42772246673899617
1.0,69.9,16.74,1,1,0,0.4945809305180825
1.0,89.9,29.42,1,0,0,0.39001628936644045
1.0,129.0,34.26,1,0,0,0.3234737538140731
1.0,55.0,18.49,1,0,0,0.2694168775863352
1.0,119.0,14.58,1,0,0,0.36923082268049917
1.0,99.99,19.4,1,0,0,0.1847788634113418
1.0,54.9,7.64,1,0,0,0.07018506536260206
1.0,47.9,16.32,1,0,0,0.41762828361190596
1.0,149.99,17.3,1,0,0,0.25183235488234224
1.0,89.0,14.37,1,0,0,0.4889352944510145
1.0,279.0,8.82,1,1,0,0.4846084196639053
1.0,99.49,11.9,1,0,0,0.3351723125392824
2.0,12.0,21.92,1,0,0,0.2845635204977582
1.0,89.9,8.39,1,0,0,0.41781479858219855
1.0,19.9,25.63,1,1,0,0.41871621871203035
1.0,13.99,14.1,1,0,0,0.3935328782175805
1.0,150.0,15.8,1,0,0,0.23658874026327809
1.0,39.0,13.37,1,0,0,0.36528723151826353
1.0,579.0,15.55,1,0,0,0.187028502451413
3.0,239.97,48.96,1,0,1,0.5672881876679267
1.0,92.1,22.11,1,0,0,0.34634429509198617
2.0,49.0,23.7,1,0,0,0.4456952733573645
1.0,30.0,15.11,1,0,0,0.4421784482086133
1.0,19.9,7.39,1,0,0,0.04764061086009002
1.0,55.9,15.15,1,0,0,0.41890193389053076
1.0,64.89,19.69,1,0,0,0.43104215170019455
1.0,124.9,18.12,1,0,0,0.329209416210704
1.0,110.0,34.76,1,0,0,0.3200091705287554
1.0,459.99,55.82,1,0,0,0.30628218923382167
2.0,379.8,48.52,2,1,1,1.0
1.0,49.0,17.63,1,0,0,0.4864824091053665
1.0,99.9,13.25,1,0,0,0.3705688926051634
2.0,344.0,37.57,1,0,0,0.42192478357222546
1.0,29.0,15.1,1,0,0,0.44478496511457155
1.0,12.3,13.37,1,0,0,0.31626133731022543
1.0,35.0,37.16,1,0,0,0.4566076422877477
1.0,49.9,11.62,1,0,0,0.4313913088318721
1.0,79.0,13.57,1,0,0,0.2681928428574176
1.0,38.5,8.96,1,0,0,0.4072208205391885
1.0,69.9,13.08,1,0,0,0.38502591831437133
1.0,210.0,40.4,1,0,0,0.30681005482197243
1.0,61.9,23.23,1,0,0,0.27361871685684647
1.0,39.0,8.88,1,0,0,0.41289362982507966
1.0,11.0,7.87,1,0,1,0.6376601220005952
1.0,69.9,11.88,1,0,0,0.44494804394895937
2.0,118.0,35.32,1,0,0,0.45584504098054746
1.0,65.0,23.11,1,0,0,0.24155670885333227
1.0,29.9,16.92,1,0,0,0.4286927380189042
1.0,45.0,9.27,1,1,0,0.4328151367424946
1.0,51.9,13.72,1,0,0,0.3308195772979566
1.0,38.0,18.37,1,0,0,0.24670743357488883
1.0,49.9,18.45,1,0,0,0.25578428522000335
1.0,79.9,7.82,1,0,0,0.4025153874091322
1.0,37.9,16.32,1,0,0,0.4033490903291696
1.0,49.9,14.52,1,0,0,0.4096354382415655
1.0,49.0,11.85,1,0,0,0.4313913088318721
1.0,82.49,8.74,1,0,0,0.4602626400944259
1.0,34.99,15.23,1,0,0,0.39790803388622603
1.0,739.9,21.92,1,0,0,0.2015766589100578
1.0,21.9,15.23,1,0,0,0.3339395478778069
1.0,139.0,19.94,1,0,0,0.2869882687809016
1.0,159.0,12.61,1,0,0,0.369098946805045
1.0,115.0,47.25,1,0,0,0.3096270391579053
1.0,118.9,70.82,1,0,0,0.3396828360431323
1.0,37.8,8.72,1,0,0,0.39423662773415763
1.0,34.99,15.1,1,0,0,0.44060096419126454
1.0,139.9,17.82,1,0,0,0.3202629552210641
1.0,79.99,8.91,1,0,0,0.420959390848467
1.0,29.99,13.33,1,0,0,0.35672621025348517
1.0,29.0,18.3,1,0,0,0.25694434059472526
1.0,59.9,47.86,1,0,0,0.37508845578161354
1.0,12.9,7.78,1,0,1,0.5021224021583973
1.0,94.5,9.68,1,0,0,0.4911629887845213
1.0,144.0,18.89,1,0,0,0.27078177222384725
1.0,4.99,11.85,1,0,0,0.42207385814433046
2.0,299.8,78.2,1,1,0,0.31584454986677823
1.0,14.9,12.48,1,0,0,0.4232635354804416
1.0,169.99,20.92,1,0,0,0.3640607276351968
1.0,110.0,19.74,1,0,0,0.3263898607194889
1.0,56.99,8.72,1,0,0,0.4136877586327536
1.0,69.9,8.65,1,0,0,0.4111535397445844
1.0,160.0,14.24,1,0,0,0.37870679536269736
1.0,99.9,23.28,1,0,0,0.3048844995815375
2.0,119.8,32.36,1,0,0,0.45111989569530314
1.0,128.9,13.56,1,0,0,0.3372955990721113
1.0,38.0,14.1,1,0,0,0.4450314589255184
1.0,120.0,47.61,1,0,0,0.3223420722865372
1.0,137.99,11.58,1,0,0,0.2972051891276901
1.0,59.9,23.0,1,0,0,0.2594543597479895
1.0,130.0,15.66,1,0,0,0.36710011165828393
1.0,65.0,14.2,1,0,0,0.41384650029962233
1.0,22.9,12.79,1,0,0,0.3389515977132749
1.0,68.0,12.61,1,0,1,0.6227430755781648
1.0,179.9,17.97,1,0,0,0.33483927322893225
1.0,69.9,18.07,1,0,0,0.2225831683289748
1.0,209.0,34.83,1,1,0,0.30225063988398676
1.0,89.9,16.26,1,0,1,0.5278551927132316
1.0,59.91,15.52,1,0,0,0.3182552075661874
2.0,217.8,31.28,1,0,1,0.5121049410610145
1.0,150.0,26.33,1,0,0,0.256616631781037
1.0,144.9,13.14,1,0,0,0.3212806345414727
1.0,599.0,22.07,1,0,0,0.30318214688006906
1.0,145.0,14.03,1,0,0,0.3434232780190341
1.0,89.9,20.12,1,0,0,0.4023701517358043
1.0,136.9,8.72,1,0,0,0.2948848021002663
1.0,129.0,26.98,1,0,0,0.29613528518633503
1.0,219.0,29.57,1,0,0,0.3591099846694336
1.0,59.9,17.67,1,0,0,0.42173401220594686
1.0,159.0,27.88,1,0,0,0.2913790387505649
1.0,11.55,15.23,1,0,0,0.2742096723647964
1.0,97.9,17.94,1,0,0,0.4099895797235697
1.0,110.32,13.43,1,0,0,0.38551978985328694
1.0,72.9,14.09,1,0,0,0.3288885120809529
1.0,399.9,16.97,1,0,0,0.20872291975546997
1.0,299.0,14.53,1,0,0,0.2624111971489184
1.0,43.0,12.96,1,0,0,0.3538963152965065
1.0,16.46,14.12,1,0,0,0.42649541775600075
1.0,149.0,8.3,1,0,0,0.3557318027033998
1.0,139.0,20.31,1,0,0,0.2229299263795286
1.0,699.6,57.03,1,0,0,0.20243135027567663
1.0,116.6,53.09,1,0,0,0.2907546672365556
1.0,129.9,9.28,1,0,0,0.326471817025611
1.0,89.8,11.25,1,0,0,0.4084260314122883
1.0,45.9,15.11,1,1,0,0.42238265221876903
1.0,159.9,27.42,1,0,0,0.2895762370610617
1.0,30.0,7.78,1,0,0,0.404225509301485
1.0,29.9,11.85,1,0,0,0.43029201987465515
1.0,239.99,17.44,1,0,0,0.3477368939261124
1.0,48.9,37.92,1,0,0,0.38404779352259033
1.0,89.0,25.46,1,0,0,0.4135724077393379
1.0,150.0,17.62,1,0,0,0.22433400829986908
2.0,104.0,28.24,1,0,0,0.3812973788680963
2.0,39.98,48.96,8,1,1,1.0
1.0,325.0,11.17,1,0,0,0.23480979218854245
1.0,13.99,7.78,1,0,0,0.45878947257060787
1.0,319.0,20.77,1,1,0,0.35928229996821853
1.0,9.9,8.72,1,1,1,0.9080587299588668
1.0,13.65,7.78,1,0,0,0.46663945425457637
1.0,89.9,17.88,1,0,1,0.5669409744949782
1.0,150.0,13.18,1,0,0,0.25641490158006724
1.0,56.9,18.5,1,0,0,0.23042651626841368
1.0,71.0,13.52,1,0,0,0.3283141324847108
1.0,27.0,15.29,1,0,0,0.31031035458883893
1.0,799.0,22.03,1,0,0,0.25927210040569965
1.0,72.9,16.76,1,0,0,0.491568304227701
1.0,69.99,22.81,1,0,0,0.2492897265118432
1.0,19.5,8.29,1,0,0,0.4005164739745089
1.0,139.9,15.73,1,0,0,0.333587675078244
1.0,72.09,9.44,1,0,0,0.43650767762375303
1.0,600.0,125.99,1,0,0,0.10321252564631851
1.0,171.9,42.27,1,0,0,0.31881153025892206
1.0,64.5,8.72,1,0,0,0.4148893743439009
1.0,322.75,40.89,1,0,0,0.26979775750989604
1.0,79.0,13.57,1,0,0,0.2681928428574176
1.0,61.4,18.53,1,0,0,0.23042651626841368
1.0,119.9,12.34,1,0,0,0.37675822781171486
1.0,89.0,14.93,1,0,0,0.34848444112363464
1.0,34.99,14.1,1,1,0,0.4266866467055584
1.0,48.3,8.11,1,0,0,0.40832240936839304
1.0,159.9,23.99,1,0,0,0.27136135030744385
1.0,122.99,30.11,1,0,0,0.3128030391659326
1.0,210.0,19.27,1,0,0,0.27146458167062
2.0,95.82,15.56,1,0,1,0.6203013184723568
1.0,18.9,7.39,1,0,0,0.05582443140020547
1.0,32.9,11.85,1,0,0,0.42313993292477686
1.0,67.9,17.73,1,0,0,0.44192558779325947
1.0,516.59,19.38,1,0,0,0.3079563472537136
3.0,53.7,38.37,1,0,1,0.6239132751371702
1.0,38.7,12.79,1,0,0,0.32695797259860176
2.0,119.8,35.34,1,0,0,0.3847617918479975
1.0,32.9,15.1,1,0,0,0.4399666838483457
1.0,119.94,34.2,1,0,0,0.31903458505594884
1.0,39.9,9.42,1,0,0,0.4494480677907431
1.0,25.9,15.23,1,0,0,0.3277129325093603
1.0,15.0,15.1,1,0,0,0.4037955846718788
1.0,149.99,14.17,1,0,0,0.3300505650073067
1.0,19.9,15.1,1,0,0,0.4372727634158048
1.0,69.9,9.34,1,0,0,0.4451667011983965
1.0,21.74,17.6,1,0,0,0.47042088197993553
3.0,315.0,59.1,1,0,0,0.4853903969027537
1.0,330.0,76.04,1,0,0,0.34683558333754155
1.0,25.99,8.72,1,0,0,0.3929110859796457
1.0,89.9,18.2,1,0,0,0.12770402033511116
1.0,49.0,7.78,1,0,0,0.43432072400816535
1.0,59.9,17.67,1,0,0,0.42173401220594686
1.0,99.0,50.76,1,0,0,0.414113187630343
1.0,260.0,22.31,1,0,0,0.4204525837271039
2.0,51.8,15.56,1,0,0,0.24168110743129428
1.0,129.99,19.01,1,0,0,0.24965553885432745
1.0,65.99,9.74,3,1,1,1.0
1.0,89.9,27.17,1,0,0,0.3584209588676854
1.0,115.0,18.06,1,0,0,0.3219469061202183
1.0,29.0,11.85,1,0,0,0.43079165399199887
1.0,44.99,15.23,1,0,0,0.3835806310732575
1.0,159.99,10.13,1,0,0,0.3637790554092327
1.0,12.5,11.85,1,0,1,0.5146317832652026
1.0,89.49,8.39,2,1,1,0.9933333333333333
1.0,59.9,17.33,1,0,0,0.3750693505871846
1.0,79.9,13.0,1,0,0,0.32352839162684643
1.0,149.94,29.84,1,0,0,0.25762412076001384
1.0,104.97,14.48,1,0,0,0.36435897694288166
1.0,79.9,16.32,1,1,1,0.5558783855843396
1.0,76.9,14.71,1,0,0,0.39660712332910963
1.0,29.99,16.79,1,0,0,0.41969684717589967
1.0,99.98,15.46,1,0,0,0.3559344216259189
1.0,179.0,18.53,1,0,0,0.336478646597339
1.0,89.0,40.06,1,0,0,0.3526301621313137
1.0,33.8,12.48,1,0,0,0.4288526687330417
1.0,32.9,18.33,1,0,0,0.273354480292808
1.0,189.9,8.51,1,0,0,0.32252795440404114
1.0,284.9,18.43,1,0,0,0.338080220867268
1.0,110.0,18.87,1,0,0,0.28612148637867674
1.0,99.9,15.46,1,0,0,0.35909356857621
1.0,27.9,15.1,1,0,0,0.43892364414447343
1.0,74.0,13.08,1,0,0,0.3841930252246322
1.0,27.0,14.1,1,0,0,0.4284186459642614
2.0,107.8,0.0,1,0,1,0.636004203296188
1.0,29.0,19.04,1,0,0,0.21039689343910464
1.0,98.9,14.99,1,0,0,0.30534515274424057
1.0,124.9,21.36,1,0,0,0.4005755335628969
1.0,69.9,16.93,1,0,1,0.5232079710857971
1.0,24.99,16.11,1,0,0,0.47994284776126356
1.0,54.99,22.96,1,0,0,0.2381801830341117
1.0,178.0,17.69,1,0,0,0.33512784714047344
1.0,229.0,38.97,1,0,0,0.322866943889067
1.0,21.9,15.1,1,0,0,0.44694921928272513
2.0,49.98,36.56,1,0,0,0.44713938332535585
1.0,76.6,12.04,1,0,0,0.4257339066522834
1.0,64.99,22.16,1,0,0,0.26686219903756986
1.0,194.0,19.16,1,0,0,0.2917879001020736
1.0,49.4,9.94,1,0,0,0.4344083603160148
1.0,19.9,7.78,1,0,0,0.48004366312064073
1.0,9.56,15.1,1,0,0,0.4945919245526099
1.0,239.9,15.43,1,0,0,0.30347358355578113
1.0,1890.0,46.27,1,0,0,0.20984120462878525
1.0,215.0,22.59,1,0,0,0.40605088716365256
1.0,110.0,20.0,1,0,0,0.3025547929762885
2.0,479.8,19.0,1,0,0,0.4562202436235297
1.0,74.49,9.94,1,0,0,0.43180071020397814
3.0,89.69999999999999,12.69,1,0,0,0.3980322175402553
1.0,44.9,18.23,1,0,0,0.2537844533970479
1.0,64.99,16.73,1,0,1,0.5187027153520188
1.0,27.9,7.87,1,0,0,0.36505373318177364
1.0,44.99,28.75,1,0,0,0.3997638426335384
1.0,79.0,15.31,1,0,0,0.3609054783601947
1.0,169.0,15.27,1,0,0,0.29038710545479346
1.0,203.9,9.54,1,0,0,0.29436977852752216
1.0,59.99,16.18,1,1,0,0.43541799851785346
1.0,45.95,15.1,1,0,0,0.4217359793429996
1.0,100.0,16.46,1,0,0,0.36704970395779957
1.0,529.99,18.46,1,0,0,0.3019346218987025
1.0,29.5,16.79,1,0,0,0.4174734599733969
2.0,39.98,35.26,1,0,0,0.4853662495532045
1.0,280.0,13.46,1,0,0,0.28339711873030166
1.0,116.9,13.26,1,0,0,0.3618392801828416
1.0,349.0,18.2,1,0,0,0.22739436219755835
1.0,173.68,67.81,1,0,0,0.2686912756624736
1.0,134.9,21.43,1,0,0,0.4091805786785358
1.0,48.9,13.37,1,0,0,0.3817749272292989
1.0,20.9,18.25,1,0,0,0.11464238673093784
1.0,249.9,19.18,1,0,0,0.3067563308341193
1.0,20.99,16.6,1,0,0,0.4556649172561993
1.0,370.0,45.0,1,0,0,0.29035721605153936
1.0,94.0,17.1,1,0,1,0.552708809123883
5.0,267.0,88.10000000000001,1,0,0,0.46026170222597085
2.0,279.98,80.62,1,0,0,0.29851571568622925
1.0,19.9,8.89,1,0,0,0.4130286095465127
1.0,94.3,13.22,1,0,0,0.4987552964466868
1.0,119.2,36.15,1,0,0,0.3227812379393208
2.0,120.0,25.52,1,0,0,0.42890869542095655
1.0,13.65,19.04,1,0,0,0.06968741238482297
1.0,29.49,15.1,1,0,0,0.44761648910775986
1.0,119.9,13.86,1,0,0,0.37024965985444475
1.0,53.5,19.56,1,0,0,0.10157112822031242
1.0,979.0,39.11,1,0,0,0.14522794049721152
1.0,89.9,57.4,1,0,0,0.32476995041724604
1.0,39.0,11.15,1,0,0,0.43137265897610483
1.0,19.9,16.79,1,0,0,0.405032835846471
1.0,78.0,22.26,1,0,0,0.29945436868047176
1.0,179.9,16.01,1,0,0,0.3546325566853192
1.0,10.9,16.79,1,0,0,0.3822185145359759
1.0,76.9,13.56,1,0,0,0.32176784774895834
1.0,429.9,17.1,1,0,0,0.19748794606889694
1.0,136.78,8.22,1,0,0,0.2991338419225272
1.0,12.5,17.06,1,0,0,0.36622475380425296
1.0,22.99,15.23,1,0,0,0.3224415470200522
1.0,39.99,15.11,1,0,0,0.4668590902316476
1.0,98.0,16.45,1,0,0,0.3102841861223519
2.0,117.49,23.98,1,0,0,0.4315906299195073
1.0,74.0,14.83,1,0,0,0.40406528890942595
1.0,24.99,15.1,1,0,0,0.46022497300716375
1.0,119.9,14.44,1,0,0,0.36297186834851325
1.0,149.65,8.39,1,0,0,0.3053779224410461
1.0,149.9,12.95,1,0,0,0.32275437814625185
1.0,44.5,11.85,1,0,0,0.42517616927800417
1.0,95.0,14.42,1,0,0,0.2711759072220015
1.0,159.0,12.61,1,0,0,0.369098946805045
1.0,105.0,112.43,1,0,0,0.3260787854893305
1.0,179.49,15.01,1,0,0,0.40552764936956714
1.0,79.9,7.82,1,0,0,0.4025153874091322
1.0,10.9,8.72,1,1,1,0.8891727979131302
1.0,498.0,60.62,1,0,0,0.30546882819680105
1.0,79.0,23.13,1,0,0,0.2599145399285925
1.0,89.49,12.13,1,0,0,0.422220478061011
1.0,65.9,11.85,1,0,0,0.43276866689861293
1.0,24.9,9.94,1,0,0,0.46249979838491934
2.0,124.0,45.86,1,0,0,0.44023030204652286
1.0,84.99,15.34,1,0,1,0.6412831846108318
