total_items,order_item_value,total_freight_value,Cohort_Index,Actual,Predicted,Repeat_Probability
1.0,45.0,27.2,1,0,0,0.37020756048431674
1.0,19.9,8.72,1,0,0,0.4607024323206163
1.0,147.9,27.36,1,0,0,0.3205656360968837
1.0,1299.0,77.45,7,1,1,0.9999999999999045
1.0,27.99,15.1,1,0,0,0.41784609428066566
1.0,17.9,11.85,1,0,0,0.45095297320642175
1.0,9.5,7.78,1,0,1,0.5031513853384421
1.0,89.9,14.21,1,0,0,0.3678766225808034
2.0,130.4,97.28,1,0,0,0.4621335904225239
1.0,279.0,34.19,1,0,0,0.2892284718928539
1.0,119.99,34.2,1,0,0,0.3202321245528869
1.0,99.0,22.62,1,0,0,0.34403222650596443
1.0,39.47,13.37,1,0,0,0.40730598834730486
1.0,39.9,13.76,1,0,0,0.4054723718219406
2.0,318.0,28.09,1,0,0,0.4733743996891328
1.0,24.89,15.1,1,0,0,0.4234591904303642
4.0,339.6,53.0,1,0,0,0.4445815691517497
1.0,190.0,19.41,1,0,0,0.3245267249599578
1.0,58.2,8.78,1,0,0,0.40933051131187337
1.0,89.18,16.38,1,0,0,0.36197558554224835
1.0,759.0,13.08,1,0,0,0.29193881915806896
1.0,99.2,18.57,1,0,0,0.35214429433214545
1.0,589.9,20.0,1,0,0,0.28366392932226814
1.0,27.3,15.1,1,0,0,0.41903565528032605
1.0,25.99,14.1,1,0,0,0.42457018868141627
1.0,69.99,14.58,1,0,0,0.37751923060087667
2.0,215.22,16.919999999999998,1,0,1,0.5128451396489919
1.0,7.0,15.79,1,0,0,0.4837640282251869
1.0,126.99,29.68,1,0,0,0.32335457247968147
1.0,28.99,24.84,1,0,0,0.39407404821727676
1.0,93.99,23.46,1,0,0,0.3446800931430371
1.0,49.1,19.53,1,0,0,0.38031423886289206
1.0,66.39,19.66,1,0,0,0.36673500006896714
1.0,159.0,21.95,1,0,0,0.3264029994874791
1.0,410.0,35.32,1,0,0,0.27519497835670004
1.0,37.99,14.52,1,0,0,0.40527371535260354
1.0,87.37,10.79,1,0,0,0.38158179070435233
1.0,49.99,8.29,1,0,0,0.4190769151439023
2.0,139.8,0.0,1,0,1,0.7064618538723735
1.0,95.0,13.01,1,0,0,0.36947252782067236
1.0,49.9,7.78,1,0,0,0.4222505148598961
1.0,28.9,12.79,11,1,1,0.9999999999999643
1.0,155.99,14.11,1,0,0,0.34552561614675026
1.0,22.5,11.74,1,0,0,0.4402059401686817
1.0,320.0,18.0,1,0,0,0.30841273160232585
1.0,9.9,8.72,1,1,0,0.49541013508011794
1.0,119.9,23.42,1,0,0,0.33488274383826516
1.0,60.0,16.67,1,0,0,0.3783288087044475
1.0,94.0,18.46,1,0,0,0.3546334878591805
,,,1,0,0,0.3610559326759919
1.0,12.99,18.23,1,0,0,0.44649705607913526
1.0,72.9,12.01,1,0,0,0.38453014828667265
1.0,34.9,37.15,1,0,0,0.36907430972012306
1.0,844.0,21.01,1,0,0,0.27064267211353416
1.0,259.9,15.29,1,0,0,0.3225597765566231
1.0,89.0,7.88,1,0,0,0.3955649649597663
1.0,267.0,32.84,1,0,0,0.29217661762800723
1.0,38.25,16.11,2,1,1,0.9999999999989162
1.0,35.9,23.28,1,0,0,0.3869482705796259
1.0,204.0,18.68,1,0,0,0.3233897023545263
1.0,69.0,18.58,1,0,0,0.3674901185236181
1.0,64.99,31.48,1,0,0,0.34835396751277997
1.0,154.9,17.52,1,1,0,0.33661430958214
1.0,144.9,16.11,1,0,0,0.3427803977374926
1.0,25.99,7.78,1,0,0,0.45327363565658146
1.0,31.99,12.88,1,0,0,0.41890573363503764
2.0,350.0,33.98,1,0,0,0.4612116510719927
1.0,79.99,14.31,1,0,0,0.3725616288233934
1.0,16.9,15.23,1,0,0,0.44187201514952945
1.0,112.0,38.21,1,0,0,0.31884187915594714
1.0,185.0,20.26,1,0,0,0.3238129767682786
2.0,324.0,31.77,1,0,0,0.4672632488178504
1.0,19.9,12.8,1,0,0,0.4420666721208872
1.0,160.0,19.22,1,1,0,0.33152602424324157
1.0,72.0,13.52,1,0,0,0.37967717089995306
1.0,355.9,18.25,1,0,0,0.3041260320707912
2.0,119.8,35.34,1,0,1,0.5055979941849877
1.0,27.9,7.46,1,0,0,0.4519122902925883
1.0,75.9,19.5,1,0,0,0.36132773982067173
1.0,27.9,14.52,1,0,0,0.41981222322196304
1.0,279.99,31.82,1,0,0,0.29164551302385033
1.0,179.9,13.92,1,0,0,0.3404940166866702
1.0,189.0,16.07,1,0,0,0.33249273619833797
1.0,198.0,15.56,1,0,0,0.3320593209989556
1.0,283.02,17.74,1,0,0,0.3133898457834031
1.0,318.98,20.11,1,0,0,0.3041740649214997
1.0,19.9,16.79,1,0,0,0.42937203698751164
2.0,160.8,31.34,1,0,0,0.4977046231146364
1.0,179.99,18.17,1,0,0,0.32928051724624896
1.0,25.9,16.79,1,0,0,0.4166797294029156
1.0,41.9,35.48,1,0,0,0.36270367754762717
1.0,65.99,15.22,1,0,0,0.3781768803292165
1.0,49.39,12.69,1,0,0,0.3994069756628477
2.0,119.98,17.76,1,0,1,0.5361281056162017
1.0,289.0,46.48,1,0,0,0.27762765255238087
5.0,625.0,71.15,1,0,0,0.4092436551271251
1.0,219.99,16.42,1,0,0,0.32582466619407047
2.0,519.8,68.14,1,0,0,0.41762907228471946
1.0,599.0,66.87,1,0,0,0.24368070535016742
1.0,120.0,13.28,1,0,0,0.35879016561675736
1.0,45.95,16.79,1,0,0,0.38995742169230607
1.0,13.9,8.88,1,0,0,0.4775874643295406
1.0,112.94,34.87,1,0,0,0.3218803005880773
1.0,293.5,14.18,1,0,0,0.32122476158771435
1.0,149.9,12.14,1,0,0,0.3537012613683453
1.0,79.9,17.0,1,0,0,0.3650292758803211
1.0,29.99,12.69,1,0,0,0.4226703135656544
1.0,89.18,19.59,1,0,0,0.35432007655004827
1.0,109.0,13.42,1,0,0,0.3623087543277974
1.0,37.9,15.1,1,0,0,0.4035901670396811
2.0,173.92,52.22,1,0,0,0.47306463638761403
1.0,109.9,16.21,1,0,0,0.3537116132012767
1.0,160.0,19.22,1,0,0,0.33152602424324157
1.0,243.0,35.06,1,0,0,0.29316390012340987
2.0,90.0,73.5,1,0,0,0.4891452903666915
1.0,96.0,14.42,1,0,0,0.3644485383712326
1.0,51.9,12.49,1,0,0,0.39788836351559903
1.0,49.9,13.47,1,0,0,0.39618813464990105
1.0,299.0,15.21,1,0,0,0.3176485949138859
1.0,149.99,74.78,1,0,0,0.2853442365539187
1.0,13.65,7.78,1,0,0,0.48507299460013753
2.0,89.88999999999999,22.03,1,0,1,0.539266509182858
2.0,217.55,42.43,1,0,0,0.4718363064365183
,,,1,0,0,0.3610559326759919
2.0,104.0,15.24,1,0,1,0.5496489128502218
1.0,150.0,42.03,1,0,0,0.3042795224356552
1.0,29.99,26.51,1,0,0,0.3897395866094502
1.0,115.0,18.06,1,0,0,0.34725079150865523
1.0,49.99,23.5,1,0,0,0.3716107098617178
1.0,25.89,22.9,1,0,0,0.40288348861125234
1.0,39.9,22.93,1,0,0,0.382771028040511
1.0,67.99,25.6,1,0,0,0.3546961942248425
1.0,143.99,17.85,1,0,0,0.3387151977826696
1.0,18.9,16.79,1,0,0,0.4318795429127589
1.0,32.64,15.1,1,0,0,0.41057242604621713
1.0,45.0,34.15,1,0,0,0.3610500825068344
1.0,75.0,13.08,1,0,0,0.3793937071850533
1.0,79.98,22.87,1,0,0,0.3524374639381751
2.0,220.0,26.42,1,1,0,0.49159845129854907
1.0,149.9,12.75,1,0,0,0.3515362150605605
1.0,89.99,22.95,1,0,0,0.34737204323150717
1.0,39.99,18.44,1,0,0,0.39213183515244227
1.0,119.99,25.0,1,0,0,0.33225266787124574
1.0,29.0,18.3,1,0,0,0.40742162267902343
1.0,89.9,34.39,1,0,0,0.33149884727157336
1.0,79.0,12.05,1,0,0,0.38086779474679533
1.0,14.5,10.96,1,0,0,0.46514684120128064
1.0,24.9,16.36,1,0,0,0.41974803410852146
1.0,14.39,15.1,1,0,0,0.45019128097287486
1.0,228.0,19.68,1,0,0,0.31714284169474577
1.0,109.9,13.43,1,0,0,0.3619333170173417
1.0,33.0,8.72,4,1,1,0.9999999999999585
1.0,91.99,18.99,1,0,0,0.35433626038239946
1.0,208.9,12.07,1,0,0,0.3408640685619822
1.0,64.9,16.21,1,0,0,0.3761106959248471
1.0,299.0,18.53,1,0,0,0.3096792896649972
1.0,19.9,18.23,1,0,0,0.42561372543217413
1.0,28.0,15.11,1,0,0,0.4177985339236407
1.0,1045.0,30.12,1,0,0,0.2519595579981222
4.0,248.0,9.36,1,0,1,0.5356455707201522
1.0,359.0,17.39,1,0,0,0.3057281441952344
1.0,65.99,16.71,1,0,0,0.37404355932064554
2.0,79.8,53.22,1,0,1,0.5072020989644037
1.0,40.0,11.42,1,0,0,0.41407014476375525
1.0,42.9,14.1,1,0,0,0.400999958182004
1.0,104.0,24.86,1,0,0,0.33821273808833957
1.0,65.0,15.2,1,0,0,0.378899399499778
1.0,19.9,11.85,1,0,0,0.445752818457975
1.0,49.9,11.37,1,0,0,0.4040611312739547
1.0,86.9,16.24,1,0,0,0.36344460767335385
3.0,89.97,23.34,1,0,1,0.5369558361414395
1.0,115.97,45.27,1,0,0,0.31142744412730416
1.0,69.99,15.25,1,0,0,0.3755154007308257
1.0,72.4,15.36,1,0,0,0.3737237271706364
1.0,115.0,30.01,1,0,0,0.32682703881814185
1.0,23.99,34.15,1,0,0,0.3896797275764637
1.0,66.99,11.15,1,0,0,0.3916982985764862
1.0,46.99,17.63,1,0,0,0.3867753285991201
2.0,274.9,43.47,1,0,0,0.4609546726803436
1.0,59.9,17.67,1,0,0,0.3758428703844311
2.0,119.8,35.34,1,0,1,0.5055979941849877
1.0,5.99,16.05,1,0,0,0.4906229009851285
1.0,99.9,19.0,1,0,0,0.3508877652271339
1.0,105.9,29.14,1,0,0,0.3312376038946217
1.0,370.0,29.44,1,0,0,0.2849034604896267
1.0,47.65,7.39,1,0,0,0.426909823886971
1.0,58.5,18.29,1,0,0,0.37538048485550246
1.0,299.0,19.3,1,0,0,0.3080722578426173
1.0,37.0,12.79,1,0,0,0.41238461421123945
1.0,139.9,17.42,1,0,0,0.34087872035718864
1.0,339.0,105.54,1,0,0,0.24825076531735935
1.0,56.99,8.72,1,0,0,0.4106168107434582
1.0,59.9,14.59,1,0,0,0.38434712637936236
2.0,259.93,43.83,1,0,0,0.46296483094189533
1.0,31.0,15.79,1,0,0,0.41095339908580314
1.0,149.0,40.37,1,0,0,0.305947237191825
1.0,109.99,14.86,1,0,0,0.3574469800038988
2.0,128.0,15.41,1,0,1,0.5398807342059974
2.0,35.5,32.81,3,1,1,0.9999999999999603
1.0,116.9,18.92,1,0,0,0.3446335623296349
1.0,229.9,21.92,1,0,0,0.3125873219488683
1.0,89.99,17.88,1,1,0,0.3578180998337934
1.0,98.0,12.08,1,0,0,0.3714976669468358
1.0,277.8,55.8,1,0,0,0.27309683095981263
1.0,1240.0,51.39,1,0,0,0.23090620617005372
1.0,64.89,22.16,1,0,0,0.3626578066576419
1.0,149.0,15.79,1,0,0,0.3425237504209826
1.0,11.6,18.23,1,0,0,0.45208893874747946
1.0,37.49,25.63,1,0,0,0.38089783568192026
1.0,45.9,7.78,1,0,0,0.4261354289410151
1.0,45.0,17.06,1,0,0,0.39019533592227945
1.0,49.9,14.1,1,0,0,0.3940955107542911
1.0,39.99,14.44,1,0,0,0.4031478337619599
1.0,155.9,14.11,1,0,0,0.3455485442380202
1.0,19.9,18.23,1,0,0,0.42561372543217413
1.0,84.99,14.34,1,0,0,0.3698663703933855
1.0,99.0,32.02,1,0,0,0.33031978279207275
,,,1,0,0,0.3610559326759919
1.0,99.9,155.39,1,1,0,0.2790313126115539
1.0,112.99,23.33,1,0,0,0.33741466216182797
1.0,399.79,57.28,1,0,0,0.2604828556271577
1.0,31.9,16.79,1,0,0,0.4068139538768292
1.0,22.49,19.04,1,0,0,0.4177472426425125
1.0,180.0,35.06,1,0,0,0.30396369852001837
2.0,58.0,14.1,1,0,1,0.5797712237450152
1.0,38.9,10.96,1,0,0,0.41732376930482806
1.0,84.9,19.56,1,0,0,0.3564486278384834
1.0,32.9,15.1,1,0,0,0.4101993912972027
1.0,13.45,16.11,1,0,0,0.4504987943364073
1.0,14.99,11.85,1,0,0,0.4597147021812365
1.0,144.9,21.5,1,0,0,0.33083989018944715
1.0,49.9,12.08,1,0,0,0.401227416943665
1.0,45.0,7.58,1,0,0,0.4283360776020869
3.0,201.0,62.61,1,0,0,0.46002919278354726
1.0,129.9,20.47,1,0,0,0.33714393790519487
2.0,280.0,54.12,1,0,0,0.45139219573906203
1.0,54.98,14.55,1,0,0,0.3882965146762091
1.0,129.99,14.12,1,0,0,0.3528229684453638
1.0,145.9,15.47,1,0,0,0.34423260245093723
1.0,174.9,15.97,1,0,0,0.33575041945086737
1.0,139.2,18.55,1,0,0,0.3384555521981691
1.0,120.0,18.94,1,0,0,0.34353068297987155
1.0,179.99,45.73,1,0,0,0.29467932125333895
2.0,238.1,31.87,1,0,0,0.4800421295981486
1.0,49.9,9.34,1,0,0,0.41340245790210367
1.0,139.9,23.78,1,0,0,0.32818643477776666
1.0,65.0,15.75,1,0,0,0.37731776073180123
1.0,89.9,17.88,1,0,0,0.35786012266933126
2.0,104.0,25.22,1,0,1,0.5266155887494917
1.0,69.99,13.83,1,0,0,0.3798920766688246
1.0,24.9,8.33,1,0,0,0.4519803456802277
1.0,95.0,17.92,1,0,0,0.3554550793593909
4.0,75.6,60.4,1,0,1,0.5050331717422429
1.0,14.2,7.39,1,0,0,0.4856759142059943
1.0,169.0,18.43,12,1,1,0.9999999999999467
2.0,199.8,28.69,2,1,1,0.9999999999992537
1.0,119.0,21.47,1,0,0,0.33869830330737455
1.0,1437.0,34.51,1,0,0,0.23880396280892224
2.0,50.0,14.78,1,1,1,0.5844110520328865
1.0,149.9,19.61,1,0,0,0.33324769201699167
1.0,249.9,41.82,1,0,0,0.2860996531157253
1.0,193.8,17.12,1,0,0,0.3289018448890066
1.0,99.99,17.95,1,0,0,0.3532552067806012
1.0,43.99,12.93,1,0,0,0.4038432471107681
1.0,99.0,17.94,1,0,0,0.3536915838642762
1.0,64.0,19.42,1,0,0,0.36885300741569055
1.0,99.9,16.46,1,0,0,0.3570038273652561
1.0,149.9,12.07,1,0,0,0.35395768107498005
1.0,23.99,7.78,1,0,0,0.45717901542871275
1.0,64.99,29.71,1,0,0,0.35063575742539954
1.0,45.9,10.96,1,0,0,0.4096304377173057
1.0,19.9,22.86,1,0,0,0.4155130791787312
1.0,26.9,14.1,1,0,0,0.4229213328598506
1.0,118.9,7.7,1,0,0,0.3841905654216905
1.0,74.7,19.21,1,0,0,0.3626466386459214
1.0,175.0,14.59,1,0,0,0.33955847613198564
1.0,140.0,46.45,1,0,0,0.30338497460857794
1.0,29.9,20.8,1,0,0,0.40030616895611
1.0,79.9,19.75,1,0,0,0.3586035878732971
1.0,16.99,22.06,1,0,0,0.4247333119651814
1.0,14.9,7.39,1,0,0,0.48327819096867725
1.0,148.0,23.62,1,0,0,0.32626367994572086
1.0,29.99,12.79,1,0,0,0.42230063455094935
1.0,149.0,27.59,1,1,0,0.31996032349341524
1.0,290.0,15.63,1,0,0,0.31763987166528423
1.0,49.49,23.15,1,0,0,0.3726880491385857
1.0,99.0,20.74,1,0,0,0.3476006745737499
1.0,73.5,25.06,1,0,0,0.35225566433875455
2.0,184.06,20.12,1,0,1,0.5115599886037784
1.0,54.99,8.29,1,0,0,0.4146897548211739
1.0,64.99,14.62,1,0,0,0.3806472547399764
2.0,139.8,41.96,1,0,0,0.49152839416297944
1.0,119.9,14.59,1,0,0,0.35469347555828096
1.0,130.0,18.49,1,0,0,0.341314886603137
1.0,49.0,14.1,1,0,0,0.3949215114989168
1.0,45.0,15.1,1,0,0,0.3956817888103463
1.0,159.9,18.37,1,0,0,0.33340794127992646
1.0,107.9,9.57,1,0,0,0.3781054013113204
1.0,14.9,18.23,1,0,0,0.43974083364380734
,,,1,0,0,0.3610559326759919
1.0,79.9,14.87,1,0,0,0.37090281949394344
1.0,37.9,46.93,1,0,0,0.35644464970629613
1.0,119.94,34.2,1,0,0,0.3202483724078065
1.0,22.9,24.84,1,0,0,0.40518556159551783
1.0,225.5,51.18,1,0,0,0.2829574805906057
1.0,99.9,62.73,1,0,0,0.30607470844902246
1.0,29.0,19.04,1,0,0,0.40565044213427903
1.0,35.99,15.1,1,0,0,0.4059963320188239
1.0,50.9,11.75,1,0,0,0.40161524891582473
1.0,51.45,64.81,1,0,0,0.33171011176606296
1.0,359.9,19.77,1,0,0,0.30061870654296596
1.0,66.0,14.21,1,1,0,0.3812473057915435
1.0,80.0,15.31,1,0,0,0.36955897386093767
1.0,325.0,13.77,1,1,0,0.3187460987973913
2.0,239.2,22.9,1,0,0,0.49441854226696086
1.0,49.9,9.09,1,0,0,0.4147066586998294
1.0,22.32,18.26,1,0,0,0.4199978259461077
1.0,98.99,17.97,1,0,0,0.35362471570584014
1.0,26.9,10.96,1,0,0,0.434856883499821
1.0,175.0,38.78,1,0,0,0.3014065023162157
1.0,349.9,24.38,1,0,0,0.293646697911126
1.0,135.0,23.53,1,0,0,0.3300016302467566
1.0,23.9,7.43,1,0,0,0.4596509576839611
1.0,35.9,16.44,1,0,0,0.40224632456408843
1.0,169.9,18.44,1,0,0,0.33089716475496705
1.0,169.0,31.45,1,0,0,0.3102640915269866
1.0,33.9,7.78,1,0,0,0.4404543103407909
1.0,37.99,14.1,1,0,0,0.40662437897832937
1.0,66.9,15.22,1,0,0,0.3775763527783011
1.0,55.0,15.49,1,0,0,0.3854609960926047
1.0,69.99,9.34,1,0,0,0.39807481318579463
1.0,44.0,13.61,1,0,0,0.4014624453292176
1.0,29.99,15.23,1,0,0,0.4141742376341628
1.0,114.9,19.08,1,0,0,0.3449818846543423
1.0,109.9,11.86,1,0,0,0.36749798117910726
1.0,499.9,101.29,1,0,0,0.2376809766785408
1.0,89.98,19.51,1,0,0,0.3541189882375257
1.0,48.9,13.37,1,0,0,0.397451305927782
1.0,61.9,15.19,1,0,0,0.3810826150967448
1.0,23.4,8.27,1,0,0,0.45537009270485185
2.0,67.87,26.78,1,0,1,0.5434595064513751
1.0,99.99,8.89,1,0,0,0.38480087753371844
1.0,48.9,9.09,1,0,0,0.4156405552656413
1.0,80.0,12.9,1,0,0,0.37721908116541336
1.0,84.99,10.01,1,0,0,0.38626554315705236
1.0,69.9,11.88,1,0,0,0.3868792656056302
1.0,618.0,90.95,1,0,0,0.23439986402211957
1.0,26.69,14.52,1,0,0,0.4219298105412765
1.0,72.99,33.12,1,0,0,0.34149851180429136
1.0,89.99,23.21,1,0,0,0.3469117347075134
1.0,59.9,15.18,1,0,0,0.3825661507809449
1.0,149.99,23.85,1,0,0,0.32536417414813024
1.0,45.9,15.1,1,0,0,0.39477805578051167
1.0,138.0,18.55,1,0,0,0.3387991738892352
1.0,299.99,14.93,1,0,0,0.31829344076372534
1.0,84.9,19.5,1,0,0,0.35657843431988245
1.0,24.0,18.27,1,0,0,0.4164904892730066
1.0,24.99,7.39,1,0,0,0.45774005876077
1.0,96.8,14.98,1,0,0,0.36242213131340223
1.0,53.89,18.26,1,0,0,0.37908744906126546
1.0,44.99,16.11,1,0,0,0.3927685862579451
1.0,45.0,8.29,1,0,0,0.42396062330540396
1.0,15.3,16.79,1,0,0,0.44222410285682423
1.0,299.99,14.0,1,0,0,0.3209593315498421
1.0,152.8,16.08,1,0,0,0.3407541056276034
1.0,449.0,26.01,1,0,0,0.28291191125449594
1.0,98.0,12.19,1,0,0,0.3710873691979156
1.0,27.99,11.85,1,0,0,0.4292121893228003
1.0,51.81,37.05,1,0,0,0.3517289649499278
1.0,49.99,17.6,1,0,0,0.38406211102246973
1.0,249.99,12.95,1,1,0,0.3309913280330789
1.0,109.9,42.0,1,0,0,0.31616528291629586
1.0,298.0,18.57,1,0,0,0.3097136196869057
3.0,259.95,102.98,1,0,0,0.4308611768661802
1.0,198.9,20.3,1,0,0,0.32099633946983747
1.0,113.0,23.66,1,0,0,0.3368465181166746
2.0,62.79,20.12,1,0,1,0.5597911454982526
1.0,129.99,28.0,1,0,0,0.3246754403912825
1.0,112.0,13.12,1,0,0,0.3621830617879778
1.0,79.0,17.8,1,0,0,0.36352408503321076
1.0,779.0,14.27,1,0,0,0.28767211184602587
1.0,149.9,27.59,1,0,0,0.3197294472441886
1.0,39.9,11.15,1,0,0,0.4153202818060841
1.0,25.0,7.39,1,0,0,0.45772052951049463
1.0,29.99,22.93,1,0,0,0.39592338567811325
1.0,22.0,12.81,1,0,0,0.4371384007179866
1.0,89.99,18.2,1,1,0,0.35706049287291763
1.0,422.0,22.92,1,0,0,0.28959305059623125
1.0,29.99,17.6,1,0,0,0.4075910746921827
1.0,330.0,20.41,1,0,0,0.30240798258776924
1.0,109.99,17.51,1,0,0,0.35037957159813543
1.0,59.9,25.26,1,0,0,0.3606855882903152
1.0,289.0,46.48,1,0,0,0.27762765255238087
2.0,59.8,15.42,1,0,1,0.5742145466129828
1.0,29.99,11.85,1,0,0,0.4259109188587888
1.0,164.0,14.51,1,0,0,0.34234078129966977
2.0,142.54000000000002,23.69,1,0,1,0.5153376643016943
2.0,139.8,33.48,1,0,1,0.5010286369461682
1.0,49.9,17.09,1,0,0,0.385443481621547
2.0,39.98,68.3,1,0,1,0.5299715939761492
2.0,150.0,26.16,1,0,1,0.5086651198854378
1.0,269.0,17.59,1,0,0,0.3155738784836064
1.0,529.99,18.46,1,0,0,0.29017739948882776
1.0,59.99,15.18,1,0,0,0.38249956830885645
2.0,84.0,18.84,1,0,1,0.5494534540406487
1.0,66.9,17.04,1,0,0,0.37258850767878526
1.0,85.9,29.0,1,1,0,0.33991946635974046
1.0,349.9,29.3,1,0,0,0.28695283008063177
1.0,89.9,17.54,1,0,0,0.3586827203865402
1.0,39.9,14.1,1,0,0,0.4043469903964696
1.0,64.0,13.11,1,0,0,0.38625972318312196
1.0,49.9,20.84,1,0,0,0.3767903511886577
1.0,330.0,10.47,1,0,0,0.32983921651277814
1.0,65.99,11.73,1,0,0,0.3900128504934803
1.0,29.99,50.93,1,0,0,0.3638647666806581
1.0,26.99,15.65,1,0,0,0.4179316670427393
1.0,49.9,17.6,1,0,0,0.38414305322384035
1.0,79.9,13.58,1,0,0,0.3749549816227736
1.0,15.9,14.52,1,0,0,0.44711143975270345
1.0,8.5,17.63,1,0,0,0.469026996409703
1.0,119.99,39.11,1,0,0,0.31531844443134754
1.0,69.9,17.74,1,0,0,0.36892921266983464
1.0,49.95,12.79,1,0,0,0.3985301512934197
1.0,17.0,15.1,1,0,0,0.44198339301884876
1.0,199.9,16.16,1,0,0,0.33011308207453355
1.0,59.99,16.18,1,0,0,0.37965617685653863
1.0,43.0,13.37,1,0,0,0.40334191487266496
1.0,39.99,17.92,1,0,0,0.39339929720358807
1.0,69.0,7.78,1,0,0,0.40746181849148977
2.0,92.8,19.08,1,0,1,0.5443558158110193
2.0,119.8,26.88,1,0,1,0.5174418764795025
1.0,169.99,12.21,1,0,0,0.3484224758033148
4.0,320.0,72.56,1,0,0,0.43497134052111447
1.0,152.9,18.32,1,0,0,0.3352703770167636
1.0,225.0,18.01,1,0,0,0.32119926075818794
1.0,29.0,14.1,1,0,0,0.41933424502211364
1.0,29.9,9.42,1,0,0,0.43709709609523684
1.0,149.0,44.84,8,1,1,0.9999999999999387
1.0,89.9,17.88,1,1,0,0.35786012266933126
1.0,259.9,44.62,1,0,0,0.28257560554705735
1.0,34.99,7.78,1,0,0,0.4389430905035692
1.0,92.0,17.89,1,0,0,0.35686779192973883
1.0,29.74,10.96,1,0,0,0.430037538166936
1.0,167.99,16.94,1,0,0,0.33484758594927017
1.0,122.0,12.35,1,0,0,0.36133602313165336
1.0,30.0,14.52,1,0,0,0.41636147611502977
1.0,21.99,18.23,7,1,1,0.9999999999999631
2.0,37.89,30.46,1,0,1,0.5651968498898413
1.0,59.99,16.12,1,0,0,0.37982098676964554
1.0,175.99,9.77,1,0,0,0.3569991477227154
1.0,169.9,57.86,1,0,0,0.2889616245303742
1.0,138.0,39.26,1,0,0,0.3098271251145369
1.0,99.0,31.0,1,0,0,0.33155768329058233
1.0,26.99,7.45,16,1,1,0.9999999999999682
1.0,49.0,7.6,1,0,0,0.42423814635257023
2.0,39.78,34.14,1,0,1,0.558055479668522
2.0,50.0,14.78,1,1,1,0.5844110520328865
1.0,59.9,11.81,1,0,0,0.3940175938875925
2.0,50.0,30.2,1,0,1,0.5524783832253528
1.0,84.0,23.39,1,0,0,0.3494598132511493
1.0,58.8,14.16,1,0,0,0.3865234656625314
1.0,89.99,29.15,1,0,0,0.33781000767710334
1.0,120.0,34.38,1,0,0,0.3200339904811182
1.0,109.89,13.11,1,0,0,0.36300859221304177
1.0,429.0,19.71,1,0,0,0.294725490048617
1.0,459.99,27.8,1,0,0,0.27974423465164283
3.0,179.91,90.66,1,0,0,0.4509505424419775
1.0,99.9,19.89,1,0,0,0.3489687671200503
1.0,39.9,14.1,1,0,0,0.4043469903964696
1.0,75.0,8.72,1,0,0,0.39826775233747624
1.0,33.87,17.06,1,0,0,0.4032882379291535
1.0,148.0,27.99,1,0,0,0.31966813298380714
1.0,97.0,15.43,1,0,0,0.36103988260456565
1.0,29.9,25.38,1,0,0,0.3917197537445134
1.0,64.9,7.39,1,0,0,0.4127158948194575
1.0,104.98,20.81,1,0,0,0.34505577693626627
1.0,299.0,14.53,13,1,1,0.9999999999999438
1.0,59.9,11.73,1,0,0,0.3943331797348695
1.0,199.0,12.6,1,0,0,0.34087290226064204
1.0,99.9,14.87,1,0,0,0.3614232530869162
1.0,190.0,161.73,1,0,0,0.25567899731368726
1.0,66.99,23.19,1,0,0,0.359392692178658
1.0,25.0,14.58,1,0,0,0.4248744191603008
1.0,170.3,22.9,1,0,0,0.3220905972207966
1.0,229.0,17.36,1,0,0,0.32203750971889306
1.0,11.97,18.23,1,0,0,0.45053635890683064
1.0,429.9,21.09,1,0,0,0.2920847301066371
1.0,8.9,8.72,1,0,1,0.5007098624657672
1.0,18.9,15.1,1,0,0,0.43679620098271676
1.0,105.0,17.98,1,0,0,0.35116414097749316
1.0,52.9,9.27,1,1,0,0.4110819843054139
1.0,59.0,17.66,1,0,0,0.3765350157159409
1.0,59.9,11.73,1,0,0,0.3943331797348695
1.0,12.25,15.23,1,0,0,0.457756227782824
1.0,97.49,17.93,1,1,0,0.3543537852627958
1.0,89.0,23.42,1,0,0,0.3470025239393263
1.0,95.0,7.92,1,0,0,0.3924807163755763
1.0,320.0,36.53,1,0,0,0.28225514586531447
1.0,369.9,61.6,1,0,0,0.260742924261687
2.0,74.0,30.2,1,0,1,0.5342355091454952
1.0,299.99,22.22,1,0,0,0.3024922302355932
1.0,59.9,17.67,1,0,0,0.3758428703844311
1.0,69.9,8.29,1,0,0,0.4038236170774685
1.0,99.0,16.94,1,0,0,0.35614325298614563
1.0,43.9,15.56,1,0,0,0.3954538814123318
1.0,76.89,15.98,1,0,0,0.36937708074428655
3.0,254.8,64.37,1,0,0,0.44891962563246157
1.0,269.9,35.29,1,0,0,0.289267564639587
1.0,49.95,15.1,1,1,0,0.39093896398603933
1.0,99.9,22.05,1,0,0,0.34470478612381783
1.0,29.99,7.39,1,0,0,0.44888509837695273
1.0,139.0,15.14,1,0,0,0.34709458291455314
1.0,447.0,19.28,1,0,0,0.2941837969032316
1.0,39.7,16.92,1,0,0,0.396295751150933
2.0,59.98,36.62,1,0,1,0.5357641075857715
1.0,759.0,13.51,1,0,0,0.29065515076619663
1.0,49.95,15.1,1,0,0,0.39093896398603933
1.0,22.5,40.43,1,0,0,0.38592668811207786
1.0,239.0,77.19,1,0,0,0.2682445412744182
1.0,89.9,21.12,1,0,0,0.35083894538497656
1.0,43.0,19.04,1,0,0,0.38740932088578944
1.0,124.99,21.67,1,0,0,0.3363570221413333
1.0,34.2,11.73,1,0,0,0.42015716410046916
1.0,107.99,15.86,1,0,0,0.3553766404112257
1.0,119.94,28.2,1,0,0,0.32755850780930323
2.0,35.8,25.58,18,1,1,0.9999999999999805
1.0,27.9,22.85,1,0,0,0.39945635026952536
2.0,29.6,23.72,1,0,1,0.5876774293249336
1.0,52.9,13.39,1,0,0,0.39381689330042563
1.0,550.99,17.62,1,0,0,0.290683775789463
1.0,139.0,15.28,1,0,0,0.34669922472001957
1.0,89.9,11.65,1,0,0,0.3768277778491872
2.0,121.8,26.21,1,0,1,0.5178170091011277
1.0,82.99,35.88,1,0,0,0.3331515833459342
1.0,22.5,13.43,1,0,0,0.4338106623948144
1.0,34.9,10.96,1,0,0,0.42242879017124163
1.0,14.0,15.1,1,0,0,0.45154883769346116
1.0,11.87,15.23,1,0,0,0.45931860460320917
1.0,49.9,15.1,1,0,0,0.39098424435258994
1.0,349.9,17.21,1,0,0,0.3070416791264062
1.0,222.3,42.54,1,0,0,0.2896065548932014
1.0,158.0,16.21,1,0,0,0.3390943418376358
1.0,209.0,17.71,1,0,0,0.3246470901427768
1.0,23.99,17.63,1,1,0,0.4181237762734505
1.0,80.99,11.77,1,0,0,0.38086380119354507
1.0,2999.99,126.51,1,0,0,0.18771317494273543
1.0,299.9,28.4,1,0,0,0.293353848808304
1.0,27.99,15.3,1,0,0,0.4172393641455647
1.0,16.9,10.96,1,0,0,0.4575613285200931
2.0,137.28,23.0,1,0,1,0.51832924864465
1.0,19.9,17.06,1,0,0,0.4286399251784651
1.0,37.47,18.36,1,0,0,0.39531754885369447
1.0,14.9,8.29,1,0,0,0.47754246632030234
1.0,196.9,19.26,1,0,0,0.3234894105271821
2.0,259.8,61.89,1,0,0,0.4492916278987917
1.0,55.0,18.49,1,0,0,0.3776354109400737
1.0,369.0,47.04,1,1,0,0.2691793007060518
1.0,55.0,16.15,1,0,0,0.38359682102045783
1.0,75.0,13.55,1,0,0,0.37779737586790507
1.0,56.99,16.16,1,0,0,0.38198588048313586
1.0,92.9,17.56,1,0,0,0.35725657004016664
1.0,49.0,17.64,1,0,0,0.3848612259444509
2.0,109.98,38.7,1,0,1,0.5056092334150153
1.0,55.49,16.15,1,0,0,0.3832011203900218
1.0,129.49,16.74,1,0,0,0.34565428297524414
1.0,98.81,13.81,1,0,0,0.3651473272596771
1.0,184.0,13.84,1,0,0,0.3398632209435663
1.0,53.9,0.0,1,0,1,0.5676894153564821
1.0,109.99,9.52,1,0,0,0.37753559894422806
1.0,101.99,21.37,1,0,0,0.3451429241573328
1.0,59.99,12.76,1,0,0,0.39037814035621554
2.0,49.8,23.7,1,0,1,0.5632303679245163
1.0,54.9,13.08,1,0,0,0.3932180866248907
1.0,249.9,34.23,1,0,0,0.29302481132160346
1.0,58.99,11.73,1,0,0,0.3950202191651169
1.0,50.0,18.23,1,0,0,0.3825059582051581
1.0,39.9,15.1,1,0,0,0.4012083821585167
1.0,69.9,16.12,1,0,0,0.37311611566776604
1.0,69.9,17.74,1,0,0,0.36892921266983464
1.0,85.9,17.85,1,0,0,0.3598489744336379
1.0,194.91,8.62,1,0,0,0.35863241245631894
1.0,79.9,15.86,1,0,0,0.3680590679520028
1.0,58.99,14.16,1,0,0,0.38637968794303523
1.0,134.9,16.7,1,0,0,0.344111193075343
1.0,79.0,25.14,1,0,0,0.3490891294046251
1.0,59.9,15.18,1,0,0,0.3825661507809449
3.0,161.7,127.32,1,0,0,0.44363244481318764
1.0,179.9,16.01,1,0,0,0.3345524816020715
1.0,52.9,18.65,1,0,0,0.3789903043453317
1.0,64.9,7.78,1,0,0,0.41022204922855604
1.0,27.9,12.86,1,0,0,0.42549139328947816
2.0,178.0,79.02,1,0,0,0.45612147050819973
1.0,189.9,19.21,1,0,0,0.32496559851427026
1.0,117.99,9.64,1,0,0,0.37399472483283147
1.0,16.0,14.1,1,0,0,0.44818742385148924
1.0,199.6,37.21,1,0,0,0.2980789105330798
1.0,139.9,14.0,1,0,0,0.35022102426422397
1.0,10.0,15.1,1,0,0,0.4682303739251998
1.0,388.0,23.21,1,0,0,0.2919545093272278
1.0,128.26,12.4,1,0,0,0.3590968965838232
1.0,149.97,19.35,4,1,1,0.999999999999936
1.0,119.99,24.97,1,0,0,0.3323001926817646
1.0,29.9,18.31,1,0,0,0.4059569608918491
1.0,75.0,18.81,1,0,0,0.3633742407361591
1.0,65.0,15.2,1,0,0,0.378899399499778
1.0,149.9,14.64,1,0,0,0.34551962494117716
1.0,164.9,18.4,1,1,0,0.3321432797441982
1.0,54.9,14.13,1,0,0,0.38968996541455103
1.0,18.9,12.48,1,0,0,0.4457985314368986
6.0,60.0,90.6,1,0,1,0.5004766852860976
1.0,105.0,25.57,1,1,0,0.33670400696040764
1.0,12.99,19.32,1,0,0,0.4438424802003169
1.0,125.5,16.64,1,0,0,0.34717226859421324
1.0,56.99,15.15,1,0,0,0.38486957180892645
1.0,22.5,14.1,1,0,0,0.431521293021953
1.0,36.9,18.36,1,0,0,0.39602520181365886
1.0,34.36,15.23,1,0,0,0.407769679712512
1.0,78.0,15.3,1,0,0,0.3706761755967754
1.0,40.9,7.78,1,1,0,0.43154382425771415
1.0,176.99,25.75,1,0,0,0.3160679258890937
1.0,29.9,15.1,1,0,0,0.4147111026348986
1.0,16.97,15.1,1,0,0,0.44207008584480945
1.0,109.9,21.85,1,0,0,0.3411902878049886
1.0,149.9,31.92,1,0,0,0.31423208538921577
1.0,42.9,9.44,1,0,0,0.41989703415767954
2.0,54.06,30.22,1,0,1,0.5487908472656349
1.0,148.0,9.91,1,0,0,0.3633469989949397
1.0,16.29,18.23,1,0,0,0.43536588500468165
1.0,16.9,11.85,1,0,0,0.45378560325391726
1.0,56.99,25.68,1,0,0,0.36216989848007647
1.0,99.9,23.5,1,0,0,0.34211104522808167
1.0,39.99,15.23,1,0,0,0.40071381600716055
6.0,299.4,115.92,1,0,0,0.4209595650268334
1.0,13.65,14.1,1,0,0,0.4560355176824037
1.0,74.89,27.06,1,0,0,0.34836615470208654
1.0,150.0,8.3,1,0,0,0.37096610993981616
1.0,159.9,20.09,1,0,0,0.3297471412227409
1.0,113.9,19.77,1,0,0,0.3438582118245838
1.0,56.99,25.43,1,0,0,0.3625719131212954
1.0,129.0,45.36,1,0,0,0.3072896608713964
1.0,238.0,42.65,1,0,0,0.28712978775061554
1.0,69.9,17.08,1,0,0,0.3705790635725109
1.0,79.0,12.89,1,0,0,0.3777990372330603
1.0,29.0,7.78,1,0,0,0.44795927739046315
1.0,250.0,97.56,1,0,0,0.26005853606189083
1.0,79.9,12.9,1,0,0,0.37727322019197845
1.0,29.5,15.98,1,0,0,0.4127500441609562
1.0,482.9,21.66,1,1,0,0.2872154192806675
1.0,46.9,8.72,1,0,0,0.4195806647125645
1.0,149.9,15.8,1,0,0,0.3422578776818765
1.0,39.99,7.39,1,0,0,0.4351345013670677
1.0,499.99,18.26,1,0,0,0.29252263744904616
1.0,35.9,15.79,1,0,0,0.404074993766479
1.0,43.5,16.6,1,0,0,0.39296063473447057
1.0,55.0,16.15,1,0,0,0.38359682102045783
1.0,29.5,17.92,1,0,0,0.40755701052765875
1.0,27.3,8.11,1,0,0,0.44883006753280663
1.0,198.0,17.83,1,0,0,0.3264152252771485
1.0,39.99,9.59,1,0,0,0.42242391166832577
1.0,76.49,9.53,1,0,0,0.3931866960410363
1.0,149.99,16.68,1,0,0,0.3399411741323339
1.0,26.89,16.11,1,1,0,0.4167793717590447
1.0,89.99,15.73,1,0,0,0.36335742732532483
1.0,115.0,14.56,1,1,0,0.3564982010660217
1.0,59.9,15.63,1,0,0,0.38126056059880775
1.0,21.99,15.1,1,0,0,0.4294326229204268
1.0,36.0,11.85,1,0,0,0.4172580691293273
1.0,39.99,7.54,1,0,0,0.43414507858883017
1.0,199.0,16.14,1,1,0,0.3303368010092796
1.0,56.97,16.16,1,0,0,0.3820014878037472
1.0,210.0,13.91,1,0,0,0.33454708863619487
1.0,149.0,26.32,1,0,0,0.3217733733152488
2.0,93.98,44.16,1,0,1,0.5072587127544961
1.0,66.99,17.21,1,1,0,0.37209588764115564
1.0,6.0,16.79,1,0,0,0.4884241226477926
1.0,189.9,21.82,1,0,0,0.31986993755441645
1.0,89.9,12.13,1,0,0,0.37498773258280577
1.0,158.0,18.69,1,1,0,0.3331626090566165
1.0,118.9,19.8,1,0,0,0.3420579191020666
1.0,104.0,13.75,1,0,0,0.3631920760745734
1.0,67.9,12.61,1,1,0,0.38542098958886895
1.0,47.9,19.32,1,0,0,0.3818942529596102
1.0,38.0,15.1,1,0,0,0.4034678518183915
1.0,258.9,86.97,1,0,0,0.2621467300899714
1.0,79.0,13.46,1,0,0,0.37584396511851076
1.0,129.99,18.71,13,1,1,0.9999999999999489
1.0,119.0,40.9,1,0,0,0.314029749732116
1.0,38.9,8.27,1,0,0,0.4309170116782514
1.0,24.99,15.1,1,0,0,0.4232666726178202
1.0,129.0,13.46,1,0,0,0.35523121840285193
1.0,59.95,16.86,4,1,1,0.9999999999999472
2.0,199.8,35.66,1,0,0,0.48274527890724256
1.0,24.99,8.34,1,0,0,0.451745361031618
1.0,397.9,17.54,1,0,0,0.3018167510368259
1.0,94.9,9.41,1,0,0,0.38438136235933873
1.0,24.95,19.32,1,0,0,0.41212726477486433
1.0,224.8,8.83,1,0,0,0.35192072870138424
1.0,79.9,16.32,1,0,0,0.3668069504019955
1.0,66.99,19.38,1,1,0,0.3669590007476526
1.0,249.0,17.5,1,0,0,0.3186097426817468
1.0,325.0,38.96,1,0,0,0.2795468654637308
1.0,19.9,12.48,1,0,0,0.44327326623148017
1.0,120.9,45.69,1,0,0,0.30950678078192556
1.0,499.99,15.94,1,0,0,0.2978135111108437
1.0,49.5,17.6,1,0,0,0.3845047562706596
1.0,10.5,18.23,1,0,0,0.4570192984215148
1.0,129.99,40.24,1,0,0,0.3112207673525522
1.0,72.0,17.41,1,0,0,0.36846487335078615
1.0,29.99,7.47,1,0,0,0.4483513095768064
1.0,49.9,8.27,1,0,0,0.4192774803019537
1.0,109.99,64.14,1,0,0,0.3016656423819812
1.0,62.0,9.18,1,0,0,0.4043315695132304
1.0,67.5,11.97,1,0,0,0.38807467816261243
2.0,119.8,130.46,1,0,0,0.4556274076250764
1.0,179.9,16.01,1,0,0,0.3345524816020715
1.0,597.9,21.44,1,0,0,0.28065694299272886
1.0,6.9,15.65,1,0,0,0.4848914778558768
1.0,39.99,8.88,1,0,0,0.4261461549996936
1.0,104.9,23.31,1,0,0,0.34045094836911377
1.0,89.18,9.44,1,0,0,0.3869198442282269
1.0,45.99,7.39,13,1,1,0.9999999999999649
1.0,379.99,26.52,1,0,0,0.28775866394486965
1.0,49.0,7.78,1,0,0,0.4230943201432321
1.0,43.8,14.44,1,0,0,0.3989545376457485
2.0,119.8,21.0,1,0,1,0.5285014519683409
1.0,18.9,19.04,1,0,0,0.4261452994138236
1.0,110.32,15.65,1,0,0,0.35507170504391405
1.0,65.9,13.48,1,0,0,0.38369906104184504
1.0,89.9,12.58,1,0,0,0.3733365027931769
2.0,51.54,14.78,1,0,1,0.5830128048586247
1.0,79.9,22.27,1,0,0,0.3535775333982661
1.0,139.9,23.78,1,0,0,0.32818643477776666
1.0,61.0,12.77,1,0,0,0.38959686049952447
1.0,17.99,8.29,1,0,0,0.46818844892280487
1.0,259.9,26.66,1,0,0,0.3007020356549447
2.0,94.89,27.51,1,0,1,0.5269260543490769
1.0,29.99,17.14,1,0,0,0.40878606587961047
2.0,118.0,15.56,1,0,1,0.5430361602780936
1.0,19.9,15.1,1,0,0,0.4342819700939666
1.0,25.86,24.84,1,0,0,0.39943145516249345
1.0,29.9,14.1,1,0,0,0.4178816244315502
1.0,34.9,7.87,1,0,0,0.4384995816810981
1.0,61.99,27.49,1,0,0,0.3557622320430097
1.0,9.0,14.1,1,0,0,0.47671155744586813
1.0,127.0,17.14,1,0,0,0.3454364910477964
1.0,119.99,18.72,1,0,0,0.3440216615646266
1.0,169.9,14.97,1,0,0,0.3396184687114049
1.0,139.99,14.37,1,0,0,0.3490622663682351
1.0,199.0,38.94,1,0,0,0.29659283680195286
1.0,23.7,14.1,1,0,0,0.4290089062095344
1.0,59.0,16.38,1,0,0,0.37984792290911795
1.0,32.99,7.78,1,0,0,0.44175646829391296
1.0,34.99,15.1,1,0,0,0.4073121883851335
1.0,49.99,11.37,1,0,0,0.40397874517665794
1.0,55.0,18.49,1,0,0,0.3776354109400737
1.0,185.0,19.17,1,0,0,0.326044602215644
1.0,590.0,16.57,1,0,0,0.2908124656324241
1.0,45.9,10.96,1,0,0,0.4096304377173057
2.0,229.8,26.76,1,0,0,0.4891717866098469
1.0,53.99,14.13,1,0,0,0.39044108823796514
1.0,93.9,11.27,1,0,0,0.3764799075725013
1.0,412.0,30.26,1,0,0,0.28036397665600693
1.0,29.0,15.3,1,0,0,0.415554551420404
1.0,82.99,11.16,1,0,0,0.38225233326157454
1.0,99.9,26.78,1,0,0,0.3368874722123764
1.0,45.6,15.1,1,0,0,0.3950771222643307
2.0,118.9,24.96,1,0,1,0.5210631452168571
1.0,115.0,47.25,1,0,0,0.31025571382322586
1.0,214.9,17.75,1,0,0,0.32350809857645657
2.0,59.98,44.12,1,0,1,0.5280372761044816
1.0,193.99,26.2,1,0,0,0.311979389104383
1.0,89.9,35.95,1,0,0,0.32983020001620356
1.0,35.6,7.99,1,0,0,0.4368091067673661
1.0,24.9,15.79,1,0,0,0.4213765156059126
1.0,180.49,9.01,1,0,0,0.35967416489922127
1.0,23.7,14.1,1,0,0,0.4290089062095344
2.0,26.99,28.19,1,0,1,0.5846221266267084
1.0,30.0,7.78,1,0,0,0.4463227251227178
1.0,69.0,11.98,1,0,0,0.3870648500265913
1.0,24.35,15.27,1,0,0,0.4239947464251489
1.0,130.0,16.35,1,0,0,0.3464979128631145
1.0,100.0,25.25,1,0,0,0.33918249669551687
1.0,25.9,16.11,1,0,0,0.4185696690990851
1.0,239.99,38.08,1,0,0,0.29071569097767586
3.0,897.0,48.78,1,0,0,0.40996874710273556
1.0,86.9,16.24,1,0,0,0.36344460767335385
1.0,39.9,15.1,1,0,0,0.4012083821585167
1.0,18.99,14.52,1,0,0,0.43839688213732547
1.0,159.9,15.87,1,1,0,0.33951993622081716
1.0,89.0,41.6,1,0,0,0.32485027452014126
1.0,22.5,21.19,1,0,0,0.412957764454547
1.0,59.99,8.58,1,0,0,0.40906210276420585
1.0,69.9,13.08,1,0,0,0.38247381675316827
1.0,39.99,25.63,1,0,0,0.37796955342908195
1.0,99.9,16.46,1,0,0,0.3570038273652561
1.0,55.3,15.14,1,0,0,0.38624371257132634
1.0,61.5,13.58,1,0,0,0.38642352872599256
1.0,149.9,18.3,1,0,0,0.33609359766760194
1.0,86.0,12.1,11,1,1,0.9999999999999565
1.0,75.99,12.87,1,0,0,0.3795569703426857
1.0,527.9,25.63,1,0,0,0.27818043836542616
1.0,49.9,17.6,1,0,0,0.38414305322384035
1.0,127.0,14.62,1,0,0,0.35225449813046783
1.0,59.9,35.74,1,0,0,0.346892198420539
2.0,212.99,34.7,1,1,0,0.48115732836769026
1.0,117.3,31.96,1,0,0,0.32365511550221093
1.0,159.99,16.0,1,0,0,0.3391528331188805
1.0,27.9,14.1,1,0,0,0.4211770260279675
2.0,29.98,23.57,1,0,1,0.587350328361393
1.0,99.9,22.0,1,0,0,0.3447978111158576
1.0,120.0,36.19,1,0,0,0.31814038628546654
1.0,23.99,7.39,1,0,0,0.45973580383857415
1.0,27.99,14.11,1,0,0,0.4209903176995807
1.0,110.0,38.97,1,1,0,0.31882970712602066
1.0,16.9,15.1,1,0,0,0.44227299282113913
1.0,149.97,16.12,1,0,0,0.3413886347416499
1.0,119.85,11.86,1,1,0,0.3638862649702453
1.0,22.99,11.85,1,0,0,0.43871197640709475
1.0,19.99,9.34,1,0,0,0.45709661175870503
1.0,32.0,17.63,1,0,0,0.4044663135525058
1.0,71.82,28.9,1,0,0,0.34750438578031934
1.0,72.9,35.83,1,0,0,0.33854136702684157
2.0,178.36,30.76,1,0,0,0.4939890114487834
1.0,179.99,15.01,1,0,0,0.337255094993141
1.0,79.9,14.31,1,0,0,0.37261011538399624
1.0,19.49,7.39,1,0,0,0.4699511289562248
1.0,12.25,14.1,1,0,0,0.4614006197562553
1.0,89.9,16.39,1,0,0,0.3616096473899335
1.0,69.0,22.19,1,0,0,0.3599591284241047
1.0,29.99,22.06,1,0,0,0.3975981612103946
1.0,13.99,15.23,1,0,0,0.45118156618491373
1.0,110.0,26.99,1,0,0,0.33270196928161366
1.0,29.99,7.87,1,0,0,0.44577051453845395
2.0,151.8,25.32,1,0,1,0.5095893493523014
1.0,139.9,8.23,1,0,0,0.37423930825522095
1.0,119.99,29.87,1,0,0,0.3253316862854875
1.0,35.99,25.38,1,0,0,0.38317182592506766
1.0,18.99,17.78,1,0,0,0.4290233231053114
1.0,49.0,12.79,1,0,0,0.3994049365854268
1.0,322.0,186.38,1,0,0,0.2356636823447077
1.0,35.5,18.0,1,0,0,0.39869689439272377
1.0,38.99,14.1,1,0,0,0.4054168505084727
1.0,45.9,17.93,1,0,0,0.38709140862191344
1.0,129.9,23.49,1,0,0,0.33158511497797394
1.0,329.0,22.25,1,0,0,0.2992067861180121
2.0,55.8,30.2,1,0,1,0.5473380284121326
1.0,119.4,14.18,1,0,0,0.35611028777464426
1.0,93.0,18.23,1,0,0,0.3556127847433629
1.0,349.99,26.9,1,1,0,0.2900236269052475
1.0,62.9,18.01,1,0,0,0.37286594385455346
1.0,74.8,17.65,1,0,0,0.36622819908629506
1.0,66.99,18.57,1,0,0,0.3687940480009048
1.0,49.9,14.1,1,0,0,0.3940955107542911
1.0,119.99,12.17,1,0,0,0.3626795971360501
1.0,54.0,16.63,1,0,0,0.38311423724157273
1.0,117.3,22.29,1,0,0,0.3377525247037676
1.0,26.9,11.85,1,0,0,0.4311196068636084
3.0,588.0,53.82000000000001,1,0,0,0.42213677510477726
1.0,29.99,14.1,1,0,0,0.41773896059385945
1.0,109.99,14.85,1,0,0,0.3574763673422731
1.0,169.0,8.44,1,0,0,0.36532459982327253
1.0,99.0,12.08,1,0,0,0.37106727116144844
1.0,28.9,13.54,1,0,0,0.42138969772317136
1.0,6.0,15.1,1,0,0,0.49342541565925996
1.0,96.0,15.42,1,1,0,0.361503102723593
1.0,499.9,19.47,1,0,0,0.2900785635929636
1.0,23.99,8.33,1,0,0,0.453796113687894
1.0,57.9,13.07,1,0,0,0.3908631393055972
1.0,29.0,7.78,1,0,0,0.44795927739046315
1.0,175.0,12.43,1,0,0,0.34649017357351775
1.0,199.9,35.16,1,0,0,0.30003492482381144
1.0,109.0,39.71,1,0,0,0.31850460380310397
1.0,245.0,20.4,1,0,0,0.3130768114547224
1.0,93.5,19.62,1,0,0,0.35228245765137967
1.0,358.99,16.26,1,0,0,0.30840931620196516
1.0,32.8,14.1,1,1,0,0.41350320591487155
1.0,39.0,24.35,1,0,0,0.381258080953813
1.0,99.9,14.3,1,0,0,0.3631429492405019
1.0,69.9,16.25,1,0,0,0.37276242766936796
2.0,153.4,85.42,1,0,0,0.4597078490395572
1.0,39.99,7.39,1,0,0,0.4351345013670677
1.0,79.9,9.37,1,0,0,0.3920661435404092
1.0,189.0,38.23,1,0,0,0.29910142263056755
1.0,103.99,24.12,1,0,0,0.33942758097575265
1.0,49.9,12.43,1,0,0,0.39989883104880575
1.0,144.99,18.26,1,0,0,0.3374966182644723
1.0,97.49,12.64,1,0,0,0.3696727279352648
1.0,249.0,19.62,1,0,0,0.3140261696879625
1.0,74.9,15.27,1,0,0,0.372513088629425
1.0,48.9,16.11,1,0,0,0.3889871148120914
1.0,12.98,14.52,1,0,0,0.4571391178200841
1.0,179.9,17.51,1,1,0,0.33082310161104406
1.0,219.99,22.03,1,0,0,0.3140120354067198
1.0,259.9,35.62,1,0,0,0.29025380910757814
1.0,28.9,7.94,1,0,0,0.4471199520946298
1.0,157.0,18.98,1,0,0,0.332777536193087
1.0,139.9,19.08,1,0,0,0.33709095572714104
1.0,13.7,7.78,1,0,0,0.4848906862817976
1.0,184.9,14.63,1,0,0,0.3373002168876398
1.0,299.99,17.86,1,0,0,0.3110252740870417
1.0,224.0,9.92,1,0,0,0.3468226538988416
1.0,49.99,7.61,1,0,0,0.4232459369668044
,,,1,0,0,0.3610559326759919
1.0,29.9,15.11,1,0,0,0.41468061521195904
1.0,53.9,21.35,1,0,0,0.37233509454978375
2.0,39.8,36.48,1,0,1,0.5552526858440956
1.0,89.0,16.81,1,0,0,0.36093787053612636
1.0,110.0,23.35,1,0,0,0.3384603625751495
1.0,57.49,16.16,1,0,0,0.38159765592390377
1.0,26.9,13.71,1,0,0,0.42423197761685666
1.0,99.9,23.63,1,0,0,0.3418878342861862
1.0,89.9,17.88,1,0,0,0.35786012266933126
1.0,159.99,30.96,1,0,0,0.31290300212520533
1.0,209.0,17.71,1,0,0,0.3246470901427768
1.0,47.49,9.94,1,0,0,0.4127029770871281
1.0,173.25,23.79,1,0,0,0.3199415609265216
2.0,130.0,62.66,1,0,0,0.47868721970346223
1.0,49.0,8.5,1,0,0,0.4187886170786346
1.0,33.99,16.11,1,0,0,0.4057147046913713
1.0,299.9,17.5,1,0,0,0.31184995945460997
1.0,59.9,9.09,1,0,0,0.40636016158734894
1.0,59.9,13.44,1,0,0,0.3880689520143738
1.0,349.0,23.52,1,0,0,0.29507338913608294
1.0,39.99,18.23,1,0,0,0.3926386465007287
1.0,29.99,12.87,1,0,0,0.42200722492948944
2.0,44.0,30.2,1,0,1,0.5584939065002317
1.0,34.99,11.85,1,0,0,0.4185977801855452
1.0,89.99,8.98,1,0,0,0.3888775868735985
1.0,129.0,26.98,1,0,0,0.3264089873858145
1.0,140.9,26.27,1,0,0,0.3240055962177369
1.0,74.9,12.65,1,0,0,0.38097093620506584
2.0,459.98,70.48,1,0,0,0.4211629673451504
1.0,39.99,8.72,1,0,0,0.4270299205439449
1.0,128.0,18.15,1,0,0,0.34271166831248195
1.0,106.0,37.43,1,0,0,0.32175818336533774
2.0,107.8,0.0,1,0,1,0.7160055483241267
1.0,899.9,24.07,1,0,0,0.26389572429286845
1.0,49.0,7.6,9,1,1,0.999999999999964
1.0,163.9,43.61,1,0,0,0.29971581631393035
1.0,58.99,13.07,1,0,0,0.390028406750901
1.0,159.9,20.61,1,0,0,0.3287130698607372
1.0,89.9,16.35,1,0,0,0.36171573145403096
1.0,49.0,15.11,1,0,0,0.39177801014645025
1.0,195.9,14.39,1,0,0,0.3357706266231803
3.0,599.7,82.44,1,0,0,0.40547316002089484
2.0,39.8,25.6,1,0,1,0.5703661110774346
1.0,712.5,85.16,1,0,0,0.23213054606823416
1.0,49.9,8.29,1,0,0,0.4191602149128531
1.0,79.9,12.9,1,0,0,0.37727322019197845
1.0,149.0,16.48,1,0,0,0.34071172978660824
5.0,399.68,85.0,1,0,0,0.42020226590424997
1.0,56.0,14.55,1,0,0,0.38747309528926793
1.0,49.0,17.67,1,0,0,0.38478623269646794
1.0,152.0,23.86,1,1,0,0.32483332413863847
1.0,75.0,17.81,1,0,0,0.3657233638973617
3.0,832.4100000000001,73.44,1,0,0,0.3973243369407942
1.0,49.0,14.52,1,0,0,0.3935839364910412
1.0,190.0,21.75,1,0,0,0.31997710638580895
1.0,24.9,8.27,1,0,0,0.452337356395311
1.0,33.9,13.72,1,0,0,0.41321809054660597
1.0,107.0,17.46,1,0,0,0.3516336079501038
1.0,49.9,20.99,1,0,0,0.37648287573659356
1.0,22.32,15.26,1,0,0,0.42822237933106017
1.0,33.9,7.39,1,0,0,0.44299389755089114
1.0,239.0,14.69,1,0,0,0.3273454395698508
1.0,152.72,11.68,1,0,0,0.3546667818090368
1.0,184.0,10.04,1,0,0,0.35399527378277607
1.0,69.99,15.59,1,0,0,0.37453704022863016
1.0,21.99,17.47,1,0,0,0.4227227825652976
1.0,56.99,11.9,1,0,0,0.3959030931197526
1.0,95.0,15.77,1,0,0,0.3609636850378955
1.0,69.9,11.73,1,0,0,0.387465303988044
1.0,89.9,12.33,1,1,0,0.37424536855006135
1.0,81.99,7.92,1,0,0,0.39892550421434075
1.0,79.99,15.44,1,0,0,0.36919137276850683
1.0,24.99,22.85,1,0,0,0.4046523658889462
1.0,733.0,23.01,1,0,0,0.2717002296786734
1.0,23.0,22.09,1,0,0,0.41007584861311835
1.0,75.0,9.34,1,1,0,0.3950065800001935
1.0,104.9,14.9,1,0,0,0.3592961019939799
1.0,122.99,39.13,1,0,0,0.3143469072331277
1.0,75.0,29.94,1,0,0,0.34429297137662557
1.0,79.9,17.3,1,0,0,0.36427116097987017
1.0,73.35,12.85,1,0,0,0.381170156044244
1.0,143.0,38.55,1,0,0,0.30913345981859397
1.0,149.9,51.55,1,0,0,0.29731184744814965
2.0,109.8,17.44,1,0,1,0.540929275831456
1.0,81.0,20.89,1,0,0,0.35566413048919243
2.0,92.89,28.2,1,0,1,0.5268083995064794
1.0,20.3,8.11,1,0,0,0.4633133730035963
1.0,45.33,16.11,1,0,0,0.39242567028166836
1.0,529.0,27.83,1,0,0,0.2752003797944593
1.0,159.9,12.62,1,0,0,0.3494026861686504
3.0,970.0,62.36,1,0,0,0.3977154227554444
1.0,39.49,11.85,1,0,0,0.41292417651141455
1.0,809.91,32.4,1,0,0,0.256964422398617
1.0,45.0,9.34,1,0,0,0.4181844006891524
1.0,15.9,15.1,1,0,0,0.4452712601013628
1.0,49.9,14.1,1,0,0,0.3940955107542911
1.0,569.9,22.87,1,0,0,0.2798310807693826
4.0,119.6,47.4,1,0,0,0.4938104010575141
1.0,150.0,12.55,1,0,0,0.3522058886505054
1.0,89.0,37.92,1,0,0,0.3282491908290359
1.0,205.0,15.04,1,0,0,0.3321596906234123
2.0,68.8,31.57,1,0,1,0.5356890127847144
1.0,110.32,8.03,2,1,1,0.9999999999988467
1.0,48.9,9.74,1,0,0,0.4123253896837308
1.0,119.0,18.93,1,0,0,0.34389084514298374
1.0,19.99,7.78,1,0,0,0.4661367140656194
1.0,99.99,14.43,1,0,0,0.3627060748192302
2.0,637.9,33.95,1,0,0,0.4372917583527489
1.0,159.9,18.03,1,0,0,0.3341796506298155
1.0,25.0,11.85,2,1,1,0.9999999999990594
1.0,147.0,31.78,1,0,0,0.31513838138876077
1.0,179.0,40.58,1,0,0,0.2989894725901646
1.0,98.99,15.8,1,0,0,0.3591574892393848
1.0,95.9,17.92,1,0,0,0.3550619855227464
1.0,36.0,9.27,1,0,0,0.42902113456674473
1.0,55.9,20.84,1,0,0,0.3717584591681133
2.0,310.0,55.26,1,0,0,0.44635856672095287
1.0,59.9,13.44,1,0,0,0.3880689520143738
1.0,59.9,17.67,1,0,0,0.3758428703844311
1.0,39.9,11.85,5,1,1,0.9999999999999598
1.0,109.9,12.47,1,0,0,0.3652408710108603
1.0,179.0,88.76,1,0,0,0.2739746427706104
1.0,13.99,7.78,1,0,0,0.4838464244794147
1.0,109.99,15.94,1,0,0,0.354401749057872
1.0,19.9,11.85,1,0,0,0.445752818457975
1.0,219.99,35.7,1,0,0,0.296051277349807
1.0,30.9,34.15,1,0,0,0.3779502425088836
1.0,34.9,17.63,1,0,0,0.4004166335904299
1.0,89.9,17.88,1,1,0,0.35786012266933126
1.0,27.93,15.3,1,0,0,0.41734150365233647
1.0,195.3,17.81,1,0,0,0.3269826477811267
1.0,48.95,19.32,1,0,0,0.38092106041943447
1.0,579.8,44.45,1,0,0,0.25681832738734506
1.0,69.9,15.24,1,0,0,0.37560065168488793
1.0,58.9,25.25,1,0,0,0.36143148851495915
1.0,59.99,34.22,1,0,0,0.34850475337676
1.0,79.9,15.86,1,1,0,0.3680590679520028
1.0,199.9,18.14,1,0,0,0.3253489137816785
2.0,510.0,31.08,1,0,0,0.4498182130503112
1.0,39.9,11.73,1,0,0,0.4129221217345648
2.0,71.8,31.12,1,0,1,0.5343331115484982
1.0,99.99,14.43,1,0,0,0.3627060748192302
1.0,34.49,9.27,1,0,0,0.43105446269561754
1.0,102.0,9.85,1,0,0,0.379157865488238
1.0,285.0,27.02,1,0,0,0.29695215035081246
1.0,24.0,15.23,1,0,0,0.4248126254513739
1.0,500.0,21.6,1,0,0,0.2861739971179304
1.0,44.9,16.5,1,0,0,0.39178692500712053
1.0,199.99,16.16,1,0,0,0.3300959179283968
1.0,45.0,15.1,1,0,0,0.3956817888103463
1.0,109.9,19.05,1,0,0,0.3468588599007406
1.0,49.99,16.79,1,0,0,0.3861485171392474
1.0,59.9,35.74,1,0,0,0.346892198420539
,,,1,0,0,0.3610559326759919
1.0,69.9,21.13,1,0,0,0.361455337309868
1.0,64.8,18.33,1,0,0,0.3708018118141192
1.0,157.9,24.26,1,0,0,0.32271519141501537
1.0,14.9,15.1,1,0,0,0.4484721506831355
1.0,58.2,15.16,1,0,0,0.3839041759128603
1.0,19.9,7.78,1,0,0,0.4663592854216036
1.0,759.9,32.27,1,0,0,0.25898771152256184
1.0,76.2,7.4,1,0,0,0.4054402420023929
1.0,149.0,44.84,1,0,0,0.30227753964556964
1.0,79.99,8.91,1,0,0,0.3943976854447045
1.0,229.9,19.49,1,0,0,0.31722292453572204
1.0,24.75,16.11,1,0,0,0.4207438321214738
1.0,199.9,25.01,1,0,0,0.3126418022690912
1.0,110.0,18.02,1,0,0,0.3491594407689102
2.0,119.8,37.04,1,0,1,0.5036104756608641
1.0,19.9,16.11,1,0,0,0.4312769820412068
1.0,2999.89,41.84,1,0,0,0.214648660101679
1.0,37.99,25.63,1,0,0,0.38029531856174253
1.0,82.94,17.71,1,0,0,0.3616716397763643
1.0,59.89,17.67,1,0,0,0.37585022435667176
1.0,199.0,23.1,1,0,0,0.31587954155732956
1.0,59.0,7.39,1,0,0,0.41705113922988046
1.0,285.0,24.57,1,0,0,0.3004894456265677
1.0,69.9,16.68,1,0,0,0.3716155211349482
1.0,120.9,17.1,1,0,0,0.34752679627425037
1.0,16.9,15.1,1,0,0,0.44227299282113913
1.0,97.65,18.78,1,0,0,0.35232176305026974
1.0,53.9,14.13,1,0,0,0.3905161328801235
,,,1,0,0,0.3610559326759919
1.0,129.0,20.14,3,1,1,0.999999999999899
1.0,65.99,16.22,1,0,0,0.3753540777715346
2.0,194.89,45.21,1,0,0,0.4739531092052521
1.0,132.9,15.68,1,0,0,0.3473958693219769
1.0,215.0,21.0,1,0,0,0.31674197162700013
1.0,119.9,18.94,1,0,0,0.3435643529722659
1.0,16.9,16.79,1,0,0,0.43734255809493394
1.0,105.0,26.81,1,1,0,0.33483187851712193
1.0,489.0,21.52,1,1,0,0.2870431909515455
1.0,62.8,34.24,1,0,0,0.3465362012184416
1.0,370.0,17.41,1,0,0,0.3046289214202598
1.0,254.0,13.28,5,1,1,0.9999999999999425
1.0,229.99,54.21,1,0,0,0.2804176924685755
1.0,54.0,27.76,1,0,0,0.3613384858985324
1.0,34.76,10.96,1,0,0,0.4226187790557509
1.0,109.99,0.0,1,0,1,0.535119648281608
1.0,419.0,61.59,1,1,0,0.2568350424405228
1.0,174.9,16.98,1,0,0,0.33318508225940763
1.0,49.9,22.89,1,0,0,0.3727979472131985
1.0,86.99,9.36,1,0,0,0.3883998496402596
1.0,19.9,18.24,1,0,0,0.42558882792019387
2.0,150.0,32.32,1,0,0,0.49943165384225696
1.0,748.0,30.27,1,0,0,0.2615900480227926
3.0,269.70000000000005,53.64,1,1,0,0.45362928043626655
1.0,49.95,37.04,1,0,0,0.3533221201531547
1.0,27.99,11.85,1,0,0,0.4292121893228003
1.0,335.0,17.1,1,0,0,0.3088317118389816
1.0,119.9,27.16,1,0,0,0.32902927923442243
3.0,324.0,57.900000000000006,1,0,0,0.4430453434946605
1.0,45.99,18.23,1,0,0,0.3862711873901952
1.0,24.95,16.11,1,0,0,0.4203580403920432
1.0,61.4,22.36,1,0,0,0.3646752655140109
1.0,79.9,9.37,1,0,0,0.3920661435404092
1.0,84.99,16.35,1,0,0,0.3640936674952011
1.0,44.9,7.39,1,0,0,0.42968609704783506
2.0,378.0,29.8,1,0,0,0.4636881446071663
1.0,199.9,14.51,1,0,0,0.3346405468360957
1.0,99.9,17.95,1,0,0,0.3532925326036303
2.0,63.98,47.56,1,1,1,0.5219644009852473
1.0,99.99,12.09,1,0,0,0.3706084961449985
1.0,120.0,16.05,1,0,0,0.3505346754024815
1.0,159.99,32.15,1,0,0,0.3115046261739247
1.0,79.0,15.3,1,0,0,0.3701281537185772
1.0,249.99,79.48,1,0,0,0.26589323225543027
1.0,139.9,18.23,1,0,0,0.3389796671564916
1.0,29.9,16.05,1,0,0,0.4119132830186591
1.0,121.9,29.25,1,0,0,0.3255136856578966
1.0,79.08,17.8,1,0,0,0.3634809062115515
1.0,207.3,16.2,1,0,0,0.3286276125024097
1.0,67.9,20.93,1,0,0,0.36310426024489784
1.0,192.99,70.23,1,0,0,0.27836617782658557
1.0,99.9,0.0,1,0,1,0.5394449364552412
1.0,328.0,22.93,1,0,0,0.29817247631660454
1.0,100.8,58.9,1,0,0,0.30782048846192106
1.0,29.9,16.6,1,0,0,0.41037873992178925
1.0,58.99,16.73,1,0,0,0.37892046605544244
1.0,170.0,18.0,1,0,0,0.33186826427073185
2.0,25.98,17.44,1,0,1,0.6073687657747603
1.0,29.99,18.31,1,0,0,0.40581553003059073
1.0,99.0,14.44,1,0,0,0.3630930492786729
1.0,119.9,19.14,1,0,0,0.3431268114023267
1.0,348.0,17.74,1,0,0,0.3060294439248704
1.0,129.9,14.03,6,1,1,0.9999999999999503
1.0,99.0,13.03,1,0,0,0.36765862587695713
1.0,35.0,7.78,1,0,0,0.43892946128575994
1.0,94.9,11.29,1,0,0,0.3759458799130776
1.0,196.36,13.71,1,0,0,0.3377471834817812
1.0,97.9,15.44,1,0,0,0.36062447497968825
1.0,79.99,18.0,1,0,0,0.3625124253294424
1.0,149.0,51.33,1,0,0,0.2976769347250797
1.0,133.0,16.56,1,0,0,0.3450372148889797
1.0,49.0,7.78,1,0,0,0.4230943201432321
1.0,229.79,19.41,1,0,0,0.3174047979255238
1.0,94.9,19.85,1,0,0,0.3511762854513739
1.0,66.0,43.4,1,0,0,0.3355193452508614
1.0,24.99,15.1,1,0,0,0.4232666726178202
1.0,24.9,15.1,1,0,0,0.4234399014588768
2.0,78.0,30.46,1,0,1,0.531442352323782
4.0,759.96,204.8,1,0,0,0.3670215751745491
1.0,159.9,27.38,1,0,0,0.31755703262655677
1.0,89.9,8.98,1,0,0,0.38892104826698193
1.0,249.9,133.3,1,0,0,0.2517172025797771
1.0,67.99,8.88,1,0,0,0.40177257697740587
2.0,178.98,16.74,1,1,1,0.5212962851936592
1.0,30.0,15.11,1,0,0,0.41452247786326757
1.0,67.0,14.05,1,0,0,0.3810960642544752
1.0,23.8,15.79,1,0,0,0.42354668222926223
1.0,139.99,18.59,1,0,0,0.3381418192337363
1.0,114.9,23.6,1,0,0,0.33627919746149876
3.0,74.25,46.68,1,0,1,0.5161329875277836
1.0,27.99,16.79,1,0,0,0.4129863290595291
1.0,64.99,18.71,1,0,0,0.3697873640926011
3.0,897.0,143.52,1,0,0,0.37191151903968267
1.0,59.9,19.61,1,0,0,0.3713268147036696
1.0,11.55,7.78,1,0,0,0.4934083654892824
1.0,33.9,19.15,1,0,0,0.39808787016365693
1.0,59.9,17.67,1,0,0,0.3758428703844311
1.0,48.0,18.23,1,0,0,0.3843404980582222
1.0,219.99,18.25,1,0,0,0.3215027213177266
1.0,125.25,18.98,1,0,0,0.3417184150547525
1.0,80.0,18.8,1,0,0,0.36064485739090485
1.0,99.99,50.99,1,0,0,0.31303289438756965
1.0,6.27,12.79,1,0,0,0.499219639305296
1.0,139.0,61.35,3,1,1,0.9999999999998761
1.0,89.9,19.82,1,0,0,0.35349291818924683
1.0,80.9,16.76,10,1,1,0.999999999999954
1.0,99.99,25.54,1,1,0,0.3387310989304962
1.0,76.9,13.56,1,0,0,0.3766775073416219
1.0,49.95,15.1,1,1,0,0.39093896398603933
1.0,49.99,14.52,1,0,0,0.3926773173229008
1.0,38.0,121.95,1,0,0,0.3240506638095301
1.0,187.0,16.75,1,0,0,0.3311737768161883
1.0,25.0,25.63,1,0,0,0.3996879163037958
1.0,97.99,47.77,1,0,0,0.3160932630916107
1.0,51.5,14.11,1,0,0,0.39263444497128946
1.0,42.9,16.11,1,0,0,0.3949410464370851
1.0,45.9,13.37,1,0,0,0.4003427970980363
1.0,52.9,23.17,1,0,0,0.369702952063695
2.0,158.0,31.98,1,0,0,0.4976027022144239
1.0,59.9,16.18,1,0,0,0.3797225687387746
1.0,149.99,178.33,1,0,0,0.2611349747391365
1.0,159.0,27.87,1,0,0,0.3170953828422034
1.0,67.9,15.69,1,0,0,0.3755759550173679
1.0,31.9,14.1,1,0,0,0.4148157311633416
1.0,299.0,9.35,1,1,0,0.33845771045593626
1.0,89.0,22.96,1,0,0,0.3478128565024422
1.0,119.9,15.59,1,0,0,0.35181946946770615
1.0,289.9,17.79,1,0,0,0.3124108349877747
1.0,97.99,41.08,1,0,0,0.3214698484421033
1.0,54.99,9.49,1,0,0,0.4081884601234554
1.0,22.0,11.85,1,0,0,0.4408530610153344
1.0,35.0,7.51,1,0,0,0.44067142558604594
1.0,49.5,9.1,1,0,0,0.41502480912019013
1.0,119.0,14.17,1,0,0,0.3562790591126677
1.0,104.0,13.75,1,0,0,0.3631920760745734
1.0,108.0,23.08,1,1,0,0.33967138456972207
1.0,31.9,16.79,1,0,0,0.4068139538768292
1.0,55.0,37.3,1,0,0,0.34889931626074794
1.0,17.45,11.85,1,0,0,0.45220671770593207
1.0,230.0,82.7,1,0,0,0.26750888285004243
1.0,32.99,21.15,1,0,0,0.39499013106067143
1.0,129.9,29.28,1,0,0,0.3229889210690017
1.0,129.9,40.1,1,0,0,0.31137167474669164
1.0,18.9,15.1,1,1,0,0.43679620098271676
1.0,99.99,26.44,1,0,0,0.3373559792793663
2.0,1735.54,47.9,1,0,0,0.3867416549411419
1.0,18.9,42.38,1,0,0,0.39227534642915607
1.0,129.99,17.16,1,0,0,0.34445023500011174
1.0,19.9,15.24,1,0,0,0.4338520405530013
1.0,39.9,19.59,1,0,0,0.3895734048165748
1.0,143.35,68.13,1,0,0,0.2898829045276616
1.0,59.9,12.48,1,0,0,0.3914659306848216
1.0,169.9,10.0,1,0,0,0.35735533759321586
1.0,159.99,17.55,1,0,0,0.3352768713253262
1.0,135.0,18.2,1,0,0,0.3404663940715563
1.0,13.47,18.23,1,0,0,0.4447072727729014
1.0,299.99,31.03,1,0,0,0.29015601079209263
1.0,29.98,17.63,1,0,0,0.4075301048923998
1.0,179.0,13.69,1,0,0,0.3414069304331484
1.0,155.0,19.19,1,0,0,0.33282637339100296
1.0,49.9,28.75,1,0,0,0.3633745403377988
1.0,145.9,58.88,1,0,0,0.2939153566382405
1.0,99.9,11.9,1,1,0,0.37136410778733675
1.0,49.99,11.85,1,0,0,0.40204211906666487
1.0,96.0,13.38,1,1,0,0.36777338335795773
1.0,21.99,14.1,1,0,0,0.4326324997428755
2.0,240.0,51.36,1,0,0,0.4599289932115102
1.0,29.9,14.1,1,0,0,0.4178816244315502
2.0,138.0,28.46,1,0,1,0.5086359585613297
1.0,135.5,34.33,1,0,0,0.31539282840694094
1.0,28.99,7.46,1,0,0,0.45005627144906113
1.0,125.0,11.9,1,1,0,0.3619954788999137
1.0,39.9,7.54,1,0,0,0.4342515322074188
2.0,139.8,26.16,1,0,1,0.5117736969141601
1.0,119.99,18.09,1,0,0,0.34545623049117113
1.0,60.0,11.92,1,0,0,0.39351283842471163
1.0,28.99,7.78,1,0,0,0.44797594514898004
1.0,159.99,16.88,1,0,0,0.33690084875004517
1.0,119.9,14.59,1,0,0,0.35469347555828096
1.0,241.9,14.13,1,0,0,0.32852681245136994
1.0,24.0,14.1,2,1,1,0.9999999999990352
1.0,179.0,35.05,1,0,0,0.3041789071785969
1.0,89.9,16.39,1,1,0,0.3616096473899335
1.0,199.99,8.98,1,0,0,0.35574604899415124
1.0,329.0,9.56,1,0,0,0.33392271610868207
3.0,299.97,43.29,1,0,0,0.4578128116047481
1.0,119.0,61.22,1,0,0,0.3002117603995471
1.0,99.99,16.46,1,0,0,0.3569663258701749
1.0,29.9,22.93,1,0,0,0.39606366702408446
1.0,58.67,15.17,1,0,0,0.38351691711839386
1.0,38.99,19.46,1,0,0,0.39092175752885955
1.0,61.8,11.04,1,0,0,0.39575855271783417
1.0,31.0,16.79,1,0,0,0.40815924859997943
1.0,589.0,40.48,1,0,0,0.2592993483400726
2.0,179.98,35.82,1,1,0,0.4870732891233703
1.0,120.0,13.18,1,0,0,0.3591246774718
1.0,48.65,17.6,1,1,0,0.38528420082436216
1.0,26.9,19.32,1,0,0,0.40855166070772764
2.0,190.0,37.1,1,0,0,0.4832435539831258
1.0,26.9,16.11,1,0,0,0.41676165115100927
1.0,134.2,23.52,1,0,0,0.33025195753611103
3.0,146.97,27.78,1,0,1,0.507239133703567
1.0,12.99,7.39,1,0,0,0.4901181571238441
1.0,73.9,15.27,1,0,0,0.373094929714665
2.0,50.0,15.88,1,0,1,0.5811045118122751
1.0,49.31,8.72,1,0,0,0.41726015670748506
1.0,35.9,16.95,1,0,0,0.4008687690196261
1.0,59.99,14.17,1,0,0,0.385599360591509
1.0,49.9,7.39,1,0,0,0.424764819750523
1.0,159.99,23.92,1,0,0,0.3227640328987598
1.0,79.9,11.76,1,0,0,0.3814914038292546
1.0,264.0,19.73,1,0,0,0.31167729778744574
1.0,149.8,19.15,1,0,0,0.3342468707359333
1.0,159.9,21.61,1,0,0,0.3268089858426009
1.0,24.0,17.92,1,0,0,0.41736457104718006
1.0,26.9,18.29,1,0,0,0.41100349533202274
1.0,24.99,11.73,1,0,0,0.4351564064391395
1.0,59.9,16.39,1,0,0,0.37915121770364946
1.0,137.9,20.21,1,0,0,0.3352970479727281
2.0,113.98,39.18,1,0,1,0.5034862909191284
3.0,626.7,56.13,1,0,0,0.4180565974636071
1.0,95.0,7.93,1,0,0,0.3924205915369016
1.0,69.9,0.0,1,0,1,0.5556933290254915
2.0,90.98,31.21,1,0,1,0.523348550999955
1.0,129.99,19.45,1,0,0,0.3392176861700862
1.0,64.98,24.94,1,0,0,0.3576998245971759
1.0,17.99,7.78,1,0,0,0.4713468879743072
1.0,119.9,15.59,1,0,0,0.35181946946770615
1.0,139.77,15.86,1,0,0,0.3448840744390174
1.0,89.9,23.43,1,0,0,0.34656841063360333
1.0,77.0,7.79,1,0,0,0.40249941449998583
1.0,79.99,19.75,1,0,0,0.3585558822998688
1.0,44.78,16.11,1,0,0,0.39298181250986197
3.0,89.69999999999999,24.33,2,1,1,0.9999999999993721
1.0,39.9,17.6,1,0,0,0.3943041205386816
1.0,549.0,21.94,1,0,0,0.28255209308241813
1.0,34.9,19.43,1,0,0,0.3960977162954897
1.0,239.9,9.26,1,0,0,0.347255947913418
1.0,19.9,12.79,1,0,0,0.4421038661354574
1.0,59.0,23.35,1,0,0,0.36459720081174524
1.0,89.99,16.39,1,0,0,0.36156743217274595
1.0,159.9,15.87,1,0,0,0.33951993622081716
1.0,27.9,16.79,1,0,0,0.41313917207297146
1.0,143.0,29.4,1,0,0,0.31911747297213183
1.0,39.49,15.1,1,0,0,0.4016858668726168
1.0,34.99,8.29,1,0,0,0.4358227797025273
1.0,11.5,7.39,1,0,0,0.4961991807378508
1.0,45.9,29.11,1,0,0,0.36655666278538707
1.0,335.0,17.1,1,0,0,0.3088317118389816
1.0,1340.0,32.25,1,0,0,0.24281654006111117
1.0,399.0,54.33,1,0,0,0.2621605093378418
1.0,59.9,17.67,1,0,0,0.3758428703844311
1.0,79.0,12.26,1,0,0,0.3800782561844827
5.0,325.0,72.69999999999999,1,0,0,0.4342663371795953
1.0,109.0,18.19,1,0,0,0.3491369182715508
2.0,11.8,30.2,1,0,1,0.621040557016162
1.0,249.0,24.46,1,0,0,0.3054697811329423
1.0,125.0,17.71,1,0,0,0.34469618726043755
1.0,79.0,17.14,1,0,0,0.36515745633745483
1.0,113.9,14.16,1,0,0,0.35811499465778923
1.0,10.9,11.85,1,0,0,0.4755483333437799
1.0,58.67,8.72,1,0,0,0.40929435764118527
1.0,79.0,28.95,1,0,0,0.3434504766507191
1.0,69.68,16.93,1,0,0,0.3711011662972574
1.0,23.79,15.1,1,0,0,0.42563312105547074
1.0,115.0,16.44,1,0,0,0.35124400338648243
1.0,219.9,17.17,1,0,0,0.32400302260971636
1.0,139.05,18.55,1,0,0,0.33849832140341657
1.0,149.9,19.15,1,0,0,0.3342207061714185
1.0,70.9,14.25,1,0,0,0.3779810883824226
1.0,59.99,17.67,1,1,0,0.37577674588940707
2.0,55.98,28.2,1,0,1,0.5501500602185889
3.0,451.2000000000001,218.73,1,0,0,0.3844654487865641
1.0,169.99,37.59,1,0,0,0.30357897190886657
1.0,85.0,17.3,1,0,0,0.3616406884366168
1.0,56.99,8.72,1,0,0,0.4106168107434582
2.0,200.0,15.92,1,0,1,0.5188552017859032
2.0,357.8,33.38,1,0,0,0.4610649105973075
1.0,16.5,17.63,1,0,0,0.4362699723505557
1.0,98.9,13.71,1,0,0,0.36543180889338406
2.0,39.8,42.3,1,0,1,0.5491347463686507
1.0,169.9,19.27,1,0,0,0.32909656388681874
1.0,59.9,9.94,1,0,0,0.4021037089564786
1.0,340.0,27.22,1,0,0,0.2905802897216302
1.0,149.9,18.3,1,0,0,0.33609359766760194
,,,1,0,0,0.3610559326759919
1.0,99.15,15.79,1,0,0,0.359117522439909
1.0,56.99,24.89,1,0,0,0.3634564742645073
1.0,550.0,188.65,1,0,0,0.22005774537892128
1.0,149.0,14.79,1,0,0,0.3453210707348919
1.0,89.0,9.37,1,0,0,0.3873569278086106
1.0,640.99,32.48,1,0,0,0.2639123903026695
1.0,229.99,14.16,1,0,0,0.33033652560787335
1.0,75.0,18.63,1,0,0,0.3637861397577631
1.0,787.9,36.27,1,0,0,0.25411402360894164
1.0,159.9,19.22,1,0,0,0.33155031974161947
1.0,165.99,17.87,1,0,0,0.3330931917268852
1.0,59.9,15.17,1,0,0,0.38259566891030244
1.0,589.99,18.88,1,0,0,0.2858219895798437
1.0,82.8,12.71,1,0,0,0.3764047741533528
1.0,27.99,7.78,1,0,0,0.4496743860684089
1.0,109.9,25.32,1,0,0,0.33525736664272493
1.0,980.0,33.81,1,0,0,0.25004792493272093
1.0,259.9,14.84,1,0,0,0.3237998596168571
2.0,190.0,31.16,1,0,0,0.49068816607999177
1.0,250.0,41.7,1,0,0,0.2861830000883342
1.0,809.1,52.16,1,0,0,0.24219383123644053
1.0,109.0,51.05,1,0,0,0.30964665856386026
1.0,18.0,8.29,1,0,0,0.468160949366842
1.0,105.9,13.76,1,0,0,0.36240317540287
1.0,22.5,40.43,1,0,0,0.38592668811207786
5.0,457.75,39.5,1,0,0,0.4443708833082653
1.0,122.99,84.63,1,0,0,0.28877050584092817
1.0,29.9,15.23,1,0,0,0.41431655032989256
2.0,98.0,57.64,1,0,0,0.4946449267286364
1.0,130.0,18.49,1,1,0,0.341314886603137
1.0,49.9,10.96,1,0,0,0.4057895936027965
1.0,169.9,22.9,1,0,0,0.32218022583863776
1.0,89.99,13.65,1,0,0,0.3696248356592517
1.0,17.0,12.69,1,0,0,0.4502087013565244
1.0,59.99,18.35,1,0,0,0.37413074175082334
3.0,65.69999999999999,47.37,1,0,1,0.5212153978776566
1.0,199.9,13.83,1,0,0,0.3366849748010371
1.0,58.99,13.49,1,0,0,0.3885826853118521
3.0,87.0,23.82,1,0,1,0.537572924945205
1.0,167.92,15.93,1,0,0,0.3374425109631815
2.0,83.9,17.96,1,0,1,0.5517034689250142
1.0,298.0,27.37,1,0,0,0.2949222591029396
1.0,49.0,17.64,1,0,0,0.3848612259444509
1.0,169.9,21.68,1,0,0,0.3243494933495546
1.0,113.0,17.53,1,0,0,0.3492256760758184
1.0,49.0,11.85,1,0,0,0.4029560139925979
1.0,799.99,27.92,1,0,0,0.262303759778011
2.0,51.8,15.56,1,0,1,0.5804076225135939
1.0,84.99,22.91,1,0,0,0.34982052819623377
1.0,67.8,13.83,1,0,0,0.38128659734490433
1.0,54.9,7.78,1,0,0,0.417846017431114
1.0,286.4,37.51,1,0,0,0.2851133867627766
1.0,199.0,32.79,1,0,0,0.3027086980141254
1.0,115.0,16.57,1,0,0,0.35090686621836514
1.0,83.36,16.34,1,0,0,0.364943909542154
1.0,49.9,20.99,1,0,0,0.37648287573659356
1.0,110.32,8.03,1,0,0,0.38539034268234384
1.0,196.8,30.91,1,0,0,0.3052687419480556
1.0,200.99,20.65,1,0,0,0.31992223353340604
1.0,129.9,9.26,1,0,0,0.3718369716462452
1.0,59.9,13.44,1,1,0,0.3880689520143738
1.0,179.9,9.45,1,0,0,0.3576322785531135
1.0,68.9,16.92,1,0,0,0.37161583519453784
1.0,239.99,53.23,1,0,0,0.2795417372283502
1.0,12.99,15.11,1,0,0,0.4552223659811903
1.0,104.9,13.07,1,0,0,0.365086908028534
1.0,10.99,15.1,1,0,0,0.4635444233463835
2.0,152.9,27.78,1,0,1,0.5051710099246074
1.0,16.9,12.48,1,0,0,0.4512977512633253
1.0,84.99,16.35,1,0,0,0.3640936674952011
1.0,59.9,14.17,1,0,0,0.38566614564611224
1.0,94.9,14.83,1,0,0,0.3636984108953474
1.0,49.0,15.1,1,0,0,0.39180794088939863
1.0,325.0,36.07,1,0,0,0.2821672776608161
1.0,22.79,18.0,1,0,0,0.4196449725077529
1.0,209.0,16.21,1,0,0,0.32829228826111906
1.0,29.98,7.39,1,0,0,0.44890119740750056
1.0,45.0,18.42,1,0,0,0.3868000440268858
1.0,689.0,88.68,1,0,0,0.23200298021573992
1.0,69.0,28.88,1,0,0,0.3492214803068487
1.0,69.9,16.25,1,0,0,0.37276242766936796
1.0,13.5,22.06,4,1,1,0.9999999999999585
1.0,210.0,16.23,1,0,0,0.32806027911005975
2.0,59.98,35.92,1,0,1,0.5365760703893122
1.0,30.9,15.79,1,0,0,0.4111058006879968
1.0,17.5,15.1,1,0,0,0.4405615881867172
1.0,149.9,9.24,1,0,0,0.3660313420232592
1.0,65.9,16.71,1,0,0,0.3741031905649114
1.0,149.99,40.38,1,0,0,0.30569073041467903
1.0,25.99,17.63,1,0,0,0.41429738839521624
1.0,765.0,23.23,1,0,0,0.2700486852121283
1.0,30.6,7.78,1,0,0,0.4453684940040315
1.0,45.0,7.78,1,0,0,0.4270602932792189
1.0,69.0,38.03,1,0,0,0.3385766188461247
1.0,79.98,56.82,1,0,0,0.318129084509011
1.0,10.0,7.39,1,0,1,0.503170863590211
1.0,99.9,16.46,1,0,0,0.3570038273652561
1.0,23.99,12.83,1,0,0,0.43286573391321503
1.0,38.9,15.23,1,0,0,0.40199168602372115
1.0,24.99,7.78,1,0,0,0.4551850182188862
1.0,99.9,19.67,1,0,0,0.34943357458576096
1.0,87.8,15.36,1,0,0,0.36544390565011486
2.0,233.89,26.3,1,0,0,0.48918677325182996
1.0,188.9,16.2,1,0,0,0.33217632759524
5.0,149.95,91.15,1,1,0,0.4586629341387407
1.0,74.9,14.39,1,1,0,0.37515449005018997
1.0,25.9,15.1,1,0,0,0.42155174518167154
1.0,89.9,13.21,1,0,0,0.37113486699767484
1.0,49.77,7.78,1,0,0,0.4223713690309988
1.0,180.9,14.39,1,0,0,0.3388551359737981
1.0,49.9,14.62,1,0,0,0.3924471999825532
3.0,134.7,101.67,1,0,0,0.4594467385415314
1.0,52.0,8.72,1,0,0,0.4148118955597198
1.0,326.0,85.69,1,0,0,0.25516060276092056
1.0,558.9,26.49,3,1,1,0.9999999999998639
1.0,110.0,18.87,5,1,1,0.9999999999999469
1.0,39.0,16.6,1,0,0,0.3979729255073493
1.0,119.9,25.68,1,0,0,0.33122313858223
1.0,38.0,15.37,1,1,0,0.40265956574349093
1.0,99.9,17.95,1,0,0,0.3532925326036303
2.0,51.98,31.58,1,0,1,0.5487411870595891
1.0,149.9,13.71,1,0,0,0.34835998282106706
1.0,199.0,18.64,5,1,1,0.9999999999999412
1.0,109.9,18.36,1,0,0,0.3484079604401604
1.0,19.5,15.1,1,0,0,0.4352713312321048
1.0,59.99,26.96,1,0,0,0.3579616548668589
1.0,45.9,22.41,1,0,0,0.3774240185885534
1.0,36.82,18.36,1,0,0,0.39612547673627346
1.0,449.0,22.03,1,0,0,0.28899583145072766
3.0,539.8199999999999,78.72,1,0,0,0.4111761813125062
1.0,30.56,13.55,1,0,0,0.4186992599808852
1.0,144.99,12.22,1,0,0,0.3547539526351379
1.0,55.0,8.88,1,0,0,0.41136456942633837
1.0,89.9,12.13,1,0,0,0.37498773258280577
1.0,89.99,18.2,1,0,0,0.35706049287291763
1.0,69.9,12.83,1,0,0,0.38335261144194743
1.0,50.0,8.72,1,0,0,0.41661850398053374
1.0,99.9,15.46,1,0,0,0.3597218782429378
1.0,89.5,11.83,1,0,0,0.3763191249320168
1.0,89.3,12.76,1,1,0,0.3729810562529638
1.0,19.9,7.39,1,0,0,0.46892306322588573
1.0,95.0,7.92,1,0,0,0.3924807163755763
1.0,46.4,15.11,1,0,0,0.39425435313430907
1.0,169.9,16.95,1,0,0,0.334383389182612
1.0,89.0,41.01,1,0,0,0.32537016004823666
1.0,17.5,10.96,1,1,0,0.45583911643180336
1.0,33.99,11.26,1,0,0,0.4223908362493367
1.0,32.9,17.6,1,0,0,0.40324460178749766
1.0,110.0,20.65,1,0,0,0.3434710126998174
1.0,129.9,48.35,1,0,0,0.30482096638817696
3.0,140.98000000000002,36.4,1,0,0,0.49742622422014443
1.0,28.99,25.63,1,0,0,0.3927429744567649
2.0,239.8,32.1,1,0,0,0.47943078056069893
2.0,180.0,22.48,1,0,1,0.5074774775477233
1.0,21.52,8.9,1,0,0,0.4558480321737851
1.0,164.89,21.6,1,0,0,0.32564442082782774
1.0,78.0,20.04,1,0,0,0.35900836056409197
1.0,89.18,8.98,1,0,0,0.38927048712539103
1.0,99.9,18.94,1,0,0,0.35102092964696013
1.0,95.0,28.05,1,0,0,0.337106311824112
1.0,139.99,15.43,1,0,0,0.34599577596551767
,,,1,0,0,0.3610559326759919
1.0,264.0,16.61,1,0,0,0.3185821179327081
1.0,29.99,8.64,1,0,0,0.44117606696282646
1.0,92.99,22.58,1,0,0,0.3466807515931585
1.0,24.99,15.1,1,0,0,0.4232666726178202
1.0,149.0,18.29,1,0,0,0.33635309825530874
1.0,60.9,11.15,1,0,0,0.39595295463755154
1.0,61.99,29.46,1,0,0,0.35298765053206554
1.0,49.0,7.78,1,0,0,0.4230943201432321
2.0,124.98,30.48,1,0,1,0.51005399382144
1.0,119.0,19.07,1,1,0,0.3435836774206083
1.0,520.9,157.27,1,0,0,0.22568719066362625
1.0,27.9,16.11,1,0,0,0.4150244785441168
1.0,110.3,14.54,1,0,0,0.3582823303026859
1.0,54.99,14.7,1,0,0,0.387824671550065
1.0,69.0,22.77,1,0,0,0.3588843576330133
1.0,205.0,26.27,1,0,0,0.30983826515538276
,,,1,0,0,0.3610559326759919
1.0,19.99,16.79,1,0,0,0.42915292197795624
1.0,199.0,42.15,1,0,0,0.293850878473044
1.0,58.9,14.13,1,0,0,0.3865438037241413
1.0,18.9,8.72,1,0,0,0.46324436998558366
1.0,39.9,17.63,1,0,0,0.3942282745229646
1.0,149.9,21.97,1,0,0,0.32864872633121145
1.0,69.9,8.27,1,0,0,0.403939575721666
1.0,230.98,12.82,1,0,0,0.334408942629234
1.0,99.9,13.72,1,0,0,0.364976113123363
1.0,55.0,18.49,1,0,0,0.3776354109400737
1.0,119.9,51.34,1,0,0,0.3058044355287698
1.0,90.0,61.37,1,0,0,0.3108556858356884
1.0,378.0,21.62,1,0,0,0.2955075495676565
1.0,44.8,50.85,1,0,0,0.3461725723833107
1.0,74.9,12.86,1,1,0,0.380221807218523
1.0,78.0,15.3,1,0,0,0.3706761755967754
1.0,69.99,11.73,1,0,0,0.3874085364488595
1.0,899.0,24.83,1,0,0,0.26284643292256443
1.0,84.99,12.93,1,0,0,0.37450433728373284
1.0,75.0,12.87,1,0,0,0.3801283069454246
1.0,18.0,20.0,1,0,0,0.42629947360401543
1.0,21.99,17.63,1,0,0,0.4223077902736855
1.0,116.9,15.92,1,0,0,0.351953141106182
1.0,58.9,17.12,1,0,0,0.3779724748242262
1.0,18.99,34.15,1,0,0,0.4007270677369582
1.0,99.99,12.83,1,0,0,0.3679320163345204
1.0,39.9,26.61,1,0,0,0.3765081869595284
1.0,69.9,13.51,1,0,0,0.38100627137265786
1.0,69.0,11.73,1,0,0,0.3880374713301237
1.0,115.9,18.91,1,0,0,0.3450039788145524
2.0,164.79,24.14,1,0,1,0.5081189154521576
2.0,78.0,30.2,1,0,1,0.5318129989756719
2.0,25.8,15.56,1,0,1,0.6127923247812113
1.0,49.9,24.17,1,0,0,0.37051274603296575
1.0,219.0,36.85,1,1,0,0.2950953763885153
1.0,148.0,9.91,1,0,0,0.3633469989949397
1.0,119.9,19.0,1,0,0,0.34343252035967686
1.0,149.0,29.44,1,0,0,0.31749156616847235
1.0,233.0,17.39,1,0,0,0.3213226978337782
1.0,21.9,15.1,1,0,0,0.4296311972594255
1.0,59.0,11.91,1,1,0,0.3943054922981285
1.0,15.99,18.23,1,0,0,0.43627632484811246
1.0,22.9,18.23,1,0,0,0.4188390660817307
1.0,38.5,15.1,1,0,0,0.40286149599896254
2.0,76.96,26.55,1,0,1,0.5380483899555616
1.0,105.0,27.04,1,0,0,0.3344960152878121
1.0,79.99,14.31,1,0,0,0.3725616288233934
1.0,59.99,14.2,1,1,0,0.38550367180295153
1.0,139.77,20.17,1,0,0,0.3348462685325515
1.0,45.9,12.69,1,0,0,0.402758940442576
1.0,119.9,14.44,1,0,0,0.3551442782137969
1.0,89.9,11.24,1,0,0,0.3784689944080609
1.0,18.9,12.48,1,0,0,0.4457985314368986
1.0,190.0,17.09,1,0,0,0.32973087154442565
1.0,67.99,14.52,1,0,0,0.3789725580994193
3.0,36.0,45.3,3,1,1,0.999999999999958
1.0,59.9,16.79,1,0,0,0.3780860297010787
1.0,19.99,7.78,1,0,0,0.4661367140656194
1.0,24.9,14.52,1,0,0,0.4252590237535797
1.0,15.0,7.78,1,0,0,0.48037395907054825
2.0,109.8,31.8,1,0,1,0.5140254949815447
1.0,107.0,17.46,1,0,0,0.3516336079501038
1.0,99.9,17.95,1,0,0,0.3532925326036303
1.0,37.99,18.23,1,0,0,0.3949973566567013
1.0,98.0,17.43,1,0,0,0.3553436076506776
1.0,64.9,18.33,1,0,0,0.3707346059926845
1.0,19.9,7.78,1,0,0,0.4663592854216036
1.0,37.9,35.67,1,0,0,0.36696580287513536
2.0,169.78,15.88,1,0,1,0.5260646750924626
2.0,179.98,52.5,1,0,0,0.47136601258924216
1.0,149.9,21.97,1,0,0,0.32864872633121145
1.0,24.97,7.92,1,0,0,0.4543399132673015
1.0,49.99,17.6,1,0,0,0.38406211102246973
1.0,420.0,20.19,1,0,0,0.2945238386716657
1.0,193.9,16.11,1,0,0,0.3314068785618401
1.0,737.99,26.13,1,0,0,0.2670168044567696
1.0,99.9,21.19,1,0,0,0.3463406738926236
1.0,31.9,31.02,1,0,0,0.38037996159887816
1.0,1999.0,46.47,1,0,0,0.22150139351170067
1.0,89.9,9.0,1,0,0,0.38881613012424976
1.0,40.6,12.79,1,0,0,0.40805727557588384
1.0,395.0,13.79,1,0,0,0.31174408263320197
1.0,379.9,11.83,1,0,0,0.3195135641622817
1.0,129.9,18.79,1,0,0,0.34067575408893996
1.0,49.99,18.23,1,0,0,0.3825149281369245
2.0,51.2,32.22,1,0,1,0.5485942340457184
1.0,15.99,8.29,1,0,0,0.47403212118127497
1.0,89.0,17.87,1,0,0,0.35830690733830733
1.0,24.9,18.32,1,0,0,0.41460743680980794
1.0,13.99,12.79,1,0,0,0.4594645833427682
1.0,144.9,43.42,1,0,0,0.30443470680056806
1.0,159.9,27.85,1,0,0,0.31690835893682046
1.0,89.99,50.92,1,0,0,0.3172214242794836
1.0,79.0,17.8,1,0,0,0.36352408503321076
1.0,185.99,27.84,1,0,0,0.3112444543455449
1.0,93.0,9.01,1,0,0,0.38729413884350916
1.0,595.0,29.79,1,0,0,0.26913526009976607
1.0,55.65,15.14,1,0,0,0.38596157257835073
1.0,59.9,19.66,1,0,0,0.3712174093096113
1.0,89.9,15.39,1,0,0,0.36435630504838146
1.0,22.9,16.11,1,0,0,0.4244787961907223
1.0,459.9,18.43,1,0,0,0.2949599803852441
1.0,126.99,21.73,1,0,0,0.33561291582520575
1.0,249.99,16.51,1,0,0,0.3208351059712033
1.0,193.0,18.6,1,0,0,0.3256604020363802
1.0,209.9,22.55,1,0,0,0.3148368811669967
1.0,330.0,12.25,1,0,0,0.32310477725765874
1.0,89.9,17.06,1,1,0,0.35987633869193153
1.0,139.98,56.91,1,0,0,0.29655318285036486
1.0,19.9,10.96,1,0,0,0.4495167114359218
1.0,12.0,7.78,1,0,0,0.49150076694169326
1.0,189.9,22.17,1,0,0,0.31924216254668586
1.0,19.9,15.1,1,0,0,0.4342819700939666
1.0,169.9,14.79,1,0,0,0.3401342296849372
1.0,250.0,18.19,1,0,0,0.31690147687319165
1.0,79.9,18.44,1,0,0,0.3615243408707702
1.0,59.9,17.67,1,0,0,0.3758428703844311
1.0,115.89,23.61,3,1,1,0.9999999999998979
1.0,13.62,18.23,1,0,0,0.44416138423770124
1.0,649.0,20.98,1,0,0,0.27884522506750264
1.0,250.0,58.42,1,0,0,0.27519982456888165
1.0,179.93,61.32,1,0,0,0.2850559805928413
1.0,41.5,11.85,1,0,0,0.4106132125330612
1.0,39.9,29.03,1,0,0,0.3729228844257739
1.0,29.0,14.11,1,0,0,0.4193012565520919
1.0,158.61,14.69,3,1,1,0.9999999999999012
1.0,199.9,19.28,1,0,0,0.3228768466696326
1.0,192.99,91.44,1,0,0,0.27052731244683087
1.0,45.0,16.32,1,0,0,0.3921771178755608
1.0,24.9,15.1,1,0,0,0.4234399014588768
1.0,199.0,22.47,1,0,0,0.31695970905125814
1.0,369.49,98.4,1,0,0,0.24747214886668206
2.0,334.0,37.94,1,0,0,0.4584960963837817
1.0,21.99,15.1,1,0,0,0.4294326229204268
1.0,47.0,17.09,1,0,0,0.38814484379957953
1.0,81.49,15.67,7,1,1,0.999999999999954
1.0,99.9,15.01,1,0,0,0.36101253520204696
1.0,369.0,24.9,1,0,0,0.2910538936611715
1.0,149.9,53.18,6,1,1,0.9999999999999356
2.0,79.98,46.86,1,0,1,0.5122209185418483
1.0,10.99,15.1,1,0,0,0.4635444233463835
1.0,35.0,14.12,1,0,0,0.41038688158657216
1.0,39.9,14.1,1,0,0,0.4043469903964696
1.0,599.65,18.95,1,0,0,0.28515756585390356
1.0,72.9,16.21,1,0,0,0.37104848383301836
1.0,69.9,13.08,1,0,0,0.38247381675316827
1.0,35.0,15.1,1,0,0,0.4072988283241071
1.0,229.9,16.71,1,1,0,0.3234527573404664
1.0,100.99,22.99,1,0,0,0.34255773840387466
1.0,23.0,18.23,1,0,0,0.4186298276143986
1.0,620.1,21.08,1,0,0,0.28011632367787104
1.0,179.0,19.13,1,0,0,0.32738894172285743
1.0,29.0,11.85,1,0,0,0.42751449725792356
1.0,49.9,15.1,1,0,0,0.39098424435258994
1.0,99.0,14.86,1,0,0,0.36183192960332594
1.0,114.9,18.05,1,0,0,0.34730955766629323
1.0,69.99,19.68,1,0,0,0.3644110916994675
1.0,44.0,18.41,1,0,0,0.38784340160687636
1.0,79.0,16.99,5,1,1,0.9999999999999509
1.0,15.33,8.27,1,0,0,0.4762473080766453
1.0,129.0,19.87,1,0,0,0.33864186440589145
1.0,76.0,23.33,1,0,0,0.35376921930269495
1.0,44.0,58.73,1,0,0,0.3417880621622457
1.0,128.9,26.27,1,0,0,0.3274772338491488
1.0,125.0,14.22,1,0,0,0.3541098598497363
5.0,175.79999999999998,59.25,1,0,0,0.4679447886660244
1.0,45.0,15.42,1,1,0,0.39473184689620056
1.0,110.0,16.74,1,0,0,0.3522933378531218
1.0,179.0,18.5,1,0,0,0.3287547355583158
1.0,319.0,20.77,1,1,0,0.30292161306563553
1.0,298.9,16.84,1,0,0,0.313515268157772
1.0,169.9,21.59,1,0,0,0.32451526621565724
1.0,164.5,15.9,1,0,0,0.33832697602554423
1.0,15.0,21.15,1,0,0,0.43268813359314395
1.0,149.9,21.69,1,0,0,0.32916288664771703
1.0,85.5,22.92,1,0,0,0.3495530469179283
1.0,89.9,68.99,1,0,0,0.3070416524088387
1.0,499.99,21.38,1,0,0,0.28655536464301823
1.0,179.99,36.39,1,0,0,0.30263177918133327
1.0,39.8,16.78,1,0,0,0.396552586592742
1.0,36.9,15.1,1,0,0,0.40483302323498016
1.0,229.9,15.78,1,0,0,0.32581589975833186
1.0,149.9,17.98,1,0,0,0.33682548041268756
1.0,149.0,18.29,1,0,0,0.33635309825530874
1.0,89.99,15.39,1,0,0,0.3643139521676712
1.0,59.9,25.26,1,1,0,0.3606855882903152
1.0,19.9,16.79,3,1,1,0.9999999999999314
1.0,29.9,8.27,1,0,0,0.4434710520839659
1.0,13.5,7.39,1,0,0,0.4881968025880963
1.0,25.0,14.1,1,0,0,0.42643570062038444
1.0,379.95,18.91,1,0,0,0.3004684055384896
1.0,79.99,13.14,1,0,0,0.37639067671202775
2.0,39.98,14.78,1,0,1,0.5947524131159451
1.0,83.9,16.56,1,0,0,0.36408689642885156
1.0,133.6,27.02,1,0,0,0.3249825129186151
1.0,74.9,15.27,1,0,0,0.372513088629425
1.0,44.9,37.22,1,0,0,0.35778661669252876
1.0,59.9,17.67,1,1,0,0.3758428703844311
1.0,485.9,25.33,1,0,0,0.2812826514981381
1.0,27.99,12.79,1,0,0,0.425594666748492
1.0,169.99,58.58,1,0,0,0.2885434350762679
1.0,82.49,8.74,1,0,0,0.39395906088082155
1.0,144.99,31.66,1,0,0,0.3158041970088108
1.0,169.9,22.66,1,0,0,0.32259589607647554
1.0,129.0,11.92,1,1,0,0.36062385525851687
2.0,322.0,57.5,1,0,0,0.44324668751336077
1.0,779.9,67.48,13,1,1,0.9999999999999147
1.0,199.9,14.23,1,0,0,0.3354685598508492
1.0,171.0,16.9,1,0,0,0.33425590956454143
1.0,199.0,24.26,1,0,0,0.3139800689574541
1.0,54.4,12.72,1,0,0,0.39491544256686767
3.0,324.0,29.31,1,0,0,0.47107036543648995
1.0,276.89,19.19,1,0,0,0.31105126723849286
4.0,111.6,29.84,1,0,1,0.5163761627614171
1.0,41.3,8.11,1,0,0,0.429050846581574
1.0,34.9,12.69,1,0,0,0.41549369845767936
1.0,385.0,10.46,1,0,0,0.3242846983663609
2.0,42.6,28.2,1,0,1,0.5629655243434051
1.0,295.0,28.15,1,0,0,0.29424731923820635
1.0,412.91,40.44,1,0,0,0.27045104560352573
1.0,98.99,16.32,1,0,0,0.3577540989441922
1.0,24.99,21.15,1,0,0,0.40803616720629504
1.0,213.9,16.25,1,0,0,0.3273132452835345
1.0,295.0,22.56,1,0,0,0.30250425154341937
1.0,55.0,17.67,1,0,0,0.3796194566501311
2.0,39.8,36.48,1,0,1,0.5552526858440956
1.0,320.0,35.1,1,0,0,0.2836282901091315
1.0,65.0,23.26,1,0,0,0.36056406213266284
1.0,219.0,24.25,1,0,0,0.3104613661576166
1.0,199.0,26.67,1,0,0,0.3103610572510542
1.0,219.0,58.08,1,0,0,0.2799068774242649
1.0,29.8,12.87,1,0,0,0.42230979500232313
1.0,119.99,29.87,1,0,0,0.3253316862854875
,,,1,0,0,0.3610559326759919
1.0,289.9,16.2,1,1,0,0.3161895629497535
1.0,3.85,7.78,1,0,1,0.546874773763413
1.0,55.16,23.19,1,0,0,0.36782648929834627
1.0,249.9,78.77,1,0,0,0.26616706244202015
1.0,205.81,18.28,1,0,0,0.3239354683475129
1.0,54.6,15.13,1,0,0,0.38684368511599543
1.0,105.6,15.67,1,0,0,0.3568251712413109
1.0,54.9,14.13,1,0,0,0.38968996541455103
1.0,129.9,27.21,1,0,0,0.32580775500410575
1.0,42.0,17.6,1,0,0,0.3919537684526876
1.0,210.0,16.22,1,1,0,0.3280858547845887
1.0,29.79,7.47,1,0,0,0.44867431106737266
1.0,699.99,162.4,1,0,0,0.21689645290581397
1.0,69.9,14.24,1,0,0,0.37863338003547603
1.0,49.95,18.23,6,1,1,0.9999999999999563
1.0,64.0,14.03,1,0,0,0.38317965032227186
1.0,49.0,14.16,1,0,0,0.39472765971019397
1.0,99.96,21.01,1,0,0,0.3466683537074347
1.0,377.9,35.92,1,0,0,0.2772914404880695
1.0,103.0,8.49,1,0,0,0.3856960836059453
1.0,95.9,7.93,1,0,0,0.3920114809670402
1.0,56.99,14.15,1,0,0,0.3879514848140964
1.0,99.0,23.27,1,0,0,0.3428795442983608
1.0,159.77,14.88,1,0,0,0.34229273579886127
1.0,18.9,16.79,1,0,0,0.4318795429127589
1.0,126.12,14.63,1,0,0,0.3525078580839188
1.0,45.9,15.11,1,0,0,0.3947480454104912
1.0,219.9,25.67,1,0,0,0.3081421796411954
1.0,19.9,18.24,1,0,0,0.42558882792019387
1.0,69.9,18.0,1,0,0,0.36829881835108347
1.0,44.9,17.6,1,0,0,0.38891188670357646
1.0,29.0,14.1,1,0,0,0.41933424502211364
1.0,29.99,14.43,1,0,0,0.416665274497689
1.0,169.0,109.85,1,0,0,0.2698784198357325
1.0,149.99,8.81,1,0,0,0.36820347237141404
1.0,117.3,37.96,9,1,1,0.9999999999999432
1.0,572.0,64.74,1,0,0,0.24595557335489526
1.0,64.9,7.71,1,0,0,0.41065958503445216
1.0,180.0,17.7,1,1,0,0.3303563208421786
1.0,34.9,18.23,1,0,0,0.39892237891609017
1.0,549.0,40.99,1,0,0,0.2610510181106348
1.0,89.9,12.13,1,0,0,0.37498773258280577
3.0,67.5,26.15,1,1,1,0.5450808123209333
1.0,387.9,13.74,1,0,0,0.31253114114142283
1.0,220.33,26.38,1,0,0,0.30704008030318375
1.0,69.99,16.74,1,0,0,0.3714023765721794
2.0,129.8,19.5,1,0,1,0.5283199604985763
1.0,278.0,14.39,1,0,0,0.32259960812145233
1.0,115.0,13.15,1,0,0,0.3609844972150145
1.0,123.62,13.21,1,0,0,0.3578014557547619
1.0,169.0,16.28,1,0,0,0.3362776942354859
1.0,25.99,12.69,1,0,0,0.4295226955431052
1.0,29.9,8.82,1,0,0,0.440310240050721
1.0,39.9,17.6,1,0,0,0.3943041205386816
1.0,122.99,9.06,1,0,0,0.37513156580750723
1.0,388.5,27.47,1,0,0,0.2857452529795007
1.0,82.99,28.98,1,0,0,0.3413674288122796
1.0,22.89,9.34,1,0,0,0.45045633414357367
1.0,89.9,12.13,1,0,0,0.37498773258280577
1.0,99.9,20.19,1,0,0,0.34834462235824665
1.0,69.9,23.07,1,0,0,0.35778708006466237
1.0,29.0,10.96,1,0,0,0.43124421274872204
1.0,28.49,8.27,1,0,0,0.4458014791079487
1.0,27.9,7.46,1,0,0,0.4519122902925883
1.0,119.9,20.08,1,0,0,0.34114029427953463
1.0,299.0,34.54,1,0,0,0.2864930736975114
1.0,119.9,38.39,1,0,0,0.3160197870258471
1.0,57.9,17.84,1,0,0,0.37692240114293046
1.0,199.9,15.57,1,0,0,0.33166709501444736
1.0,186.99,62.05,1,0,0,0.28332224033685255
3.0,115.2,48.33,1,0,0,0.4946999999629424
1.0,259.9,16.57,1,0,0,0.319254752081813
1.0,20.9,15.1,1,0,0,0.4318976736201003
1.0,49.99,14.1,1,0,0,0.3940138131502646
1.0,72.99,11.73,1,0,0,0.3855612274483337
1.0,21.0,9.54,1,0,0,0.4536362767001417
1.0,19.99,14.44,1,0,0,0.4361514324651232
1.0,934.94,62.43,1,0,0,0.2330353860830598
1.0,72.5,13.53,1,0,0,0.37934146737025254
1.0,99.99,12.09,1,0,0,0.3706084961449985
1.0,14.46,15.79,1,0,0,0.44785940920508027
2.0,33.8,28.19,1,0,1,0.5739269875316522
1.0,79.9,29.49,1,0,0,0.34225317168520747
1.0,49.9,25.63,1,0,0,0.3680744764172601
1.0,102.9,13.16,1,0,0,0.36558818435578677
1.0,154.91,19.18,1,0,0,0.33287040666113843
1.0,780.0,58.32,1,0,0,0.23999330891551252
2.0,338.0,34.86,1,0,0,0.46156237656369126
1.0,13.99,15.23,1,0,0,0.45118156618491373
1.0,68.9,19.45,1,0,0,0.36558940040005455
1.0,139.9,26.26,1,0,0,0.3242966316458798
3.0,216.0,40.86,1,0,0,0.4740239742063719
1.0,38.9,13.71,1,0,0,0.4068188760026841
1.0,23.9,16.05,1,0,0,0.42259306211132397
1.0,503.34,47.98,1,0,0,0.2587538110450436
1.0,59.9,22.97,1,0,0,0.36462338198914035
1.0,35.9,8.41,1,0,0,0.4338976277900338
1.0,56.99,17.65,1,0,0,0.3780920279193957
1.0,186.0,22.14,1,0,0,0.32007737181186724
1.0,48.9,7.87,1,0,0,0.42262780569045993
1.0,399.0,16.54,1,0,0,0.3040419724671631
1.0,380.0,49.7,1,0,0,0.26648672322736144
,,,1,0,0,0.3610559326759919
1.0,20.9,14.52,1,0,0,0.4337257973970503
1.0,53.9,21.18,1,0,0,0.3726755988699054
1.0,18.9,7.78,1,0,0,0.46890529703760747
1.0,99.9,33.15,1,0,0,0.328640142154211
1.0,29.99,11.85,1,0,0,0.4259109188587888
1.0,129.99,38.46,1,0,0,0.3128437811011624
1.0,124.9,17.12,1,1,0,0.3461590158183233
1.0,49.9,22.93,1,0,0,0.3727242754461537
1.0,199.9,18.11,1,0,0,0.32541643708525336
1.0,49.0,17.67,1,0,0,0.38478623269646794
1.0,6.0,11.85,1,0,1,0.5050637551312364
1.0,101.0,41.1,1,0,0,0.3202557427206951
1.0,25.0,7.78,1,0,0,0.45516550647704584
1.0,113.0,18.04,1,0,0,0.3480126536188945
1.0,29.0,8.82,1,0,0,0.4417816564665942
1.0,69.9,34.29,1,0,0,0.34196934919022703
1.0,198.0,12.0,1,0,0,0.3431949554358749
1.0,40.0,8.27,1,0,0,0.4296014668832434
1.0,27.3,15.1,1,0,0,0.41903565528032605
1.0,129.94,36.93,1,0,0,0.3143282183826332
1.0,29.49,13.42,1,0,0,0.4208437909944503
1.0,200.0,41.39,1,0,0,0.29429690588019664
1.0,209.0,23.78,1,0,0,0.312934645341984
1.0,149.9,18.3,1,0,0,0.33609359766760194
1.0,199.89,10.81,1,0,0,0.34742785345286586
1.0,207.0,46.29,1,1,0,0.2892715573683045
1.0,159.77,14.88,1,0,0,0.34229273579886127
1.0,299.0,19.34,1,0,0,0.3079908730743217
3.0,297.0,87.27,1,0,0,0.43125410687428145
1.0,24.99,17.92,1,0,0,0.41543126761446747
1.0,104.0,24.86,1,0,0,0.33821273808833957
2.0,215.8,26.76,1,0,0,0.49185848231463963
1.0,69.9,13.51,1,0,0,0.38100627137265786
1.0,230.0,12.81,1,1,0,0.33460391416482343
1.0,66.5,16.72,1,0,0,0.3736810785638204
1.0,359.0,24.83,1,0,0,0.29209219795399466
1.0,65.0,15.2,1,0,0,0.378899399499778
1.0,37.1,18.23,1,0,0,0.3960910469775665
1.0,69.0,14.65,1,0,0,0.37792760867656666
1.0,68.9,18.76,1,0,0,0.36713790265016444
1.0,24.9,12.69,1,0,0,0.431587021935058
1.0,68.9,11.5,7,1,1,0.999999999999958
1.0,449.9,53.87,1,0,0,0.25865820483132035
1.0,49.9,13.37,1,0,0,0.39653054581094427
1.0,148.9,43.45,6,1,1,0.9999999999999376
1.0,85.0,15.34,1,1,0,0.3668797465691227
1.0,579.0,15.55,1,0,0,0.2939073869776162
1.0,169.9,20.43,1,0,0,0.3267285567170217
1.0,318.0,15.81,1,0,0,0.31384695717613886
2.0,84.0,30.2,1,1,1,0.5284148051549781
1.0,14.99,15.23,1,0,0,0.44777306006839995
1.0,42.9,16.11,1,0,0,0.3949410464370851
1.0,24.99,15.23,1,0,0,0.4228698615298023
1.0,116.0,12.31,1,0,0,0.36356936234589843
1.0,39.9,13.71,1,0,0,0.40564053455703053
1.0,134.97,25.25,1,0,0,0.3272243505429085
1.0,89.0,18.5,1,0,0,0.35682830925107045
2.0,207.8,46.61,1,0,0,0.4699577655790766
1.0,19.95,15.23,1,0,0,0.43376043450244045
2.0,119.98,32.36,1,0,1,0.5092942279771389
1.0,35.9,15.23,1,0,0,0.4057210781181609
1.0,159.0,64.48,1,0,0,0.28787546448192164
1.0,59.9,19.12,1,0,0,0.37241657615550083
1.0,68.7,9.34,1,0,0,0.39890419864635734
1.0,57.9,16.17,1,0,0,0.3812546082712545
1.0,140.0,25.5,1,0,0,0.32541248312442145
1.0,47.9,19.32,1,0,0,0.3818942529596102
1.0,112.0,32.11,1,0,0,0.32529914808785865
1.0,299.99,44.13,1,0,0,0.2780764953792463
1.0,119.9,16.6,1,0,0,0.349126983127562
2.0,233.98,17.38,1,0,1,0.5080214383262147
1.0,44.99,22.25,1,0,0,0.37862804526949534
1.0,59.9,11.03,1,0,0,0.39720253078154966
1.0,18.99,7.78,1,0,0,0.4686704826575943
1.0,117.99,21.32,1,0,0,0.3393267037285289
1.0,66.9,26.55,1,0,0,0.35390666251948494
1.0,56.99,11.9,1,0,0,0.3959030931197526
1.0,56.9,18.5,1,0,0,0.37610791849374864
1.0,50.9,7.87,11,1,1,0.9999999999999636
1.0,44.9,15.1,1,0,0,0.3957834264450578
3.0,62.7,45.3,1,1,1,0.5252114089406305
2.0,200.0,37.6,1,0,0,0.480468078389895
1.0,29.9,17.06,1,0,0,0.40913943090295923
1.0,29.5,16.11,1,0,0,0.41237994393199146
5.0,299.95,50.0,1,0,0,0.45199986934047687
1.0,46.94,14.52,1,0,0,0.3955367562983827
1.0,118.9,16.59,1,0,0,0.34949372092130565
1.0,72.2,16.95,1,0,0,0.3695110610364741
2.0,194.99,107.56,1,0,0,0.4410984719758437
1.0,319.0,10.98,1,0,0,0.3290246215154929
1.0,89.9,21.12,1,0,0,0.35083894538497656
1.0,135.0,63.2,1,0,0,0.2944764699911817
1.0,118.99,17.08,1,0,0,0.34822342635714487
1.0,45.9,8.72,1,0,0,0.42058194554453887
1.0,120.0,26.92,1,0,0,0.3293421962345452
1.0,169.9,27.49,1,0,0,0.31510906743935313
1.0,39.0,18.23,1,0,0,0.3937896522753558
2.0,378.0,43.36,1,0,0,0.4479328405776912
1.0,169.99,16.95,1,0,0,0.33436281439866794
1.0,29.99,18.23,1,0,0,0.40601158657025216
1.0,83.99,15.34,1,0,0,0.36738953162643867
1.0,37.5,13.37,1,0,0,0.4096900873945486
1.0,69.99,14.66,1,0,0,0.37727444286995465
1.0,199.99,24.55,1,0,0,0.31333801489924057
1.0,229.04,43.97,1,0,0,0.28744104253965025
1.0,29.5,15.98,1,0,0,0.4127500441609562
2.0,70.8,93.65,1,0,0,0.49121420099153046
1.0,20.3,15.1,1,0,0,0.4333133769950637
1.0,100.0,16.67,1,0,0,0.35641584013664296
1.0,27.49,12.85,1,0,0,0.42623691111712547
3.0,94.47,38.07,1,0,1,0.5135058259787812
1.0,113.0,21.28,1,0,0,0.3411453697770927
1.0,22.99,11.85,1,0,0,0.43871197640709475
1.0,19.9,14.52,1,0,0,0.4361124386346095
1.0,399.9,17.91,1,0,0,0.3008252502535238
1.0,285.0,15.11,1,0,0,0.3196643060630581
2.0,107.8,30.26,1,0,1,0.5169993489833239
1.0,7.9,14.1,1,0,0,0.48316956389441795
1.0,29.99,17.92,1,0,0,0.40678079307680487
1.0,89.9,19.87,1,0,0,0.35338708640308303
1.0,138.5,29.37,1,0,0,0.3203872879067388
1.0,169.99,21.23,1,0,0,0.32516640677761255
2.0,70.24,32.22,1,0,1,0.533856539908879
1.0,59.9,8.58,1,0,0,0.40913024549563554
2.0,173.6,25.48,1,0,1,0.5034341611051394
1.0,145.0,12.51,1,0,0,0.35371262932380015
1.0,26.5,19.1,1,0,0,0.4097729507637592
1.0,225.0,16.32,1,0,0,0.3252312258225921
1.0,38.9,9.34,1,0,0,0.4249982540791853
2.0,232.0,34.5,1,0,0,0.4777532761820698
1.0,138.9,19.05,1,0,0,0.33743995177310065
1.0,244.0,17.96,1,0,0,0.31830758768901174
1.0,110.0,19.36,1,0,0,0.3461471653808842
1.0,145.9,15.33,1,0,0,0.344621245878231
1.0,299.0,20.19,13,1,1,0.9999999999999403
1.0,78.0,18.12,1,0,0,0.36330082415752996
1.0,79.0,16.18,1,0,0,0.3676689410552585
2.0,39.8,30.2,1,0,1,0.5632337171846918
1.0,199.99,12.01,1,0,0,0.3427697896560619
1.0,49.0,15.1,1,0,0,0.39180794088939863
1.0,139.99,28.34,1,0,0,0.3213346559973215
1.0,157.0,21.59,1,0,0,0.32755303613922065
1.0,195.0,175.55,1,0,0,0.25278416876126436
1.0,199.9,17.16,1,1,0,0.32762580557936727
1.0,136.3,9.77,1,0,0,0.3673755818504681
1.0,45.9,11.85,1,0,0,0.4059542298641722
1.0,19.9,60.41,1,0,0,0.3763757655386036
1.0,64.99,18.33,1,0,0,0.37067421921320365
1.0,32.9,47.46,1,0,0,0.36232967161626184
1.0,99.98,19.24,1,0,0,0.3503269600537228
1.0,67.5,11.97,1,0,0,0.38807467816261243
1.0,39.99,11.74,1,0,0,0.4127769097188558
1.0,83.8,12.75,1,0,0,0.37574490656526394
1.0,105.0,25.09,4,1,1,0.9999999999999372
1.0,139.99,36.84,1,0,0,0.3115725149423545
1.0,21.5,7.41,1,0,0,0.4649773674910647
1.0,59.9,15.18,1,0,0,0.3825661507809449
1.0,98.9,14.86,1,0,0,0.36187429765135654
1.0,84.6,9.41,1,0,0,0.3893632645570714
1.0,93.0,19.62,1,0,0,0.35250553900121384
1.0,48.05,21.64,1,0,0,0.37686467655489414
1.0,252.0,46.22,1,0,0,0.2824670332054731
1.0,203.0,9.78,1,0,0,0.35129775286270726
1.0,597.9,17.21,1,0,0,0.2889168650448797
1.0,279.99,18.4,1,0,0,0.3123185729791454
1.0,42.99,13.71,1,0,0,0.40219350485468436
1.0,29.0,11.85,1,0,0,0.42751449725792356
1.0,97.2,15.78,1,0,0,0.3599759372557023
1.0,225.0,19.45,1,0,0,0.3181023655636271
1.0,27.9,15.1,1,1,0,0.41799945513962844
1.0,29.99,8.9,1,0,0,0.4397238115043183
1.0,39.99,8.88,1,0,0,0.4261461549996936
1.0,199.0,26.15,1,0,0,0.31110771644498725
1.0,289.99,13.73,1,0,0,0.323012028774002
1.0,54.9,12.51,1,0,0,0.39527121396522835
1.0,56.99,15.15,1,0,0,0.38486957180892645
1.0,59.9,17.67,1,0,0,0.3758428703844311
1.0,349.9,22.85,1,0,0,0.29606904060051115
2.0,98.0,25.38,1,0,1,0.5290198568712825
1.0,49.9,17.26,1,0,0,0.38500506268470125
1.0,68.5,19.67,1,0,0,0.3653603936544455
1.0,29.99,12.13,1,0,0,0.4248028629866193
1.0,34.9,15.11,1,0,0,0.40740229120616367
1.0,199.99,12.82,1,0,0,0.33993036658986303
2.0,15.0,14.78,1,0,1,0.6402121649628532
1.0,129.9,16.22,1,0,0,0.34686916081940644
,,,1,0,0,0.3610559326759919
1.0,204.99,18.0,1,0,0,0.32471460347579445
1.0,99.0,45.99,1,0,0,0.3170267813935384
1.0,99.9,0.0,1,0,1,0.5394449364552412
1.0,53.99,15.26,1,0,0,0.3869623627089816
1.0,109.9,21.26,1,0,0,0.3423104371872745
1.0,129.99,18.16,1,0,0,0.34206982818084214
1.0,79.9,19.53,1,0,0,0.35907792243455283
1.0,44.0,7.78,1,0,0,0.42811176342421153
2.0,69.98,35.2,1,0,1,0.5302614661202847
1.0,25.99,37.09,1,0,0,0.3826261654991538
1.0,47.49,16.11,1,0,0,0.3903111290580159
1.0,59.9,9.17,1,0,0,0.40594117213352093
1.0,49.9,35.86,1,0,0,0.35461712304652837
1.0,199.0,42.15,1,0,0,0.293850878473044
2.0,55.8,32.1,1,0,1,0.54472168028697
1.0,139.9,15.73,1,0,0,0.3451980468641901
1.0,52.7,27.32,1,0,0,0.3630528054737464
1.0,14.9,15.1,1,0,0,0.4484721506831355
1.0,49.0,11.85,1,0,0,0.4029560139925979
1.0,989.99,15.74,1,0,0,0.276448170206378
1.0,64.9,18.33,1,0,0,0.3707346059926845
1.0,49.9,19.32,1,0,0,0.3800602190256103
1.0,29.99,15.23,1,0,0,0.4141742376341628
1.0,47.2,17.6,1,0,0,0.38664914870282896
1.0,55.0,7.65,1,0,0,0.41858280444603746
1.0,10.9,8.72,1,0,0,0.49061267692977045
1.0,69.0,15.58,1,0,0,0.37518631673857256
1.0,122.99,15.61,1,0,0,0.3507267612462076
1.0,44.9,14.1,1,0,0,0.39890786810082635
2.0,1980.0,174.82,1,0,0,0.3386805618446222
1.0,12.99,12.79,1,0,0,0.46314389884138013
1.0,83.0,9.89,1,0,0,0.38786162954419373
1.0,59.15,17.98,1,0,0,0.3756383567937716
1.0,119.99,29.87,1,0,0,0.3253316862854875
1.0,9.9,15.23,1,0,0,0.4683243985358488
1.0,49.0,37.97,1,0,0,0.35320196341287513
1.0,649.17,25.16,1,0,0,0.27229431205310506
1.0,17.89,8.29,1,0,0,0.4684643192147925
2.0,109.98,35.9,1,1,1,0.5087717840204634
1.0,129.0,21.39,1,0,0,0.3356283995876797
1.0,945.0,108.74,1,0,0,0.21835228249527838
1.0,139.99,29.42,1,1,0,0.3199101224514355
1.0,319.99,18.49,4,1,1,0.9999999999999278
1.0,30.0,7.78,1,0,0,0.4463227251227178
1.0,89.99,45.09,1,0,0,0.3215061334886136
1.0,49.9,17.66,1,0,0,0.3839929397644532
1.0,76.49,12.98,1,0,0,0.3788854068347477
1.0,139.94,30.82,1,1,0,0.31816828409525694
2.0,107.2,30.26,1,0,1,0.5172509042905823
1.0,48.99,24.69,1,0,0,0.37043994658567875
1.0,99.9,0.0,1,0,1,0.5394449364552412
2.0,369.89,53.73,1,0,0,0.4402408419882835
1.0,99.99,9.51,1,0,0,0.38164327853859575
1.0,119.6,7.7,11,1,1,0.9999999999999576
1.0,149.99,26.33,1,0,0,0.321504060053875
1.0,107.0,26.03,1,0,0,0.3352369493320416
1.0,22.9,11.85,1,0,0,0.4389025463927915
1.0,42.9,34.15,1,0,0,0.3631618434561648
1.0,344.0,17.96,1,0,0,0.305948000310946
1.0,599.0,28.54,1,0,0,0.27040075401883923
1.0,129.9,8.67,1,0,0,0.3748942140003767
3.0,107.1,53.760000000000005,1,0,0,0.49370877158801507
1.0,39.9,17.6,1,0,0,0.3943041205386816
1.0,149.9,19.15,1,0,0,0.3342207061714185
1.0,71.32,27.23,1,0,0,0.35017274504404466
1.0,54.9,24.93,1,0,0,0.3650216094548743
1.0,47.9,18.49,1,0,0,0.38381275262126663
1.0,138.0,12.17,1,1,0,0.35694019491776113
1.0,49.99,11.85,1,0,0,0.40204211906666487
1.0,280.0,13.46,1,0,0,0.3251352883045404
1.0,364.0,40.82,1,0,0,0.27423675217078536
1.0,38.94,12.6,1,0,0,0.4106977418576008
1.0,58.5,14.16,1,0,0,0.38675153213930935
1.0,29.9,15.1,1,0,0,0.4147111026348986
2.0,123.0,40.45,1,0,0,0.4987430492203502
1.0,738.0,20.93,1,0,0,0.27490484202452375
1.0,69.9,20.98,1,0,0,0.36175539539516155
1.0,109.99,17.02,1,0,0,0.3515880669215119
1.0,319.99,17.12,1,0,0,0.31041186326043924
1.0,135.9,32.28,2,1,1,0.9999999999984459
1.0,35.0,7.78,1,0,0,0.43892946128575994
2.0,152.76,42.04,1,0,0,0.4875389514405166
1.0,50.0,11.85,1,0,0,0.40203298936139553
1.0,79.0,17.8,1,0,0,0.36352408503321076
1.0,65.9,18.34,1,0,0,0.3700452237432951
1.0,53.99,22.09,1,0,0,0.37081557577097435
1.0,126.99,18.02,15,1,1,0.9999999999999496
1.0,73.9,15.27,1,0,0,0.373094929714665
1.0,168.9,8.37,1,0,0,0.36573339361862345
1.0,588.5,54.84,9,1,1,0.9999999999999207
1.0,21.99,15.1,1,0,0,0.4294326229204268
1.0,148.99,17.48,1,0,0,0.33824050742499234
1.0,120.0,9.53,1,0,0,0.37381705797259956
1.0,69.9,18.07,1,0,0,0.3681309114522465
1.0,96.9,13.12,1,0,0,0.368256305134759
1.0,73.0,18.61,1,0,0,0.3649916054806457
1.0,19.9,18.23,1,0,0,0.42561372543217413
1.0,189.9,32.08,1,0,0,0.3052164408115994
1.0,99.99,23.28,1,0,0,0.3424553636494231
1.0,100.8,25.55,1,0,0,0.33838781952749414
1.0,139.9,35.5,1,0,0,0.31294358302946695
1.0,24.9,7.78,1,0,0,0.4553609961637777
1.0,54.99,16.35,1,0,0,0.3830573501406734
1.0,390.0,16.48,1,0,0,0.3049772218029748
1.0,35.49,8.72,1,0,0,0.43267432726451976
1.0,34.99,25.63,1,1,0,0.3840490072719517
1.0,119.9,19.43,1,0,0,0.3425018690880598
,,,1,0,0,0.3610559326759919
1.0,124.9,18.75,1,0,0,0.3423383295081363
1.0,73.9,9.26,1,0,0,0.3960678048896855
1.0,12.9,14.52,1,0,0,0.45744549913818466
1.0,199.7,15.17,1,1,0,0.33279883346133
1.0,84.89,7.94,7,1,1,0.9999999999999594
1.0,139.99,36.64,1,0,0,0.31176969284398665
1.0,64.8,12.89,1,0,0,0.3864822716487842
1.0,39.9,17.93,1,0,0,0.3934779310340011
1.0,27.99,7.39,3,1,1,0.9999999999999374
1.0,10.99,15.1,1,0,0,0.4635444233463835
1.0,65.0,25.73,1,0,0,0.3564118927207541
1.0,89.99,11.65,1,0,0,0.37678483459926465
1.0,39.99,25.63,1,0,0,0.37796955342908195
1.0,64.9,16.21,1,0,0,0.3761106959248471
2.0,757.5999999999999,37.75,1,0,0,0.4262778653538102
1.0,50.0,16.6,1,0,0,0.38664581621029237
1.0,79.9,12.56,1,0,0,0.3784853690367784
1.0,59.9,19.39,1,0,0,0.37181210817154425
1.0,899.0,13.55,1,0,0,0.28518213551520055
1.0,44.9,18.23,1,0,0,0.38735745338450406
1.0,129.99,15.66,1,0,0,0.3483440806165888
1.0,170.0,20.38,1,0,0,0.3268047031030756
1.0,118.9,10.05,1,0,0,0.3717516430894919
1.0,55.0,14.14,1,0,0,0.3895761195346394
1.0,149.9,18.3,1,0,0,0.33609359766760194
1.0,59.99,9.94,1,0,0,0.40203594023853845
1.0,49.9,18.45,1,0,0,0.38207000464266344
1.0,299.0,14.53,1,0,0,0.31953564104549104
1.0,125.9,22.59,1,0,0,0.3343882312608797
1.0,70.0,14.58,1,0,0,0.3775129898259216
1.0,63.99,19.04,1,0,0,0.36970913056113563
1.0,139.9,16.95,1,0,0,0.34202891361122956
1.0,117.3,14.43,1,0,0,0.3560749458264711
1.0,749.0,55.96,1,0,0,0.24233770412474306
4.0,119.96,47.4,1,0,0,0.49367584970484596
1.0,19.5,8.29,1,0,0,0.46420616855050323
1.0,207.0,18.7,1,0,0,0.3227969461608374
,,,1,0,0,0.3610559326759919
1.0,130.76,16.68,1,0,0,0.3454136955319569
1.0,99.99,14.29,1,0,0,0.3631360400220712
1.0,75.0,27.51,1,0,0,0.34764494998845674
4.0,139.6,60.4,1,0,0,0.47728712300200216
1.0,107.6,9.67,1,0,0,0.37774071585730445
1.0,70.0,16.74,1,0,0,0.3713961765842169
1.0,47.5,20.84,1,0,0,0.3789939433367404
1.0,55.0,15.27,1,0,0,0.38610283038767074
1.0,135.2,24.82,1,0,0,0.32783248555056094
1.0,18.51,15.1,1,0,0,0.43781492968655567
1.0,110.0,23.57,1,0,0,0.33808271442795584
1.0,118.0,13.49,1,0,0,0.35878959551325135
1.0,89.9,16.07,1,0,0,0.36246688384345643
1.0,159.0,21.6,1,0,0,0.3270453448822212
1.0,79.0,22.37,1,0,0,0.35386938189559464
1.0,114.5,12.19,1,0,0,0.36454993086223375
1.0,130.0,14.64,1,0,0,0.35124650606936303
1.0,349.0,18.2,1,0,0,0.30491843977201644
1.0,219.9,20.51,1,0,0,0.316840292449495
1.0,192.2,30.94,1,0,0,0.3061005079594902
4.0,519.6,83.96,1,0,0,0.41033577346243205
1.0,56.99,8.72,1,0,0,0.4106168107434582
1.0,169.0,19.06,1,0,0,0.32974825702071847
1.0,129.9,47.21,1,0,0,0.3056416120122349
2.0,109.6,23.76,1,0,1,0.5269139534288346
1.0,29.99,14.1,1,0,0,0.41773896059385945
1.0,135.0,27.9,1,0,0,0.32334039853755836
1.0,64.99,27.51,1,0,0,0.3537092408660493
1.0,49.99,21.15,1,0,0,0.37607744078847605
1.0,229.9,13.11,1,0,0,0.33362789844599017
1.0,42.99,16.11,1,0,0,0.39484512329745647
1.0,29.5,35.67,1,1,0,0.37833487467324134
1.0,197.8,16.13,1,0,0,0.330593532006881
1.0,149.97,23.85,1,0,0,0.3253693312758564
1.0,149.9,23.92,1,0,0,0.3252719367625625
1.0,228.0,18.04,1,0,0,0.32063875176077206
1.0,69.99,9.34,1,0,0,0.39807481318579463
1.0,50.0,17.6,1,0,0,0.38405312737505864
1.0,45.8,16.11,1,1,0,0.3919562647378777
1.0,123.0,13.16,1,0,0,0.3581756723967129
1.0,40.0,33.51,1,0,0,0.3670253617662729
2.0,87.98,32.22,1,0,1,0.5235070300002806
1.0,610.0,113.72,1,0,0,0.22906530515637288
1.0,239.0,12.28,1,0,0,0.33496668372853894
1.0,55.0,7.78,1,0,0,0.4177624526526953
1.0,45.95,11.85,1,0,0,0.40590413139805714
1.0,33.0,16.79,1,0,0,0.40522453473912967
2.0,137.8,25.22,1,0,1,0.5140364281855928
3.0,360.93,78.58,1,0,0,0.42713659316625774
1.0,24.5,11.85,1,0,0,0.43562771347604595
1.0,14.9,22.06,1,0,0,0.43113578076547243
1.0,79.79,15.31,1,0,0,0.3696718139565828
1.0,135.0,18.2,1,0,0,0.3404663940715563
1.0,58.0,7.87,1,0,0,0.4147715701071266
1.0,19.9,8.27,1,0,0,0.4633247423687449
1.0,84.0,17.5,1,0,0,0.3616466216443965
1.0,59.9,11.92,1,0,0,0.3935875850024601
1.0,89.99,17.91,1,0,0,0.3577464018472687
1.0,148.0,17.78,1,0,0,0.33779355478896667
1.0,119.9,37.8,1,0,0,0.31658222519866475
1.0,39.9,22.21,6,1,1,0.9999999999999565
1.0,189.9,18.95,1,0,0,0.3255179677808554
3.0,239.97,68.64,1,1,0,0.4489922956201669
1.0,24.9,22.85,1,0,0,0.40482332392892184
1.0,38.9,15.79,1,0,0,0.4003505392459541
2.0,439.0,31.42,1,0,0,0.4553434949223287
1.0,29.0,15.23,1,0,0,0.41576562942940504
1.0,250.0,30.12,1,1,0,0.2975949782531425
1.0,59.9,7.78,1,0,0,0.41385954648139295
1.0,86.99,17.86,1,0,0,0.35929282477818886
1.0,299.0,15.43,1,0,0,0.3170592361952565
1.0,239.9,27.76,1,0,0,0.30205944194613676
1.0,13.5,14.52,1,0,0,0.45519348384731917
2.0,77.8,32.22,1,0,1,0.5291420924388123
1.0,339.0,11.19,1,0,0,0.3259862863701484
1.0,133.0,43.21,1,0,0,0.30782963698088783
1.0,50.0,17.63,1,1,0,0.3839780031537129
1.0,28.99,16.79,1,0,0,0.4113228891514221
2.0,25.98,15.55,1,0,1,0.6124971661030808
1.0,22.99,10.96,1,0,0,0.4424638787767956
,,,1,0,0,0.3610559326759919
1.0,18.99,15.1,1,0,0,0.43656424858804865
1.0,49.9,14.52,1,0,0,0.39275891741774815
2.0,44.0,30.2,1,0,1,0.5584939065002317
1.0,46.9,18.23,1,0,0,0.385385802362308
2.0,51.97,30.46,1,0,1,0.5502974140742916
1.0,279.9,13.46,1,0,0,0.3251484606646743
1.0,113.57,18.04,1,0,0,0.3478073890286625
1.0,50.7,13.37,1,0,0,0.39580842056434506
1.0,89.9,25.14,1,0,0,0.3437170076102009
1.0,209.9,13.37,1,0,0,0.3362576991876663
1.0,159.0,61.39,1,0,0,0.2894406116800294
1.0,69.9,17.74,1,0,0,0.36892921266983464
1.0,69.0,15.23,1,0,0,0.3761952553949376
1.0,152.0,23.86,1,0,0,0.32483332413863847
2.0,225.98,46.66,1,0,0,0.46633530322301026
2.0,233.98,37.4,1,0,0,0.47398170293322456
1.0,149.9,23.63,1,0,0,0.3257528869024265
1.0,142.5,12.5,1,0,0,0.35445099152686826
1.0,299.0,16.84,1,0,0,0.31350323052365786
1.0,48.0,19.53,1,0,0,0.3813303979901602
1.0,82.17,38.33,1,0,0,0.3310862039161627
1.0,69.0,7.78,1,0,0,0.40746181849148977
1.0,54.99,13.97,1,0,0,0.3901342955094121
1.0,107.0,15.5,1,0,0,0.35675253214924735
2.0,183.43,34.79,1,0,0,0.4874874345707385
1.0,15.9,16.79,1,0,0,0.4403337900128406
1.0,159.9,15.87,1,0,0,0.33951993622081716
1.0,72.0,65.31,1,0,0,0.31763151460207456
1.0,56.9,12.74,1,0,0,0.39281964466148434
1.0,795.0,63.65,1,0,0,0.2369792413452517
1.0,699.0,13.25,11,1,1,0.9999999999999367
3.0,74.69999999999999,23.35,1,0,1,0.5454308265165146
1.0,34.9,15.23,1,0,0,0.40704017259925
1.0,246.62,20.27,1,0,0,0.31308816926236255
1.0,38.0,18.37,1,0,0,0.39464589778895687
1.0,179.0,13.16,1,0,0,0.34311399175757645
1.0,265.0,59.94,1,0,0,0.2724393762979385
1.0,49.9,9.34,1,0,0,0.41340245790210367
1.0,57.0,8.14,1,0,0,0.4139310166252376
1.0,119.0,31.93,1,0,0,0.3231260952340136
1.0,69.9,26.11,1,0,0,0.35271704900411094
1.0,32.99,13.71,1,0,0,0.4145332874477249
1.0,35.0,8.41,1,0,0,0.4351050238881882
2.0,122.0,16.28,1,0,1,0.5394350729662881
1.0,249.9,60.3,1,0,0,0.2742245057496711
1.0,86.99,13.63,1,0,0,0.37113709191343924
1.0,159.99,18.4,1,0,0,0.3333187344524711
2.0,179.8,26.36,1,0,1,0.5004005154895907
1.0,70.89,12.84,1,0,0,0.3826995421039667
1.0,118.75,26.91,1,0,0,0.32977116592977107
1.0,89.9,12.13,1,0,0,0.37498773258280577
1.0,70.84,16.77,1,0,0,0.37080051527379937
1.0,179.0,62.89,1,0,0,0.2844385683534182
1.0,34.9,14.1,1,0,0,0.41058652837203025
1.0,99.9,13.72,1,0,0,0.364976113123363
1.0,57.89,10.29,1,0,0,0.4020083913073091
1.0,22.32,22.09,1,0,0,0.41150962021844006
1.0,119.99,14.42,1,0,0,0.3551740197410834
1.0,149.99,36.37,1,0,0,0.3094277283094108
1.0,155.75,17.34,1,0,0,0.33683016231192164
1.0,99.99,15.91,1,0,0,0.35843658610992957
1.0,395.6,41.76,1,0,0,0.2707792007989356
1.0,26.0,16.37,1,0,0,0.41765240054125125
1.0,150.0,22.87,2,1,1,0.9999999999985119
2.0,259.8,54.46,1,0,0,0.4542724612303343
1.0,99.9,0.0,1,0,1,0.5394449364552412
1.0,53.9,17.63,1,0,0,0.3806181616057507
2.0,200.0,30.9,1,0,0,0.48883603193312763
1.0,39.5,22.93,1,0,0,0.3832290969551642
2.0,130.0,22.47,1,0,1,0.5217970191150508
1.0,25.0,25.63,1,0,0,0.3996879163037958
1.0,555.0,30.95,1,0,0,0.2700062561792767
1.0,169.9,31.94,1,0,0,0.30949529652464997
1.0,166.99,19.06,1,0,0,0.33021041819001057
1.0,74.0,16.22,1,0,0,0.37037402828174315
1.0,98.0,18.57,18,1,1,0.9999999999999516
1.0,40.9,15.56,1,0,0,0.39870235128232956
4.0,559.96,85.72,1,0,0,0.40670920250258435
2.0,53.8,29.04,1,0,1,0.5507340466499537
1.0,369.99,15.14,1,0,0,0.31022847412773746
1.0,110.0,11.39,1,0,0,0.3692911730529898
1.0,49.9,16.79,1,0,0,0.38622962332862837
1.0,35.0,12.43,1,0,0,0.4163311042047252
1.0,71.99,18.43,1,0,0,0.3660086337739435
1.0,215.9,15.28,1,0,0,0.3295249189106477
1.0,44.0,15.23,1,0,0,0.39632047263611203
1.0,53.9,19.57,1,0,0,0.376068367563558
1.0,34.9,22.06,1,0,0,0.3905592650629779
1.0,29.99,10.96,1,0,0,0.4296371435427471
1.0,49.9,12.93,1,0,0,0.3980725586436661
1.0,72.99,9.26,1,0,0,0.3966171007920635
1.0,54.9,7.78,1,0,0,0.417846017431114
1.0,229.0,17.85,1,0,0,0.3209052289740542
1.0,148.0,15.79,1,0,0,0.34279118374632644
1.0,229.9,14.91,1,0,0,0.32817983476604073
1.0,119.9,13.28,1,0,0,0.35882451372074137
1.0,458.0,17.97,1,0,0,0.2960768369040903
1.0,4399.87,113.45,1,0,0,0.1820929212617833
1.0,40.0,8.27,1,0,0,0.4296014668832434
1.0,23.4,15.26,16,1,1,0.9999999999999645
1.0,118.58,18.4,1,0,0,0.34522164149451506
1.0,79.9,18.44,1,0,0,0.3615243408707702
1.0,20.99,7.78,1,0,0,0.46373182126049745
1.0,794.98,13.93,1,0,0,0.28797182478688166
1.0,127.9,26.39,1,0,0,0.32760512182712737
1.0,230.0,92.95,1,0,0,0.264157914724065
1.0,26.3,8.29,1,0,0,0.4495571445656808
1.0,466.0,18.89,1,0,0,0.29356960325110093
1.0,145.0,18.89,1,0,0,0.3360899348285862
1.0,39.5,16.79,1,0,0,0.3968742533263625
1.0,269.0,15.49,1,0,0,0.3207553641490749
1.0,59.9,23.57,1,0,0,0.3635481650680788
1.0,89.9,12.33,1,0,0,0.37424536855006135
1.0,829.99,63.13,1,0,0,0.23600688826122998
1.0,619.0,26.04,1,0,0,0.2725695674769647
2.0,36.0,16.54,1,0,1,0.5945011554196767
1.0,29.9,26.89,1,0,0,0.38928075179364957
1.0,115.0,21.3,1,0,0,0.3403985229284014
1.0,83.9,13.61,1,0,0,0.37275248365343805
1.0,29.0,7.87,1,0,0,0.44739059483813404
1.0,45.0,9.34,1,0,0,0.4181844006891524
1.0,111.9,16.41,1,0,0,0.3524427914675222
1.0,99.9,14.45,1,0,0,0.362682806721217
1.0,27.9,14.1,1,1,0,0.4211770260279675
1.0,35.9,15.2,1,0,0,0.4058112089901926
1.0,74.99,30.33,1,0,0,0.3437909115067781
1.0,293.9,9.64,1,0,0,0.33775022532033916
1.0,59.0,15.17,1,0,0,0.3832676691167427
1.0,469.0,12.3,1,0,0,0.31048310993819944
1.0,66.89,17.72,1,0,0,0.3708881300483928
1.0,470.0,67.99,1,0,0,0.2504184470278563
1.0,69.99,22.42,1,0,0,0.35891917071756585
1.0,36.5,17.93,1,0,0,0.39758327221973033
1.0,54.9,14.13,1,0,0,0.38968996541455103
1.0,98.0,9.38,1,0,0,0.383148207489691
1.0,199.0,26.67,1,0,0,0.3103610572510542
1.0,89.99,7.88,1,0,0,0.39508151052059276
1.0,94.9,13.22,1,0,0,0.36879940315193
1.0,25.99,9.34,2,1,1,0.9999999999990954
1.0,38.89,17.6,1,0,0,0.3954832808867196
1.0,49.9,13.37,1,0,0,0.39653054581094427
1.0,9.99,15.1,1,0,0,0.4682800347607494
1.0,79.9,14.65,1,0,0,0.371564550860157
1.0,65.5,8.62,1,0,0,0.40486832378720106
2.0,119.8,14.78,1,0,1,0.5447826679402445
1.0,284.9,44.22,1,0,0,0.2797478311939699
1.0,22.0,17.6,3,1,1,0.9999999999999294
1.0,111.08,13.12,1,0,0,0.3625261382342243
1.0,12.5,19.32,1,0,0,0.4457386814124671
1.0,84.0,19.5,1,0,0,0.35702737609763546
1.0,149.97,17.02,1,0,0,0.3390982807484388
1.0,129.9,29.84,1,0,0,0.32226735243025284
2.0,139.8,24.86,1,0,1,0.5140391299210372
1.0,45.0,19.04,1,0,0,0.385347483166325
1.0,108.9,27.3,1,0,0,0.3326569891510602
1.0,65.0,24.07,1,0,0,0.3591470387060166
1.0,179.99,23.58,1,0,0,0.3188438036755869
1.0,120.9,18.1,1,0,0,0.34512722461817147
1.0,73.35,35.83,1,0,0,0.33828599782366464
1.0,54.99,21.18,7,1,1,0.9999999999999549
1.0,98.0,26.95,1,0,0,0.3374167828159573
1.0,12.5,15.1,1,0,0,0.45715839484492177
1.0,1089.0,144.65,1,1,0,0.20811979246104625
1.0,249.99,46.43,1,0,0,0.2825923928067377
1.0,83.0,18.15,1,0,0,0.3605873458455931
1.0,289.9,10.38,1,0,0,0.335010128075828
,,,1,0,0,0.3610559326759919
1.0,25.0,16.11,1,0,0,0.42026210969139655
1.0,20.0,14.44,1,0,0,0.43612705732255175
1.0,24.75,11.74,1,0,0,0.435582283637737
1.0,89.9,15.38,1,0,0,0.36438480986459926
2.0,78.98,16.54,1,0,1,0.5582527958476557
1.0,89.9,38.18,1,0,0,0.32759083683136275
1.0,93.0,12.56,1,0,0,0.3719615441384649
1.0,129.99,18.16,1,0,0,0.34206982818084214
1.0,339.9,24.92,1,0,0,0.2938291518405336
1.0,59.9,15.18,1,0,0,0.3825661507809449
1.0,46.0,22.25,6,1,1,0.9999999999999551
1.0,155.9,17.06,1,0,0,0.3374726812571492
1.0,159.0,15.99,1,0,0,0.3394232983623632
1.0,48.9,16.6,1,0,0,0.38764859428207465
1.0,75.0,13.08,1,0,0,0.3793937071850533
1.0,119.9,18.09,1,0,0,0.3454866152338221
1.0,165.9,9.98,1,0,0,0.35840255233624635
1.0,49.9,19.54,1,0,0,0.37956868424512424
1.0,139.65,51.48,1,0,0,0.2999782026550199
1.0,85.9,11.21,1,0,0,0.3805538138659169
1.0,35.0,18.35,1,0,0,0.39849751024473756
1.0,189.0,13.98,1,0,0,0.3383899211622907
1.0,59.99,15.24,1,0,0,0.382322940523379
1.0,16.0,18.23,1,0,0,0.4362456907146528
1.0,165.0,29.55,1,0,0,0.3134830628195054
1.0,135.9,13.99,1,0,0,0.3514233502866755
1.0,229.0,96.41,1,1,0,0.26327279442385704
1.0,42.97,23.1,1,0,0,0.3791016350105099
1.0,79.5,16.19,1,0,0,0.367371535879719
1.0,52.0,8.72,1,0,0,0.4148118955597198
1.0,99.9,16.46,1,0,0,0.3570038273652561
1.0,76.1,13.09,1,0,0,0.3787252550704529
1.0,99.9,34.69,1,0,0,0.32693065775197616
1.0,149.99,15.14,1,0,0,0.3440541174227012
1.0,83.9,17.84,1,0,0,0.3608694120050991
1.0,97.47,21.08,1,0,0,0.3475688847109503
1.0,99.9,11.31,1,0,0,0.3736780956009586
1.0,24.9,15.1,1,0,0,0.4234399014588768
1.0,90.48,24.76,1,0,0,0.3440650429240344
1.0,349.9,19.88,1,0,0,0.30138231385671405
1.0,219.9,14.56,1,0,0,0.33085740918513445
1.0,20.0,9.27,1,0,0,0.4574416888194211
1.0,113.57,18.04,1,1,0,0.3478073890286625
1.0,145.77,51.52,1,0,0,0.2983618680346592
1.0,299.99,16.86,1,0,0,0.3133364351991678
,,,1,0,0,0.3610559326759919
1.0,289.9,35.83,1,0,0,0.2862770683916456
1.0,45.9,14.52,1,0,0,0.39655873611907105
1.0,84.99,11.97,1,0,0,0.37800687048629456
1.0,199.8,19.5,1,0,0,0.32243859918324097
1.0,97.65,17.39,1,0,0,0.3555908412647826
1.0,259.0,18.25,1,0,0,0.3154746455867041
1.0,54.9,16.14,1,1,0,0.38370564201206964
1.0,189.0,15.49,1,0,0,0.3340350801518742
1.0,37.9,15.11,1,0,0,0.40355993346269425
2.0,35.8,23.7,1,1,1,0.5787297833198091
1.0,19.9,27.42,1,0,0,0.4076575802832828
2.0,210.0,33.4,1,0,0,0.48339143598111867
2.0,178.0,51.8,1,0,0,0.4723804633684535
1.0,69.9,0.0,1,0,1,0.5556933290254915
1.0,31.0,14.52,1,0,0,0.4148087180208121
1.0,100.0,15.45,1,0,0,0.35970827616028295
1.0,63.9,17.7,1,0,0,0.37293180317162206
1.0,42.99,14.52,1,0,0,0.3995590817829157
1.0,234.0,18.35,1,1,0,0.3189865188458517
1.0,95.0,8.26,15,1,1,0.9999999999999589
1.0,129.0,45.36,1,0,0,0.3072896608713964
1.0,89.9,27.17,1,0,0,0.3406179637033859
1.0,38.79,12.93,1,0,0,0.40967046579846916
1.0,45.9,9.34,1,0,0,0.4172647592386058
1.0,122.99,14.61,1,0,0,0.35359249345177846
2.0,553.8,38.38,1,0,0,0.4376946847177659
2.0,798.0,48.52,1,0,0,0.4142268945814118
1.0,69.9,18.37,1,0,0,0.3674198188897993
1.0,177.99,18.82,1,0,0,0.3282711960579872
1.0,40.5,46.43,1,0,0,0.3539183530355333
1.0,1437.0,34.51,1,0,0,0.23880396280892224
1.0,39.0,18.23,1,0,0,0.3937896522753558
2.0,59.8,30.2,1,0,1,0.5441080773182533
1.0,52.0,8.52,1,0,0,0.41593288658883537
1.0,13.3,15.1,1,0,0,0.45408591601848236
5.0,250.0,110.85,1,0,0,0.42991822564611937
1.0,151.0,15.72,1,0,0,0.3421837672006661
1.0,33.0,22.41,1,0,0,0.39246662711956454
1.0,219.9,42.61,1,0,0,0.2899329794999924
1.0,109.9,23.35,1,0,0,0.3384970606092442
1.0,50.99,13.02,1,0,0,0.3967705006582252
1.0,24.5,11.85,1,0,0,0.43562771347604595
1.0,85.0,11.8,1,0,0,0.3786553456334722
2.0,239.8,31.44,1,0,0,0.48032519898816967
1.0,84.0,7.0,1,0,0,0.40380120367389627
1.0,249.9,40.96,1,0,0,0.2868039347044751
1.0,26.0,16.11,1,1,0,0.4183855234356693
1.0,112.99,34.15,1,0,0,0.32263949445423545
6.0,1854.0,95.52,1,0,0,0.36004105121942453
1.0,259.99,33.26,1,0,0,0.2926551436947883
1.0,32.64,14.1,1,0,0,0.4137336735622609
1.0,360.9,19.78,1,0,0,0.30050303098235637
1.0,69.9,20.98,1,0,0,0.36175539539516155
1.0,35.9,23.05,1,0,0,0.3873727996440024
1.0,345.0,27.64,1,0,0,0.289527572521483
1.0,84.9,14.9,2,1,1,0.9999999999987592
1.0,21.9,7.78,1,0,0,0.4616453167897728
1.0,245.0,19.59,1,0,0,0.31467917297006553
1.0,26.18,17.6,1,0,0,0.41402748449298016
1.0,19.99,16.11,1,0,0,0.4310576292595526
1.0,159.9,20.31,1,0,0,0.3293058130601472
1.0,148.0,14.77,1,0,0,0.34564773988292175
1.0,146.0,15.77,1,0,0,0.34338618363683054
1.0,319.9,14.58,1,0,0,0.3169490075717601
1.0,105.0,26.43,1,0,0,0.33539440692005573
1.0,109.9,14.5,1,0,0,0.35855355836776714
1.0,49.9,15.1,1,0,0,0.39098424435258994
1.0,149.0,34.8,1,0,0,0.3112798013410446
1.0,33.9,15.1,1,0,0,0.408793854061534
1.0,69.9,16.25,1,0,0,0.37276242766936796
1.0,149.0,14.79,1,0,0,0.3453210707348919
1.0,599.0,55.41,1,0,0,0.24912795440871155
1.0,79.9,25.4,1,0,0,0.3481987820354494
1.0,129.99,18.48,1,0,0,0.3413405164415712
1.0,119.99,39.61,12,1,1,0.9999999999999427
1.0,138.0,18.22,1,0,0,0.3395456093690937
1.0,59.9,17.99,1,0,0,0.3750591978473973
1.0,39.9,10.96,1,0,0,0.4161363463609676
1.0,29.0,7.46,4,1,1,0.9999999999999609
1.0,85.99,11.81,1,0,0,0.37811708748019596
2.0,98.0,35.28,1,0,1,0.5147242163322475
1.0,129.9,15.98,1,0,0,0.34750572473499824
1.0,89.9,12.33,1,0,0,0.37424536855006135
1.0,45.99,13.9,1,0,0,0.39846491897246206
1.0,115.0,21.3,1,0,0,0.3403985229284014
1.0,68.0,15.23,1,0,0,0.3768331999488097
1.0,403.75,17.58,1,0,0,0.30122489727160595
1.0,144.99,17.26,1,0,0,0.3398467294937216
1.0,75.0,42.76,1,0,0,0.3307861398477947
1.0,315.0,36.01,1,0,0,0.2832785890598174
1.0,139.9,19.84,1,0,0,0.33548457373263796
1.0,169.9,23.12,1,0,0,0.32180374428575576
1.0,44.9,34.15,1,0,0,0.3611481406048749
1.0,31.9,17.63,1,0,0,0.40461299258854305
1.0,124.0,63.15,1,0,0,0.29765687534186114
1.0,119.0,31.52,1,0,0,0.323613947904471
1.0,79.9,14.73,1,0,0,0.3713226015757927
1.0,159.9,29.52,1,0,0,0.31470591915244106
1.0,27.0,25.63,1,0,0,0.39606767445357877
1.0,57.39,9.34,1,0,0,0.40700504870118737
1.0,41.8,8.88,1,1,0,0.42406819937199014
1.0,195.9,8.63,1,0,0,0.3583780978855875
1.0,14.9,12.48,1,0,0,0.4575196368443762
1.0,599.99,18.95,1,0,0,0.28513927280828555
1.0,39.9,18.38,1,0,0,0.3923792589299293
1.0,62.99,13.46,1,0,0,0.38576449083589676
1.0,49.0,17.67,1,0,0,0.38478623269646794
,,,1,0,0,0.3610559326759919
1.0,18.99,14.11,1,0,0,0.4397429280758121
1.0,34.92,14.12,1,0,0,0.41049412781381445
1.0,194.99,14.24,1,0,0,0.33639620740042103
1.0,27.9,14.1,1,0,0,0.4211770260279675
1.0,199.9,17.37,1,0,0,0.32712517508224936
1.0,198.0,12.89,1,0,0,0.34008180496882345
1.0,65.9,9.21,1,0,0,0.40143192025651386
1.0,72.9,27.36,1,0,0,0.34905754010185824
1.0,149.9,10.61,1,0,0,0.359729953549776
1.0,129.9,20.99,1,1,0,0.33611984373128
1.0,70.9,16.26,1,0,0,0.3721184529046988
1.0,59.99,15.63,1,0,0,0.3811940650673632
1.0,388.35,76.67,1,0,0,0.2528281942506091
1.0,349.0,16.61,1,0,0,0.30854889040356726
1.0,72.9,35.83,1,1,0,0.33854136702684157
1.0,28.99,7.46,1,0,0,0.45005627144906113
1.0,65.0,7.78,1,0,0,0.4101524703128464
1.0,169.9,31.94,1,0,0,0.30949529652464997
1.0,99.99,14.54,1,0,0,0.3623716155642455
1.0,159.9,60.13,1,0,0,0.2899029989709952
1.0,166.02,36.48,1,0,0,0.305524009416511
1.0,39.99,15.38,1,0,0,0.4002679911154893
1.0,22.5,7.42,1,0,0,0.4626762309032883
1.0,29.99,12.79,2,1,1,0.9999999999990108
1.0,156.99,32.13,1,0,0,0.3122404350922477
1.0,24.99,14.1,1,0,0,0.4264549447712418
,,,1,0,0,0.3610559326759919
1.0,29.5,15.98,1,0,0,0.4127500441609562
2.0,224.8,27.6,1,0,0,0.488748496575919
1.0,84.9,27.44,1,0,0,0.3425829314607807
1.0,249.0,19.84,1,0,0,0.31358450403308447
1.0,34.0,8.27,1,0,0,0.4373095580688815
1.0,16.9,14.1,1,0,0,0.4454938433046622
1.0,81.9,13.23,1,0,0,0.3750637353203486
1.0,51.92,16.12,1,0,0,0.38625985072932506
1.0,149.0,14.79,1,0,0,0.3453210707348919
1.0,96.49,11.3,1,0,0,0.3751962585063315
1.0,79.9,7.42,1,0,0,0.40320253819099194
1.0,166.99,15.92,1,0,0,0.3376860206211979
1.0,44.9,12.69,1,0,0,0.4037710762771494
1.0,59.9,9.34,1,0,0,0.4050640435463477
1.0,40.0,16.6,1,0,0,0.3968061874855312
1.0,59.99,18.35,1,0,0,0.37413074175082334
1.0,69.9,9.62,1,0,0,0.39673321960360136
1.0,57.7,11.42,1,0,0,0.39726251880208696
1.0,399.9,16.55,1,0,0,0.3039400219219123
1.0,89.9,15.39,1,0,0,0.36435630504838146
1.0,22.99,21.15,1,0,0,0.41201085493078693
1.0,9.9,15.1,1,1,0,0.4687292211177814
1.0,169.99,13.54,1,0,0,0.3439095152334051
2.0,179.8,24.26,1,0,1,0.5040968800800787
1.0,23.99,17.63,1,0,0,0.4181237762734505
1.0,89.9,15.38,1,0,0,0.36438480986459926
1.0,99.0,20.84,1,0,0,0.3474013672471047
1.0,299.89,63.9,1,0,0,0.2663905995070722
1.0,179.9,25.71,1,0,0,0.31551477875508666
1.0,59.9,17.26,1,0,0,0.3768714347617156
2.0,199.8,24.8,1,0,0,0.4985474954948157
3.0,147.0,16.11,1,0,1,0.532014192205101
1.0,34.9,7.78,1,0,0,0.4390659421481199
1.0,39.9,18.23,1,0,0,0.39274198650101744
1.0,99.99,16.95,1,0,0,0.35570394456271076
1.0,349.9,48.56,1,0,0,0.26988874625715104
1.0,99.9,21.19,1,0,0,0.3463406738926236
1.0,49.9,15.45,1,0,0,0.38995077830812397
1.0,54.9,14.13,1,0,0,0.38968996541455103
1.0,166.9,47.83,1,0,0,0.2958976521609708
1.0,59.9,16.39,1,0,0,0.37915121770364946
1.0,85.0,62.41,1,0,0,0.3125401161208955
1.0,79.0,13.13,1,0,0,0.37696401810022917
1.0,360.8,36.33,1,0,0,0.27843426013205663
2.0,124.0,25.42,1,0,1,0.518375131247068
1.0,59.0,11.91,1,0,0,0.3943054922981285
1.0,23.99,7.78,1,0,0,0.45717901542871275
,,,1,0,0,0.3610559326759919
1.0,35.0,15.35,1,0,0,0.4065475909488136
1.0,24.99,15.1,1,0,0,0.4232666726178202
1.0,18.9,34.15,1,0,0,0.40095352920069227
1.0,26.0,22.9,1,0,0,0.4026832231006125
1.0,312.9,14.15,1,0,0,0.3189860472275654
2.0,157.3,81.88,1,0,0,0.46016915493679095
1.0,595.99,32.36,1,0,0,0.2662762163088129
1.0,19.9,15.1,1,0,0,0.4342819700939666
1.0,36.9,16.11,1,0,0,0.401887046693367
1.0,79.99,23.36,1,0,0,0.35156058045545246
1.0,80.0,8.86,1,0,0,0.3946591427533316
,,,1,0,0,0.3610559326759919
1.0,104.99,20.81,1,0,0,0.34505188510808754
1.0,18.75,17.06,1,0,0,0.43153439005883887
1.0,99.9,51.2,1,0,0,0.31292619984732384
1.0,54.75,17.63,1,0,0,0.37992157019701817
1.0,67.7,34.23,1,0,0,0.34337715270073516
2.0,49.8,28.2,1,0,1,0.5556223214005801
1.0,129.0,58.76,1,0,0,0.2985335910196978
2.0,49.8,14.86,1,0,1,0.5843466423833863
1.0,50.4,13.37,1,0,0,0.39607773991491485
1.0,148.0,26.41,1,0,0,0.321900571119411
1.0,109.9,11.23,1,0,0,0.3699724825346261
1.0,99.9,23.63,1,0,0,0.3418878342861862
1.0,149.99,36.91,1,0,0,0.30889603594970205
4.0,799.6,68.64,1,0,0,0.4012852160789884
1.0,107.9,18.56,1,0,0,0.34870376676921555
1.0,29.89,15.1,7,1,1,0.9999999999999623
1.0,298.13,17.85,1,0,0,0.31127051375684633
1.0,490.9,54.16,1,0,0,0.25580550057664114
1.0,69.9,16.25,1,0,0,0.37276242766936796
1.0,249.99,15.5,1,0,0,0.32343401286787204
1.0,99.0,18.27,1,1,0,0.3529174899487076
1.0,989.0,33.65,1,0,0,0.24993912586159867
1.0,19.99,15.1,1,0,0,0.4340622554278978
1.0,47.49,9.94,1,0,0,0.4127029770871281
1.0,119.9,23.34,1,0,0,0.335019933425925
1.0,259.6,21.31,1,0,0,0.30926612451521235
2.0,259.8,36.32,1,0,0,0.4707866396951731
1.0,39.9,14.1,1,0,0,0.4043469903964696
1.0,129.0,16.34,1,0,0,0.34683545112797093
2.0,719.8,57.68,1,0,0,0.4114218230273659
1.0,177.99,18.82,1,0,0,0.3282711960579872
1.0,169.97,17.9,1,0,0,0.3321049762149047
1.0,69.9,0.0,1,0,1,0.5556933290254915
1.0,84.9,14.34,1,0,0,0.36991167995506424
1.0,128.9,15.65,1,0,0,0.3487120057127235
1.0,45.9,16.11,1,0,0,0.3918570742726627
1.0,24.9,15.1,1,0,0,0.4234399014588768
1.0,270.0,9.65,1,0,0,0.34089833297482086
1.0,385.0,82.07,1,0,0,0.2511788251636729
2.0,91.8,15.8,1,0,1,0.5535684751782306
1.0,559.0,30.05,1,0,0,0.2707907699315531
1.0,25.9,18.23,1,0,0,0.41295211596428294
2.0,90.0,46.62,1,0,1,0.5070171028146743
1.0,123.0,32.77,1,0,0,0.32085905869807174
1.0,279.0,16.71,1,0,0,0.31632086908785456
5.0,375.0,87.30000000000001,1,0,0,0.421789170012383
1.0,230.0,16.36,1,0,0,0.32430723736090245
1.0,185.81,19.18,1,0,0,0.3258569907751612
1.0,199.9,15.15,1,0,0,0.3328160604372692
1.0,63.99,8.29,1,0,0,0.4077949006686802
1.0,122.99,29.89,1,0,0,0.32433712579511725
1.0,13.2,18.23,1,0,0,0.4457058094966475
1.0,39.99,11.73,1,0,0,0.41281708153574087
1.0,169.9,61.47,1,0,0,0.28701858381277257
1.0,149.0,25.39,1,0,0,0.3231690114439437
2.0,109.9,25.55,1,0,1,0.5235539218852002
1.0,59.99,21.22,1,0,0,0.3678934769873445
1.0,799.9,40.92,1,0,0,0.2498612899609825
1.0,27.99,10.96,1,0,0,0.43294551490305816
1.0,219.99,18.82,1,0,0,0.32026047372126404
1.0,199.9,23.98,1,0,0,0.3142606967364318
1.0,45.0,14.11,1,0,0,0.3987734750984977
1.0,79.99,20.96,1,0,0,0.35605378488952516
1.0,49.8,15.23,1,0,0,0.3906878795598254
1.0,38.0,13.71,1,0,0,0.40790796112304434
1.0,124.9,21.32,1,0,0,0.3370474941386238
1.0,52.9,22.95,4,1,1,0.9999999999999454
2.0,59.0,30.76,1,0,1,0.5439448574788555
1.0,254.0,13.28,1,0,0,0.32932386937458374
1.0,49.7,13.37,1,0,0,0.3967130663397625
1.0,117.3,22.29,1,0,0,0.3377525247037676
1.0,99.89,19.94,1,0,0,0.34886810020481634
1.0,22.99,8.72,1,0,0,0.45361871786656577
1.0,109.99,27.32,1,0,0,0.3322299235388636
2.0,44.8,20.94,1,0,1,0.5736760282280782
1.0,299.9,12.71,1,0,0,0.32503234704338074
1.0,56.99,12.74,1,0,0,0.3927486423640211
1.0,44.99,13.08,1,0,0,0.4022747527285881
1.0,157.9,29.51,1,0,0,0.3151950808513752
2.0,135.82,25.22,1,1,1,0.514677699941861
1.0,39.0,15.1,1,0,0,0.4022636719278618
1.0,209.9,18.72,1,0,0,0.32223117016567915
1.0,84.99,16.35,1,0,0,0.3640936674952011
1.0,49.9,8.72,1,0,0,0.41671089628804286
1.0,799.99,20.36,1,0,0,0.27341822629594253
2.0,59.8,16.22,1,0,1,0.571878400549412
1.0,49.9,16.95,1,0,0,0.3858083428492752
1.0,104.9,43.14,1,0,0,0.31702708250231765
1.0,189.9,30.91,1,0,0,0.3065788533119922
2.0,119.8,39.32,1,1,1,0.5011034705959441
1.0,53.9,0.0,1,0,1,0.5676894153564821
1.0,105.9,17.99,1,0,0,0.35078919000223024
1.0,150.0,15.36,1,0,0,0.34343465529174927
1.0,18.9,18.23,1,0,0,0.4281157498497738
2.0,705.14,80.04,1,0,0,0.4000881731404253
1.0,196.9,37.71,1,0,0,0.2981004428833296
1.0,27.9,17.63,1,0,0,0.41092769628572934
1.0,129.9,18.71,1,0,0,0.3408531635040921
1.0,129.9,37.0,1,0,0,0.31427118908878365
1.0,179.9,15.01,6,1,1,0.9999999999999467
1.0,14.6,22.85,1,0,0,0.4305694846938361
1.0,200.0,15.01,1,0,0,0.33318820472974015
1.0,44.99,14.1,1,0,0,0.39881613755856826
1.0,64.9,26.71,1,0,0,0.35495955080751673
1.0,154.91,16.18,1,1,0,0.3399504530624808
1.0,150.0,11.67,1,0,0,0.35542948268640173
1.0,129.9,14.66,1,0,0,0.35121851350099464
1.0,82.49,14.33,1,0,0,0.3711763710270859
1.0,69.9,9.34,1,1,0,0.39813212788926844
1.0,19.9,15.1,1,0,0,0.4342819700939666
1.0,59.42,16.67,1,0,0,0.3787579562573555
1.0,59.9,21.22,1,0,0,0.367959031991399
1.0,24.99,12.79,1,1,0,0.43104133746886647
1.0,30.48,7.39,1,1,0,0.4481031805632605
1.0,89.99,45.09,1,0,0,0.3215061334886136
1.0,529.99,33.96,1,0,0,0.2683139349435935
1.0,269.0,26.91,1,0,0,0.2991360095054612
1.0,78.0,18.65,1,0,0,0.36206445207573584
1.0,729.0,25.59,1,0,0,0.2681177283484419
1.0,199.9,20.59,1,0,0,0.3202421099694679
1.0,109.9,51.06,1,0,0,0.30932316906829355
1.0,90.0,16.39,1,0,0,0.36156274451143877
1.0,132.2,16.03,1,0,0,0.3466645293482962
1.0,329.9,67.4,1,1,0,0.2617064446393154
1.0,159.9,29.52,1,0,0,0.31470591915244106
1.0,45.9,8.11,1,0,0,0.4241067879834627
1.0,40.9,9.04,1,0,0,0.42422296793069036
1.0,28.96,8.72,1,0,0,0.442407151089407
1.0,42.5,19.95,1,0,0,0.38590107157102344
1.0,120.0,17.28,1,0,0,0.3473861084450297
1.0,89.6,15.73,1,1,0,0.3635410931209575
1.0,379.0,71.53,1,0,0,0.2555741310397279
1.0,49.9,16.79,1,0,0,0.38622962332862837
1.0,64.99,11.06,1,0,0,0.39342461665620654
1.0,89.9,17.2,1,0,0,0.359524185180651
3.0,117.0,50.010000000000005,1,0,0,0.4926252984855508
1.0,34.9,7.87,1,0,0,0.4384995816810981
1.0,139.9,20.54,1,0,0,0.33406820979585683
1.0,35.99,46.88,1,0,0,0.3587786917511433
1.0,229.99,19.49,1,0,0,0.317208460982737
1.0,109.9,15.52,1,0,0,0.35559044171500137
1.0,119.9,19.38,1,0,0,0.3426088290359885
1.0,29.99,7.78,1,0,0,0.44633880107319707
1.0,329.9,33.05,1,0,0,0.28468880867498986
1.0,329.0,17.4,1,0,0,0.308777568851935
1.0,123.9,23.8,1,0,0,0.33293367075882424
1.0,145.0,16.12,1,0,0,0.3427266121791603
5.0,749.5,119.6,1,0,0,0.3843230422421336
2.0,49.98,37.78,1,0,1,0.5430142044052634
1.0,77.0,7.79,1,0,0,0.40249941449998583
2.0,125.8,17.76,1,0,1,0.5340214802685631
1.0,149.0,18.29,1,0,0,0.33635309825530874
1.0,24.99,34.15,1,0,0,0.3877698225920824
1.0,220.0,24.34,1,0,0,0.31015245324795354
1.0,199.99,19.5,1,0,0,0.32240279162617413
1.0,56.58,15.25,1,0,0,0.38489629447141493
1.0,159.99,11.73,1,0,0,0.352609707664921
1.0,53.2,8.27,1,0,0,0.416325397908395
1.0,134.9,16.7,1,0,0,0.344111193075343
1.0,8.99,15.1,1,0,0,0.4735128384394194
1.0,19.9,15.1,1,0,0,0.4342819700939666
1.0,39.99,10.96,1,0,0,0.4160310679395916
1.0,248.99,35.91,1,0,0,0.2914678185491371
1.0,55.0,22.32,1,0,0,0.3695617887363672
1.0,52.9,9.27,1,0,0,0.4110819843054139
1.0,38.25,16.11,1,1,0,0.40022159581677996
1.0,205.0,15.04,1,1,0,0.3321596906234123
1.0,259.0,16.56,1,0,0,0.3194068531661758
1.0,45.9,16.11,2,1,1,0.9999999999988778
1.0,99.9,24.57,1,0,0,0.34031614600243354
1.0,38.9,16.05,1,1,0,0.39961113151685485
1.0,138.0,27.29,1,0,0,0.32333841714970796
1.0,57.0,22.98,1,0,0,0.36676991272082893
2.0,101.4,35.2,1,0,1,0.5132745924432397
1.0,128.9,23.83,1,0,0,0.33131786470680413
1.0,19.9,37.05,1,0,0,0.39518983907339
1.0,589.0,40.48,1,0,0,0.2592993483400726
1.0,119.5,15.72,1,0,0,0.3515980991713126
1.0,93.5,15.4,1,0,0,0.3626697499549454
1.0,369.9,21.56,1,0,0,0.2963544892844696
1.0,529.99,20.52,1,0,0,0.28617891767095666
1.0,40.0,7.71,1,0,0,0.4330370516970528
6.0,53.400000000000006,71.1,1,0,1,0.5149981829744683
1.0,44.0,20.4,1,0,0,0.383360667423701
1.0,49.0,19.53,1,0,0,0.3804055728101301
1.0,59.99,11.44,1,0,0,0.3954304904364379
1.0,89.9,21.71,1,0,0,0.3496973708141079
1.0,107.0,13.77,1,0,0,0.36193987312691417
1.0,774.9,35.73,1,0,0,0.25508561986214373
1.0,170.0,21.68,1,0,0,0.3243269849641593
1.0,439.65,20.96,1,0,0,0.2915652672207984
1.0,34.99,8.72,1,0,0,0.43334873721139516
1.0,199.0,16.27,1,0,0,0.3300027765786616
1.0,452.6,76.02,1,0,0,0.24838608742689908
1.0,299.9,170.11,1,0,0,0.23996728476869017
1.0,252.0,46.22,1,0,0,0.2824670332054731
1.0,299.9,19.35,1,0,0,0.30786347813982484
1.0,349.9,21.69,1,0,0,0.2980397392371009
1.0,59.9,17.67,1,0,0,0.3758428703844311
1.0,249.9,37.37,1,0,0,0.2899522367223454
1.0,118.0,7.69,1,0,0,0.3845743825355531
1.0,119.99,15.95,1,0,0,0.3508063871304695
1.0,49.99,9.34,1,0,0,0.4133194881439532
1.0,118.5,41.59,1,0,0,0.3135945335365522
1.0,106.3,13.18,1,0,0,0.36415810754338385
1.0,104.0,14.82,1,0,0,0.35989061150198154
1.0,165.0,15.9,1,0,0,0.3382081169535368
1.0,31.9,12.48,1,0,0,0.42052306715968873
1.0,84.9,27.44,1,0,0,0.3425829314607807
1.0,54.9,17.66,1,0,0,0.3797252222887974
1.0,29.9,16.11,1,0,0,0.41174297254943565
2.0,90.0,30.22,1,0,1,0.5252355366329248
1.0,99.99,14.45,1,0,0,0.3626450451263951
1.0,89.9,12.88,1,0,0,0.37227273116087767
1.0,68.65,25.35,1,0,0,0.35468417905822897
1.0,17.9,15.1,1,0,0,0.4394544089567649
1.0,46.0,18.23,1,0,0,0.38626135333027617
1.0,52.9,14.68,1,0,0,0.3896263347360454
1.0,149.9,22.19,1,0,0,0.3282501898729176
1.0,124.0,14.21,1,0,0,0.3544687710837136
1.0,129.99,18.16,1,0,0,0.34206982818084214
1.0,159.9,19.4,1,0,0,0.33116940977009335
1.0,108.9,23.56,1,0,0,0.3385053438162949
1.0,22.99,12.79,1,0,0,0.4350754168597205
1.0,124.9,61.15,1,0,0,0.29843384160142344
1.0,499.99,45.53,1,0,0,0.26059973849043316
1.0,55.9,18.49,1,0,0,0.3769159424400108
1.0,89.0,13.64,1,0,0,0.37012895706586735
1.0,359.9,53.02,1,0,0,0.2662069237979217
2.0,719.96,171.18,1,0,0,0.37407466008165935
1.0,40.0,15.1,1,0,0,0.40109273543838614
1.0,75.0,8.72,1,0,0,0.39826775233747624
1.0,134.99,40.93,1,0,0,0.3091797686452653
1.0,26.0,12.79,1,0,0,0.4291329741753314
1.0,49.9,17.28,1,0,0,0.38495381314955857
1.0,89.9,12.13,1,0,0,0.37498773258280577
1.0,95.0,18.77,1,0,0,0.35348710222651114
1.0,12.0,11.85,1,0,0,0.4707634062733857
1.0,179.0,17.96,1,0,0,0.32996998346997
1.0,39.9,22.93,1,0,0,0.382771028040511
1.0,166.99,27.49,1,0,0,0.31576069230480963
1.0,44.79,9.34,1,0,0,0.41840186635837506
1.0,521.9,26.52,1,0,0,0.27733277787512955
1.0,199.0,19.63,1,0,0,0.3223224873969235
1.0,31.9,7.78,1,0,0,0.4433678313794756
1.0,55.0,7.65,1,0,0,0.41858280444603746
1.0,90.0,12.13,1,0,0,0.3749401136174139
1.0,41.9,17.92,1,1,0,0.39126294022363073
1.0,39.0,15.1,1,0,0,0.4022636719278618
2.0,178.0,27.28,1,0,0,0.49932263629400647
1.0,98.9,7.95,1,0,0,0.3905581092379454
1.0,79.99,38.11,1,0,0,0.3323975948307114
1.0,49.0,13.44,1,0,0,0.39711813933465767
1.0,129.99,18.16,1,0,0,0.34206982818084214
2.0,125.8,50.56,1,0,0,0.48861662203700457
1.0,56.99,19.59,1,0,0,0.3735596763118644
1.0,89.9,21.28,1,0,0,0.35052567371498006
1.0,179.0,13.83,1,0,0,0.3409687879351031
1.0,12.99,37.04,1,0,0,0.41567170912968787
1.0,210.0,96.28,1,1,0,0.26619767651018267
1.0,75.0,20.02,1,0,0,0.36072017849099547
1.0,30.0,18.31,1,0,0,0.4057998438668906
1.0,39.99,17.63,1,0,0,0.3941247972633101
1.0,35.0,21.43,1,0,0,0.3916810364259768
1.0,159.9,20.61,1,0,0,0.3287130698607372
2.0,149.98,29.68,1,0,1,0.5031255276649111
1.0,169.9,17.44,1,0,0,0.33319828487627967
1.0,13.65,7.39,1,0,0,0.48764563951258233
1.0,116.5,8.0,1,0,0,0.3832482149471333
1.0,99.0,18.26,1,0,0,0.35294070554096557
1.0,144.9,13.35,1,0,0,0.3508819392939078
1.0,39.9,11.3,1,0,0,0.41468691163933047
1.0,109.9,7.95,1,0,0,0.3860270953851612
1.0,29.0,8.36,1,0,0,0.4444117982366895
1.0,53.69,7.39,1,0,0,0.42137939026388793
1.0,53.99,7.78,1,0,0,0.41861418638039694
1.0,67.99,19.67,1,0,0,0.3656830904674945
1.0,61.9,16.19,1,0,0,0.3782453117609855
1.0,249.99,11.93,1,0,0,0.3345153789093638
1.0,229.9,13.11,1,0,0,0.33362789844599017
1.0,238.9,21.64,1,0,0,0.31168409292082894
1.0,59.9,7.78,1,0,0,0.41385954648139295
1.0,199.0,17.64,1,0,0,0.32666306885629254
2.0,189.8,76.42,1,0,0,0.45460303835227966
1.0,99.0,45.99,1,0,0,0.3170267813935384
2.0,31.8,23.7,1,0,1,0.5843239942280748
1.0,119.9,20.08,1,0,0,0.34114029427953463
2.0,47.4,28.2,1,0,1,0.5579404974996925
1.0,223.51,17.32,1,0,0,0.3230374452243005
1.0,53.9,21.35,1,0,0,0.37233509454978375
1.0,139.99,88.22,1,0,0,0.2828196613462704
1.0,57.99,15.62,1,0,0,0.3827270098438796
1.0,79.0,23.13,1,0,0,0.3524907105240935
1.0,1099.99,15.46,1,0,0,0.273941345185484
3.0,161.9,87.67,1,0,0,0.45673091766315155
2.0,205.9,30.94,1,0,0,0.48752883379082596
1.0,36.5,12.43,1,0,0,0.41435968493612235
1.0,84.9,17.03,1,0,0,0.3623700800874025
1.0,11.0,7.87,1,1,0,0.49526821777409674
1.0,34.9,13.37,1,0,0,0.41305399498365447
1.0,7.0,7.78,1,1,1,0.5182733047518056
1.0,24.98,15.1,1,0,0,0.42328588728890026
1.0,115.0,51.31,1,0,0,0.30741542660739435
1.0,45.0,14.1,1,0,0,0.39880595769422306
1.0,98.0,12.19,1,0,0,0.3710873691979156
1.0,53.99,7.78,1,0,0,0.41861418638039694
1.0,109.9,27.24,1,0,0,0.33237733894131866
1.0,39.99,15.1,1,0,0,0.40110428588692054
1.0,306.59,105.32,1,0,0,0.2514372153642585
1.0,86.8,7.86,1,0,0,0.39678255291271824
1.0,29.0,14.52,1,0,0,0.4179711016475735
1.0,55.3,15.14,1,1,0,0.38624371257132634
1.0,29.99,7.39,1,0,0,0.44888509837695273
2.0,333.88,35.96,1,0,0,0.4607567352234238
1.0,49.0,18.23,1,0,0,0.3834128968595062
1.0,566.88,19.04,1,1,0,0.28679967076524154
1.0,59.99,9.34,1,1,0,0.40499611386070056
1.0,24.5,13.37,1,0,0,0.42990294488135244
1.0,45.9,8.4,1,0,0,0.42239638727997636
1.0,259.0,19.91,1,0,0,0.31201223541720324
1.0,89.9,14.8,1,0,0,0.3660758666194116
1.0,99.0,31.0,1,0,0,0.33155768329058233
1.0,554.9,21.98,1,0,0,0.2821399303520848
1.0,39.9,16.79,1,0,0,0.3964103571996305
2.0,59.8,33.58,1,0,1,0.5395669621913479
1.0,35.5,11.85,1,0,0,0.4179161318806985
1.0,89.0,14.37,1,1,0,0.36780751063902517
1.0,139.99,27.78,1,0,0,0.32209927036510094
1.0,29.7,18.23,1,0,0,0.40646903513498645
1.0,22.99,11.15,2,1,1,0.9999999999990856
1.0,40.0,15.1,1,0,0,0.40109273543838614
2.0,119.8,35.34,1,0,1,0.5055979941849877
2.0,99.8,44.56,1,0,1,0.5041579693471799
1.0,99.0,18.27,1,0,0,0.3529174899487076
1.0,25.99,7.78,1,0,0,0.45327363565658146
1.0,48.9,11.74,1,0,0,0.40348572075487643
1.0,28.99,14.1,1,0,0,0.41935065677356903
1.0,129.9,8.67,5,1,1,0.9999999999999529
1.0,39.9,17.6,1,0,0,0.3943041205386816
1.0,6.99,7.39,1,0,1,0.5209141683475483
1.0,27.9,14.1,1,0,0,0.4211770260279675
1.0,52.9,12.5,1,0,0,0.3969860011782823
1.0,159.9,18.37,1,0,0,0.33340794127992646
1.0,67.9,18.25,1,0,0,0.36895940763263113
2.0,52.9,30.17,1,0,1,0.5498775032815331
1.0,39.9,14.11,1,0,0,0.4043143600036027
1.0,26.9,11.85,1,0,0,0.4311196068636084
1.0,169.9,12.89,1,0,0,0.34606877976144157
1.0,164.9,25.99,1,0,0,0.31838517475908573
1.0,83.9,13.61,1,0,0,0.37275248365343805
1.0,69.0,14.23,1,0,0,0.3792321520694239
1.0,47.2,16.6,1,1,0,0.3892482877339249
1.0,419.9,17.69,1,0,0,0.2996361212276978
1.0,190.0,15.08,1,0,0,0.33496322400428385
1.0,16.9,21.15,1,0,0,0.42686476844857174
2.0,76.0,32.22,1,0,1,0.5302193033785825
1.0,29.99,15.1,1,0,0,0.41456875034417173
5.0,335.43,60.67,1,0,0,0.43982440648674853
1.0,50.0,15.1,1,0,0,0.39089373350504514
1.0,140.0,9.73,1,0,0,0.3664608593360106
1.0,459.9,18.43,1,1,0,0.2949599803852441
2.0,99.54,30.46,1,0,1,0.5203153656864494
1.0,98.99,15.8,1,0,0,0.3591574892393848
1.0,49.9,17.66,1,0,0,0.3839929397644532
2.0,78.0,15.56,1,0,1,0.5616569406697404
1.0,229.99,27.69,1,0,0,0.30367041176503745
1.0,19.9,25.63,1,0,0,0.41054541522458643
1.0,116.5,8.0,1,0,0,0.3832482149471333
3.0,285.0,49.29,1,0,0,0.4546899492124694
1.0,69.99,8.65,1,0,0,0.40172967628260775
1.0,129.99,21.54,1,0,0,0.33504145548079783
2.0,49.74,48.7,1,0,1,0.5328338150173901
1.0,54.9,16.14,1,0,0,0.38370564201206964
1.0,31.9,8.11,1,0,0,0.4413202427825591
1.0,139.9,16.74,1,1,0,0.342555000461997
1.0,225.0,12.6,1,0,0,0.33615182707652813
1.0,49.9,13.37,1,0,0,0.39653054581094427
1.0,99.9,23.28,1,0,0,0.3424921526388607
1.0,31.9,25.63,1,0,0,0.38830336555928935
1.0,59.9,25.26,1,0,0,0.3606855882903152
1.0,29.9,15.38,1,0,0,0.4138660429267102
2.0,98.0,26.88,1,0,1,0.5264822490836147
1.0,19.9,11.85,1,0,0,0.445752818457975
1.0,17.9,11.85,1,0,0,0.45095297320642175
1.0,59.0,14.58,1,0,0,0.38505120095435447
1.0,109.9,15.52,1,0,0,0.35559044171500137
1.0,35.0,22.06,1,0,0,0.3904273674463952
1.0,139.0,22.79,1,0,0,0.3301298302732179
1.0,259.9,27.31,1,0,0,0.29980862833218236
1.0,40.9,15.23,1,0,0,0.39967578683181126
1.0,149.0,13.48,1,0,0,0.3493381988679982
1.0,214.0,39.05,1,0,0,0.29389343117362793
1.0,16.9,7.78,1,0,0,0.47444553698396047
1.0,99.9,16.46,1,0,0,0.3570038273652561
1.0,118.99,18.08,1,0,0,0.3458185445315258
1.0,44.9,22.59,1,0,0,0.3780724868419728
1.0,99.0,8.46,4,1,1,0.9999999999999494
1.0,143.8,18.3,1,0,0,0.3377313889966843
1.0,156.99,17.81,1,0,0,0.33540621277905136
1.0,69.0,16.92,1,0,0,0.3715528205999727
2.0,182.4,23.5,1,0,1,0.5049014389990425
1.0,721.35,18.07,1,0,0,0.28105252538214814
1.0,369.0,25.16,1,0,0,0.2906717628841415
1.0,49.99,17.6,1,0,0,0.38406211102246973
1.0,79.0,18.13,1,0,0,0.3627337183845255
1.0,129.9,14.66,1,0,0,0.35121851350099464
1.0,205.0,15.04,1,0,0,0.3321596906234123
1.0,504.0,18.28,1,0,0,0.2922152247359431
1.0,72.9,27.06,1,0,0,0.3494993832814565
1.0,214.99,22.3,1,0,0,0.3143851024210166
1.0,18.99,14.52,1,1,0,0.43839688213732547
1.0,78.9,19.74,1,0,0,0.35915917315766377
1.0,249.9,17.51,1,0,0,0.31845381031306114
1.0,12.0,15.1,1,0,0,0.4591821646448942
1.0,180.0,17.8,1,0,0,0.3301241620914655
1.0,59.99,8.79,1,0,0,0.40790021601285187
3.0,139.7,40.34,1,0,0,0.4935194915073578
1.0,169.99,36.51,1,0,0,0.3046192828197784
1.0,74.99,18.33,1,0,0,0.3644888164907137
1.0,59.9,9.44,1,0,0,0.40455627831440993
1.0,21.9,11.85,1,0,0,0.4410749800699189
1.0,129.0,21.74,1,0,0,0.33497043360501183
1.0,39.9,15.1,1,0,0,0.4012083821585167
1.0,80.99,14.66,1,0,0,0.37095174270342773
1.0,99.99,50.99,1,0,0,0.31303289438756965
1.0,106.94,28.11,1,0,0,0.3322430266115975
2.0,240.0,27.0,1,0,0,0.48692937215044657
1.0,84.9,13.95,9,1,1,0.9999999999999551
1.0,216.0,19.39,1,0,0,0.3197437624573495
1.0,149.99,17.53,1,0,0,0.3378574336028486
1.0,59.9,11.73,1,1,0,0.3943331797348695
1.0,12.47,18.23,1,0,0,0.4485141440644393
1.0,39.9,9.41,1,0,0,0.42344406663547696
1.0,799.0,66.33,1,0,0,0.23568970366344452
1.0,194.65,10.18,1,0,0,0.3511490562108345
1.0,405.89,20.05,1,0,0,0.29594886450343244
1.0,59.9,11.31,1,0,0,0.3960308393894616
1.0,72.0,12.63,1,0,0,0.38277019700252873
1.0,269.9,19.99,1,0,0,0.3103627913012921
1.0,104.53,21.22,1,0,0,0.3444269335680867
1.0,49.9,41.33,1,0,0,0.3491888061466622
1.0,29.9,18.31,1,0,0,0.4059569608918491
1.0,119.9,65.65,1,0,0,0.2976590874625872
1.0,13.65,7.78,1,0,0,0.48507299460013753
1.0,139.94,59.53,1,0,0,0.29509001044546296
1.0,1437.0,34.51,1,0,0,0.23880396280892224
1.0,90.0,9.38,1,0,0,0.3868221945253718
1.0,60.99,18.53,1,0,0,0.37298113685529627
1.0,58.99,11.73,1,0,0,0.3950202191651169
6.0,174.0,137.10000000000002,1,0,0,0.4379780059978829
1.0,74.82,8.27,1,0,0,0.4009055890505084
1.0,129.99,15.67,1,0,0,0.348316696350574
1.0,169.0,126.65,1,0,0,0.26597731900996
2.0,156.0,28.3,1,0,1,0.503474885019024
1.0,399.9,100.85,1,0,0,0.24441115429169688
1.0,56.99,8.72,1,0,0,0.4106168107434582
1.0,53.0,16.13,1,0,0,0.3853086210403019
1.0,35.9,15.1,1,0,0,0.40611312077021094
1.0,69.9,16.15,1,0,0,0.3730342024628153
1.0,47.49,13.37,1,0,0,0.39878532695278296
1.0,18.0,7.78,1,0,0,0.47131936731656954
1.0,69.9,16.25,1,0,0,0.37276242766936796
1.0,89.9,34.79,1,0,0,0.3310624143842718
2.0,139.98,50.22,1,0,0,0.48414439481594446
1.0,16.9,15.1,1,0,0,0.44227299282113913
1.0,199.7,16.28,1,0,0,0.3298433247908134
2.0,119.8,25.72,1,0,1,0.5193929805610558
1.0,76.5,12.88,1,0,0,0.3792306056632629
1.0,79.9,18.8,1,0,0,0.36069799537289887
1.0,289.9,19.91,1,0,0,0.3079541176594261
3.0,270.15,46.25,4,1,1,0.9999999999999623
1.0,161.9,31.44,1,0,0,0.3118846900799618
1.0,205.0,26.27,1,0,0,0.30983826515538276
1.0,59.99,9.74,1,0,0,0.4030001384994472
1.0,139.99,36.84,1,0,0,0.3115725149423545
1.0,16.9,7.78,1,1,0,0.47444553698396047
1.0,53.9,12.48,1,0,0,0.3962126018255661
2.0,57.8,28.22,1,0,1,0.5486272594875802
1.0,59.0,19.1,1,0,0,0.3731267059879969
1.0,20.9,14.1,1,0,0,0.4351019114390737
,,,1,0,0,0.3610559326759919
1.0,10.0,12.79,1,0,0,0.4761490792635618
2.0,381.74,37.18,1,0,0,0.45387508592873343
2.0,123.8,30.36,1,0,1,0.5106485092492524
1.0,124.9,18.12,1,0,0,0.3437669463400354
1.0,79.9,20.96,1,0,0,0.35610134237336155
1.0,79.9,16.81,1,0,0,0.3655175281332839
3.0,44.97,45.69,1,0,1,0.5405111668139174
1.0,54.9,8.72,1,0,0,0.4123229440454056
1.0,28.8,8.36,1,0,0,0.4447458073423726
1.0,79.0,14.64,1,0,0,0.3720826000612571
1.0,76.99,16.51,1,0,0,0.3678918630987972
1.0,49.9,17.06,1,0,0,0.38552137407341963
2.0,99.8,27.86,1,0,1,0.5240850391618778
1.0,24.99,7.44,4,1,1,0.999999999999962
1.0,27.3,37.1,1,0,0,0.3803395205877136
2.0,69.8,32.64,1,0,1,0.5335929401495977
1.0,69.9,16.88,1,0,0,0.3710937218288657
1.0,69.0,23.35,1,0,0,0.35784146911518855
1.0,24.99,8.29,1,0,0,0.4520422735010631
1.0,110.0,19.74,1,0,0,0.3453374530628804
2.0,89.8,36.46,1,0,1,0.5173088014099972
1.0,14.49,7.87,1,0,0,0.4815223537116683
1.0,52.8,9.94,1,0,0,0.4078345384121713
1.0,109.97,45.23,1,0,0,0.3135111886617526
1.0,29.9,16.11,1,0,0,0.41174297254943565
1.0,59.9,19.91,1,0,0,0.3706752275746694
2.0,198.0,33.88,1,0,0,0.4853121549619644
1.0,29.29,18.31,1,0,0,0.40692786279537274
1.0,535.9,16.0,1,0,0,0.29534797445325534
1.0,54.16,20.87,1,0,0,0.3730921359169109
1.0,42.0,7.87,1,0,0,0.42973097880095584
1.0,19.5,14.1,1,0,0,0.4384812798101417
1.0,19.0,18.23,1,0,0,0.4278593268618054
1.0,32.0,12.88,1,0,0,0.41889093322457693
1.0,47.7,8.72,1,0,0,0.4187962376873442
1.0,44.9,15.79,1,0,0,0.39376276841446567
1.0,84.99,9.41,1,0,0,0.38916261339236236
1.0,78.9,13.89,1,0,0,0.3744855760721211
1.0,19.0,15.1,1,0,0,0.4365385475152483
1.0,113.0,43.16,1,0,0,0.31411359797941346
1.0,78.99,13.13,1,0,0,0.3769695003012323
2.0,87.98,32.22,1,0,1,0.5235070300002806
1.0,69.99,14.24,1,0,0,0.3785771067261895
2.0,69.8,35.56,1,0,1,0.5299503771368117
1.0,309.0,21.13,1,0,0,0.3033796209459502
1.0,529.65,54.43,1,0,0,0.25334339409807405
,,,1,0,0,0.3610559326759919
1.0,119.6,43.25,1,0,0,0.3118490381809678
1.0,99.49,23.63,1,0,0,0.34205576046162645
1.0,24.99,17.63,1,0,0,0.41616952302364246
1.0,299.0,14.53,2,1,1,0.9999999999984601
1.0,34.99,7.78,1,0,0,0.4389430905035692
1.0,499.99,23.99,1,0,0,0.2823183458162749
1.0,22.9,8.32,1,0,0,0.45612865903779737
1.0,18.89,15.23,1,0,0,0.4364221423657217
1.0,24.99,7.44,1,0,0,0.457404605167079
1.0,124.89,14.21,1,0,0,0.35417653886106204
1.0,449.99,35.6,1,0,0,0.27192236104187467
1.0,97.9,17.94,1,0,0,0.35415559768056315
1.0,84.58,11.22,2,1,1,0.999999999998826
2.0,56.0,30.2,1,0,1,0.5471708613499596
1.0,65.0,7.39,1,0,0,0.4126461888650226
1.0,27.9,15.1,1,0,0,0.41799945513962844
2.0,79.98,13.56,1,1,1,0.5669644707974786
1.0,59.9,17.67,1,1,0,0.3758428703844311
1.0,39.0,18.23,1,0,0,0.3937896522753558
,,,1,0,0,0.3610559326759919
,,,1,0,0,0.3610559326759919
2.0,158.0,32.62,1,0,0,0.4967503123904217
1.0,59.0,11.91,1,0,0,0.3943054922981285
1.0,19.95,15.1,1,0,0,0.43415977721941884
1.0,12.97,15.1,1,0,0,0.455329820160854
1.0,124.9,23.15,1,0,0,0.33372156590475266
1.0,69.0,8.29,1,0,0,0.40440399236046254
1.0,138.9,17.71,1,0,0,0.3404723613133887
1.0,30.0,18.31,1,0,0,0.4057998438668906
2.0,179.8,35.76,1,0,0,0.48718773316176284
1.0,29.01,19.59,1,0,0,0.4043685972244185
1.0,1489.0,22.86,1,0,0,0.25120411825706457
1.0,169.0,12.68,1,0,0,0.3469965151264879
1.0,105.0,62.99,1,0,0,0.30402688597335836
1.0,179.99,26.88,1,0,0,0.3137958428998239
1.0,69.9,13.08,1,0,0,0.38247381675316827
1.0,18.9,11.85,1,0,0,0.44828083522835355
1.0,49.9,19.04,1,0,0,0.3806953387948461
1.0,85.0,11.8,1,0,0,0.3786553456334722
1.0,105.0,16.7,1,0,0,0.35431435267383293
1.0,59.99,9.34,6,1,1,0.99999999999996
1.0,99.0,33.08,1,0,0,0.329082637510107
1.0,219.9,19.64,1,0,0,0.31856488608230443
1.0,45.0,16.79,1,0,0,0.3909067093377019
1.0,44.9,9.09,1,0,0,0.4195964062676876
1.0,29.9,15.1,1,0,0,0.4147111026348986
1.0,62.0,11.73,1,0,0,0.39279069367199265
1.0,40.0,19.59,1,0,0,0.389458930535294
1.0,79.9,7.42,1,0,0,0.40320253819099194
1.0,59.9,17.67,1,0,0,0.3758428703844311
1.0,125.02,12.58,1,0,0,0.3595059663936589
1.0,77.9,35.9,2,1,1,0.9999999999985691
1.0,159.0,25.95,1,0,0,0.3198314425506205
1.0,109.9,21.26,1,0,0,0.3423104371872745
1.0,999.0,36.03,1,0,0,0.24748002424852203
1.0,129.9,27.23,1,0,0,0.3257793000206596
2.0,202.89,46.46,1,0,0,0.47111373518252525
1.0,69.9,21.57,1,0,0,0.3605894428605111
1.0,90.0,9.44,1,0,0,0.38652299960638403
1.0,39.9,22.21,1,0,0,0.3841349054615386
1.0,105.0,16.04,1,0,0,0.3560510935908816
1.0,69.99,9.24,1,0,0,0.3985856906908715
1.0,170.0,15.94,1,0,0,0.33693557536258245
1.0,35.0,7.78,1,0,0,0.43892946128575994
1.0,350.0,22.27,1,0,0,0.2970290908051889
1.0,59.99,11.73,1,0,0,0.3942658570413278
2.0,212.0,40.46,1,0,0,0.47490618353125535
1.0,1350.0,172.99,1,0,0,0.19905209296904164
1.0,16.9,8.82,1,0,0,0.4682124505834462
,,,3,1,1,0.9999999999999085
2.0,898.0,86.2,1,0,0,0.3885240567759703
1.0,122.99,17.05,1,0,0,0.3469561283281568
1.0,227.0,10.4,1,0,0,0.3442058624867506
1.0,94.9,26.74,1,0,0,0.33903465855898135
1.0,59.9,17.67,1,0,0,0.3758428703844311
1.0,99.0,16.45,1,0,0,0.35740717213907663
1.0,133.0,15.75,1,0,0,0.34717481724238497
1.0,110.32,7.64,1,0,0,0.3877509957363656
1.0,75.0,27.51,1,0,0,0.34764494998845674
1.0,99.9,15.01,1,0,0,0.36101253520204696
1.0,39.97,12.79,1,0,0,0.408783638345717
1.0,179.96,28.45,1,0,0,0.31165571249968843
1.0,69.0,7.78,1,0,0,0.40746181849148977
1.0,29.99,14.1,1,0,0,0.41773896059385945
1.0,75.0,16.29,1,0,0,0.36960589868980664
1.0,16.0,7.87,1,0,0,0.4765897837571405
1.0,110.99,21.27,1,0,0,0.34189100247743637
1.0,58.99,11.73,1,0,0,0.3950202191651169
1.0,56.99,15.15,1,0,0,0.38486957180892645
1.0,153.2,13.41,1,0,0,0.3484533370454162
6.0,179.39999999999998,90.6,1,0,0,0.45110020037088494
1.0,89.9,19.99,1,0,0,0.35313436502770024
1.0,129.9,23.71,1,0,0,0.33121380724720856
1.0,74.14,15.28,1,0,0,0.3729254798456498
3.0,204.75,40.32,1,0,0,0.47686733126095615
1.0,289.9,15.78,1,0,0,0.3172614131148914
,,,2,1,1,0.9999999999987204
1.0,251.9,10.12,1,0,0,0.34142613630125074
1.0,566.88,18.14,1,0,0,0.2886384168310944
1.0,120.0,21.33,1,0,0,0.33862934600753775
1.0,67.9,35.73,1,0,0,0.3416107562963877
1.0,50.9,13.43,1,0,0,0.3954242120443788
1.0,24.99,8.11,1,0,0,0.453127281511655
1.0,31.0,18.23,1,0,0,0.4044550080038974
1.0,38.9,25.63,1,0,0,0.37922078911946244
1.0,44.0,22.06,1,0,0,0.37999545147903646
1.0,69.0,16.92,1,0,0,0.3715528205999727
2.0,59.78,25.74,1,0,1,0.551079720867867
1.0,157.8,14.87,1,0,0,0.34281172303129387
1.0,49.9,17.6,1,0,0,0.38414305322384035
1.0,112.99,9.78,1,0,0,0.37514943281746416
1.0,109.99,20.26,1,0,0,0.3442624674495039
1.0,199.9,26.24,2,1,1,0.9999999999983966
1.0,87.9,17.87,1,0,0,0.358830283611661
1.0,129.99,13.93,1,0,0,0.35341467955580735
1.0,85.9,23.18,1,0,0,0.3488962607433684
1.0,99.99,14.46,1,0,0,0.36261456690679367
1.0,49.77,7.78,1,0,0,0.4223713690309988
1.0,63.0,8.27,1,0,0,0.40861586140509215
1.0,241.0,25.77,1,0,0,0.3046734246541121
3.0,89.69999999999999,42.3,1,0,1,0.5114821229101019
2.0,30.0,38.08,1,0,1,0.5669603763474571
1.0,59.9,12.76,1,0,0,0.3904452271070602
1.0,59.9,16.18,1,1,0,0.3797225687387746
1.0,189.99,8.59,1,0,0,0.35980980348768565
1.0,799.9,28.18,1,0,0,0.26199233666838
1.0,98.99,27.46,1,0,0,0.3362706114215212
,,,1,0,0,0.3610559326759919
1.0,499.9,22.74,1,0,0,0.28428002222794785
1.0,44.0,14.1,1,0,0,0.3998364099417567
1.0,109.9,21.26,1,0,0,0.3423104371872745
1.0,139.99,16.61,1,0,0,0.3428589094333743
1.0,118.39,18.08,1,0,0,0.34602353267413094
1.0,154.9,14.48,2,1,1,0.9999999999986251
1.0,13.98,14.1,1,0,0,0.45485290674075957
1.0,637.0,21.3,1,0,0,0.2788810458337879
1.0,143.8,18.9,1,0,0,0.3363957823246557
1.0,29.9,15.31,1,0,0,0.41407565300484134
1.0,59.9,9.34,1,0,0,0.4050640435463477
1.0,415.17,98.94,1,0,0,0.24378976348844258
1.0,259.9,41.77,1,0,0,0.28478536482943834
2.0,33.8,32.1,1,0,1,0.5683962664835933
1.0,48.0,16.11,1,0,0,0.3898272930818157
1.0,26.0,18.23,1,0,0,0.41276868720250903
1.0,79.9,15.66,1,0,0,0.36861668394958264
1.0,485.9,21.5,1,0,0,0.28728733629318903
1.0,49.0,7.78,1,0,0,0.4230943201432321
1.0,31.9,39.41,1,0,0,0.37083143962095094
2.0,181.98,35.84,1,0,0,0.4865699938645317
1.0,10.5,7.87,1,0,0,0.4975888683712052
2.0,76.8,32.22,1,0,1,0.5297372522795327
1.0,24.99,14.1,1,0,0,0.4264549447712418
1.0,39.98,15.56,1,0,0,0.3997510762553524
1.0,77.99,23.35,1,0,0,0.3526432879333261
2.0,144.9,25.26,1,0,1,0.511744733037159
1.0,27.99,7.46,1,0,0,0.45175614498901423
1.0,37.5,13.37,1,0,0,0.4096900873945486
1.0,189.9,34.6,1,0,0,0.3024764193320622
1.0,69.9,13.08,1,0,0,0.38247381675316827
1.0,152.0,21.18,1,0,0,0.3295784586104686
2.0,77.8,76.8,1,0,0,0.49417714345562913
1.0,116.0,16.57,1,0,0,0.35055282583592023
3.0,179.7,53.010000000000005,1,0,0,0.4713738452143616
1.0,174.9,59.66,1,0,0,0.2869388381482068
1.0,121.0,18.95,1,0,0,0.343173719019659
1.0,94.9,19.63,15,1,1,0.9999999999999514
1.0,189.0,8.51,1,0,0,0.3604474074111062
1.0,44.9,9.44,1,0,0,0.41777511624097907
1.0,119.9,18.09,1,0,0,0.3454866152338221
1.0,190.9,16.09,1,0,0,0.33205656469660244
1.0,149.9,27.59,1,0,0,0.3197294472441886
1.0,53.99,12.82,1,0,0,0.3948958815372285
1.0,56.99,15.15,1,0,0,0.38486957180892645
1.0,59.9,15.86,1,0,0,0.38060990622836866
1.0,56.0,25.67,1,0,0,0.3629491334146233
1.0,251.9,20.73,1,0,0,0.3114345516488578
2.0,170.0,36.34,1,0,0,0.48894635018030863
1.0,92.0,13.66,1,0,0,0.36865271642063757
1.0,195.9,19.25,1,0,0,0.3237028198864806
1.0,98.0,19.88,1,0,0,0.3497822323694521
1.0,199.9,38.95,1,0,0,0.2964215356626421
1.0,18.95,10.96,1,0,0,0.4519187686635204
3.0,47.7,23.05,1,0,1,0.5667946337372949
1.0,84.9,16.56,1,0,0,0.3635834824796543
1.0,55.0,13.41,1,0,0,0.3919935342013639
1.0,119.85,23.64,1,0,0,0.3345249632854628
2.0,139.8,68.58,1,0,0,0.47199737748040826
1.0,99.0,33.08,1,0,0,0.329082637510107
1.0,189.9,16.43,1,0,0,0.3313856651009828
1.0,29.99,15.1,1,0,0,0.41456875034417173
1.0,79.0,16.18,1,0,0,0.3676689410552585
1.0,179.0,27.91,1,0,0,0.31257726006868464
1.0,349.9,22.85,1,0,0,0.29606904060051115
1.0,34.5,7.39,1,0,0,0.4421546720322057
1.0,13.65,7.78,1,0,0,0.48507299460013753
1.0,31.9,14.1,1,0,0,0.4148157311633416
2.0,240.0,27.5,1,0,0,0.4861212870396441
1.0,166.99,20.66,1,0,0,0.3269417051703533
11.0,715.08,138.86,1,1,0,0.3811979153479674
1.0,34.9,28.75,1,0,0,0.3793849594907862
1.0,219.0,66.34,1,0,0,0.2757567080487492
1.0,49.9,14.52,1,0,0,0.39275891741774815
1.0,90.0,11.72,1,0,0,0.3765064257148917
1.0,69.9,11.88,1,0,0,0.3868792656056302
1.0,51.9,15.11,1,0,0,0.3891810897364298
1.0,9.9,18.23,1,0,0,0.45993240618416276
1.0,60.0,11.03,1,1,0,0.3971275472730375
1.0,43.8,7.39,1,0,0,0.4308486692639678
1.0,54.9,19.87,1,0,0,0.3745980831561811
1.0,101.34,17.96,1,0,0,0.35267615005421643
1.0,89.0,14.93,1,0,0,0.36611705764701946
1.0,168.9,16.06,1,0,0,0.33687288335286475
1.0,169.9,27.62,1,0,0,0.3149298824744386
2.0,304.0,25.1,1,0,0,0.48021366662596393
2.0,119.8,26.88,1,0,1,0.5174418764795025
1.0,85.9,17.85,1,0,0,0.3598489744336379
1.0,12.9,18.23,1,0,0,0.4468401852665115
1.0,29.99,16.79,1,0,0,0.4097202754135739
1.0,133.0,15.68,1,0,0,0.3473655590425295
2.0,107.19,36.5,1,0,1,0.5092291022355392
1.0,122.73,19.77,1,0,0,0.3408445797227743
1.0,20.99,16.79,1,0,0,0.4267862993028049
1.0,179.0,57.92,1,0,0,0.28706416183311534
1.0,33.99,19.32,1,0,0,0.3975739897405512
1.0,169.97,16.63,1,0,0,0.3351632974798125
1.0,193.0,16.1,1,0,0,0.3316110329693863
1.0,24.9,7.78,1,0,0,0.4553609961637777
2.0,319.8,45.98,1,0,0,0.45239179497895654
1.0,259.9,41.77,1,0,0,0.28478536482943834
1.0,158.0,8.37,1,0,0,0.36844692219414
1.0,29.9,12.87,1,0,0,0.4221502895997364
1.0,118.99,25.14,1,0,0,0.3323643579723293
1.0,1277.5,90.25,1,0,0,0.215185492760569
1.0,125.0,18.75,1,0,0,0.342306157088156
1.0,144.99,36.56,1,0,0,0.31051858529451654
1.0,55.0,51.11,1,0,0,0.33722479719108733
1.0,145.0,17.85,1,0,0,0.3384386499338983
1.0,113.0,21.28,1,0,0,0.3411453697770927
1.0,500.0,20.75,1,0,0,0.287671589679414
1.0,187.9,30.36,1,0,0,0.3076314627558039
1.0,54.9,16.14,1,0,0,0.38370564201206964
1.0,56.0,7.65,1,0,0,0.41775571943897827
1.0,119.9,13.86,1,0,0,0.3569398774431695
1.0,18.9,15.1,1,0,0,0.43679620098271676
,,,1,0,0,0.3610559326759919
1.0,149.0,16.34,1,0,0,0.3410721099389002
1.0,108.0,18.33,1,0,0,0.34919118323860143
1.0,102.48,34.52,1,0,0,0.32609830209913454
1.0,139.9,20.47,1,0,0,0.3342072517509807
1.0,170.0,25.54,1,0,0,0.3179036060139079
1.0,340.0,29.76,1,0,0,0.28736854287832087
1.0,71.0,13.08,1,1,0,0.3817888227854409
1.0,99.99,16.46,1,0,0,0.3569663258701749
1.0,41.29,9.34,1,0,0,0.42219886996127864
1.0,59.9,17.67,1,0,0,0.3758428703844311
3.0,258.70000000000005,56.120000000000005,1,0,0,0.4535940496245537
1.0,78.0,7.8,1,0,0,0.4018649356884224
1.0,34.0,11.5,1,0,0,0.4213738539971699
2.0,117.8,50.5,1,0,0,0.49160169082082333
1.0,229.0,30.0,1,0,0,0.3008699890775362
1.0,166.89,21.66,1,1,0,0.32507093654154734
1.0,93.33,25.93,1,0,0,0.3409392281453684
1.0,213.0,19.07,1,0,0,0.32093462599368083
1.0,91.0,13.66,1,0,0,0.36911718459519277
1.0,89.9,25.12,1,0,0,0.3437490099145342
1.0,109.9,18.82,1,0,0,0.3473677842441776
1.0,39.9,16.11,1,0,0,0.398271131634533
1.0,74.89,9.94,1,0,0,0.3921360463353803
1.0,169.0,14.93,1,0,0,0.3399404993291912
1.0,420.0,17.69,1,0,0,0.2996279841999581
1.0,35.0,14.1,1,0,0,0.41045242240648877
1.0,58.99,14.72,1,0,0,0.3846281122526158
1.0,159.99,32.15,1,0,0,0.3115046261739247
2.0,216.8,33.04,1,0,0,0.4824897294110556
1.0,69.0,9.47,1,0,0,0.3980542781250439
1.0,214.0,63.3,1,0,0,0.27800005943851996
1.0,89.9,17.88,1,0,0,0.35786012266933126
1.0,53.0,18.25,1,0,0,0.3798529228592905
1.0,13.65,14.1,1,0,0,0.4560355176824037
1.0,129.0,17.15,1,0,0,0.34478237305331016
1.0,114.9,27.78,1,0,0,0.32983903469063225
1.0,183.37,16.72,1,0,0,0.3320018413437255
2.0,69.8,17.76,1,0,1,0.5606102724978806
1.0,105.0,14.82,1,0,0,0.3594920113351576
1.0,78.8,12.05,1,0,0,0.38097802749233384
1.0,74.9,7.87,1,0,0,0.4032377636270126
1.0,119.0,13.13,1,0,0,0.35963817946605625
1.0,65.99,11.48,1,0,0,0.39101104617313975
1.0,110.32,18.87,1,0,0,0.3471007559391686
1.0,29.0,7.78,1,0,0,0.44795927739046315
1.0,52.9,15.13,1,0,0,0.3882628980033627
4.0,758.36,173.44,1,0,0,0.3720887701533253
1.0,24.99,7.39,1,0,0,0.45774005876077
1.0,159.9,47.78,1,0,0,0.2974983041262365
1.0,49.98,13.01,1,0,0,0.39771493584828677
1.0,59.0,15.16,1,0,0,0.38329722934879235
1.0,68.9,12.61,1,0,0,0.38477648132295683
1.0,109.9,29.17,1,0,0,0.32971756434253396
1.0,58.9,15.16,1,0,0,0.3833725979742525
1.0,12.9,15.1,1,0,0,0.45559783522056213
2.0,219.8,52.1,1,0,0,0.46308783868407866
2.0,107.8,26.8,1,0,1,0.5223094944151888
2.0,178.0,83.09,1,0,0,0.4542669811300053
1.0,25.9,12.84,1,0,0,0.42913395159234746
1.0,69.9,16.93,1,0,0,0.3709643947166658
1.0,109.0,38.51,1,0,0,0.31961969173811133
1.0,899.0,54.82,1,0,0,0.2377899029826585
1.0,134.99,27.67,1,0,0,0.3236617711975179
1.0,50.0,17.6,1,0,0,0.38405312737505864
1.0,53.9,18.66,1,0,0,0.3781338057824978
1.0,299.99,68.47,1,0,0,0.26430658924298794
1.0,6.9,15.65,1,1,0,0.4848914778558768
1.0,21.9,14.1,1,0,0,0.43283143127386453
1.0,1100.0,37.11,1,0,0,0.24385250497704325
1.0,42.49,18.23,1,0,0,0.389865822572664
3.0,225.0,46.29,1,0,0,0.467167554912608
1.0,330.0,23.07,1,0,0,0.29773176620487296
1.0,69.9,17.74,1,0,0,0.36892921266983464
1.0,49.9,14.1,1,0,0,0.3940955107542911
2.0,747.0,27.03,1,0,0,0.4409532528405067
1.0,47.59,12.79,1,0,0,0.40073822173972845
1.0,13.65,15.1,1,0,0,0.4528006881897807
1.0,72.0,13.62,1,0,0,0.37934425682302236
1.0,99.9,13.53,1,0,0,0.36559614239288274
1.0,1788.0,110.61,1,0,0,0.20219464194263534
1.0,89.99,19.6,1,0,0,0.3539205250351432
2.0,70.0,13.56,1,0,1,0.5730099231129336
1.0,29.0,7.78,1,0,0,0.44795927739046315
1.0,30.0,13.79,1,0,0,0.4187580225054073
1.0,170.0,15.94,1,0,0,0.33693557536258245
1.0,105.0,22.04,1,0,0,0.3426892314983814
1.0,68.0,12.61,1,0,0,0.385356066939005
2.0,179.8,35.76,1,1,0,0.48718773316176284
1.0,199.9,22.87,1,0,0,0.3161014862276126
1.0,27.84,14.43,1,0,0,0.42020355875003157
1.0,141.9,11.6,1,0,0,0.3579469986335823
1.0,149.9,17.3,1,0,0,0.3384330262724638
1.0,209.99,14.02,1,0,0,0.3342135449145396
1.0,119.9,12.04,1,0,0,0.36319224995516747
1.0,22.99,11.73,1,1,0,0.4391992691909415
2.0,375.34,78.54,1,0,0,0.42526110283119684
1.0,99.0,15.79,1,0,0,0.35918078136858195
1.0,19.9,42.38,1,0,0,0.38983999839906014
1.0,39.9,8.72,1,0,0,0.42713594646093733
1.0,57.89,22.99,1,0,0,0.3660745498842214
1.0,26.9,8.29,1,0,0,0.4484624234753029
1.0,76.0,15.28,1,0,0,0.3718539977361653
1.0,185.99,22.77,1,0,0,0.31897552007970936
1.0,39.0,15.1,5,1,1,0.999999999999958
1.0,48.9,38.61,1,0,0,0.3526501442142841
1.0,41.0,19.32,1,0,0,0.3889387756454362
1.0,19.9,15.1,1,0,0,0.4342819700939666
1.0,155.99,15.84,1,0,0,0.3405751863310532
1.0,27.99,7.78,1,0,0,0.4496743860684089
1.0,44.0,12.97,1,0,0,0.40368946983880477
1.0,194.9,36.72,1,0,0,0.2994090631415465
1.0,89.9,25.91,1,0,0,0.34250748780358237
1.0,45.0,16.11,1,0,0,0.39275845991064945
1.0,155.99,8.35,1,0,0,0.3690812137499833
1.0,89.9,26.89,1,0,0,0.3410286884106501
1.0,35.99,13.71,1,0,0,0.41044512145940193
1.0,80.1,17.0,1,0,0,0.3649225268615615
1.0,208.9,17.09,1,0,0,0.3261259612569652
1.0,97.98,14.05,1,1,0,0.3647383595407737
1.0,101.62,41.69,1,0,0,0.3195002303850626
1.0,215.0,33.96,1,1,0,0.2986494098204733
1.0,69.9,15.24,1,0,0,0.37560065168488793
1.0,69.9,18.0,1,0,0,0.36829881835108347
4.0,195.6,67.16,1,0,0,0.4585086354899017
1.0,19.95,8.72,1,0,0,0.460578857856562
1.0,89.9,13.18,1,0,0,0.371236955634258
2.0,69.8,18.68,1,0,1,0.5582982665321005
1.0,110.0,14.5,1,0,0,0.35851586438875077
1.0,65.0,16.15,1,0,0,0.37620706791203706
1.0,89.0,17.87,1,0,0,0.35830690733830733
1.0,78.0,14.3,1,0,0,0.3736793852407633
1.0,99.99,17.13,1,0,0,0.35525088401790633
1.0,19.9,15.1,1,0,0,0.4342819700939666
1.0,43.0,12.79,1,0,0,0.40539863530412307
1.0,98.0,16.13,1,0,0,0.35868055247329916
1.0,558.9,26.49,1,1,0,0.27518657077181086
1.0,99.0,16.13,1,0,0,0.3582565415897916
1.0,167.0,11.79,1,0,0,0.3506719604927476
1.0,59.9,16.18,1,0,0,0.3797225687387746
1.0,180.0,12.28,1,0,0,0.3459127129396791
1.0,19.9,7.78,1,1,0,0.4663592854216036
1.0,42.99,14.44,1,0,0,0.39981171702944684
2.0,189.8,35.82,1,0,0,0.48477130587222633
1.0,44.9,9.09,1,0,0,0.4195964062676876
1.0,49.99,22.28,1,0,0,0.37386048118909376
1.0,134.9,14.52,1,0,0,0.35010545990281383
1.0,17.99,14.1,1,0,0,0.4424251029376673
1.0,56.99,16.16,1,0,0,0.38198588048313586
1.0,139.99,44.56,1,0,0,0.3048243043707479
1.0,115.0,13.06,1,0,0,0.36128951684520616
1.0,99.0,14.44,1,0,0,0.3630930492786729
1.0,35.0,14.1,1,0,0,0.41045242240648877
1.0,39.9,12.69,1,0,0,0.40923136386249453
1.0,69.99,15.37,1,0,0,0.37516724271989493
1.0,119.9,23.42,1,0,0,0.33488274383826516
1.0,328.0,14.88,1,0,0,0.3152131949009515
1.0,599.99,13.01,1,0,0,0.29983601044787694
1.0,49.9,14.51,1,0,0,0.39279022437036487
1.0,229.99,26.16,1,0,0,0.3057969989242816
1.0,899.0,28.79,1,0,0,0.2578103870230318
1.0,169.0,14.93,1,0,0,0.3399404993291912
1.0,249.0,16.62,1,0,0,0.320709974180632
1.0,134.9,12.44,1,0,0,0.3568900337535546
1.0,169.0,20.37,1,0,0,0.32705114626945353
2.0,110.0,35.28,1,0,1,0.5095021835658523
1.0,19.99,7.78,1,0,0,0.4661367140656194
1.0,44.9,12.97,1,0,0,0.4027579848320319
1.0,205.0,48.87,1,0,0,0.28780741434480334
1.0,185.0,42.05,1,0,0,0.29655796119961325
2.0,156.0,37.3,1,0,0,0.49160751081614207
1.0,105.0,13.04,1,0,0,0.3651495563473398
1.0,19.99,25.38,1,0,0,0.41075098378642866
1.0,104.9,19.92,1,0,0,0.3468991277789541
1.0,59.9,8.88,1,0,0,0.40747960363896
1.0,17.99,16.11,1,0,0,0.43619607232997293
1.0,199.9,15.15,1,0,0,0.3328160604372692
1.0,24.9,8.33,1,0,0,0.4519803456802277
1.0,13.65,15.1,1,0,0,0.4528006881897807
1.0,29.99,15.1,1,0,0,0.41456875034417173
1.0,59.9,17.67,1,0,0,0.3758428703844311
1.0,25.7,7.92,1,0,0,0.45293611841642817
1.0,82.95,8.33,1,0,0,0.3960003872179253
1.0,895.0,62.6,1,0,0,0.23415635881467797
1.0,75.5,11.73,1,0,0,0.38407919372473137
1.0,66.89,27.01,1,0,0,0.35321926395471803
1.0,59.99,19.39,1,0,0,0.37174627046211306
1.0,729.0,13.85,1,0,0,0.29096701452933205
1.0,25.99,7.78,1,1,0,0.45327363565658146
1.0,119.9,27.16,1,0,0,0.32902927923442243
1.0,107.9,15.07,1,0,0,0.3576294335706156
1.0,380.97,24.6,1,0,0,0.29041886374677806
2.0,46.0,37.54,12,1,1,0.9999999999999782
1.0,145.0,15.76,1,0,0,0.3436868913334612
1.0,224.5,13.91,1,0,0,0.33200474645684985
1.0,28.99,16.79,1,0,0,0.4113228891514221
1.0,29.99,12.48,1,0,0,0.42345741213180244
1.0,89.0,15.37,1,0,0,0.36483952025497685
1.0,169.99,25.7,1,0,0,0.3176651196802568
1.0,200.0,15.01,1,0,0,0.33318820472974015
1.0,1054.0,64.05,1,0,0,0.22909031351447245
1.0,109.9,15.52,1,0,0,0.35559044171500137
1.0,35.9,7.51,1,0,0,0.4394605996066964
1.0,18.8,12.79,4,1,1,0.99999999999996
1.0,299.99,22.9,1,0,0,0.3013433319027722
1.0,110.32,8.03,1,0,0,0.38539034268234384
1.0,289.0,12.0,1,0,0,0.32884480925511156
2.0,226.99,39.33,1,0,0,0.47316722598561983
1.0,269.9,24.43,1,0,0,0.3026330175574872
1.0,79.0,17.8,1,0,0,0.36352408503321076
1.0,44.9,16.95,1,0,0,0.39058473832987206
1.0,9.5,37.04,1,0,0,0.4309121231942275
1.0,138.0,16.73,1,0,0,0.34312610872559396
1.0,139.77,19.08,1,0,0,0.3371277473627325
1.0,99.9,17.95,1,0,0,0.3532925326036303
1.0,40.0,18.59,1,0,0,0.3917624509549926
1.0,61.99,8.82,1,0,0,0.40625224555519424
2.0,273.8,42.08,1,0,0,0.4624550466163217
1.0,119.5,14.18,1,0,0,0.356075901561264
1.0,148.0,14.62,1,0,0,0.346087183926292
1.0,89.9,26.71,1,0,0,0.34129543308205645
1.0,25.9,8.72,1,0,0,0.4478107919460175
3.0,378.0,64.11,1,0,0,0.4328653714666874
1.0,49.9,34.15,1,0,0,0.35652112704963834
1.0,83.9,23.17,1,0,0,0.34989656897214627
1.0,200.0,15.01,1,0,0,0.33318820472974015
1.0,23.99,14.16,1,0,0,0.4282233962998189
1.0,18.9,15.1,1,0,0,0.43679620098271676
1.0,59.9,12.55,1,0,0,0.3912083333913404
2.0,138.8,25.3,1,0,1,0.5135753514700355
1.0,165.9,15.92,1,0,0,0.33794213177279314
1.0,388.0,25.59,1,0,0,0.2883557335907198
1.0,189.9,86.54,1,0,0,0.2726770167607708
1.0,122.99,30.11,1,0,0,0.32405769847212335
1.0,196.99,59.93,1,0,0,0.2825942205101746
1.0,129.99,23.71,1,0,0,0.33118649197177413
1.0,1098.0,75.84,1,0,0,0.2234926682166247
1.0,69.99,15.37,1,0,0,0.37516724271989493
1.0,69.9,35.81,1,0,0,0.34031175405589104
2.0,236.0,63.54,1,0,0,0.45231558475307865
1.0,29.99,15.1,1,0,0,0.41456875034417173
1.0,102.0,15.16,1,0,0,0.35970826478163365
1.0,54.99,20.78,1,0,0,0.37260513918430527
1.0,229.96,53.16,1,0,0,0.2810510452627263
3.0,129.0,24.12,1,0,1,0.5192809300915151
1.0,229.9,24.11,1,0,0,0.30890819473023895
1.0,24.9,23.32,1,0,0,0.40393920062527705
1.0,155.97,16.19,1,0,0,0.3396555303702552
1.0,82.99,15.34,1,0,0,0.3679010606187626
2.0,159.98,27.84,1,0,1,0.5030887684977493
1.0,149.9,33.5,1,0,0,0.3124466020925298
1.0,89.99,22.95,1,0,0,0.34737204323150717
3.0,80.5,40.04,1,0,1,0.5187173641845918
2.0,71.8,27.42,1,0,1,0.539826918785956
1.0,89.99,7.49,1,0,0,0.39751184746720625
1.0,20.49,14.1,1,0,0,0.43606623318035664
1.0,25.45,15.1,1,0,0,0.42239157998015947
1.0,27.9,22.06,1,0,0,0.40098461954582415
1.0,115.9,18.06,1,0,0,0.34693354648957053
1.0,69.9,18.42,1,0,0,0.36730262330045477
1.0,24.9,19.95,1,0,0,0.4107925951640174
1.0,25.9,11.85,1,0,0,0.4329436759232227
1.0,109.9,12.9,1,0,0,0.3637244400768834
1.0,53.9,16.07,1,0,0,0.3847209343042047
1.0,75.0,12.43,1,0,0,0.3817128312859334
1.0,24.99,15.28,1,0,0,0.4227182662467633
1.0,270.0,16.77,1,0,0,0.31736995337103024
1.0,53.9,20.33,1,0,0,0.3744276066918628
1.0,39.99,14.59,1,0,0,0.4026741470194106
1.0,92.9,16.28,1,0,0,0.36051936440178245
1.0,82.8,12.71,1,0,0,0.3764047741533528
1.0,159.69,18.37,1,0,0,0.3334591613414899
2.0,998.0,82.56,1,0,0,0.3862128486518559
1.0,129.9,18.79,1,0,0,0.34067575408893996
1.0,80.0,23.36,1,0,0,0.3515553302496008
2.0,48.0,15.74,1,0,1,0.5833986378988288
1.0,49.99,18.45,1,0,0,0.38198922831667703
1.0,120.0,18.92,1,0,0,0.34357473461812077
1.0,57.5,17.14,1,0,0,0.37898553398050194
1.0,14.9,7.39,1,0,0,0.48327819096867725
1.0,21.99,19.04,1,0,0,0.418827749763527
1.0,44.0,18.41,1,0,0,0.38784340160687636
1.0,169.0,23.98,1,0,0,0.32057407873630817
1.0,219.9,70.42,1,1,0,0.2737954491549509
1.0,15.0,7.78,1,0,0,0.48037395907054825
1.0,79.9,18.14,1,0,0,0.36222753085095416
1.0,59.9,9.34,1,0,0,0.4050640435463477
1.0,99.99,9.51,1,0,0,0.38164327853859575
1.0,60.0,11.92,1,0,0,0.39351283842471163
1.0,15.9,15.23,1,0,0,0.44486973237236954
1.0,116.91,12.32,1,0,0,0.36320856647616295
1.0,109.9,19.31,1,0,0,0.3462922020827588
1.0,54.0,22.09,1,0,0,0.370807409988396
1.0,34.9,7.39,1,0,0,0.44160384203106995
1.0,112.8,16.09,1,0,0,0.35295992107939667
1.0,129.99,17.65,1,0,0,0.34326402143074514
2.0,100.4,27.38,1,0,1,0.5245765232899257
1.0,31.9,14.1,1,0,0,0.4148157311633416
1.0,24.99,7.78,1,0,0,0.4551850182188862
1.0,56.99,16.16,1,0,0,0.38198588048313586
1.0,199.0,13.83,1,0,0,0.33685880337977037
1.0,339.9,11.79,1,1,0,0.32365809236740833
1.0,128.8,43.13,1,0,0,0.3091128576399493
1.0,49.9,12.69,1,0,0,0.39893898799935257
1.0,99.9,11.9,1,0,0,0.37136410778733675
1.0,13.0,7.78,1,0,0,0.4875064893500522
1.0,113.0,13.37,1,0,0,0.3609759805774016
1.0,54.0,17.63,1,0,0,0.3805355809940366
1.0,149.97,18.85,1,0,0,0.3348519852054082
1.0,249.0,25.94,1,0,0,0.30325332089008006
1.0,649.99,16.05,1,0,0,0.28889947062737187
1.0,248.99,74.69,1,0,0,0.2678521929649197
1.0,79.8,13.92,1,0,0,0.37389928382678694
2.0,320.0,76.06,1,0,0,0.43289963107498824
2.0,124.99,37.86,1,0,1,0.5007929250749364
1.0,87.85,17.86,1,0,0,0.35887822379902995
2.0,220.64,37.3,1,0,0,0.4765942374838669
1.0,395.0,20.02,1,0,0,0.2969332893410476
1.0,2029.0,86.79,1,0,0,0.2049063751792561
1.0,35.0,14.1,1,0,0,0.41045242240648877
1.0,49.0,16.11,1,0,0,0.38889481436681617
1.0,27.9,15.1,1,0,0,0.41799945513962844
1.0,58.9,19.97,16,1,1,0.9999999999999554
1.0,122.99,25.21,1,0,0,0.3309428554032346
1.0,99.0,29.48,1,0,0,0.33349621746323166
1.0,72.9,31.83,1,0,0,0.34308786111012973
1.0,89.9,14.94,1,0,0,0.36566073798314636
1.0,43.63,14.1,1,1,0,0.4002241959151098
1.0,29.5,35.67,1,0,0,0.37833487467324134
1.0,220.0,38.67,1,0,0,0.2932502190668517
1.0,177.32,59.32,1,0,0,0.28663261183295285
,,,1,0,0,0.3610559326759919
1.0,39.9,19.47,1,0,0,0.38984255154824465
1.0,35.0,15.35,1,0,0,0.4065475909488136
1.0,43.5,26.9,1,0,0,0.3721775207526614
1.0,119.94,18.55,1,0,0,0.3444199556311596
1.0,89.9,12.13,1,0,0,0.37498773258280577
1.0,159.77,16.88,1,0,0,0.3369547551460911
1.0,139.0,27.29,1,0,0,0.3230585208262897
1.0,59.99,16.61,1,0,0,0.378495370460475
1.0,599.0,22.07,1,0,0,0.2795372310163076
1.0,68.9,16.92,1,0,0,0.37161583519453784
1.0,59.99,7.78,1,0,0,0.41379116768627217
2.0,94.8,28.17,1,0,1,0.5259303062042736
1.0,28.9,14.1,1,0,0,0.41949863733873566
1.0,61.9,9.94,1,0,0,0.4006235500045207
1.0,13.7,7.78,1,0,0,0.4848906862817976
1.0,319.0,20.11,1,0,0,0.30417185719597795
1.0,58.99,28.81,10,1,1,0.9999999999999523
2.0,69.8,29.04,1,0,1,0.5386287444927901
1.0,129.99,25.75,1,0,0,0.3279283273904797
3.0,504.9,92.89,1,0,0,0.4078584336954895
1.0,48.9,22.06,1,0,0,0.37526302711468856
1.0,59.9,9.11,1,0,0,0.4062550345961454
1.0,23.9,14.1,1,0,0,0.42860336822271383
1.0,899.0,19.31,1,0,0,0.2717846340098919
1.0,59.99,15.18,1,0,0,0.38249956830885645
1.0,240.0,13.14,1,0,0,0.33190414003724594
4.0,215.6,57.88,1,1,0,0.46008871181051425
1.0,97.0,18.92,1,0,0,0.35228527874704585
1.0,99.99,43.11,1,0,0,0.31893480844032734
4.0,215.6,53.6,1,0,0,0.4631109180131214
1.0,119.99,17.58,1,0,0,0.34666128850866695
1.0,34.99,11.85,1,0,0,0.4185977801855452
1.0,48.99,14.52,1,0,0,0.39359319676579807
1.0,176.99,15.99,1,0,0,0.3352367327460985
1.0,329.0,9.56,1,0,0,0.33392271610868207
1.0,59.19,18.51,1,0,0,0.37434416525341047
1.0,110.0,18.87,1,0,0,0.3472193783131437
1.0,238.97,14.38,1,0,0,0.3282454505145683
1.0,25.9,15.1,1,0,0,0.42155174518167154
1.0,40.0,8.72,1,0,0,0.4270181558364894
1.0,29.0,14.52,1,1,0,0.4179711016475735
1.0,84.99,15.34,1,0,0,0.3668847607149845
1.0,120.0,34.2,1,1,0,0.32022887590523086
1.0,96.8,14.76,1,0,0,0.36307210255929234
1.0,199.9,14.1,1,0,0,0.33585947891491025
1.0,29.99,14.1,1,0,0,0.41773896059385945
1.0,94.9,16.42,1,0,0,0.35925423755164276
1.0,119.9,15.59,1,0,0,0.35181946946770615
1.0,69.5,14.66,1,0,0,0.37758138232077537
1.0,48.9,15.1,1,0,0,0.3919004893422093
3.0,209.7,39.24,1,0,0,0.4769724948562036
1.0,159.0,15.86,1,0,0,0.33976865057155575
1.0,21.99,14.11,1,1,0,0.43259924450891707
1.0,139.0,22.68,1,0,0,0.33032315072826673
1.0,49.9,13.71,1,0,0,0.39537802817932965
1.0,199.9,28.38,1,0,0,0.3078583614141834
2.0,62.0,15.1,1,0,1,0.5735292857783854
1.0,49.0,11.85,1,0,0,0.4029560139925979
1.0,64.99,22.95,8,1,1,0.9999999999999531
1.0,49.9,13.37,1,0,0,0.39653054581094427
1.0,29.99,7.78,1,0,0,0.44633880107319707
1.0,109.99,21.26,1,1,0,0.3422772276927721
1.0,129.9,9.1,1,1,0,0.37264415155733205
1.0,99.9,19.67,1,0,0,0.34943357458576096
1.0,119.99,15.6,1,0,0,0.3517611811763894
1.0,19.9,15.1,3,1,1,0.9999999999999327
1.0,10.91,10.96,1,0,0,0.4793005497176642
1.0,89.0,14.23,8,1,1,0.9999999999999545
1.0,29.99,15.1,1,0,0,0.41456875034417173
1.0,26.0,15.79,1,0,0,0.4193066071923455
1.0,19.0,8.11,1,1,0,0.46657798928623867
1.0,16.99,21.15,1,0,0,0.42660618393192073
2.0,300.0,44.26,1,0,0,0.45658083632513513
1.0,199.0,20.63,1,0,0,0.3203342415819163
1.0,67.9,14.65,1,0,0,0.37863119157013003
1.0,18.75,19.04,1,0,0,0.4265321774298131
1.0,89.9,33.49,1,0,0,0.33250358312103956
1.0,99.9,26.78,1,0,0,0.3368874722123764
1.0,119.0,69.71,1,0,0,0.2960195724029341
1.0,24.99,16.79,1,0,0,0.4183891725624652
5.0,1650.0,106.1,1,0,0,0.3604700306467198
1.0,49.9,15.1,1,0,0,0.39098424435258994
1.0,599.0,51.63,1,0,0,0.25123968885379006
2.0,188.9,29.8,1,0,0,0.4928748809908234
1.0,78.9,46.63,1,0,0,0.32559069579904754
1.0,180.0,14.47,1,0,0,0.3388125173508448
1.0,45.9,16.11,1,0,0,0.3918570742726627
1.0,104.0,15.48,1,0,0,0.3579890076156305
1.0,189.9,24.26,1,1,0,0.3157249195116121
1.0,89.9,21.03,1,0,0,0.3510163958095618
1.0,35.0,12.43,1,0,0,0.4163311042047252
1.0,29.99,15.31,1,0,0,0.41393336457394697
1.0,49.9,16.11,1,1,0,0.38807333433950336
1.0,149.9,16.81,3,1,1,0.9999999999998996
1.0,29.9,14.52,1,0,0,0.41651981592196397
1.0,56.99,8.72,1,0,0,0.4106168107434582
1.0,19.49,11.85,1,0,0,0.4467728203604174
1.0,69.9,17.62,2,1,1,0.9999999999987645
1.0,47.9,16.32,1,0,0,0.389341880173905
1.0,149.9,36.37,1,0,0,0.30945032607324324
1.0,88.0,12.75,1,0,0,0.3736441100477886
1.0,199.0,28.12,1,0,0,0.3083684079805534
1.0,186.0,17.27,1,0,0,0.3301125872014968
1.0,239.9,13.18,1,0,0,0.33179017163956775
1.0,146.99,37.12,1,0,0,0.30945252838048204
1.0,89.9,16.33,1,0,0,0.3617688869023
1.0,129.9,50.43,1,0,0,0.3033827901244195
1.0,99.0,14.86,1,0,0,0.36183192960332594
1.0,31.9,16.79,1,0,0,0.4068139538768292
1.0,44.49,7.78,1,0,0,0.42759333934561256
1.0,549.0,61.63,1,0,0,0.2485928640956122
2.0,279.8,24.36,1,0,0,0.48501852567268383
1.0,196.5,9.14,1,0,0,0.3556394292592279
1.0,93.0,13.31,1,0,0,0.3693537322129314
1.0,125.0,26.61,1,0,0,0.3281830587808551
1.0,21.99,7.41,1,0,0,0.4638694336801623
1.0,79.9,7.9,1,0,0,0.4001871379146346
2.0,198.0,84.14,1,0,0,0.4492369784658821
1.0,115.0,43.22,1,0,0,0.3133853617227919
1.0,279.99,30.36,1,0,0,0.2933273475546846
1.0,156.0,11.7,1,0,0,0.35373607084984643
1.0,25.99,18.28,1,0,0,0.41266371967765825
1.0,79.9,10.01,1,0,0,0.38896086128365076
1.0,45.9,7.78,1,0,0,0.4261354289410151
1.0,59.0,18.29,1,0,0,0.3750054211750048
1.0,24.9,15.1,1,0,0,0.4234399014588768
1.0,19.69,8.3,2,1,1,0.9999999999991636
1.0,89.0,17.8,1,0,0,0.35847495851479716
1.0,129.9,18.34,1,0,0,0.34168548234860635
1.0,89.9,15.38,1,1,0,0.36438480986459926
2.0,159.8,26.0,1,0,1,0.5061566433775773
1.0,122.99,21.13,1,0,0,0.3380279584774149
1.0,39.9,15.1,1,0,0,0.4012083821585167
1.0,49.99,24.22,6,1,1,0.9999999999999538
1.0,70.47,19.46,1,0,0,0.36459634943412317
2.0,276.0,36.44,1,0,0,0.46810712872616145
4.0,790.0,157.72,1,0,0,0.37353510854075384
1.0,95.9,17.92,1,0,0,0.3550619855227464
1.0,499.99,21.38,1,0,0,0.28655536464301823
1.0,79.9,19.53,1,0,0,0.35907792243455283
1.0,89.0,18.72,1,0,0,0.35632583100878423
2.0,89.99000000000001,39.0,1,0,1,0.5143835831923761
1.0,399.0,17.54,1,0,0,0.3017216400487118
1.0,79.9,18.13,1,0,0,0.36225120452793136
1.0,290.47,14.61,1,0,0,0.3203622635249004
1.0,89.99,24.24,1,0,0,0.34514659695252164
1.0,69.99,18.07,1,0,0,0.368075274421653
1.0,16.0,11.85,1,0,0,0.4564880458658497
1.0,41.9,20.8,1,0,0,0.3847362195704049
1.0,159.94,41.11,1,0,0,0.3026709190582163
1.0,8.9,10.96,1,0,0,0.4894343292128304
1.0,19.9,7.78,1,0,0,0.4663592854216036
1.0,114.9,21.64,1,0,0,0.3397867519165464
1.0,152.0,15.81,1,1,0,0.3416796949440343
1.0,249.99,78.77,1,0,0,0.2661551393169795
1.0,49.0,8.27,1,0,0,0.42011966463079203
1.0,69.9,13.85,1,0,0,0.37988324442666876
1.0,29.0,7.78,1,0,0,0.44795927739046315
1.0,155.0,19.19,1,0,0,0.33282637339100296
1.0,34.9,7.39,1,0,0,0.44160384203106995
1.0,79.0,16.31,1,0,0,0.36731883450584074
1.0,108.0,18.33,1,0,0,0.34919118323860143
1.0,120.0,15.72,1,0,0,0.35142763107011504
1.0,70.0,18.59,1,0,0,0.3668451954646952
1.0,24.9,10.96,1,0,0,0.43858917164748923
1.0,58.0,12.75,1,0,0,0.39192412484151073
1.0,19.9,11.85,1,0,0,0.445752818457975
1.0,137.2,14.71,1,0,0,0.34886069751128307
1.0,24.89,19.04,1,0,0,0.41289508184270984
1.0,169.9,15.36,1,0,0,0.33852541860479857
1.0,159.0,26.61,1,0,0,0.3188642243224837
1.0,49.0,18.63,1,0,0,0.38246162677560946
1.0,184.9,12.79,1,0,0,0.34308317132846544
1.0,19.9,7.78,1,0,0,0.4663592854216036
1.0,124.9,14.46,1,0,0,0.353412584429699
1.0,44.99,15.1,1,0,0,0.3956919414152815
1.0,119.16,21.47,1,0,0,0.3386443823117945
1.0,67.9,20.97,1,0,0,0.36302365301157763
1.0,49.9,15.45,1,0,0,0.38995077830812397
1.0,129.99,18.16,1,0,0,0.34206982818084214
2.0,225.8,33.52,1,0,0,0.4801352266708117
1.0,50.9,14.52,1,0,0,0.39186122171136467
1.0,13.99,7.39,1,0,0,0.4864187092358017
1.0,109.9,13.79,1,0,0,0.3607625075636302
1.0,49.99,7.78,1,1,0,0.42216704732247834
1.0,34.9,20.84,1,0,0,0.3930269511517187
1.0,169.9,21.75,1,0,0,0.32422112523270863
1.0,89.9,17.07,1,0,0,0.3598510731053059
1.0,443.0,49.93,1,0,0,0.26148015107668016
1.0,64.99,14.62,1,0,0,0.3806472547399764
1.0,1599.0,45.36,1,0,0,0.2278311445295241
1.0,19.9,18.23,1,0,0,0.42561372543217413
1.0,199.6,38.31,1,0,0,0.2970549597372249
1.0,195.99,27.69,1,0,0,0.3095080753802249
1.0,149.9,15.8,1,0,0,0.3422578776818765
1.0,149.99,17.49,1,0,0,0.3379528044867327
1.0,65.0,11.72,1,0,0,0.39072391653579763
1.0,108.0,16.52,1,0,0,0.3536161080263324
1.0,165.0,13.59,1,0,0,0.3449254339727163
1.0,44.99,15.23,1,0,0,0.39530326266149807
1.0,199.99,17.37,1,0,0,0.3271080904309701
1.0,49.9,8.88,1,0,0,0.4158329875945938
1.0,200.0,10.82,1,0,0,0.3473652952102853
1.0,56.99,16.16,1,0,0,0.38198588048313586
1.0,144.5,34.77,1,0,0,0.3124727241826556
1.0,35.0,8.94,1,0,0,0.43212004178099134
1.0,135.9,10.53,1,0,0,0.36407666378371784
1.0,56.99,15.15,1,0,0,0.38486957180892645
2.0,353.8,34.0,1,0,0,0.4607436743833467
1.0,45.9,7.58,2,1,1,0.9999999999990312
1.0,19.9,15.1,1,0,0,0.4342819700939666
1.0,169.9,20.07,1,1,0,0.32744600769097704
1.0,108.0,9.77,1,0,0,0.37710612866387994
1.0,89.9,18.93,1,0,0,0.35543105755976423
1.0,99.0,8.57,1,1,0,0.3869558787560316
1.0,126.99,30.73,1,1,0,0.32203433386183483
1.0,44.06,18.11,1,0,0,0.38850603395622546
1.0,69.9,9.34,1,0,0,0.39813212788926844
1.0,59.9,12.76,1,0,0,0.3904452271070602
1.0,1106.99,33.83,1,0,0,0.24658310866872932
1.0,84.99,15.34,1,0,0,0.3668847607149845
1.0,99.0,23.06,1,0,0,0.3432477227510644
1.0,129.99,18.16,1,0,0,0.34206982818084214
1.0,207.33,17.7,1,0,0,0.3249726383735319
1.0,26.0,37.04,1,0,0,0.38266205507248535
2.0,99.8,35.2,1,0,1,0.5139951114095496
1.0,122.99,16.3,1,0,0,0.34887140391355514
1.0,59.9,9.34,1,1,0,0.4050640435463477
1.0,151.99,33.64,1,0,0,0.3117698857955774
1.0,49.9,11.86,1,0,0,0.40208497163972035
1.0,220.0,13.45,1,0,0,0.3342062221893727
1.0,59.9,17.0,1,0,0,0.37753852187254344
1.0,79.0,13.21,1,0,0,0.3766895523961574
1.0,179.9,16.01,1,0,0,0.3345524816020715
1.0,23.9,10.96,1,0,0,0.4405768495064889
1.0,124.99,14.62,1,0,0,0.35290433732349236
1.0,26.9,7.45,1,0,0,0.45375074064977955
1.0,49.9,20.99,1,0,0,0.37648287573659356
1.0,299.0,22.58,1,0,0,0.30199528669682085
1.0,89.9,19.6,1,0,0,0.3539623424316804
1.0,200.0,15.01,1,0,0,0.33318820472974015
3.0,45.0,54.69,1,0,1,0.5332804099300431
1.0,56.99,14.15,1,0,0,0.3879514848140964
1.0,21.9,16.11,1,0,0,0.4266341209637598
1.0,149.99,21.85,1,0,0,0.3288447790013422
1.0,329.0,16.05,1,0,0,0.3120208257955492
1.0,69.9,0.0,1,0,1,0.5556933290254915
1.0,12.25,7.39,1,0,0,0.4930455524033214
1.0,64.9,15.21,1,0,0,0.37893773719869267
1.0,77.9,23.13,1,0,0,0.35308133277507364
1.0,133.74,12.44,1,0,0,0.35724217989800705
8.0,479.2,141.36,1,0,0,0.39570556719064315
1.0,59.9,17.67,1,0,0,0.3758428703844311
1.0,36.2,18.35,1,0,0,0.3969349708001928
1.0,79.0,17.8,1,0,0,0.36352408503321076
1.0,69.0,11.73,1,0,0,0.3880374713301237
1.0,123.9,43.07,1,0,0,0.31064176866084936
1.0,145.0,15.89,2,1,1,0.9999999999986169
1.0,159.0,14.13,1,0,0,0.3447061451308767
1.0,49.8,14.52,1,0,0,0.3928497743643618
1.0,139.9,8.72,1,0,0,0.3715461114743268
1.0,69.0,23.06,1,0,0,0.358359035391905
1.0,14.9,12.48,1,0,0,0.4575196368443762
1.0,24.99,24.84,1,0,0,0.4010458829113809
1.0,75.0,19.72,1,0,0,0.36136030619077364
1.0,115.9,13.47,1,0,0,0.3595966898683061
1.0,488.99,35.87,1,0,0,0.2690221844422479
1.0,332.0,11.07,1,0,0,0.32721001249324866
1.0,139.9,12.48,1,0,0,0.3552679248189246
1.0,120.0,15.59,1,0,0,0.3517854240120304
1.0,12.99,14.1,1,0,0,0.45849118596013033
1.0,25.0,12.79,1,0,0,0.43102204188827337
1.0,599.65,29.48,1,0,0,0.2692512393256534
1.0,159.9,17.93,1,0,0,0.3344098985712461
1.0,11.87,7.39,1,0,0,0.4946185080551418
1.0,35.0,19.32,1,0,0,0.3962155296885852
1.0,20.0,11.85,1,0,0,0.4455073856939243
1.0,48.99,13.0,1,0,0,0.398661258361337
1.0,104.9,15.49,1,0,0,0.3576028410792124
2.0,159.8,49.28,1,0,0,0.47907859821978377
1.0,99.9,0.0,1,0,1,0.5394449364552412
1.0,78.9,16.31,1,0,0,0.3673731153353014
2.0,61.9,30.200000000000003,1,1,1,0.5425016898012026
1.0,699.9,12.15,1,0,0,0.2975277739222619
1.0,52.9,15.12,1,0,0,0.3882926879567535
1.0,56.8,16.97,1,0,0,0.37996802457363615
1.0,18.9,7.78,1,0,0,0.46890529703760747
1.0,29.9,31.68,1,0,0,0.38249832363040115
1.0,112.99,18.89,1,0,0,0.3460815245578803
1.0,79.0,17.8,1,1,0,0.36352408503321076
1.0,199.0,17.64,1,0,0,0.32666306885629254
1.0,119.99,34.2,1,0,0,0.3202321245528869
1.0,13.2,22.85,1,0,0,0.43550927720148463
1.0,59.99,8.29,1,0,0,0.4107187665459321
1.0,399.0,62.94,1,0,0,0.25771588771255827
1.0,99.0,27.24,1,0,0,0.33658292070364054
1.0,19.99,24.84,1,0,0,0.4116792687772959
1.0,202.89,16.17,1,0,0,0.3295217534936347
1.0,41.9,20.8,1,0,0,0.3847362195704049
1.0,13.9,12.6,1,0,0,0.4605024255227173
1.0,329.9,47.17,1,0,0,0.2727461564932134
1.0,32.0,8.97,1,0,0,0.4362298134685499
1.0,79.9,17.13,1,0,0,0.3646988588723197
1.0,89.0,13.98,1,0,0,0.3690303675823336
1.0,99.99,23.57,1,0,0,0.34195390960960265
1.0,99.0,7.95,1,1,0,0.3905144380779305
1.0,65.0,20.94,1,0,0,0.3649689007032906
1.0,269.9,22.73,1,0,0,0.30537688199489116
1.0,265.0,21.9,1,0,0,0.3074652756216158
1.0,136.0,14.72,1,0,0,0.34918540545179516
1.0,224.8,15.32,1,0,0,0.3278898363487562
,,,1,0,0,0.3610559326759919
1.0,215.9,19.79,1,0,0,0.31894387779121497
1.0,39.99,18.23,1,0,0,0.3926386465007287
1.0,129.0,15.66,1,0,0,0.34865321439408187
1.0,149.99,27.59,1,0,0,0.3197064463681635
1.0,74.9,12.86,1,0,0,0.380221807218523
1.0,49.99,7.61,1,0,0,0.4232459369668044
1.0,18.9,12.48,1,0,0,0.4457985314368986
1.0,19.99,17.78,1,0,0,0.4265318310279934
1.0,119.99,13.86,1,0,0,0.3569090346912339
1.0,27.9,27.08,1,0,0,0.39220636238232687
1.0,49.95,17.78,1,0,0,0.3836495130961027
1.0,66.3,7.88,1,0,0,0.4086412291813996
1.0,89.99,18.73,1,0,0,0.3558394372150122
1.0,364.98,20.43,1,0,0,0.29886911699303176
1.0,29.98,18.23,1,0,0,0.4060272807995922
2.0,135.9,26.21,1,0,1,0.5129423533322169
1.0,119.9,12.54,1,0,0,0.3613715706919903
1.0,45.95,11.85,1,0,0,0.40590413139805714
5.0,160.66,66.22,1,0,0,0.4675608777223891
1.0,39.99,11.15,1,0,0,0.4152150630194721
1.0,209.0,58.13,1,0,0,0.28149847382781884
1.0,58.9,15.17,1,0,0,0.3833430355427595
1.0,110.32,8.03,1,1,0,0.38539034268234384
1.0,8.99,18.23,1,1,0,0.4647047749591615
1.0,149.9,12.14,1,0,0,0.3537012613683453
1.0,75.5,11.73,1,0,0,0.38407919372473137
1.0,49.9,13.01,1,0,0,0.3977877977388199
1.0,89.9,19.82,1,0,0,0.35349291818924683
1.0,69.9,17.74,1,0,0,0.36892921266983464
1.0,28.9,19.04,1,0,0,0.40581321907456736
1.0,34.9,13.64,1,0,0,0.41212395021083437
1.0,16.9,14.1,1,0,0,0.4454938433046622
1.0,89.9,16.88,1,0,0,0.36033409852887116
1.0,179.9,24.25,1,0,0,0.3177717077741889
1.0,67.9,13.6,1,0,0,0.38198026005045915
1.0,279.99,10.55,1,0,0,0.3356002989550248
1.0,149.0,14.79,1,0,0,0.3453210707348919
1.0,79.9,18.44,1,0,0,0.3615243408707702
1.0,48.89,15.1,1,0,0,0.3919097556407941
1.0,118.8,19.8,1,0,0,0.34209185347533355
1.0,34.95,11.85,1,0,0,0.418651697087108
1.0,139.99,17.55,1,0,0,0.3405414358154655
1.0,84.9,18.69,1,0,0,0.3583781691941274
1.0,89.9,18.43,1,0,0,0.3565674987095911
3.0,598.5,65.67,1,0,0,0.41387115163025207
1.0,84.0,15.34,1,0,0,0.3673844507456808
1.0,150.49,18.62,1,0,0,0.3352224335793458
1.0,49.0,17.67,1,0,0,0.38478623269646794
1.0,99.9,17.44,1,0,0,0.3545209037661116
1.0,89.1,16.59,1,0,0,0.3614608146044364
1.0,96.0,15.42,1,0,0,0.361503102723593
2.0,107.98,15.28,1,0,1,0.5478456981617649
1.0,56.97,18.02,1,0,0,0.3771996259970287
1.0,99.9,46.98,1,0,0,0.31592107802599384
2.0,76.8,35.84,1,0,1,0.525204363817482
1.0,185.0,16.04,1,0,0,0.33339431778227585
1.0,87.5,18.0,1,0,0,0.35871209188539416
1.0,124.9,27.42,1,0,0,0.3270487012539624
1.0,57.99,16.17,1,0,0,0.38118567095640726
1.0,130.0,17.16,1,0,0,0.3444471423672959
1.0,69.9,20.98,1,0,0,0.36175539539516155
1.0,32.9,17.6,1,0,0,0.40324460178749766
1.0,114.9,12.76,1,1,0,0.3623600830588143
1.0,129.9,10.12,1,0,0,0.36775006528006476
1.0,45.9,10.96,1,0,0,0.4096304377173057
1.0,109.9,29.7,1,0,0,0.329023972708886
1.0,219.0,19.58,1,0,0,0.3188396545665596
1.0,114.99,15.91,1,0,0,0.3526550197213923
1.0,19.9,21.15,1,0,0,0.41894302162827224
1.0,36.0,16.32,1,0,0,0.4024482244288994
1.0,74.99,15.28,1,0,0,0.37243215170964333
1.0,58.0,12.75,1,0,0,0.39192412484151073
1.0,179.0,16.0,1,0,0,0.3347728519655421
1.0,42.9,7.78,1,0,0,0.4292987373974582
5.0,89.5,54.8,1,0,1,0.5011048615817155
1.0,89.9,17.88,1,0,0,0.35786012266933126
1.0,89.9,7.89,1,0,0,0.39506462999622055
1.0,88.0,10.3,1,0,0,0.3834251154445198
1.0,79.9,18.44,1,1,0,0.3615243408707702
1.0,16.9,16.11,1,1,0,0.4392556443074537
1.0,129.99,17.16,1,0,0,0.34445023500011174
1.0,69.9,16.25,1,0,0,0.37276242766936796
1.0,79.99,42.76,1,0,0,0.3281587372392554
1.0,129.0,20.63,1,0,0,0.3371022182981192
1.0,17.0,7.78,1,0,0,0.47415278040441633
1.0,205.0,22.27,1,0,0,0.31620249688080615
1.0,79.9,37.47,1,0,0,0.33307584411255664
1.0,24.89,15.23,1,0,0,0.4230623312520446
1.0,349.99,21.69,1,0,0,0.2980308519891445
1.0,63.0,18.99,14,1,1,0.9999999999999551
1.0,28.99,15.1,1,0,0,0.41617695772014596
1.0,179.49,17.23,1,0,0,0.33157789930106896
1.0,64.99,12.58,1,0,0,0.38746728538869285
1.0,69.9,9.27,1,0,0,0.3984891198352888
1.0,79.0,13.57,1,0,0,0.3754775926803514
1.0,129.99,13.93,1,0,0,0.35341467955580735
1.0,219.9,60.75,1,0,0,0.27834871833389574
1.0,99.9,17.0,1,0,0,0.3556149683932426
1.0,69.9,20.98,1,0,0,0.36175539539516155
1.0,39.9,17.6,1,0,0,0.3943041205386816
1.0,29.9,11.85,1,0,0,0.4260543314122988
1.0,119.9,34.38,1,0,0,0.32006648034463997
1.0,69.0,20.97,1,0,0,0.3623321606403205
1.0,115.0,21.3,1,0,0,0.3403985229284014
1.0,21.9,14.1,1,0,0,0.43283143127386453
1.0,48.9,16.11,1,0,0,0.3889871148120914
2.0,318.0,40.34,1,0,0,0.4579734005303284
1.0,96.0,12.97,1,0,0,0.369166808987132
1.0,121.03,11.87,1,0,0,0.36344246256690094
1.0,159.0,21.6,1,0,0,0.3270453448822212
1.0,79.0,18.65,1,0,0,0.3615218481215042
1.0,85.0,17.59,1,0,0,0.3609245291209461
1.0,179.9,19.36,1,0,0,0.3267117249525467
2.0,270.0,23.94,1,0,0,0.4872960509364859
1.0,549.0,47.64,1,0,0,0.25631808462500094
1.0,149.9,21.54,1,0,0,0.32944159199506773
1.0,14.99,14.52,1,0,0,0.45001753759390245
1.0,129.9,18.16,1,0,0,0.3420975819468727
1.0,19.87,15.1,1,0,0,0.4343554414448559
1.0,88.9,18.86,1,0,0,0.35605681227307623
1.0,109.9,15.52,1,0,0,0.35559044171500137
1.0,107.9,16.52,1,0,0,0.35365431484386445
1.0,144.99,17.26,1,0,0,0.3398467294937216
2.0,99.8,25.38,1,0,1,0.5281964359302975
1.0,499.9,18.25,1,0,0,0.2925496733829971
1.0,79.9,15.32,1,0,0,0.36958384466593963
1.0,11.5,18.23,1,0,0,0.4525171895004574
1.0,399.9,16.97,1,0,0,0.3029465415442199
1.0,328.0,20.89,1,0,0,0.3017243503332028
1.0,126.99,17.6,1,0,0,0.3443220060844295
1.0,37.48,12.48,1,0,0,0.4129303347196692
1.0,639.99,15.1,1,1,0,0.2917796689068562
1.0,13.65,14.1,1,0,0,0.4560355176824037
1.0,69.9,12.83,1,0,0,0.38335261144194743
1.0,108.9,21.25,1,0,0,0.3427008210766737
1.0,149.99,18.62,1,0,0,0.33535309609623565
1.0,56.99,19.64,1,0,0,0.3734498782070577
1.0,93.0,18.53,1,0,0,0.3549191112886733
1.0,45.9,16.11,1,0,0,0.3918570742726627
1.0,35.0,13.37,1,0,0,0.4129196476920982
1.0,49.65,23.15,1,0,0,0.3725447113126382
1.0,169.9,15.94,1,0,0,0.3369585224049122
1.0,53.89,7.55,1,0,0,0.4201620491272043
2.0,231.3,28.3,1,0,0,0.48643340230571047
5.0,1326.5,333.35,1,0,0,0.33426093230510406
1.0,16.0,7.78,1,0,0,0.4771635335445196
1.0,129.0,23.76,1,0,0,0.33140429498498186
1.0,13.99,15.1,1,0,0,0.4515841565318007
2.0,139.8,46.72,1,0,0,0.4871216663744354
1.0,159.99,9.47,1,0,0,0.3622533424521838
1.0,136.97,31.7,1,0,0,0.31793715064923866
1.0,99.9,12.4,1,0,0,0.3695031276195461
1.0,39.99,12.94,1,0,0,0.40821708316738226
1.0,169.0,23.76,1,0,0,0.32093450581022986
1.0,69.9,17.74,1,0,0,0.36892921266983464
1.0,399.0,77.65,1,0,0,0.25163346983624907
1.0,287.0,10.76,1,0,0,0.33381529026924567
3.0,104.97,48.33,1,0,0,0.49888926175426845
1.0,149.9,23.37,1,0,0,0.3261901212190885
2.0,499.8,74.74,1,1,0,0.41574163779936424
1.0,39.99,15.11,1,0,0,0.40107411330099485
1.0,99.99,13.04,1,0,0,0.36720456678852875
1.0,29.99,16.79,1,0,0,0.4097202754135739
1.0,249.0,31.27,1,0,0,0.29638072019041983
1.0,119.99,13.86,1,0,0,0.3569090346912339
1.0,15.99,7.78,1,0,0,0.477194608855169
1.0,139.9,16.74,1,0,0,0.342555000461997
1.0,59.9,16.99,1,0,0,0.37756441528621176
1.0,43.89,14.52,1,0,0,0.3986079354190167
2.0,76.8,25.38,1,0,1,0.5401312455905641
1.0,213.9,16.25,1,0,0,0.3273132452835345
1.0,75.27,17.44,1,0,0,0.3664775307321078
1.0,89.99,11.65,1,0,0,0.37678483459926465
1.0,75.0,13.08,1,0,0,0.3793937071850533
1.0,35.9,7.39,1,0,0,0.44025590169583817
1.0,52.61,19.56,1,0,0,0.3771661639466689
1.0,99.0,49.2,1,0,0,0.31466064847071207
1.0,89.99,45.09,1,0,0,0.3215061334886136
1.0,48.94,21.64,1,0,0,0.3760452372744016
1.0,149.9,84.6,1,0,0,0.28162261952541207
1.0,24.9,15.1,1,0,0,0.4234399014588768
1.0,58.9,14.5,1,0,0,0.3853749292823319
1.0,29.0,7.46,1,0,0,0.4500395893907435
1.0,45.95,15.1,1,0,0,0.3947284200849459
1.0,50.25,15.98,1,0,0,0.3881208683853831
1.0,34.9,18.34,1,0,0,0.3986546024254598
1.0,92.89,27.42,1,0,0,0.33891593025910527
1.0,44.3,11.85,1,0,0,0.40758966954950676
1.0,129.9,38.46,1,0,0,0.31287029123516685
1.0,119.9,19.81,1,0,0,0.3416994542999211
1.0,514.99,24.86,1,0,0,0.2800713951302756
1.0,17.97,8.9,1,0,0,0.4647273217080293
1.0,139.84,18.23,1,0,0,0.33899668958012313
1.0,59.91,15.52,1,0,0,0.3815682671946236
1.0,839.99,23.76,1,0,0,0.26641241883602435
1.0,112.33,21.19,1,0,0,0.3415595567988126
1.0,129.0,23.62,1,0,0,0.3316396077428015
1.0,109.0,18.56,1,0,0,0.348288363703255
1.0,199.0,26.43,1,0,0,0.31070346970677093
1.0,159.9,21.76,1,1,0,0.32653243390018044
1.0,99.0,19.6,1,0,0,0.34995629534531003
1.0,49.9,16.11,1,0,0,0.38807333433950336
2.0,299.8,60.16,1,0,0,0.44443469359847104
1.0,24.99,17.6,1,0,0,0.4162466897385974
1.0,19.89,17.06,1,0,0,0.4286643255929806
1.0,23.7,8.29,1,0,0,0.45462800680455834
1.0,1199.95,48.01,1,0,0,0.23373815467494893
1.0,120.0,20.03,1,0,0,0.3412096083455481
2.0,110.0,25.66,1,0,1,0.523322496375871
1.0,99.9,13.36,1,0,0,0.3661594611429411
1.0,39.9,15.1,1,1,0,0.4012083821585167
1.0,34.99,15.1,1,1,0,0.4073121883851335
3.0,968.8,51.39,1,0,0,0.40510054850682053
1.0,54.9,9.09,1,0,0,0.4103249646428684
1.0,79.6,15.41,1,0,0,0.369486904467487
1.0,79.99,25.84,1,0,0,0.34745907894573386
1.0,64.99,22.39,1,0,0,0.3621591732356789
1.0,55.0,13.05,1,0,0,0.3932416170685765
1.0,129.99,18.79,1,0,0,0.3406480559472733
1.0,269.99,22.73,1,0,0,0.30536496340188163
1.0,199.9,20.37,1,0,0,0.32067040946811903
1.0,18.98,7.39,1,0,0,0.47126179570338417
2.0,233.8,31.84,1,0,0,0.4808573034512901
2.0,119.8,30.34,1,0,1,0.5121451573963852
1.0,79.9,18.44,1,0,0,0.3615243408707702
1.0,68.0,41.24,1,0,0,0.3361599513076635
1.0,49.9,17.63,1,0,0,0.38406792238046233
1.0,46.99,15.43,1,0,0,0.39273168825238386
1.0,39.9,17.6,1,0,0,0.3943041205386816
1.0,67.8,19.67,1,0,0,0.3658040017486518
1.0,47.75,8.29,1,0,0,0.42120033322249695
1.0,116.9,15.92,1,0,0,0.351953141106182
1.0,29.9,8.88,1,0,0,0.4399783884112888
1.0,249.9,191.72,1,0,0,0.2427459883258511
1.0,329.9,14.33,1,0,0,0.31655577223892206
1.0,139.9,27.52,1,0,0,0.3224854786178316
1.0,119.99,18.09,1,0,0,0.34545623049117113
1.0,139.9,14.09,1,0,0,0.3499422879418081
2.0,49.8,101.7,1,1,1,0.5047614622694697
1.0,59.9,15.63,1,0,0,0.38126056059880775
1.0,158.4,26.39,1,0,0,0.319327559261664
1.0,126.69,27.21,1,0,0,0.3267880160412374
1.0,129.99,12.11,1,0,0,0.3596029007292042
2.0,279.8,48.26,1,0,0,0.4559801044785864
4.0,318.44,69.2,1,0,0,0.43694610041523835
1.0,31.9,16.05,1,0,0,0.408860422597134
1.0,157.9,27.21,1,0,0,0.31827388540538515
1.0,134.9,9.68,1,0,0,0.36822650327122725
1.0,230.0,19.49,1,0,0,0.31720685431913964
2.0,311.9,32.379999999999995,1,0,0,0.4680245141445744
1.0,98.9,14.99,1,0,0,0.361492279613065
1.0,478.0,19.54,1,0,0,0.291428642926323
1.0,120.9,41.92,1,0,0,0.3125407363825386
1.0,135.0,9.06,1,0,0,0.3712487336231579
1.0,149.9,12.25,1,0,0,0.3533017252401964
1.0,69.99,17.06,1,0,0,0.37057441984273615
1.0,69.0,18.58,1,0,0,0.3674901185236181
1.0,799.0,27.91,1,0,0,0.26235302044499953
1.0,19.9,8.3,1,0,0,0.4631452204800733
1.0,84.99,25.47,1,0,0,0.3455153916214033
1.0,75.0,36.62,1,0,0,0.33654011483829815
1.0,110.32,15.87,1,0,0,0.35446822975218656
1.0,24.9,11.74,1,0,0,0.4352900897888244
1.0,668.0,17.7,1,0,0,0.28427153019144297
1.0,169.9,18.58,1,0,0,0.33058679906831107
1.0,24.9,11.85,1,0,0,0.4348444995472962
2.0,37.78,15.88,1,0,1,0.5941021402972452
1.0,35.0,14.56,1,0,0,0.4089711310169708
2.0,796.0,64.4,1,0,0,0.40349483511554796
1.0,199.0,23.71,1,0,0,0.31486677979709304
1.0,7.99,7.39,1,0,1,0.5143198198879763
1.0,510.0,70.44,1,0,0,0.2469524612141841
2.0,191.9,38.24,1,1,0,0.4815424891786971
1.0,39.99,14.1,1,0,0,0.4042426295457632
2.0,118.0,35.32,1,0,1,0.5063001448103976
1.0,69.99,14.58,1,0,0,0.37751923060087667
1.0,35.9,15.23,1,0,0,0.4057210781181609
1.0,51.73,66.89,1,0,0,0.33040446945425417
1.0,105.0,9.49,1,0,0,0.3796539660481162
1.0,139.99,57.65,1,0,0,0.2961260176945984
1.0,14.9,9.27,1,0,0,0.4720051416973992
,,,1,0,0,0.3610559326759919
1.0,219.0,19.63,1,0,0,0.31873769817332853
1.0,379.0,29.99,1,0,0,0.28344449337409205
1.0,99.9,15.45,1,0,0,0.35975008336107744
1.0,27.9,7.87,1,0,0,0.44926127740582267
1.0,549.0,20.66,1,0,0,0.28477748548893844
1.0,29.99,18.31,1,0,0,0.40581553003059073
1.0,66.99,9.16,1,0,0,0.4009560073713528
1.0,54.9,13.08,1,0,0,0.3932180866248907
1.0,42.99,16.05,1,0,0,0.39501313769613144
1.0,25.9,12.69,1,0,0,0.42968961142874146
1.0,12.9,11.85,1,0,0,0.46716676548756164
1.0,51.4,14.11,1,0,0,0.39272229955652693
1.0,139.0,14.55,1,0,0,0.3488088161949177
1.0,37.99,18.23,1,0,0,0.3949973566567013
1.0,34.49,9.27,1,0,0,0.43105446269561754
1.0,56.9,13.42,1,0,0,0.39043418299621563
1.0,145.0,16.71,1,0,0,0.34120590485163416
1.0,54.99,34.18,1,0,0,0.35227931435149784
1.0,84.99,9.41,1,0,0,0.38916261339236236
1.0,199.9,27.48,1,0,0,0.3090660542278442
1.0,379.9,17.41,1,0,0,0.30371077511504085
2.0,119.8,34.32,1,0,1,0.5068438732771436
2.0,279.8,52.42,1,0,0,0.4526822810745169
1.0,49.0,23.14,1,0,0,0.3731484497775644
1.0,75.0,23.46,1,0,0,0.35410071200364757
1.0,278.0,14.39,1,0,0,0.32259960812145233
1.0,27.9,7.87,1,0,0,0.44926127740582267
4.0,179.96,30.32,3,1,1,0.9999999999999472
1.0,238.9,10.03,1,0,0,0.34384850102550696
1.0,85.9,17.85,1,0,0,0.3598489744336379
1.0,18.9,8.72,1,0,0,0.46324436998558366
1.0,28.0,15.23,1,0,0,0.41743368389517466
1.0,62.9,17.37,13,1,1,0.999999999999956
1.0,59.89,16.61,1,0,0,0.3785690581286974
1.0,34.99,15.1,1,0,0,0.4073121883851335
1.0,129.9,32.01,1,0,0,0.319617968533044
1.0,549.0,27.97,1,0,0,0.27384470039386816
1.0,39.0,13.85,1,0,0,0.4062300644708245
1.0,122.99,25.21,1,0,0,0.3309428554032346
2.0,339.8,41.0,1,1,0,0.4545736677378927
1.0,29.9,18.31,1,0,0,0.4059569608918491
1.0,31.9,15.23,1,0,0,0.41125833423804153
1.0,24.0,7.78,1,0,0,0.4571586441269139
1.0,98.4,42.72,1,0,0,0.31989312545521403
1.0,119.85,14.42,1,0,0,0.3552219041685324
1.0,849.99,60.21,1,0,0,0.23667552374074058
1.0,122.99,18.74,1,0,0,0.3429807155109525
1.0,210.0,14.59,1,0,0,0.3325217371299435
1.0,78.99,7.81,1,0,0,0.4012442547190554
1.0,52.9,22.69,1,0,0,0.3705836360947374
1.0,29.9,17.6,1,0,0,0.407732699728005
1.0,14.9,7.78,1,0,0,0.48070696927210266
1.0,75.0,22.24,1,0,0,0.35630895642809607
1.0,59.9,25.26,1,0,0,0.3606855882903152
1.0,89.8,19.6,1,0,0,0.3540088613552631
1.0,65.9,28.86,1,1,0,0.3511982605924067
1.0,56.99,11.9,1,0,0,0.3959030931197526
1.0,45.9,11.85,1,0,0,0.4059542298641722
1.0,45.9,14.1,1,0,0,0.397899787351017
1.0,94.9,12.16,1,0,0,0.3725644573324643
1.0,49.9,13.37,1,0,0,0.39653054581094427
1.0,29.9,15.79,1,0,0,0.4126598082293769
1.0,79.9,14.31,1,0,0,0.37261011538399624
1.0,74.9,15.27,1,0,0,0.372513088629425
1.0,559.0,41.43,1,0,0,0.26015547115289334
1.0,20.99,15.25,1,0,0,0.43122921914357787
1.0,89.99,16.39,1,0,0,0.36156743217274595
2.0,36.0,51.26,1,0,1,0.5461794350879762
1.0,199.0,23.71,1,0,0,0.31486677979709304
1.0,204.0,20.67,1,0,0,0.3193268480018278
1.0,29.98,11.85,1,0,0,0.42592683072403464
1.0,195.0,59.23,1,0,0,0.2833232702453015
2.0,358.0,37.0,1,0,0,0.45669688620419724
1.0,55.0,15.49,1,0,0,0.3854609960926047
1.0,49.9,15.1,1,0,0,0.39098424435258994
1.0,44.6,14.52,1,0,0,0.3978725435522666
1.0,89.0,13.64,1,0,0,0.37012895706586735
1.0,32.9,13.81,1,0,0,0.41432419270525
1.0,62.0,14.74,2,1,1,0.9999999999988318
1.0,10.99,15.79,1,0,0,0.46144201805918517
1.0,739.9,19.35,1,0,0,0.2777046575870512
2.0,137.8,32.58,1,0,1,0.502835372980327
1.0,329.9,9.17,1,0,0,0.3356576492687244
1.0,109.9,47.3,1,0,0,0.31196802526590195
1.0,69.99,11.72,1,0,0,0.3874479048451595
1.0,290.0,13.53,1,0,0,0.32362639226282613
1.0,110.0,40.1,1,0,0,0.31779396431768603
1.0,56.99,15.15,1,0,0,0.38486957180892645
1.0,34.0,9.55,1,0,0,0.43029102712680234
1.0,89.9,17.88,1,0,0,0.35786012266933126
1.0,22.32,7.74,1,0,0,0.46096898353217036
4.0,55.96,50.76,1,0,1,0.5259434067943756
1.0,224.0,19.45,1,0,0,0.3182675399634009
1.0,200.0,24.27,1,0,0,0.3137779964553335
1.0,106.9,14.48,1,0,0,0.3597632060539971
1.0,99.99,17.54,1,0,0,0.3542393830750333
1.0,679.0,18.23,1,0,0,0.2826362492876477
1.0,99.99,25.98,1,1,0,0.338051709780558
1.0,219.99,18.0,1,0,0,0.3220621692339038
1.0,179.0,14.16,1,0,0,0.3399561055742816
1.0,149.9,27.59,1,0,0,0.3197294472441886
1.0,89.9,14.38,1,0,0,0.36734902972484124
1.0,170.0,18.99,1,0,0,0.32967085889265224
1.0,69.9,18.06,1,0,0,0.36815485160611106
1.0,129.99,17.16,1,0,0,0.34445023500011174
1.0,54.4,9.34,1,0,0,0.40944261502334345
1.0,143.0,38.55,1,0,0,0.30913345981859397
2.0,109.0,22.07,1,0,1,0.5304786898707371
1.0,149.9,14.07,1,0,0,0.3472346790854269
1.0,39.9,11.15,1,0,0,0.4153202818060841
1.0,89.18,15.83,1,0,0,0.3634629969245382
2.0,216.0,33.04,1,0,0,0.4826479533258094
1.0,559.0,41.43,1,0,0,0.26015547115289334
1.0,129.9,29.31,1,0,0,0.32294984583475084
1.0,28.0,22.06,1,0,0,0.40081641027140447
1.0,140.0,16.74,1,0,0,0.34252650400131673
1.0,29.99,8.37,1,0,0,0.4427350824493899
1.0,29.9,50.85,1,0,0,0.3640589760630046
1.0,6735.0,194.31,1,0,0,0.16369260434694333
1.0,87.0,15.37,1,0,0,0.3658041043461923
1.0,10.0,7.78,1,0,1,0.5005963390268923
1.0,35.0,16.11,1,1,0,0.40434709874923264
1.0,29.9,12.48,1,1,0,0.42360060812463746
1.0,263.92,19.1,1,0,0,0.312972935331447
1.0,15.9,12.69,7,1,1,0.9999999999999678
1.0,330.0,16.76,1,0,0,0.31016870977743327
1.0,184.79,17.05,1,0,0,0.33089365542960997
1.0,25.0,7.39,1,0,0,0.45772052951049463
1.0,110.0,39.28,1,0,0,0.31854197613413815
1.0,107.9,17.47,1,0,0,0.35126464402644686
1.0,135.0,8.2,1,0,0,0.3758918901238718
1.0,56.7,22.98,1,0,0,0.36700082028286024
1.0,199.99,18.14,1,0,0,0.3253318770455882
1.0,61.97,13.09,1,0,0,0.3877606287473276
1.0,68.57,18.05,1,0,0,0.36901047742035875
1.0,122.99,15.74,1,0,0,0.3503699688690628
1.0,89.18,23.2,1,0,0,0.3473039295800918
1.0,13.99,7.78,1,0,0,0.4838464244794147
1.0,188.0,16.07,1,0,0,0.3326967025100273
1.0,69.9,26.57,1,0,0,0.352011168435162
1.0,19.9,10.96,1,0,0,0.4495167114359218
1.0,39.0,7.39,1,0,0,0.4363205890737652
1.0,26.8,14.52,1,0,0,0.4217330852360948
1.0,89.9,15.84,1,0,0,0.3630953841067561
1.0,74.99,22.58,1,0,0,0.3556850531953656
1.0,35.0,8.41,1,0,0,0.4351050238881882
2.0,164.0,15.66,1,0,1,0.5282304894663571
1.0,49.9,20.99,1,0,0,0.37648287573659356
1.0,195.0,14.97,1,0,0,0.3342725199703812
1.0,99.9,21.65,1,0,0,0.3454560836966605
1.0,115.35,13.47,1,0,0,0.35979340289043527
1.0,69.99,16.25,1,0,0,0.3727065035408588
1.0,159.0,18.54,1,1,0,0.33324831591583154
1.0,69.95,14.8,1,0,0,0.37687470085922975
1.0,19.9,18.24,1,0,0,0.42558882792019387
1.0,16.0,15.23,1,0,0,0.4445612537462501
1.0,311.0,18.45,1,0,0,0.308447744860312
1.0,34.99,11.85,1,0,0,0.4185977801855452
1.0,319.9,16.44,1,0,0,0.3120512126293236
1.0,84.5,18.16,1,0,0,0.3598056666695755
2.0,179.8,15.38,1,0,1,0.52508193771027
1.0,349.9,19.7,1,0,0,0.3017345659667257
1.0,64.9,13.47,1,0,0,0.3844081192098149
1.0,299.9,21.44,1,0,0,0.30387386837911046
1.0,62.8,14.19,1,0,0,0.38350451021239806
1.0,13.87,7.78,1,0,0,0.4842758447202844
2.0,208.9,69.06,1,0,0,0.454309045290148
1.0,94.55,18.54,1,0,0,0.35420688445102116
1.0,97.65,18.56,1,0,0,0.3528198892584633
2.0,178.0,46.84,1,0,0,0.47643135907380035
1.0,466.0,40.4,1,0,0,0.26662785635029485
1.0,227.0,13.93,1,0,0,0.33152432049585223
1.0,55.0,15.27,1,0,0,0.38610283038767074
1.0,79.99,16.81,1,0,0,0.3654694268765179
2.0,60.0,26.62,1,0,1,0.5494343131059456
1.0,49.9,7.39,1,0,0,0.424764819750523
1.0,25.0,16.05,1,0,0,0.4204334254629139
1.0,52.64,25.65,1,0,0,0.3656883318882568
1.0,339.9,18.82,1,0,0,0.3045284517942789
1.0,119.9,23.16,1,0,0,0.33533066922232463
1.0,249.99,16.5,1,0,0,0.32085991056188035
1.0,122.99,14.61,1,0,0,0.35359249345177846
1.0,59.9,27.8,1,0,0,0.35678504176572384
1.0,49.95,15.1,1,0,0,0.39093896398603933
1.0,149.9,58.84,1,1,0,0.2929484541639784
1.0,169.0,26.69,1,0,0,0.3164352299975465
1.0,116.9,16.58,1,0,0,0.3502113311725612
1.0,65.0,15.33,1,0,0,0.37851965854038616
1.0,138.0,25.81,1,0,0,0.3255006039379585
1.0,32.9,13.57,1,0,0,0.41513985724592417
1.0,49.0,15.1,1,0,0,0.39180794088939863
1.0,329.9,17.94,1,0,0,0.30746638261210457
1.0,29.9,12.79,1,0,0,0.42244372599017566
1.0,79.9,9.37,1,0,0,0.3920661435404092
1.0,74.0,23.32,1,0,0,0.3549158314072411
1.0,199.89,12.6,1,0,0,0.34070000422589536
1.0,54.99,21.18,1,0,0,0.37179192147448886
1.0,81.18,9.32,1,0,0,0.39162109458198524
1.0,118.8,15.71,1,0,0,0.35186552208559446
1.0,49.99,31.02,1,0,0,0.3602418427291372
,,,1,0,0,0.3610559326759919
1.0,99.0,19.93,1,0,0,0.34925810352372627
1.0,34.9,16.6,1,0,0,0.40312391874413056
1.0,42.0,22.93,1,0,0,0.38044624160616053
1.0,15.0,19.04,1,0,0,0.43742951447477463
3.0,115.2,9.33,1,0,1,0.5688943424054139
1.0,49.9,13.93,1,0,0,0.3946495133698549
1.0,149.9,12.55,1,0,0,0.35223269708422184
1.0,157.0,13.76,1,0,0,0.3463565593189049
1.0,59.9,15.18,1,0,0,0.3825661507809449
1.0,699.9,83.07,1,0,0,0.23328496563045328
1.0,210.0,16.35,1,0,0,0.3277548102187287
2.0,139.8,25.66,1,0,1,0.5126296185167273
1.0,25.56,12.79,1,0,0,0.4299544341344149
1.0,198.0,20.36,1,0,0,0.3210490051937421
1.0,135.0,18.38,1,0,0,0.34005624996119393
1.0,79.99,26.82,1,0,0,0.3459656499250701
1.0,99.0,9.44,1,0,0,0.3824145345012326
1.0,99.9,67.84,1,0,0,0.3035141575993199
1.0,119.9,21.33,1,0,0,0.33866278343703093
1.0,219.0,19.41,1,0,0,0.3191886376376114
1.0,18.9,15.1,1,0,0,0.43679620098271676
1.0,21.99,11.85,1,0,0,0.44087520487899906
1.0,49.9,15.79,1,0,0,0.3889723148576069
1.0,120.0,45.3,1,0,0,0.3100923721244711
1.0,99.0,13.71,1,0,0,0.3653892628273493
1.0,89.9,17.88,1,1,0,0.35786012266933126
1.0,13.98,10.96,1,0,0,0.46696041739500416
1.0,51.9,19.6,1,0,0,0.37768235012810614
1.0,13.9,11.85,1,0,0,0.4634581800861056
1.0,969.0,21.54,1,0,0,0.2655989977714431
2.0,145.8,32.54,1,0,1,0.5003921837359055
1.0,135.9,16.71,1,0,0,0.34379001404660137
1.0,49.99,15.1,1,1,0,0.3909027756153556
1.0,79.0,12.05,1,0,0,0.38086779474679533
1.0,149.0,40.37,1,0,0,0.305947237191825
1.0,22.0,15.1,1,0,0,0.42941061239062683
1.0,3.99,11.85,1,0,1,0.5245579832093962
1.0,22.5,18.43,1,0,0,0.4191927523842602
1.0,39.0,12.79,1,0,0,0.40992675659963435
1.0,11.97,7.39,1,0,0,0.4941997406987943
1.0,119.85,11.86,1,0,0,0.3638862649702453
1.0,35.9,15.1,1,0,0,0.40611312077021094
1.0,22.5,33.43,1,0,0,0.39356031617063314
1.0,79.9,15.86,1,1,0,0.3680590679520028
1.0,59.0,19.38,1,0,0,0.37249882245160415
1.0,39.9,18.89,1,0,0,0.39117120048077536
1.0,1129.99,32.89,1,0,0,0.2469043056086927
1.0,55.9,13.41,1,0,0,0.3912639080546529
1.0,27.99,15.1,1,0,0,0.41784609428066566
1.0,124.9,43.45,1,0,0,0.31002481926603137
1.0,332.0,17.07,1,0,0,0.30922033798678894
1.0,45.0,7.39,1,0,0,0.4295819430773514
1.0,379.0,29.99,1,0,0,0.28344449337409205
1.0,86.9,13.63,1,0,0,0.3711813510004492
1.0,39.9,7.39,1,0,0,0.4352410109861409
1.0,24.9,7.39,1,0,0,0.4579161942608656
1.0,13.99,7.78,1,0,0,0.4838464244794147
2.0,64.58,28.2,1,0,1,0.5435023733689696
1.0,50.9,12.7,1,0,0,0.39799998273646103
2.0,111.98,25.66,1,0,1,0.5225210184934262
1.0,109.9,13.35,1,0,0,0.3621984116032767
1.0,76.89,15.39,1,0,0,0.3710344482468442
1.0,70.0,23.36,1,0,0,0.3572091107008239
1.0,9.8,18.23,1,0,0,0.46043502799943264
2.0,51.8,17.86,1,0,1,0.5740943890849495
1.0,24.9,10.96,1,1,0,0.43858917164748923
1.0,59.9,17.67,1,0,0,0.3758428703844311
1.0,64.99,51.18,1,0,0,0.33020753848455464
1.0,119.9,53.48,1,0,0,0.304420482090405
1.0,170.0,16.95,1,0,0,0.33436052907311026
1.0,12.9,11.85,1,0,0,0.46716676548756164
2.0,37.8,45.7,1,0,1,0.5484487937760513
3.0,125.7,42.89,1,0,0,0.4956738073515084
5.0,59.95,70.48,1,0,1,0.5098843205343616
1.0,198.9,18.82,1,0,0,0.32404236875258974
1.0,19.9,14.1,1,0,0,0.4374902747878757
1.0,59.0,17.66,1,0,0,0.3765350157159409
2.0,109.8,41.74,1,0,1,0.5025342393009321
1.0,174.0,18.5,1,0,0,0.32984388214377236
1.0,34.9,14.1,1,0,0,0.41058652837203025
2.0,316.4,35.08,1,0,0,0.46402255225264655
1.0,105.0,23.27,1,0,0,0.34048171327626425
2.0,179.8,26.36,1,0,1,0.5004005154895907
1.0,99.0,8.85,1,0,0,0.3854405912010556
1.0,94.0,13.1,1,0,0,0.3696122682421778
1.0,59.0,37.96,1,0,0,0.34523409790787674
1.0,69.99,8.65,1,0,0,0.40172967628260775
1.0,154.9,15.38,1,0,0,0.3421048307679017
1.0,114.9,33.25,1,0,0,0.3229792888435964
1.0,36.9,15.1,1,0,0,0.40483302323498016
1.0,249.99,35.11,1,0,0,0.2921174604393177
1.0,69.9,15.24,1,0,0,0.37560065168488793
1.0,148.9,20.23,1,0,0,0.3322398601552248
1.0,179.49,16.14,1,0,0,0.3343015580644816
1.0,80.0,12.9,1,0,0,0.37721908116541336
1.0,99.9,16.46,1,0,0,0.3570038273652561
1.0,129.0,58.76,1,0,0,0.2985335910196978
1.0,99.9,20.19,1,0,0,0.34834462235824665
1.0,264.9,16.6,1,0,0,0.31848196293205777
1.0,60.0,15.17,1,0,0,0.38252169304316747
1.0,527.9,21.8,1,0,0,0.28405876866841995
2.0,50.0,36.46,1,0,1,0.5444827636893655
1.0,19.49,12.79,1,0,0,0.44312219393054236
1.0,137.0,26.24,1,0,0,0.32514026498543325
1.0,150.0,9.86,1,0,0,0.36303043799561346
1.0,16.9,10.96,1,0,0,0.4575613285200931
1.0,31.9,16.79,1,1,0,0.4068139538768292
2.0,119.8,35.34,1,0,1,0.5055979941849877
1.0,455.0,18.95,1,1,0,0.2942493497666565
1.0,249.9,87.37,1,0,0,0.2631761128099095
1.0,215.0,17.14,1,0,0,0.3249210463820572
1.0,199.99,17.65,1,0,0,0.32645161034151393
1.0,89.8,7.49,1,0,0,0.3976043681617618
1.0,329.9,67.4,1,1,0,0.2617064446393154
1.0,49.9,17.6,1,0,0,0.38414305322384035
1.0,189.9,17.03,1,0,0,0.32989651981300866
1.0,149.0,18.32,1,0,0,0.3362851921081253
6.0,87.0,109.38,1,0,0,0.4764899580374413
1.0,34.9,9.34,1,1,0,0.43012785336322656
1.0,21.32,17.78,1,0,0,0.4234152941908277
4.0,439.6,49.08,1,0,0,0.4371944249123659
1.0,34.49,13.47,1,0,0,0.41326215790780024
1.0,22.0,18.25,1,0,0,0.4207176532225522
1.0,279.9,16.71,1,0,0,0.3162038129012101
1.0,139.99,48.23,1,0,0,0.30209835318336375
1.0,26.9,8.88,1,0,0,0.4450808317195147
1.0,222.98,39.11,1,0,0,0.29238130696768844
1.0,27.99,14.1,1,0,0,0.42102334270959973
2.0,36.0,36.46,1,0,1,0.5600499154245184
1.0,49.9,17.6,1,0,0,0.38414305322384035
1.0,59.0,17.98,1,0,0,0.37575027694730373
1.0,23.98,14.1,1,1,0,0.42844216459327883
1.0,49.9,15.45,1,0,0,0.38995077830812397
1.0,129.9,9.1,1,0,0,0.37264415155733205
1.0,45.0,23.12,1,0,0,0.3769887574492269
1.0,54.9,16.63,1,0,0,0.3823766335536982
1.0,48.9,19.32,1,0,0,0.38096687808055496
1.0,59.99,25.26,1,0,0,0.3606205897587316
1.0,28.4,7.78,1,0,0,0.44897033399924874
1.0,37.0,14.1,1,0,0,0.4078544315565886
1.0,149.0,22.34,2,1,1,0.9999999999985199
1.0,119.99,13.86,1,0,0,0.3569090346912339
1.0,89.99,27.58,1,0,0,0.3399845474001661
1.0,155.0,9.44,1,0,0,0.36368463700181525
1.0,226.95,18.32,1,0,0,0.320187318016516
1.0,28.99,7.78,1,0,0,0.44797594514898004
5.0,519.85,120.05,1,0,0,0.397948854971521
1.0,159.9,22.2,1,0,0,0.325734146605154
1.0,219.9,15.74,1,0,0,0.32759320945467746
1.0,64.99,27.74,1,0,0,0.35337443103516075
1.0,48.9,11.85,1,0,0,0.40304945064560516
3.0,85.35,40.400000000000006,1,0,1,0.5156602147399816
1.0,52.0,17.94,1,0,0,0.3814538392723203
1.0,99.9,20.62,1,0,0,0.34746885841175523
1.0,89.5,13.75,1,0,0,0.3695314118622158
1.0,72.0,19.74,1,0,0,0.3630645696057727
1.0,199.99,37.49,1,0,0,0.2977444133308974
1.0,89.9,17.88,1,0,0,0.35786012266933126
1.0,14.9,14.52,1,0,0,0.4503148202471768
1.0,24.99,14.1,1,0,0,0.4264549447712418
1.0,13.65,7.39,1,0,0,0.48764563951258233
1.0,24.79,14.52,1,0,0,0.42547189882978276
1.0,139.0,36.42,1,0,0,0.3122580011646503
1.0,9.0,18.23,1,0,0,0.4646497749785812
1.0,229.99,16.37,1,0,0,0.3242836813894756
1.0,467.0,12.74,1,0,0,0.30917751761077206
1.0,59.9,17.67,1,0,0,0.3758428703844311
1.0,79.0,13.57,1,0,0,0.3754775926803514
1.0,274.92,22.95,1,0,0,0.3043506208159821
1.0,139.99,57.31,1,0,0,0.29632023656694634
1.0,99.0,17.94,1,0,0,0.3536915838642762
1.0,98.0,43.4,1,0,0,0.31948794397726904
1.0,39.0,13.85,1,0,0,0.4062300644708245
1.0,66.99,19.71,1,0,0,0.36623697921239695
1.0,699.99,13.71,1,0,0,0.2926795513842576
2.0,43.98,30.2,1,0,1,0.5585153511344396
1.0,127.9,14.24,1,0,0,0.3531133003512273
2.0,279.8,31.46,1,0,0,0.4737911576338934
1.0,57.7,26.7,1,0,0,0.36003919592165173
1.0,47.5,23.13,1,0,0,0.37455142250546564
1.0,47.25,25.63,1,0,0,0.3704917713395927
2.0,219.56,31.06,1,1,0,0.4846073382050968
1.0,104.9,23.31,1,0,0,0.34045094836911377
1.0,99.99,11.72,1,0,0,0.37201782133902606
1.0,313.9,26.69,1,0,0,0.29404214800605294
1.0,59.0,8.29,1,0,0,0.4114755091372801
1.0,138.0,27.05,1,0,0,0.32367934712606167
1.0,55.6,12.73,1,1,0,0.3938954532159273
1.0,198.0,15.56,1,0,0,0.3320593209989556
1.0,38.9,16.11,7,1,1,0.9999999999999598
1.0,99.9,15.45,1,0,0,0.35975008336107744
1.0,13.9,14.1,1,0,0,0.4551369497456496
1.0,90.0,16.82,1,0,0,0.3604411130942951
2.0,98.0,42.38,1,0,1,0.5070476749399246
1.0,16.99,15.1,1,0,0,0.4420122728691099
1.0,120.0,13.28,1,0,0,0.35879016561675736
1.0,220.0,16.29,1,0,0,0.32615142527017066
1.0,55.0,7.65,1,0,0,0.41858280444603746
1.0,299.9,16.86,2,1,1,0.9999999999984153
1.0,62.8,7.78,1,0,0,0.41171101895959084
1.0,31.9,15.79,1,0,0,0.40960526862750835
1.0,36.9,12.69,1,0,0,0.41287850921841385
1.0,199.9,10.13,1,0,0,0.3503235597135005
1.0,139.9,12.48,1,0,0,0.3552679248189246
1.0,109.0,57.3,1,0,0,0.30573396173450196
1.0,780.0,25.95,1,0,0,0.265575465268969
1.0,139.9,14.75,1,0,0,0.3479593763441437
1.0,227.8,18.03,1,0,0,0.32069385207290096
1.0,25.9,13.37,1,0,0,0.42722747858942667
1.0,12.9,10.96,1,0,0,0.4709578307326811
1.0,59.98,15.17,1,0,0,0.3825364772887493
1.0,399.9,127.22,1,0,0,0.23842475617379097
1.0,44.99,10.96,1,0,0,0.41055538224487453
1.0,29.0,8.36,1,0,0,0.4444117982366895
1.0,18.9,15.1,1,0,0,0.43679620098271676
1.0,99.99,17.44,1,0,0,0.35448351930058275
1.0,45.9,16.11,1,0,0,0.3918570742726627
1.0,199.0,25.94,1,0,0,0.3114143376347231
4.0,444.0,98.96,1,0,0,0.41065914895263644
1.0,31.9,14.1,1,0,0,0.4148157311633416
1.0,21.2,15.23,1,0,0,0.4308071721930247
1.0,39.5,16.11,1,0,0,0.3987357668079797
2.0,179.8,34.27,1,0,0,0.48899608855322235
1.0,89.0,17.87,1,0,0,0.35830690733830733
1.0,80.0,19.53,1,0,0,0.359024889087677
1.0,339.0,18.13,1,0,0,0.3060905487866822
1.0,99.9,21.19,1,0,0,0.3463406738926236
1.0,49.0,15.1,1,0,0,0.39180794088939863
1.0,134.9,43.35,1,0,0,0.307179577862864
1.0,13.65,19.04,1,0,0,0.4420658475936864
1.0,39.99,42.38,1,0,0,0.3579094993654926
1.0,84.9,23.17,1,0,0,0.3494019951051749
1.0,101.08,13.15,1,0,0,0.3663723038311262
1.0,19.9,7.39,1,0,0,0.46892306322588573
1.0,117.99,18.08,1,0,0,0.3461608430686362
1.0,44.0,7.57,1,0,0,0.4294531086660765
1.0,24.5,15.1,1,0,0,0.42421799285144646
1.0,579.9,18.81,1,0,0,0.2865213533594579
1.0,97.9,33.39,1,0,0,0.32917777624572964
1.0,69.9,21.45,1,0,0,0.3608235170917066
1.0,89.9,0.0,1,0,1,0.544212917525528
1.0,189.99,18.9,1,0,0,0.325607212252344
1.0,179.99,8.51,7,1,1,0.9999999999999529
1.0,36.89,11.28,2,1,1,0.999999999998995
2.0,157.8,35.88,1,0,0,0.492742946608757
1.0,116.6,53.09,1,0,0,0.3057285331901922
1.0,159.9,29.52,1,0,0,0.31470591915244106
1.0,49.0,15.23,1,0,0,0.39142060615197544
1.0,212.4,20.03,1,0,0,0.31907180467644247
1.0,54.9,9.34,1,0,0,0.4090249138294091
1.0,164.9,14.17,1,0,0,0.34314403665204257
1.0,48.9,14.1,1,0,0,0.3950143177356093
1.0,1399.99,127.52,1,0,0,0.20478555102838392
1.0,199.9,12.9,1,0,0,0.33967863698256906
1.0,99.9,11.9,1,0,0,0.37136410778733675
1.0,13.5,18.23,1,0,0,0.44459759640428864
1.0,149.9,18.18,1,0,0,0.3363662714321123
1.0,50.0,13.37,1,0,0,0.3964395868056677
1.0,105.9,13.08,1,0,0,0.36465537789186153
2.0,36.98,15.1,1,0,1,0.5973921226236704
2.0,35.98,21.92,1,0,1,0.581927436408645
1.0,74.9,8.27,1,0,0,0.4008580908821649
1.0,149.0,16.67,1,0,0,0.34022834600654583
1.0,180.0,12.47,1,0,0,0.34524063487901163
1.0,34.9,17.06,1,0,0,0.4018915853203666
1.0,95.0,15.77,1,0,0,0.3609636850378955
1.0,125.99,13.9,1,0,0,0.35478320980475325
1.0,64.8,27.18,1,0,0,0.35432060094999335
1.0,550.0,117.99,1,1,0,0.23106172861926177
1.0,23.9,9.34,1,0,0,0.44834991464069607
1.0,89.9,59.18,1,0,0,0.31211732969508627
1.0,99.9,13.72,1,0,0,0.364976113123363
1.0,13.65,15.1,1,0,0,0.4528006881897807
1.0,112.9,9.61,1,0,0,0.3759950364292506
1.0,117.99,34.63,1,0,0,0.320424084854385
1.0,299.0,9.35,1,0,0,0.33845771045593626
1.0,90.0,12.58,1,0,0,0.3732889682788798
1.0,30.45,15.1,1,0,0,0.4138483027882924
1.0,168.98,15.94,1,0,0,0.337170354998943
1.0,59.9,17.13,1,0,0,0.3772035082317723
1.0,188.0,21.81,1,0,0,0.3202670258365815
1.0,40.14,9.34,1,1,0,0.4235232879602732
1.0,690.0,59.99,1,0,0,0.24268049873455252
1.0,79.99,12.69,1,0,0,0.3779687594067285
1.0,78.97,21.21,1,0,0,0.3561002211868125
1.0,161.9,37.82,1,0,0,0.305167148698183
2.0,119.8,32.36,1,0,1,0.5093614245712499
1.0,19.9,14.1,1,0,0,0.4374902747878757
1.0,120.9,18.1,1,1,0,0.34512722461817147
1.0,49.0,15.23,1,1,0,0.39142060615197544
1.0,69.99,16.74,1,0,0,0.3714023765721794
1.0,29.9,11.85,1,1,0,0.4260543314122988
1.0,179.99,8.51,1,0,0,0.3624032378284778
1.0,22.99,11.85,1,0,0,0.43871197640709475
1.0,65.0,13.81,1,0,0,0.38320966131402495
2.0,67.98,16.58,1,0,1,0.5649841057462458
1.0,42.99,22.93,1,0,0,0.37939428605021597
2.0,220.64,31.74,1,1,0,0.48346303138985364
1.0,99.0,16.94,1,1,0,0.35614325298614563
1.0,99.0,13.0,1,0,0,0.3677618614508716
1.0,144.99,12.22,1,0,0,0.3547539526351379
1.0,1199.9,24.16,1,0,0,0.25538630679974744
2.0,75.8,38.46,1,0,1,0.5228420104460731
1.0,45.0,10.96,1,1,0,0.41054510736090655
1.0,89.99,15.39,1,0,0,0.3643139521676712
1.0,76.95,7.8,1,0,0,0.4024665657547908
1.0,119.9,19.81,1,0,0,0.3416994542999211
2.0,52.1,32.21,1,0,1,0.547789639318158
1.0,156.9,20.07,1,0,0,0.33052254495299566
1.0,94.9,7.92,1,0,0,0.3925264407312541
1.0,580.27,21.63,1,0,0,0.28129136884852846
1.0,19.9,11.85,1,0,0,0.445752818457975
1.0,47.49,19.32,1,0,0,0.3822806730160627
1.0,62.7,16.07,1,0,0,0.37800929031171077
1.0,250.0,15.95,1,0,0,0.3222506716853096
1.0,29.9,14.52,15,1,1,0.9999999999999631
1.0,149.99,16.75,1,0,0,0.3397649028018278
1.0,589.0,18.87,1,0,0,0.28589634618172555
2.0,55.8,15.74,1,0,1,0.576448864146451
1.0,139.99,35.21,1,1,0,0.31321864091643525
1.0,34.9,10.96,1,0,0,0.42242879017124163
1.0,56.1,19.58,1,0,0,0.37427605518716217
1.0,23.9,8.72,1,0,0,0.45172265975460096
1.0,899.0,22.05,1,0,0,0.26700777639234563
1.0,139.05,23.55,1,0,0,0.3288098089938057
1.0,149.0,15.79,1,0,0,0.3425237504209826
3.0,95.5,33.87,1,0,1,0.5179588249954016
1.0,109.9,57.32,1,0,0,0.3054077551038661
1.0,35.97,15.1,1,0,0,0.40602225759090943
2.0,84.89,32.9,1,0,1,0.5242460161809203
1.0,49.9,11.37,1,0,0,0.4040611312739547
1.0,10.0,7.39,1,0,1,0.503170863590211
2.0,77.8,15.56,1,0,1,0.5617735985973872
2.0,59.8,23.7,1,0,1,0.5547111668416398
1.0,21.2,7.41,1,0,0,0.4656688204817619
1.0,110.0,16.47,1,0,0,0.3529902823161064
1.0,27.3,8.76,1,0,0,0.44503390526142594
1.0,69.0,23.06,1,0,0,0.358359035391905
1.0,249.9,37.37,1,1,0,0.2899522367223454
1.0,199.9,16.15,1,1,0,0.33013886281555993
1.0,56.99,11.9,1,0,0,0.3959030931197526
1.0,42.0,11.73,1,0,0,0.4105360118676694
1.0,124.9,12.78,1,0,0,0.35884433695586454
2.0,45.8,30.2,1,0,1,0.5566041002323228
1.0,179.0,17.99,1,0,0,0.32990134222409334
2.0,258.0,51.48,1,0,0,0.4567912061559728
1.0,11.99,20.8,1,0,0,0.4444465171567559
1.0,84.99,16.29,1,0,0,0.3642538123661596
1.0,69.9,9.26,1,0,0,0.3985403620283479
1.0,56.99,11.9,1,0,0,0.3959030931197526
2.0,63.98,27.12,1,0,1,0.5456389121026495
1.0,23.9,8.29,1,0,0,0.4542175160910358
1.0,113.9,16.56,1,0,0,0.3513261709405586
1.0,23.7,14.1,1,0,0,0.4290089062095344
1.0,100.46,7.89,1,0,0,0.3902425622797412
1.0,225.0,13.07,1,0,0,0.3345772419317985
1.0,69.9,16.25,1,0,0,0.37276242766936796
1.0,128.9,7.77,1,0,0,0.38035583826940866
,,,1,0,0,0.3610559326759919
2.0,288.66,69.62,1,0,0,0.4404320732199917
1.0,109.9,23.57,1,0,0,0.3381193924434517
1.0,75.0,12.83,1,0,0,0.3802697828410722
1.0,50.9,13.38,1,0,0,0.39559550081167016
1.0,129.99,17.16,1,0,0,0.34445023500011174
1.0,74.9,18.4,1,0,0,0.3643764678662081
1.0,17.0,12.43,1,0,0,0.4511993001871972
1.0,269.45,18.08,1,0,0,0.3144091652847485
1.0,63.9,20.5,1,0,0,0.36660956790906646
2.0,59.8,46.72,1,0,1,0.5258445924682009
1.0,89.0,17.87,1,0,0,0.35830690733830733
1.0,159.0,21.6,1,0,0,0.3270453448822212
1.0,65.0,17.7,1,0,0,0.3721861683753153
1.0,45.9,15.1,1,0,0,0.39477805578051167
1.0,69.0,16.75,1,0,0,0.3719949377131077
1.0,80.4,13.12,1,0,0,0.37623845490221586
1.0,127.9,12.63,1,0,0,0.3583946727684511
1.0,129.9,15.41,1,0,0,0.34906341413282915
1.0,146.94,49.4,6,1,1,0.9999999999999365
1.0,13.98,15.1,1,0,0,0.45161950133792034
1.0,199.99,18.14,1,0,0,0.3253318770455882
1.0,120.0,17.03,1,0,0,0.348004364831237
1.0,74.0,7.78,1,0,0,0.40433022096998866
1.0,100.0,15.45,1,0,0,0.35970827616028295
2.0,86.0,30.2,1,0,1,0.5273388399358818
1.0,87.9,20.7,1,0,0,0.35261363374402677
1.0,145.9,13.46,1,0,0,0.35024658485537735
1.0,59.9,13.44,1,0,0,0.3880689520143738
1.0,49.0,7.6,1,0,0,0.42423814635257023
1.0,189.99,19.21,1,0,0,0.32494760626023106
1.0,73.9,13.86,1,0,0,0.37742132783049226
1.0,99.99,8.89,1,0,0,0.38480087753371844
1.0,1788.0,44.54,1,0,0,0.2255006591232097
1.0,139.0,15.73,1,0,0,0.3454564974213943
1.0,129.9,13.93,1,0,0,0.35344285930787284
1.0,359.99,11.33,1,0,0,0.3232783667838054
1.0,55.9,12.39,1,0,0,0.3949028363776454
1.0,22.9,37.07,1,0,0,0.38855022151337854
1.0,129.5,16.21,1,0,0,0.34701989634164226
1.0,69.9,32.94,1,0,0,0.3435173225215643
1.0,89.99,22.77,1,0,0,0.34769435834417084
1.0,89.99,15.38,1,0,0,0.3643424555696821
1.0,69.9,13.08,1,0,0,0.38247381675316827
1.0,849.99,39.94,1,0,0,0.24886140041421567
1.0,589.99,67.62,1,0,0,0.2438076531731793
2.0,129.8,54.76,1,0,0,0.4840384078515335
1.0,149.9,18.3,1,0,0,0.33609359766760194
,,,1,0,0,0.3610559326759919
2.0,81.0,36.46,1,0,1,0.5220310569518808
1.0,60.0,7.68,1,0,0,0.41441156156861053
2.0,21.98,30.2,1,0,1,0.5915000401346581
1.0,89.5,12.76,1,0,0,0.3728854011653057
1.0,149.0,29.44,1,0,0,0.31749156616847235
1.0,78.8,13.21,1,0,0,0.3767993118172094
1.0,299.9,14.76,1,0,0,0.3187768378742664
1.0,524.9,26.25,1,0,0,0.2775121328256739
1.0,29.0,7.78,1,0,0,0.44795927739046315
1.0,199.0,18.64,1,0,0,0.3244131670597756
1.0,197.9,36.74,2,1,1,0.9999999999983034
1.0,39.9,25.63,1,0,0,0.37807143590279385
1.0,98.99,20.77,1,0,0,0.34754492176627516
1.0,38.0,8.43,1,0,0,0.43108672850315805
1.0,79.0,17.8,1,0,0,0.36352408503321076
1.0,85.5,13.04,1,0,0,0.37386512187458715
1.0,105.0,18.0,1,0,0,0.3511170243159579
1.0,867.77,19.19,1,0,0,0.2730885310416489
1.0,55.9,42.67,1,0,0,0.3431309673552643
2.0,169.8,42.86,1,0,0,0.48211274984681995
1.0,26.4,15.29,1,0,0,0.4200590624246954
1.0,122.99,15.61,1,0,0,0.3507267612462076
1.0,69.99,18.59,1,0,0,0.36685136381733957
1.0,122.99,15.61,1,0,0,0.3507267612462076
1.0,93.1,17.36,1,0,0,0.3576576267338679
1.0,300.0,14.54,1,0,0,0.31938578913247495
1.0,59.99,11.73,1,0,0,0.3942658570413278
1.0,16.99,14.52,1,0,0,0.44384976044782726
1.0,15.33,15.1,1,0,0,0.44706928909766097
2.0,179.8,22.48,1,0,1,0.5075257755631056
1.0,29.9,16.79,1,0,0,0.40986212842301634
1.0,53.9,17.63,1,0,0,0.3806181616057507
1.0,210.0,14.02,1,0,0,0.33421172451116277
1.0,193.0,20.54,1,0,0,0.3216609710962428
1.0,34.49,9.27,1,0,0,0.43105446269561754
1.0,110.99,62.81,1,0,0,0.30200647463039554
1.0,149.9,21.32,1,0,0,0.3298545662390447
1.0,1999.99,26.55,1,0,0,0.23832663503648427
1.0,140.0,96.55,1,0,0,0.28015844218940306
1.0,250.0,50.49,1,0,0,0.2798485785561709
1.0,399.99,19.05,1,0,0,0.2984163917950771
1.0,228.0,49.97,1,0,0,0.2833558807326456
1.0,24.9,12.79,1,0,0,0.4312153691505591
1.0,30.9,15.1,1,0,0,0.41315480416813527
4.0,478.3,60.82000000000001,1,0,0,0.4254953090017036
1.0,21.99,11.85,1,1,0,0.44087520487899906
1.0,59.95,16.12,1,0,0,0.3798504855965639
1.0,18.95,20.8,1,0,0,0.4220495580052228
3.0,241.79,34.56,1,1,0,0.47624954050814133
1.0,14.9,7.39,1,0,0,0.48327819096867725
1.0,389.9,9.59,1,0,0,0.3275875329310634
2.0,503.84,37.16,9,1,1,0.9999999999999667
1.0,134.9,9.76,1,0,0,0.3678485878662392
1.0,139.99,17.23,1,0,0,0.3413136449491841
,,,1,0,0,0.3610559326759919
1.0,55.0,14.14,1,0,0,0.3895761195346394
1.0,51.8,11.15,13,1,1,0.9999999999999609
1.0,20.9,9.34,1,0,0,0.4549094946741094
1.0,52.9,23.17,1,0,0,0.369702952063695
1.0,39.9,19.47,1,0,0,0.38984255154824465
1.0,9.9,7.78,1,0,1,0.5010971751584751
1.0,53.0,16.13,2,1,1,0.9999999999988463
1.0,175.0,19.33,1,0,0,0.3278325547563364
1.0,93.02,17.9,1,0,0,0.35638246664286166
1.0,89.99,50.92,1,0,0,0.3172214242794836
1.0,82.99,17.83,1,0,0,0.36135570752025165
1.0,16.9,9.34,1,0,0,0.4653847654682952
1.0,18.9,11.85,1,0,0,0.44828083522835355
2.0,49.8,25.58,1,0,1,0.5598708914726306
1.0,31.0,15.1,1,0,0,0.41300217569049713
1.0,105.0,24.11,1,0,0,0.33905239905880447
1.0,118.5,21.25,1,0,0,0.3392876963110674
1.0,38.9,18.37,1,0,0,0.3935686849210432
1.0,159.9,27.44,1,0,0,0.31747347980935176
1.0,94.9,15.42,1,0,0,0.36198740322485423
1.0,135.9,16.05,1,0,0,0.3455016066583847
1.0,31.9,8.38,1,0,0,0.43971042668596033
1.0,199.96,43.86,1,0,0,0.2923205741248114
2.0,47.98,35.84,1,0,1,0.5471457446385557
1.0,167.68,20.36,1,0,0,0.32737249080470343
1.0,170.0,10.32,1,0,0,0.3559095725902689
1.0,69.99,19.4,1,0,0,0.36502255352977747
1.0,228.99,10.35,12,1,1,0.9999999999999498
1.0,113.57,18.04,1,0,0,0.3478073890286625
1.0,17.5,18.23,1,0,0,0.4318636866735455
1.0,69.9,16.12,1,0,0,0.37311611566776604
1.0,79.9,14.31,1,0,0,0.37261011538399624
1.0,139.9,15.06,1,0,0,0.347063313756974
1.0,78.0,23.13,1,0,0,0.35302725442791083
1.0,160.0,12.33,1,0,0,0.35040052045657055
1.0,59.9,20.91,1,0,0,0.3685836646911568
1.0,76.0,15.28,1,0,0,0.3718539977361653
1.0,39.9,9.03,1,0,0,0.42543917214793076
,,,1,0,0,0.3610559326759919
1.0,79.9,23.36,1,0,0,0.35160786548375267
1.0,183.29,25.77,1,0,0,0.3147255809228389
1.0,22.8,16.11,1,0,0,0.4246897747075917
1.0,145.9,18.9,1,0,0,0.3358243412907823
1.0,23.95,12.47,1,0,0,0.4342965423028743
2.0,65.98,32.22,1,1,1,0.5367548232760775
1.0,27.99,14.1,1,0,0,0.42102334270959973
1.0,16.99,15.1,1,0,0,0.4420122728691099
1.0,49.99,7.61,1,0,0,0.4232459369668044
1.0,130.0,16.2,1,0,0,0.346890744130768
1.0,115.0,18.06,1,0,0,0.34725079150865523
1.0,10.0,18.23,1,0,0,0.459434824884275
1.0,148.9,27.47,1,0,0,0.32015306090076034
1.0,66.99,14.2,1,0,0,0.38062415875622657
1.0,29.0,7.78,1,0,0,0.44795927739046315
1.0,41.9,15.1,1,0,0,0.39895360586698975
1.0,89.99,14.38,1,0,0,0.3673065299885303
2.0,94.98,32.22,1,0,1,0.5200196493371648
1.0,579.99,18.94,1,0,0,0.28625599196035495
6.0,119.4,137.10000000000002,1,0,0,0.4544190980440637
1.0,335.99,23.19,1,0,0,0.29691323183219576
1.0,119.9,17.09,1,0,0,0.34788888636701754
1.0,134.9,15.7,1,0,0,0.3467399396520457
1.0,49.9,19.59,1,0,0,0.37945787255103464
1.0,75.0,14.28,1,0,0,0.3754398291763378
1.0,249.9,9.91,1,0,0,0.3426598104405258
1.0,59.9,17.99,1,0,0,0.3750591978473973
1.0,48.9,16.11,1,0,0,0.3889871148120914
1.0,129.9,34.27,1,0,0,0.31707981982760486
1.0,89.9,14.71,16,1,1,0.9999999999999545
2.0,99.98,34.12,1,0,1,0.5152391283502105
1.0,598.99,15.69,1,0,0,0.2924410809955848
1.0,137.0,37.65,1,0,0,0.31160718911645263
1.0,9.9,7.78,1,0,1,0.5010971751584751
1.0,26.2,22.11,1,0,0,0.40384944535341394
1.0,79.9,19.53,1,0,0,0.35907792243455283
1.0,130.0,13.35,1,0,0,0.3552772457234732
1.0,44.99,12.79,1,0,0,0.40331430603159074
1.0,10.9,11.85,1,0,0,0.4755483333437799
1.0,60.0,12.76,1,0,0,0.3903706931351153
1.0,49.9,13.37,1,0,0,0.39653054581094427
2.0,71.8,15.56,1,0,1,0.5654269335635512
1.0,56.0,11.89,1,1,0,0.39673228139808203
1.0,101.9,21.15,1,0,0,0.3456054237062778
1.0,82.95,13.02,1,0,0,0.3752366091868864
1.0,29.0,7.78,1,0,0,0.44795927739046315
,,,1,0,0,0.3610559326759919
2.0,199.8,27.44,1,0,0,0.4940627279946003
1.0,249.8,16.5,1,0,0,0.3208879994339112
1.0,78.0,37.46,1,0,0,0.3340723974150316
1.0,146.99,16.66,1,0,0,0.34079152328976936
1.0,45.0,8.72,1,0,0,0.42150360980772583
1.0,158.4,34.91,1,0,0,0.3088631972354206
1.0,69.9,15.31,1,0,0,0.3753970104184834
1.0,78.0,15.3,1,0,0,0.3706761755967754
1.0,60.0,12.76,1,0,0,0.3903706931351153
1.0,69.2,20.97,1,0,0,0.36220775773401676
1.0,69.0,15.23,1,0,0,0.3761952553949376
1.0,70.9,27.23,1,0,0,0.35042235459083815
1.0,129.9,23.71,1,0,0,0.33121380724720856
3.0,147.0,45.3,1,0,0,0.4864876979227298
1.0,99.9,17.95,6,1,1,0.9999999999999503
1.0,199.0,32.14,1,0,0,0.30343588358441964
1.0,49.49,8.27,1,0,0,0.41965907106389155
1.0,299.99,28.18,1,0,0,0.2936262270700156
1.0,64.99,16.15,1,0,0,0.3762138121046045
1.0,34.99,15.1,1,0,0,0.4073121883851335
1.0,59.9,12.76,1,0,0,0.3904452271070602
1.0,69.9,21.13,1,0,0,0.361455337309868
1.0,69.9,17.74,1,0,0,0.36892921266983464
1.0,58.9,21.25,1,0,0,0.3686349527073348
1.0,49.0,14.12,1,0,0,0.39485678965753457
1.0,349.99,34.05,1,0,0,0.2816668033290868
1.0,99.9,23.28,1,0,0,0.3424921526388607
1.0,59.9,16.99,1,0,0,0.37756441528621176
1.0,189.99,15.5,1,0,0,0.33380673465965394
1.0,56.99,8.72,1,0,0,0.4106168107434582
1.0,99.0,8.85,1,0,0,0.3854405912010556
1.0,176.97,87.11,1,0,0,0.27491852395711613
1.0,114.9,44.72,1,0,0,0.3122140554269614
1.0,149.0,44.84,1,0,0,0.30227753964556964
1.0,349.0,54.8,1,0,0,0.26617183554158447
1.0,26.0,11.85,1,0,0,0.4327579132810738
1.0,209.9,97.28,1,0,0,0.2659220356504883
1.0,56.99,14.57,1,0,0,0.3866275369651579
1.0,54.9,22.31,7,1,1,0.9999999999999545
1.0,29.9,14.52,1,0,0,0.41651981592196397
1.0,129.9,19.19,1,0,0,0.33980188482694906
1.0,48.9,37.9,1,0,0,0.35336153488922434
1.0,20.0,15.24,1,0,0,0.43360803404847353
1.0,69.9,14.07,1,0,0,0.3791732984544193
6.0,74.94,90.6,1,1,0,0.49011664558319246
1.0,129.99,21.4,1,0,0,0.33530590132451515
1.0,59.9,20.87,1,0,0,0.3686650545866762
1.0,249.99,35.55,1,0,0,0.29168029445289184
2.0,129.8,28.41,1,1,1,0.5114327480166145
1.0,34.0,19.43,1,0,0,0.3973096681484524
1.0,49.9,17.6,1,0,0,0.38414305322384035
1.0,25.99,15.1,1,0,0,0.42138565478051926
1.0,299.99,23.4,1,0,0,0.3005244239160536
1.0,34.49,7.39,1,0,0,0.4421685304557417
1.0,227.0,43.65,1,0,0,0.28800013731274704
1.0,69.0,17.73,1,0,0,0.3695149954957243
1.0,149.0,21.53,1,0,0,0.32969475184947133
1.0,95.0,11.28,1,0,0,0.3759414594993626
1.0,47.07,19.32,1,0,0,0.38268035420029356
2.0,120.0,27.56,1,1,1,0.5162673240921326
1.0,55.0,7.65,1,0,0,0.41858280444603746
1.0,29.99,7.78,1,0,0,0.44633880107319707
2.0,298.8,74.75,1,0,0,0.4363519160349352
1.0,289.0,18.27,1,0,0,0.3114600321546103
1.0,169.0,18.47,1,0,0,0.33103575036310157
1.0,109.0,24.84,1,0,0,0.33634912507533155
1.0,6.0,7.78,1,0,1,0.5258108960166012
1.0,27.99,16.79,1,0,0,0.4129863290595291
2.0,358.16,74.53999999999999,1,0,0,0.4290705402573414
1.0,65.0,15.2,1,0,0,0.378899399499778
2.0,145.9,34.84,1,0,0,0.4974417057589167
1.0,9.0,16.79,1,0,0,0.4684716481455112
1.0,39.9,7.39,1,0,0,0.4352410109861409
2.0,67.6,30.2,1,0,1,0.5384140476044956
1.0,79.0,18.79,1,0,0,0.36120232804430125
1.0,158.9,19.21,1,0,0,0.33181551933352627
3.0,147.0,42.3,1,0,0,0.48930228225536426
1.0,189.0,16.07,1,0,0,0.33249273619833797
2.0,59.8,28.2,1,0,1,0.5470740582526288
1.0,109.9,37.46,1,0,0,0.32030769042372154
1.0,26.9,9.09,1,0,0,0.44393548552812806
1.0,24.99,16.11,1,0,0,0.4202812793870629
1.0,34.9,26.54,1,0,0,0.382704139758258
1.0,99.99,15.01,1,0,0,0.36097484901258875
1.0,109.0,49.28,1,0,0,0.3108620445181649
1.0,55.49,9.94,1,0,0,0.40556894238344215
1.0,149.9,14.07,1,0,0,0.3472346790854269
1.0,99.99,35.22,1,0,0,0.3263274750615752
1.0,59.9,19.33,1,0,0,0.37194557999418953
1.0,26.19,18.28,1,0,0,0.41229900946763914
2.0,98.0,35.34,1,0,1,0.5146521291560546
1.0,49.0,15.11,1,0,0,0.39177801014645025
1.0,49.89,8.72,1,0,0,0.4167201466315232
1.0,31.9,21.15,1,1,0,0.39655208501733896
1.0,29.99,12.76,1,0,0,0.42241119594532767
1.0,120.0,15.59,1,0,0,0.3517854240120304
1.0,59.9,13.08,1,0,0,0.3893094497413694
1.0,49.0,13.44,1,0,0,0.39711813933465767
1.0,642.3,43.58,1,0,0,0.25435659349485196
1.0,124.9,14.21,1,0,0,0.35417326866953336
1.0,37.99,17.63,1,0,0,0.3964866071346809
3.0,179.39999999999998,69.0,1,0,0,0.46119763061211644
1.0,84.99,16.29,1,0,0,0.3642538123661596
1.0,85.0,16.84,1,0,0,0.3628059133038932
1.0,119.99,11.45,1,0,0,0.3654240055293248
1.0,49.9,15.1,1,0,0,0.39098424435258994
1.0,265.0,10.67,1,0,0,0.3371737442886696
1.0,127.0,18.47,1,0,0,0.34229600217623296
1.0,97.9,12.19,1,0,0,0.3711306587539187
1.0,58.55,25.25,1,0,0,0.36169013011785733
1.0,79.9,21.36,1,0,0,0.35531138634689413
1.0,8.9,10.96,1,0,0,0.4894343292128304
1.0,169.99,19.08,1,0,0,0.3294801120291704
1.0,55.0,13.75,1,0,0,0.3908493785194916
1.0,57.99,11.15,1,0,0,0.39815495165275233
1.0,79.99,17.81,1,0,0,0.3629689706696626
1.0,24.99,15.1,1,0,0,0.4232666726178202
1.0,109.9,25.61,1,0,0,0.33480591886909283
1.0,50.0,28.75,1,0,0,0.36328660837106724
1.0,107.0,15.5,1,0,0,0.35675253214924735
1.0,5.2,15.1,1,0,1,0.5003603237372735
1.0,47.19,11.15,1,0,0,0.4075415705862462
4.0,677.6,82.72,1,0,0,0.400725492186955
1.0,118.0,19.8,1,0,0,0.3423644943914595
1.0,47.9,16.32,1,0,0,0.389341880173905
1.0,270.79,9.16,1,0,0,0.3431079497174732
1.0,14.9,7.78,1,0,0,0.48070696927210266
1.0,189.0,26.82,1,0,0,0.31205871918950484
1.0,1299.99,58.76,1,0,0,0.22591773910235352
3.0,179.10000000000002,40.32,1,0,0,0.4826466130941428
1.0,11.0,22.06,1,1,0,0.44605181863464266
1.0,159.9,19.22,1,0,0,0.33155031974161947
1.0,48.9,9.47,1,0,0,0.4136719649072926
1.0,29.0,15.3,1,0,0,0.415554551420404
1.0,139.0,19.07,1,0,0,0.33736811024929675
1.0,39.9,16.79,1,0,0,0.3964103571996305
1.0,61.9,14.6,1,0,0,0.38285964443933146
1.0,29.98,12.79,1,0,0,0.422316510758134
1.0,195.0,15.36,1,0,0,0.3331879946472864
1.0,93.0,23.8,1,0,0,0.34453191863851407
1.0,189.99,8.58,1,0,0,0.359863198469983
1.0,99.9,11.79,1,0,0,0.37178549603909045
2.0,50.66,31.58,1,0,1,0.5499483410010837
1.0,28.14,20.4,1,0,0,0.40401073595069403
1.0,26.5,16.32,1,0,0,0.4168832440337409
1.0,64.96,52.83,1,0,0,0.32910445011046313
1.0,348.8,17.19,1,0,0,0.30719863620147114
1.0,69.0,14.23,1,0,0,0.3792321520694239
1.0,69.9,16.12,1,0,0,0.37311611566776604
1.0,29.3,12.79,1,0,0,0.4234096739549211
1.0,49.0,17.64,1,0,0,0.3848612259444509
1.0,32.0,14.52,1,0,0,0.41330915800644324
1.0,139.98,25.06,1,0,0,0.3260989489703793
1.0,89.0,11.23,1,0,0,0.3789427084469918
1.0,89.9,15.38,1,0,0,0.36438480986459926
4.0,418.7000000000001,44.0,1,0,0,0.4435318472379216
1.0,1000.0,109.3,1,0,0,0.21676130708974709
1.0,58.99,13.43,1,0,0,0.3887860484799642
1.0,110.0,8.96,1,0,0,0.38035819554874245
1.0,200.0,26.24,1,0,0,0.31079200806045626
,,,1,0,0,0.3610559326759919
1.0,27.99,11.85,1,0,0,0.4292121893228003
1.0,59.5,22.35,1,0,0,0.36606179054240495
1.0,259.9,68.52,1,0,0,0.2689999476237734
1.0,728.9,25.37,1,0,0,0.268423488001295
1.0,50.0,7.78,1,0,0,0.4221577832578069
1.0,96.9,18.0,1,0,0,0.35444039573003694
1.0,34.49,7.98,1,0,0,0.43838036888304316
1.0,59.9,16.67,1,0,0,0.37840247062131543
1.0,53.69,8.64,1,0,0,0.4137880654233394
1.0,28.99,7.46,1,0,0,0.45005627144906113
1.0,39.0,11.85,1,0,0,0.4135069748396085
1.0,19.99,24.84,1,0,0,0.4116792687772959
1.0,229.9,16.36,1,0,0,0.3243234964306131
1.0,1099.0,97.78,1,0,0,0.21703699280175104
1.0,8.9,15.1,1,0,0,0.4740116518164716
2.0,229.98,29.94,1,1,0,0.48421955559139734
1.0,206.9,34.81,1,0,0,0.29914817330594756
1.0,100.0,23.42,1,0,0,0.34220827658889025
1.0,27.9,21.15,1,1,0,0.4028261007594717
1.0,88.99,23.42,1,0,0,0.3470071807280738
1.0,219.0,32.28,1,0,0,0.29981107465973006
1.0,119.9,22.77,1,0,0,0.3360139101995723
2.0,142.8,30.5,1,0,1,0.5041057250896246
1.0,31.9,16.79,1,0,0,0.4068139538768292
1.0,299.99,14.35,1,0,0,0.3199323071144484
1.0,95.0,12.37,1,0,0,0.3717446629104023
1.0,34.98,15.1,1,0,0,0.40732555259676856
1.0,769.9,32.75,1,0,0,0.25811190535921896
1.0,44.99,14.44,1,0,0,0.3977262268835964
1.0,55.0,7.78,1,0,0,0.4177624526526953
1.0,54.9,16.14,1,0,0,0.38370564201206964
1.0,49.9,26.43,1,0,0,0.3668071041760637
1.0,19.9,25.63,1,0,0,0.41054541522458643
1.0,18.99,15.1,1,0,0,0.43656424858804865
1.0,254.9,19.66,18,1,1,0.9999999999999423
1.0,110.0,16.74,1,0,0,0.3522933378531218
1.0,75.0,11.55,1,0,0,0.3850824409012919
1.0,55.55,15.46,1,0,0,0.38510316319072696
1.0,39.99,7.54,1,0,0,0.43414507858883017
1.0,35.9,12.69,1,0,0,0.41416634354135334
1.0,65.9,16.22,1,0,0,0.37541379264007846
1.0,1098.0,37.89,1,0,0,0.24325802884851994
1.0,18.99,14.1,1,0,0,0.43977630683066543
1.0,99.9,17.95,1,0,0,0.3532925326036303
1.0,129.9,44.71,1,0,0,0.30752903657796193
1.0,159.9,25.3,1,0,0,0.32059765307434057
1.0,49.9,18.23,1,0,0,0.3825957468085743
1.0,59.9,17.67,1,0,0,0.3758428703844311
1.0,166.99,112.99,1,0,0,0.2695067568769483
1.0,149.9,18.98,1,0,0,0.3345873222538315
1.0,99.99,13.04,1,0,0,0.36720456678852875
1.0,76.99,16.51,1,0,0,0.3678918630987972
1.0,37.99,18.23,1,0,0,0.3949973566567013
1.0,54.9,15.82,1,0,0,0.38459899570435896
1.0,273.0,13.12,1,0,0,0.32715223553518963
1.0,159.9,28.5,1,1,0,0.316032661810973
1.0,79.0,13.21,1,0,0,0.3766895523961574
1.0,38.9,16.79,1,0,0,0.39757982155085025
1.0,49.99,8.72,1,0,0,0.4166277341315324
1.0,115.0,9.16,1,0,0,0.37744566130251866
1.0,133.0,11.56,1,0,0,0.3607460986987618
1.0,79.99,18.17,1,0,0,0.36210868996369133
1.0,16.0,38.99,1,0,0,0.4035332329450558
1.0,60.0,19.61,1,0,0,0.37125370751897746
1.0,119.0,18.63,1,0,0,0.34455817652416765
1.0,194.0,26.2,1,0,0,0.31197747679121335
1.0,299.0,22.58,1,0,0,0.30199528669682085
1.0,21.05,11.85,1,0,0,0.44300566319208295
1.0,24.9,14.52,1,0,0,0.4252590237535797
1.0,55.32,13.97,1,0,0,0.38986565344918844
1.0,278.98,16.7,1,0,0,0.3163477654554318
1.0,120.0,16.6,1,0,0,0.34909305789695433
1.0,339.2,15.39,1,0,0,0.3126374785195523
2.0,119.8,35.34,1,1,1,0.5055979941849877
1.0,61.9,8.27,1,0,0,0.4094132029204627
1.0,69.99,15.25,1,0,0,0.3755154007308257
6.0,345.0,58.260000000000005,1,0,0,0.44024147595242
1.0,29.99,7.79,1,0,0,0.4462753122398001
2.0,179.98,90.18,1,0,0,0.4508029958797195
1.0,58.0,7.67,1,0,0,0.41602197057895646
1.0,99.99,15.01,1,0,0,0.36097484901258875
2.0,71.98,44.36,1,0,1,0.5193243104369374
1.0,57.5,25.24,1,0,0,0.36249282647034237
1.0,81.4,23.5,1,0,0,0.35058265711596814
1.0,304.9,16.88,1,0,0,0.3127054450464386
1.0,17.0,8.29,1,0,0,0.470992290602037
1.0,24.99,18.23,1,0,0,0.414657137352748
1.0,516.59,19.38,1,0,0,0.2891703706061833
1.0,110.0,50.84,1,0,0,0.3094362746286293
1.0,50.9,18.46,1,0,0,0.38115770114784786
1.0,21.99,12.79,1,0,0,0.4372346822200967
1.0,998.0,24.82,1,0,0,0.259781626630143
2.0,219.8,46.7,1,0,0,0.46748094048407
1.0,89.0,12.01,1,0,0,0.3758713309407138
1.0,109.0,35.82,1,0,0,0.32227988488232967
1.0,29.9,8.11,1,0,0,0.44443325336362116
1.0,69.5,19.46,1,0,0,0.3651934310500662
1.0,30.9,22.15,1,0,0,0.39602633726931163
1.0,209.0,10.21,1,0,0,0.34822996318045096
2.0,118.0,27.98,1,0,1,0.516355323236399
1.0,59.99,15.3,1,0,0,0.3821471124369037
1.0,54.99,18.26,1,0,0,0.3781894870870849
1.0,21.99,17.63,1,0,0,0.4223077902736855
1.0,311.0,24.47,1,0,0,0.2975814792713329
1.0,179.4,8.52,1,0,0,0.362481095958048
1.0,78.0,9.3,1,0,0,0.3934786522143033
1.0,29.9,18.31,1,0,0,0.4059569608918491
1.0,79.5,22.43,1,0,0,0.3534926809169183
1.0,64.9,26.77,1,0,0,0.35486875157345343
1.0,73.0,22.22,1,0,0,0.3574953050671898
1.0,19.9,18.23,1,0,0,0.42561372543217413
1.0,146.94,34.11,1,0,0,0.3125394191549151
1.0,67.99,16.67,1,0,0,0.3728464279506058
1.0,124.0,18.97,1,0,0,0.3421433950053398
1.0,189.9,17.03,2,1,1,0.9999999999985312
2.0,69.8,26.74,1,0,1,0.5422301622554037
1.0,479.9,98.02,1,0,0,0.2397323464510415
1.0,69.9,14.58,1,0,0,0.37757544220608114
1.0,449.9,18.91,1,0,0,0.29470963300840075
1.0,51.92,12.7,1,0,0,0.39709925237436683
1.0,40.0,15.1,1,0,0,0.40109273543838614
1.0,24.9,19.59,1,0,0,0.41160338120536105
2.0,79.4,36.46,1,0,1,0.522947947803175
1.0,44.9,15.79,1,0,0,0.39376276841446567
1.0,139.0,38.52,1,0,0,0.31023481515190227
1.0,12.0,7.39,1,1,0,0.4940747923646597
1.0,29.9,7.47,1,0,0,0.4484963751725127
2.0,49.98,16.8,1,0,1,0.5785421373457025
1.0,24.99,15.28,1,0,0,0.4227182662467633
1.0,133.0,16.56,1,0,0,0.3450372148889797
1.0,67.99,34.02,1,0,0,0.3434344857892
1.0,122.99,22.57,1,0,0,0.33535419557504964
1.0,159.99,9.49,1,0,0,0.3621569606719986
1.0,53.0,13.95,1,0,0,0.3918582343811035
1.0,79.99,8.91,1,0,0,0.3943976854447045
1.0,249.99,19.0,1,0,0,0.3151580841096005
1.0,81.99,7.92,1,0,0,0.39892550421434075
1.0,49.9,13.69,1,0,0,0.3954449173768212
1.0,15.9,15.1,1,0,0,0.4452712601013628
1.0,12.25,15.23,1,0,0,0.457756227782824
1.0,59.9,18.31,1,0,0,0.37429159936564066
1.0,34.99,17.63,1,0,0,0.4002968788460911
1.0,65.0,14.62,1,0,0,0.38064047956842467
1.0,79.0,23.13,1,0,0,0.3524907105240935
2.0,99.8,32.22,1,1,1,0.5177735238994545
1.0,124.9,14.62,1,0,0,0.35293370910570926
1.0,159.9,27.55,1,0,0,0.3173208692013913
2.0,142.6,41.98,1,0,0,0.49063160544921064
2.0,78.0,35.56,1,0,1,0.5248221086610361
1.0,18.99,18.23,1,0,0,0.42788490498426335
1.0,309.99,49.44,1,0,0,0.2732908257563581
1.0,465.0,26.63,1,0,0,0.2809205721817161
1.0,44.0,18.23,1,0,0,0.3882764762767923
1.0,59.9,15.17,1,0,0,0.38259566891030244
1.0,35.0,19.44,1,0,0,0.39594248459092757
1.0,44.06,24.48,1,0,0,0.37552696932902935
1.0,47.49,12.93,1,0,0,0.40033029136238624
1.0,135.0,16.58,1,0,0,0.3443870693898861
1.0,99.99,11.9,1,0,0,0.3713259689506776
1.0,50.0,15.45,1,0,0,0.3898603535522704
1.0,34.9,8.99,1,0,0,0.43198439264912497
1.0,59.0,23.13,1,0,0,0.3649923287457164
1.0,33.5,12.48,1,0,0,0.418207306080768
1.0,469.0,14.67,1,0,0,0.3032863488861413
1.0,124.99,23.45,1,0,0,0.33317766495403917
1.0,27.9,22.06,1,0,0,0.40098461954582415
1.0,146.99,19.13,1,0,0,0.3350332686796356
1.0,119.0,20.91,1,0,0,0.3397783085195922
1.0,90.49,19.82,1,0,0,0.3532197978848664
1.0,85.0,17.33,1,0,0,0.3615659548756025
4.0,96.0,31.48,1,0,1,0.5208633283772885
1.0,120.0,74.57,1,0,0,0.29358110216820293
2.0,25.98,35.2,1,0,1,0.5771068706359893
1.0,35.6,26.55,1,0,0,0.3817805534042208
1.0,137.9,38.81,1,1,0,0.3102672143346281
1.0,29.9,14.52,1,0,0,0.41651981592196397
1.0,79.0,15.3,1,0,0,0.3701281537185772
1.0,149.94,40.12,1,0,0,0.30593157096389223
1.0,364.0,54.68,1,0,0,0.26488606002778764
1.0,489.9,27.74,1,0,0,0.27777796867978655
1.0,23.99,15.1,1,0,0,0.42522997928022427
1.0,1437.0,52.47,1,0,0,0.22645607951115188
1.0,98.0,13.03,1,0,0,0.36808738191828055
1.0,65.0,35.77,1,0,0,0.3434014332368433
1.0,161.55,11.74,1,0,0,0.3521837367136141
1.0,29.99,15.23,1,0,0,0.4141742376341628
1.0,177.0,23.74,1,0,0,0.31921272755027147
1.0,179.9,15.01,1,0,0,0.3372745259331684
1.0,179.0,57.92,1,0,0,0.28706416183311534
2.0,123.98,28.35,1,0,1,0.5135695877582317
1.0,44.99,7.58,1,0,0,0.4283464741840254
1.0,34.99,14.1,1,0,0,0.4104658142727005
2.0,220.64,26.86,1,0,0,0.4907442022113528
1.0,56.99,12.74,1,0,0,0.3927486423640211
1.0,159.9,20.65,1,0,0,0.3286348126423235
1.0,249.9,61.61,1,0,0,0.27355765381797714
1.0,2218.0,96.82,1,0,0,0.20027067877302718
1.0,64.9,18.33,1,0,0,0.3707346059926845
1.0,205.0,38.57,1,0,0,0.29585914862474894
2.0,199.98,23.44,1,0,1,0.501036095277414
1.0,48.0,22.06,1,0,0,0.37609180836395556
1.0,28.0,11.85,1,0,0,0.4291950604297039
1.0,69.9,19.46,1,0,0,0.3649460918714223
1.0,79.9,59.79,1,0,0,0.3164346894578264
1.0,26.9,7.45,1,0,0,0.45375074064977955
1.0,59.99,58.9,1,0,0,0.3285953246174121
1.0,79.9,7.81,1,1,0,0.4007371221217399
1.0,49.0,15.1,1,0,0,0.39180794088939863
1.0,45.95,11.85,1,0,0,0.40590413139805714
1.0,97.0,15.43,1,0,0,0.36103988260456565
4.0,70.2,107.12,1,0,0,0.4871133268711517
1.0,62.45,15.2,1,0,0,0.3806624497025613
1.0,84.89,7.94,1,0,0,0.39727465529290273
1.0,59.0,7.78,1,0,0,0.414549588813011
1.0,130.0,14.5,1,0,0,0.3516636390777685
1.0,25.9,16.79,1,0,0,0.4166797294029156
1.0,98.9,14.99,1,0,0,0.361492279613065
2.0,15.8,16.58,1,0,1,0.6327906966282778
1.0,109.0,21.4,1,0,0,0.34237499772526203
1.0,129.9,27.46,1,0,0,0.3254538600400501
1.0,69.9,16.74,1,0,0,0.3714582208935441
1.0,74.99,11.73,1,0,0,0.3843758558178973
1.0,45.9,16.11,1,0,0,0.3918570742726627
1.0,205.0,18.14,1,0,0,0.324396996070827
1.0,86.99,17.86,1,0,0,0.35929282477818886
1.0,59.9,14.15,1,0,0,0.38573007143211835
1.0,24.95,17.92,1,0,0,0.4155077777035556
1.0,50.9,15.57,1,0,0,0.3887075321490902
1.0,110.9,15.54,1,0,0,0.3551608141243929
2.0,78.0,35.86,1,0,1,0.5244668607003435
1.0,149.9,17.89,1,0,0,0.3370340939999271
1.0,90.0,9.38,1,0,0,0.3868221945253718
1.0,122.99,14.61,1,0,0,0.35359249345177846
1.0,39.9,8.72,1,0,0,0.42713594646093733
1.0,31.9,16.79,1,0,0,0.4068139538768292
1.0,810.0,26.16,1,0,0,0.26415939407005834
1.0,69.9,13.51,1,0,0,0.38100627137265786
1.0,105.0,21.57,1,0,0,0.34357169397718196
2.0,122.0,32.38,1,0,1,0.5085208764242731
2.0,253.93,66.38,1,0,0,0.44756717238125393
1.0,12.0,13.61,1,0,0,0.4641077935680908
1.0,200.0,15.71,1,0,0,0.3312730558200873
1.0,105.6,16.67,1,0,0,0.3541559270967911
1.0,113.37,17.72,1,0,0,0.3486354701312406
1.0,179.9,21.71,1,0,0,0.32211529707562825
1.0,119.9,16.47,1,0,0,0.3494626514324456
1.0,79.99,8.91,1,0,0,0.3943976854447045
1.0,27.9,16.79,1,0,0,0.41313917207297146
1.0,54.99,7.94,1,0,0,0.4167812083565777
1.0,129.0,7.77,1,0,0,0.38032327840028113
1.0,45.0,12.98,1,0,0,0.4026200303272627
1.0,339.9,63.33,1,0,0,0.2626077204396397
1.0,299.99,28.36,1,0,0,0.29339466698076333
1.0,81.5,12.7,1,0,0,0.3771238280260512
1.0,44.9,22.67,1,0,0,0.3779222455727308
2.0,179.4,37.46,1,0,0,0.48532443736370046
1.0,29.99,7.71,1,0,0,0.44678567645866235
1.0,99.0,7.95,1,0,0,0.3905144380779305
1.0,103.9,36.05,1,0,0,0.32393572773422297
1.0,49.99,8.64,1,0,0,0.41707328817106354
1.0,899.0,18.73,1,0,0,0.2729013377064471
1.0,89.9,21.12,1,0,0,0.35083894538497656
1.0,208.9,46.93,1,0,0,0.28848960170354404
2.0,91.7,19.51,1,0,1,0.5438757671035964
3.0,110.7,48.33,1,0,0,0.49649152858992557
1.0,82.99,13.6,1,0,0,0.37325399609914767
2.0,98.0,30.88,1,0,1,0.5204294257256991
1.0,219.9,26.52,1,0,0,0.30691189945882624
2.0,119.8,26.88,1,0,1,0.5174418764795025
1.0,44.9,19.5,1,0,0,0.38440547865756586
1.0,89.99,50.5,1,1,0,0.3175097251716374
1.0,1001.0,51.14,1,0,0,0.2368275456459947
1.0,59.9,7.39,1,0,0,0.41635989425273107
3.0,329.34000000000003,49.59,1,0,0,0.44847104611598626
3.0,250.0,43.29,1,0,0,0.46543646737637207
3.0,128.70000000000002,34.57,1,0,1,0.503660751606258
1.0,53.9,12.43,1,0,0,0.39639838811117195
1.0,130.0,16.21,1,0,0,0.34686442321320726
1.0,79.99,15.31,1,0,0,0.36956433970144487
1.0,24.99,7.78,1,0,0,0.4551850182188862
1.0,79.99,37.47,1,0,0,0.33302977124436495
1.0,162.5,16.24,1,0,0,0.3379139099328621
1.0,52.5,11.87,1,0,0,0.3997327056099048
1.0,56.99,14.15,1,0,0,0.3879514848140964
1.0,149.9,21.1,1,0,0,0.33027264214425983
1.0,179.89,13.92,1,0,0,0.34049618638258794
1.0,70.0,16.25,1,1,0,0.37270029469033894
1.0,19.9,16.79,1,0,0,0.42937203698751164
1.0,514.9,16.26,1,0,0,0.29604758153222327
1.0,36.0,8.27,1,0,0,0.43458748034521605
1.0,69.9,14.25,1,0,0,0.37860185109468353
1.0,94.0,19.63,1,0,0,0.3520393176959465
1.0,349.9,14.79,1,0,0,0.313155526683996
1.0,12.99,15.11,1,0,0,0.4552223659811903
14.0,419.86,108.92,1,0,0,0.40954318221941427
1.0,34.99,17.06,1,0,0,0.4017716850432619
1.0,89.9,23.21,1,0,0,0.346953168694459
1.0,159.0,44.96,1,0,0,0.2997819955611195
1.0,18.9,15.1,1,0,0,0.43679620098271676
1.0,87.0,12.74,1,0,0,0.3741694701599464
1.0,68.9,11.98,1,0,0,0.3871288748288874
1.0,45.73,11.85,1,0,0,0.40612501224051273
1.0,17.37,8.88,1,0,0,0.4665185472077527
1.0,79.0,13.57,1,0,0,0.3754775926803514
1.0,10.0,11.85,1,0,0,0.479837347500066
1.0,27.9,16.11,1,0,0,0.4150244785441168
1.0,139.9,13.23,1,0,0,0.3526940030113115
1.0,59.9,17.67,1,0,0,0.3758428703844311
1.0,23.99,7.78,1,1,0,0.45717901542871275
1.0,84.0,16.84,1,0,0,0.36330822916600897
1.0,139.0,22.9,1,0,0,0.3299376192836048
1.0,22.08,7.39,1,0,0,0.4638034767255701
1.0,39.9,9.34,1,1,0,0.42380487725861815
1.0,21.99,18.23,1,0,0,0.4207891751636636
1.0,67.9,17.73,1,0,0,0.3702122374132821
1.0,111.99,11.41,1,0,0,0.3684598706786487
1.0,199.9,14.98,1,0,0,0.3332917722357259
1.0,64.0,12.79,1,0,0,0.3873893703304201
1.0,89.9,16.26,1,0,0,0.36195552973508976
1.0,138.0,9.72,1,0,0,0.3671000890707942
2.0,165.0,26.26,1,0,1,0.5043135832685468
2.0,299.76,36.6,1,0,0,0.46447626606194026
1.0,29.5,24.84,1,0,0,0.3932608595758385
1.0,139.99,19.95,1,0,0,0.3352327334855211
1.0,369.0,21.77,1,0,0,0.29607067967920087
1.0,39.49,15.1,1,0,0,0.4016858668726168
1.0,120.0,16.79,1,0,0,0.3486079823594038
1.0,13.98,14.52,1,0,0,0.453464470206635
1.0,119.9,21.49,1,0,0,0.3383581221510175
1.0,44.99,12.98,1,0,0,0.4026302423470674
1.0,219.9,10.35,1,0,0,0.3456475318887735
1.0,286.4,58.67,1,0,0,0.270518666765361
1.0,45.9,9.34,1,0,0,0.4172647592386058
1.0,149.0,18.92,1,0,0,0.3349540147123601
2.0,63.8,23.7,1,0,1,0.551712175073969
1.0,89.9,15.38,1,0,0,0.36438480986459926
1.0,103.97,25.04,1,0,0,0.33793635356337115
2.0,179.8,32.52,1,0,0,0.4912392114185356
1.0,17.89,14.1,1,0,0,0.44269842950325883
1.0,46.98,19.84,1,0,0,0.38161186647839235
1.0,119.9,13.86,1,0,0,0.3569398774431695
1.0,55.0,7.94,1,0,0,0.4167728649729512
1.0,90.0,34.43,1,0,0,0.331409907293122
1.0,35.0,19.04,1,0,0,0.39686036413840386
1.0,119.99,25.0,1,0,0,0.33225266787124574
1.0,29.98,12.79,1,0,0,0.422316510758134
1.0,129.0,16.0,1,0,0,0.3477330464232931
1.0,69.9,23.11,1,0,0,0.357715321114576
2.0,25.76,28.22,1,0,1,0.5867978540680433
1.0,17.99,25.63,1,0,0,0.4154007577360207
1.0,57.0,13.98,1,0,0,0.38849237882766297
1.0,35.0,7.39,1,0,0,0.4414671931521264
1.0,64.9,15.2,1,0,0,0.3789670829251757
,,,1,0,0,0.3610559326759919
1.0,270.0,16.64,1,0,0,0.3176863657724425
2.0,104.0,36.92,1,0,1,0.5101107873523667
1.0,735.0,19.46,1,0,0,0.27770265477111766
1.0,99.99,16.95,1,0,0,0.35570394456271076
1.0,18.0,18.23,1,0,0,0.43049004058544943
1.0,139.9,18.56,1,0,0,0.3382342924565673
1.0,125.0,18.12,1,0,0,0.34373470983303916
1.0,68.9,14.21,1,0,0,0.3793589093422606
1.0,540.0,31.16,1,0,0,0.2706372700634124
1.0,39.9,15.23,3,1,1,0.9999999999999227
1.0,535.9,37.55,1,0,0,0.2646370953902285
1.0,20.9,10.96,1,0,0,0.44711487939770056
1.0,149.9,21.97,1,0,0,0.32864872633121145
1.0,194.0,15.11,1,1,0,0.33407705429270407
1.0,309.9,19.6,1,0,0,0.30619514912172785
1.0,699.0,17.33,1,0,0,0.2836278180949917
1.0,125.8,13.32,1,0,0,0.35671849151407053
1.0,149.9,23.98,1,0,0,0.32517330025236285
1.0,599.65,18.95,1,0,0,0.28515756585390356
3.0,179.7,53.0,1,0,0,0.4713813457561398
1.0,49.0,7.6,1,0,0,0.42423814635257023
1.0,118.0,36.28,1,0,0,0.31870278819964987
1.0,16.9,11.74,1,0,0,0.4542350028449672
1.0,12.9,15.1,1,0,0,0.45559783522056213
1.0,1688.0,129.54,1,0,0,0.20000104315892048
1.0,59.9,16.18,1,0,0,0.3797225687387746
1.0,138.0,37.88,1,0,0,0.31111111481700765
1.0,12.99,16.79,1,0,0,0.4502952070892387
1.0,55.38,8.55,1,0,0,0.412873958596967
1.0,68.9,16.92,1,0,0,0.37161583519453784
1.0,49.9,9.44,1,0,0,0.4128914942906622
1.0,59.9,35.74,1,0,0,0.346892198420539
1.0,34.99,7.39,1,0,0,0.4414808391656409
1.0,94.49,15.41,1,0,0,0.3621978958200662
1.0,169.0,17.92,1,0,0,0.33228054265410384
1.0,107.0,15.5,1,0,0,0.35675253214924735
1.0,38.9,14.1,1,0,0,0.4055241380048638
1.0,154.98,16.19,1,0,0,0.33990653264275145
1.0,29.9,24.84,1,0,0,0.39263368753981637
1.0,189.0,19.4,1,0,0,0.3247478675925013
1.0,51.9,18.24,1,0,0,0.38081269127399664
1.0,348.8,16.19,1,0,0,0.30959741609635855
1.0,56.99,21.2,1,0,0,0.3701798434930271
1.0,298.0,19.95,1,0,0,0.30689325759400693
1.0,126.0,15.63,1,0,0,0.349688972524676
1.0,49.0,11.85,1,0,0,0.4029560139925979
1.0,179.49,9.45,1,0,0,0.35772339952185545
1.0,54.88,22.09,1,0,0,0.3700953220879799
1.0,49.7,34.66,1,0,0,0.3561163931647923
1.0,74.67,8.86,1,0,0,0.39770493552193775
2.0,29.8,21.92,1,0,1,0.5908085262121584
1.0,45.0,17.25,1,0,0,0.38970249910629434
1.0,159.0,28.17,1,0,0,0.3166883912687954
1.0,175.99,20.42,1,0,0,0.3253991398068852
2.0,121.8,35.42,1,0,1,0.5047612265125617
1.0,198.0,12.89,1,1,0,0.34008180496882345
2.0,214.0,26.1,1,0,0,0.49332253377235097
2.0,78.0,30.2,1,0,1,0.5318129989756719
1.0,47.9,16.11,1,0,0,0.3899217155274748
2.0,119.98,30.6,1,0,1,0.5117080045497113
1.0,84.89,18.47,1,0,0,0.35888781275411047
1.0,1299.0,92.28,1,0,0,0.21421889527151156
1.0,149.0,40.37,1,0,0,0.305947237191825
1.0,81.2,11.77,1,0,0,0.3807514116450374
1.0,65.0,11.95,1,0,0,0.3898251786015241
1.0,110.9,16.54,1,1,0,0.3524732134464405
1.0,132.2,16.03,1,0,0,0.3466645293482962
1.0,56.0,7.65,1,0,0,0.41775571943897827
1.0,19.9,37.05,1,0,0,0.39518983907339
1.0,279.9,16.88,1,0,0,0.31579357476691705
1.0,196.99,31.68,1,0,0,0.30433213802525705
1.0,95.2,16.64,1,0,0,0.3585467597007246
1.0,79.9,7.42,1,0,0,0.40320253819099194
1.0,28.8,18.23,1,0,0,0.40792009058587814
2.0,113.98,30.3,1,0,1,0.5144346141877573
1.0,47.9,15.1,1,0,0,0.39283758949587333
1.0,55.0,15.49,1,0,0,0.3854609960926047
1.0,89.9,16.26,4,1,1,0.9999999999999436
1.0,149.0,27.34,1,0,0,0.3203091902532911
1.0,205.0,15.04,1,0,0,0.3321596906234123
1.0,25.0,7.78,1,0,0,0.45516550647704584
1.0,129.9,19.86,1,0,0,0.3383853158413783
1.0,119.9,50.0,1,0,0,0.3067073822484865
1.0,49.8,16.05,1,0,0,0.3883307959893852
1.0,53.99,18.26,1,0,0,0.3790049811159094
1.0,198.9,18.82,1,0,0,0.32404236875258974
1.0,15.9,11.85,1,0,0,0.4567979942211664
1.0,115.52,13.83,1,1,0,0.3585685588429801
1.0,47.49,18.43,1,0,0,0.384342519002616
1.0,94.9,18.09,1,0,0,0.3550967492857267
1.0,117.3,14.43,1,0,0,0.3560749458264711
1.0,99.99,16.95,1,0,0,0.35570394456271076
1.0,18.99,14.52,1,0,0,0.43839688213732547
1.0,1054.0,95.83,1,0,0,0.21860945241828544
1.0,325.0,10.47,1,0,0,0.33039977204948096
1.0,999.99,101.52,1,0,0,0.21855299180597546
1.0,229.9,22.1,1,0,0,0.3122686125003242
1.0,105.0,25.57,2,1,1,0.9999999999985754
1.0,56.1,13.97,1,0,0,0.3892376482737578
2.0,188.65,29.82,4,1,1,0.9999999999999671
1.0,59.99,18.22,1,0,0,0.37443986590189976
1.0,109.9,42.76,1,0,0,0.3155249992011871
1.0,169.0,23.76,1,0,0,0.32093450581022986
1.0,299.9,13.82,1,0,0,0.3215102319328557
1.0,84.99,17.84,1,0,0,0.36032311664997746
1.0,22.2,18.26,1,0,0,0.4202572126990723
1.0,14.99,14.08,1,0,0,0.4514713176476941
1.0,16.99,7.39,1,0,0,0.47675033850151566
1.0,79.0,15.3,1,0,0,0.3701281537185772
1.0,159.9,53.47,1,0,0,0.2937321284079073
1.0,124.99,13.0,1,0,0,0.35805797230407443
1.0,222.0,19.12,1,0,0,0.3192860806205699
1.0,139.9,20.32,1,0,0,0.3345071075614051
1.0,64.99,14.2,1,0,0,0.3819584316223697
1.0,199.0,21.88,1,0,0,0.3180046768114832
1.0,45.6,14.1,1,0,0,0.3981996627681503
1.0,65.9,17.17,1,0,0,0.3729128178547433
1.0,350.0,13.07,1,0,0,0.3182565206043416
1.0,34.9,15.23,1,0,0,0.40704017259925
1.0,102.0,14.07,1,0,0,0.36298690799294275
1.0,20.0,7.78,1,0,0,0.4661120484456275
1.0,179.99,49.79,1,0,0,0.2918196465527373
1.0,67.0,22.18,1,0,0,0.36124100780595003
1.0,122.9,13.2,1,0,0,0.35807487070442123
1.0,49.99,9.34,1,0,0,0.4133194881439532
1.0,18.9,14.1,1,0,0,0.44000863307783744
1.0,53.9,22.96,1,0,0,0.36926036410853613
1.0,134.9,9.31,1,0,0,0.37002111677509814
2.0,97.8,18.52,1,0,1,0.5433534214641925
1.0,39.9,16.79,1,0,0,0.3964103571996305
1.0,49.0,18.23,1,0,0,0.3834128968595062
1.0,190.0,24.13,1,0,0,0.31591323968956747
1.0,235.0,22.49,1,0,0,0.31078686180576376
1.0,19.9,13.47,1,0,0,0.43964612623345345
1.0,49.0,19.04,1,0,0,0.3815109380502346
1.0,139.9,36.11,1,0,0,0.3123230504516085
1.0,47.9,8.88,1,0,0,0.4177233300967124
1.0,47.59,15.1,1,0,0,0.3931324659339292
1.0,293.2,23.87,1,0,0,0.300578295664136
1.0,27.99,7.39,1,0,0,0.45222416970552737
1.0,149.9,27.59,1,0,0,0.3197294472441886
,,,1,0,0,0.3610559326759919
1.0,34.3,18.23,1,0,0,0.3997284374197176
1.0,69.9,15.24,1,0,0,0.37560065168488793
1.0,41.8,8.88,1,0,0,0.42406819937199014
1.0,419.0,43.91,1,0,0,0.2673058277526059
1.0,69.9,27.44,1,0,0,0.350715075143524
1.0,618.0,65.07,1,0,0,0.2435451962994358
1.0,169.0,17.13,1,0,0,0.33414970343880107
1.0,148.0,27.34,1,0,0,0.32056773577461667
1.0,42.0,16.6,1,0,0,0.39456562715033794
1.0,80.49,8.33,1,0,0,0.3973258483145652
2.0,45.8,30.2,1,0,1,0.5566041002323228
1.0,61.95,23.36,1,0,0,0.3624609953777968
1.0,149.9,36.37,1,0,0,0.30945032607324324
1.0,89.9,13.65,1,1,0,0.36966744691065534
1.0,239.0,14.69,1,0,0,0.3273454395698508
2.0,119.98,18.68,1,0,1,0.5337944065626347
1.0,19.9,15.1,1,0,0,0.4342819700939666
1.0,29.0,11.85,1,0,0,0.42751449725792356
1.0,144.94,18.73,1,0,0,0.3364575203680668
1.0,39.9,17.63,1,0,0,0.3942282745229646
1.0,184.0,24.09,1,0,0,0.3171807359129249
2.0,76.8,71.34,1,1,0,0.497560749132604
1.0,61.0,15.31,1,0,0,0.3813784644459595
1.0,34.9,14.52,1,0,0,0.40923178049802084
1.0,99.99,52.83,1,0,0,0.31181384765920944
1.0,34.9,18.89,1,0,0,0.39734304821408084
1.0,39.9,21.15,1,0,0,0.38624004295571895
1.0,24.9,7.78,1,0,0,0.4553609961637777
1.0,599.0,27.76,1,0,0,0.2713611963209664
1.0,65.0,8.88,1,0,0,0.4037903061598038
1.0,99.99,15.91,1,0,0,0.35843658610992957
1.0,799.0,19.35,1,1,0,0.2753182699878446
1.0,61.99,22.93,1,0,0,0.36320715288735306
1.0,229.99,18.86,1,0,0,0.31852360395820584
1.0,219.9,48.98,1,0,0,0.2852709932963822
1.0,59.9,20.87,1,0,0,0.3686650545866762
1.0,154.08,27.62,1,0,0,0.3186359187138979
1.0,226.8,23.52,1,0,0,0.3103544702300101
1.0,109.9,11.38,1,0,0,0.36936924216369077
1.0,49.0,16.11,1,0,0,0.38889481436681617
1.0,145.49,29.42,1,0,0,0.318429344550948
1.0,45.9,16.11,1,0,0,0.3918570742726627
2.0,1198.0,53.02,1,0,0,0.3958843199390068
1.0,689.0,33.22,1,0,0,0.2609683648692282
1.0,166.99,23.49,1,0,0,0.32183841438908667
1.0,52.5,16.13,1,0,0,0.38573357592312385
1.0,193.0,53.83,1,0,0,0.2867635188319598
1.0,157.77,13.23,1,0,0,0.3478706040636112
1.0,189.0,8.19,1,0,0,0.36221026309701587
3.0,88.5,48.33,1,0,1,0.506649548870852
2.0,248.99,83.34,1,0,0,0.4399069403160744
1.0,47.49,16.6,1,0,0,0.388970952883432
1.0,45.0,18.99,9,1,1,0.9999999999999578
1.0,69.9,12.83,1,0,0,0.38335261144194743
1.0,31.5,16.05,1,0,0,0.4094541096008237
1.0,499.99,23.99,1,0,0,0.2823183458162749
2.0,119.8,35.34,1,0,1,0.5055979941849877
1.0,19.9,15.1,1,0,0,0.4342819700939666
1.0,69.9,7.39,1,0,0,0.40936768349444913
1.0,90.0,35.25,1,0,0,0.33052297140073816
1.0,940.0,21.49,1,0,0,0.2665869320737139
1.0,39.0,7.39,1,1,0,0.4363205890737652
1.0,99.9,15.46,1,0,0,0.3597218782429378
1.0,19.9,7.56,1,0,0,0.46778836468166135
1.0,326.16,18.17,1,0,0,0.3073650623534871
1.0,89.9,15.38,1,0,0,0.36438480986459926
1.0,29.9,9.09,1,0,0,0.4388357889525458
6.0,450.0,159.66,1,1,0,0.394232592730453
1.0,59.9,23.35,1,0,0,0.3639386187349495
1.0,91.0,15.85,1,0,0,0.3625541980942804
1.0,112.99,18.51,1,0,0,0.3469335348874425
1.0,429.9,25.81,1,0,0,0.2846239720591373
1.0,59.9,17.67,1,0,0,0.3758428703844311
1.0,277.0,17.7,1,0,0,0.31425848981209353
1.0,59.9,13.08,1,0,0,0.3893094497413694
1.0,89.99,45.09,1,0,0,0.3215061334886136
5.0,799.95,224.45,1,0,0,0.3625039761619194
1.0,59.0,13.43,1,0,0,0.38877847818380173
1.0,339.9,24.09,1,0,0,0.2950878950027223
1.0,179.0,17.01,1,0,0,0.33221642418653424
1.0,64.99,27.51,1,0,0,0.3537092408660493
1.0,69.9,20.98,1,0,0,0.36175539539516155
1.0,129.0,39.19,1,0,0,0.31245976974345646
1.0,43.0,8.27,1,0,0,0.4262036251760127
1.0,57.7,15.16,1,0,0,0.3842882241106705
1.0,59.0,16.04,1,0,0,0.3807785845034332
1.0,69.9,14.58,1,0,0,0.37757544220608114
1.0,380.0,19.95,1,0,0,0.29839404978609185
1.0,109.9,15.62,1,0,0,0.3553121814067256
1.0,636.0,50.0,1,0,0,0.25042880879257556
1.0,149.9,15.8,1,0,0,0.3422578776818765
1.0,134.9,18.51,1,0,0,0.3397924845871352
1.0,72.48,16.27,1,0,0,0.3711362236182424
1.0,48.9,17.6,1,0,0,0.3850534025786643
1.0,104.9,12.07,1,0,0,0.3686603694709591
1.0,19.9,8.72,1,0,0,0.4607024323206163
1.0,549.9,18.73,1,0,0,0.288413771726091
1.0,149.0,15.79,1,0,0,0.3425237504209826
1.0,66.99,27.75,1,0,0,0.352068668643807
1.0,80.0,16.32,1,0,0,0.36675342874269934
1.0,69.99,14.24,1,0,0,0.3785771067261895
1.0,228.0,25.68,1,0,0,0.30681062091872213
1.0,489.0,12.24,1,0,0,0.3092464445058683
1.0,179.0,22.96,1,0,0,0.32009557300802655
1.0,74.0,13.54,1,0,0,0.3784149762313887
1.0,99.99,23.28,1,0,0,0.3424553636494231
4.0,350.0,95.66,1,0,0,0.4213061524343363
1.0,335.0,14.79,1,0,0,0.3147062739416806
1.0,39.0,18.37,1,0,0,0.3934506815230802
1.0,48.99,8.82,1,0,0,0.4170100123071516
1.0,80.0,15.66,1,0,0,0.3685630519308221
1.0,57.99,9.72,1,0,0,0.4046320470927045
1.0,53.9,22.96,1,0,0,0.36926036410853613
1.0,69.95,7.75,1,0,0,0.4070344897234545
1.0,179.9,13.92,1,0,0,0.3404940166866702
1.0,14.9,15.23,1,0,0,0.4480700679742973
6.0,185.4,87.12,1,0,0,0.45110779566091647
1.0,35.0,7.39,1,0,0,0.4414671931521264
3.0,57.7,45.31,1,0,1,0.5290908183996098
1.0,134.9,21.43,1,0,0,0.33378152904426167
1.0,75.0,18.63,1,0,0,0.3637861397577631
1.0,355.9,13.99,1,0,0,0.3148353379074876
6.0,661.92,45.84,1,0,0,0.42389279355042114
1.0,48.9,7.6,1,0,0,0.42433301054588657
1.0,238.0,22.97,1,0,0,0.30950851757276143
1.0,80.0,24.91,1,0,0,0.3489348200419084
1.0,24.0,7.59,1,0,0,0.45838685211134605
2.0,110.79,35.71,1,0,1,0.5086661767707011
1.0,214.99,26.34,1,0,0,0.30799246493422766
1.0,186.97,66.98,1,0,0,0.28093207306085105
1.0,799.99,69.17,1,1,0,0.23449902317219062
1.0,77.9,22.48,1,0,0,0.354257947614594
2.0,129.8,40.36,1,0,0,0.496435704657945
3.0,153.88,48.39,1,0,0,0.4817942294394466
1.0,77.63,18.42,1,0,0,0.362798739038034
2.0,189.8,39.06,1,0,0,0.48113031402963163
1.0,28.49,18.23,1,0,0,0.4084312806556909
1.0,109.0,14.85,1,0,0,0.357850798982791
1.0,32.9,16.05,1,0,0,0.4074108222295624
2.0,117.89,23.03,1,0,1,0.5250460048837462
1.0,59.9,13.44,1,0,0,0.3880689520143738
1.0,55.97,9.74,1,0,0,0.4061439733314873
1.0,29.9,9.09,1,0,0,0.4388357889525458
1.0,109.99,23.35,1,0,0,0.3384640306825526
1.0,299.0,16.54,1,0,0,0.3142296096099349
1.0,139.9,15.89,1,0,0,0.34476631520419954
,,,1,0,0,0.3610559326759919
1.0,24.99,15.1,1,0,0,0.4232666726178202
1.0,76.9,28.94,1,0,0,0.3445862141377125
1.0,159.0,42.09,1,0,0,0.3020655538058702
1.0,174.99,20.19,1,0,0,0.32607307409448766
1.0,180.0,26.1,1,1,0,0.31491703284714334
1.0,79.0,26.63,1,0,0,0.34676982732296946
1.0,34.99,14.1,1,0,0,0.4104658142727005
1.0,1054.0,95.83,1,1,0,0.21860945241828544
1.0,44.5,12.48,1,0,0,0.40495967803196836
1.0,259.0,20.4,1,0,0,0.31105556942445156
1.0,69.9,17.74,1,0,0,0.36892921266983464
1.0,19.9,12.79,1,0,0,0.4421038661354574
1.0,338.0,61.38,1,0,0,0.2637304232881881
1.0,49.9,17.6,1,0,0,0.38414305322384035
1.0,15.0,8.72,1,0,0,0.4746983294103593
1.0,45.9,26.67,1,0,0,0.37013611152938314
1.0,54.9,20.87,1,0,0,0.3724928472617818
1.0,199.0,38.53,1,0,0,0.29696286359729684
1.0,19.9,18.23,1,1,0,0.42561372543217413
1.0,72.9,34.31,1,0,0,0.3401937018186516
1.0,22.0,11.85,1,0,0,0.4408530610153344
1.0,99.9,15.91,1,0,0,0.3584741559575961
1.0,70.0,9.94,1,1,0,0.39512528610162506
1.0,79.8,12.06,1,0,0,0.38039201090988534
1.0,74.9,16.96,1,1,0,0.367902041701137
1.0,17.8,12.69,1,0,0,0.4479457885391877
1.0,38.9,13.61,1,0,0,0.4071576119304618
1.0,150.0,17.32,1,0,0,0.33835838504802956
1.0,69.99,14.24,1,0,0,0.3785771067261895
1.0,69.0,15.23,1,0,0,0.3761952553949376
1.0,30.0,14.1,1,0,0,0.41772313755722923
2.0,52.27,35.56,1,0,1,0.5434443872210207
1.0,49.9,11.85,1,0,0,0.4021243766796013
1.0,109.9,18.02,1,0,0,0.34919668652121977
1.0,19.9,16.79,1,0,0,0.42937203698751164
1.0,1499.65,28.38,1,0,0,0.24384138742131592
1.0,28.0,15.1,1,0,0,0.41782908694124493
1.0,319.65,18.68,1,0,0,0.30698550339760644
1.0,49.9,15.1,1,0,0,0.39098424435258994
1.0,14.9,8.29,1,0,0,0.47754246632030234
2.0,219.98,33.06,1,0,0,0.481841065577356
1.0,169.9,17.44,1,0,0,0.33319828487627967
1.0,1699.99,97.74,1,0,0,0.2062576942099359
1.0,119.9,9.75,1,0,0,0.37279730009736634
1.0,819.0,20.49,1,0,0,0.27246640828809104
1.0,49.0,17.67,1,0,0,0.38478623269646794
1.0,112.0,38.21,1,0,0,0.31884187915594714
1.0,65.9,16.22,1,0,0,0.37541379264007846
1.0,26.0,16.11,1,1,0,0.4183855234356693
1.0,119.99,22.55,1,0,0,0.33637550669217287
1.0,119.0,15.58,1,0,0,0.3521550024795477
1.0,21.99,15.1,1,0,0,0.4294326229204268
1.0,30.0,12.87,1,0,0,0.4219913573918559
1.0,25.0,12.79,1,0,0,0.43102204188827337
1.0,99.0,52.7,1,0,0,0.3122859564966912
1.0,69.99,15.37,3,1,1,0.9999999999999141
1.0,495.0,15.72,1,0,0,0.2986999053574791
1.0,118.99,15.93,1,0,0,0.35120180398891215
1.0,109.9,25.61,1,0,0,0.33480591886909283
1.0,42.0,17.22,1,0,0,0.39292558426986285
1.0,19.95,15.1,1,0,0,0.43415977721941884
1.0,199.0,16.14,1,0,0,0.3303368010092796
1.0,27.9,15.1,1,0,0,0.41799945513962844
1.0,40.8,13.37,1,0,0,0.4057686145593381
1.0,14.5,7.39,1,0,0,0.48463391057987304
1.0,119.9,18.09,1,0,0,0.3454866152338221
1.0,648.0,53.66,1,0,0,0.24776226985463878
2.0,59.98,15.56,1,0,1,0.5736583680108197
1.0,74.99,12.67,1,0,0,0.3808465811007454
1.0,43.0,13.88,1,0,0,0.4016154321299892
2.0,116.99,21.69,1,0,1,0.5280943542466182
1.0,49.99,18.28,10,1,1,0.9999999999999574
1.0,29.9,12.48,1,0,0,0.42360060812463746
1.0,199.9,21.89,1,1,0,0.31781792856048735
1.0,117.4,15.7,1,0,0,0.35237781744937624
1.0,159.9,13.42,1,0,0,0.3467160760773493
1.0,295.0,48.9,1,0,0,0.27529199768928486
1.0,49.99,16.11,1,0,0,0.38799208572797683
1.0,23.99,7.39,1,0,0,0.45973580383857415
1.0,14.6,14.1,1,0,0,0.4527066329997812
1.0,41.9,19.48,1,0,0,0.38758784729314766
1.0,39.0,14.1,1,0,0,0.4054049463470442
1.0,149.99,28.0,1,0,0,0.31914269494609954
1.0,92.5,17.9,1,0,0,0.35661700421725684
1.0,108.9,16.39,1,0,0,0.35361334249464293
1.0,45.9,12.69,1,0,0,0.402758940442576
1.0,399.99,38.46,1,0,0,0.2731379886676767
1.0,39.0,10.96,1,0,0,0.4172035434475944
1.0,54.9,25.66,1,0,0,0.3638310371723364
1.0,122.99,15.74,1,0,0,0.3503699688690628
1.0,39.0,16.11,1,0,0,0.39932384781162783
1.0,195.0,19.17,1,0,0,0.3240452944482553
1.0,129.9,9.07,1,0,0,0.3727972588481382
1.0,164.9,17.86,1,0,0,0.3333723837825527
1.0,45.9,24.48,1,0,0,0.3736957926171796
1.0,43.9,20.98,1,0,0,0.3822523308364159
1.0,1399.0,24.54,1,0,0,0.2505390097642702
1.0,90.0,37.32,1,0,0,0.3283904561954528
1.0,155.9,23.96,1,0,0,0.32369271999254035
1.0,319.0,17.99,1,0,0,0.3085458465977954
1.0,78.75,15.11,1,0,0,0.3708170155587898
1.0,29.99,15.1,1,0,0,0.41456875034417173
1.0,79.0,27.5,1,0,0,0.3454859892854112
1.0,54.9,18.26,1,0,0,0.37826220638821995
1.0,28.0,15.3,1,0,0,0.4172223638026547
1.0,46.99,16.11,1,0,0,0.39079106138224345
1.0,219.0,14.55,1,0,0,0.33104187239868904
1.0,32.9,11.85,1,0,0,0.4215080878098519
1.0,69.9,15.24,1,0,0,0.37560065168488793
1.0,59.9,8.27,1,0,0,0.41090357344882183
1.0,45.0,14.1,1,0,0,0.39880595769422306
1.0,155.0,9.28,3,1,1,0.9999999999999098
1.0,29.9,22.28,1,0,0,0.3973078926132215
1.0,37.99,18.37,1,0,0,0.39465802311633186
1.0,139.9,23.78,1,0,0,0.32818643477776666
1.0,56.99,12.74,1,0,0,0.3927486423640211
1.0,112.0,60.01,1,0,0,0.30316200108296754
1.0,60.0,60.03,1,0,0,0.3279320419318324
1.0,53.9,13.46,1,0,0,0.392732923141944
1.0,19.9,15.1,1,0,0,0.4342819700939666
1.0,339.9,20.27,1,0,0,0.3016411206386063
1.0,19.9,7.39,1,0,0,0.46892306322588573
1.0,150.0,19.13,1,0,0,0.33423749074567616
1.0,99.99,12.15,1,0,0,0.3703845937179092
1.0,46.4,16.52,1,0,0,0.3902390517922726
1.0,27.9,7.94,1,0,0,0.4488234085805184
1.0,15.0,7.78,1,0,0,0.48037395907054825
1.0,110.32,8.03,1,0,0,0.38539034268234384
1.0,16.9,15.1,1,0,0,0.44227299282113913
1.0,33.49,14.1,1,0,0,0.4125230696144802
1.0,49.9,13.37,1,0,0,0.39653054581094427
1.0,134.9,21.43,1,0,0,0.33378152904426167
1.0,129.0,34.98,1,0,0,0.3165917959392926
1.0,193.99,26.2,1,0,0,0.311979389104383
1.0,99.99,17.95,1,0,0,0.3532552067806012
2.0,397.8,131.54,1,0,0,0.4050005874393662
1.0,41.0,16.11,1,0,0,0.3970192028829622
1.0,59.0,26.88,1,1,0,0.3588010786605429
1.0,369.0,14.08,1,0,0,0.31328850617644743
1.0,579.99,16.96,1,0,0,0.29047258680106774
1.0,276.0,15.54,1,0,0,0.31968090461493975
1.0,159.9,18.69,1,1,0,0.33269688880509185
1.0,16.17,17.63,1,0,0,0.43725977248375697
1.0,56.99,8.72,1,0,0,0.4106168107434582
1.0,19.9,12.79,1,0,0,0.4421038661354574
1.0,54.99,11.73,1,0,0,0.3981852600484443
1.0,50.19,8.09,1,0,0,0.4200788825981501
1.0,17.9,15.1,1,0,0,0.4394544089567649
1.0,119.99,17.09,1,0,0,0.3478584026374375
1.0,34.0,13.37,1,0,0,0.41428223721422214
1.0,89.9,27.07,1,0,0,0.3407640681722839
1.0,103.5,12.97,1,0,0,0.365993698068404
1.0,325.0,11.17,1,0,0,0.32760202570993463
1.0,49.0,14.1,1,0,0,0.3949215114989168
1.0,349.9,17.55,1,0,0,0.3062648108532897
2.0,44.0,23.69,1,0,1,0.5690460213515371
2.0,133.1,29.56,1,0,1,0.5085835474794479
2.0,94.8,36.86,1,0,1,0.5143796848581592
1.0,35.9,18.05,1,0,0,0.3980536972968506
1.0,44.99,14.52,1,0,0,0.39747403672244
1.0,95.9,17.58,1,0,0,0.35587965038637986
1.0,59.9,18.0,2,1,1,0.999999999998795
1.0,179.9,17.02,1,0,0,0.3319986171883812
1.0,45.99,7.71,1,0,0,0.4264862355015938
1.0,49.0,13.41,1,0,0,0.39722089195568355
2.0,381.66,32.17,1,0,0,0.46000216506911984
1.0,17.9,34.15,1,0,0,0.4035499035902628
1.0,89.0,17.06,1,0,0,0.36030022459243327
1.0,48.3,15.1,1,1,0,0.39246018984271414
1.0,69.9,24.71,1,0,0,0.3549598357263311
1.0,599.9,19.96,1,0,0,0.2831977292648054
1.0,22.68,15.1,1,0,0,0.42793831928154674
1.0,18.0,12.48,1,0,0,0.44819403265235597
1.0,32.9,18.23,1,0,0,0.40167053673533554
15.0,982.35,243.3,1,1,0,0.35296144111937255
1.0,50.9,12.7,1,0,0,0.39799998273646103
1.0,169.0,71.17,1,0,0,0.28261244071813196
1.0,23.99,7.78,1,0,0,0.45717901542871275
2.0,79.8,30.46,1,1,1,0.5303945780727345
1.0,212.0,14.5,1,0,0,0.33242205595397023
1.0,169.9,64.77,1,0,0,0.2853612178180888
1.0,153.2,16.83,1,0,0,0.33872898515245525
1.0,246.9,14.39,1,0,0,0.32699443402546424
1.0,159.0,13.67,1,0,0,0.34613833484151013
1.0,22.68,9.27,1,0,0,0.45127545336019115
2.0,219.8,47.14,1,0,0,0.46710126612906694
1.0,119.9,37.8,1,0,0,0.31658222519866475
1.0,199.9,19.5,1,0,0,0.3224197482773675
1.0,121.99,26.13,1,0,0,0.3298563396529091
1.0,59.0,25.69,1,0,0,0.3606488250367685
1.0,32.9,7.49,1,0,0,0.4437636288369453
1.0,49.9,13.43,1,0,0,0.39632475066347095
1.0,84.9,17.84,1,0,0,0.360367925721472
1.0,199.9,24.2,1,0,0,0.31390798582278084
1.0,117.99,20.91,1,0,0,0.34012111638391457
1.0,25.9,16.79,1,0,0,0.4166797294029156
1.0,15.99,9.34,1,0,0,0.46812810068776173
1.0,185.9,19.18,1,0,0,0.3258385462876481
1.0,49.0,10.96,1,0,0,0.40662365567330966
1.0,412.0,33.87,1,0,0,0.27646291263336453
2.0,58.0,15.74,1,0,1,0.5746694150468598
1.0,69.9,16.25,1,0,0,0.37276242766936796
1.0,9.99,7.39,1,0,1,0.5032207233782235
1.0,89.9,17.07,1,0,0,0.3598510731053059
1.0,49.99,15.23,1,0,0,0.3905157611444189
1.0,235.0,85.21,1,0,0,0.26592627573585104
1.0,39.99,11.85,1,0,0,0.4123375378186495
1.0,35.49,11.85,1,0,0,0.41792939535724893
1.0,24.99,7.76,1,0,0,0.45531270563118936
1.0,1098.0,75.84,1,0,0,0.2234926682166247
2.0,107.8,54.22,3,1,1,0.9999999999999469
1.0,24.99,7.39,1,0,0,0.45774005876077
1.0,109.95,16.53,1,0,0,0.35285296510939435
1.0,430.0,21.11,1,0,0,0.2920411664824635
1.0,138.0,25.78,1,0,0,0.32554595976387696
1.0,163.9,13.49,1,0,0,0.34551035936086166
1.0,26.9,14.52,1,0,0,0.4215549942962849
1.0,139.9,16.74,1,0,0,0.342555000461997
1.0,59.9,27.37,1,0,0,0.35741486017656143
1.0,99.0,19.93,1,0,0,0.34925810352372627
1.0,48.9,17.92,1,0,0,0.384258863522201
1.0,149.9,15.93,1,0,0,0.34190984968208465
1.0,45.6,25.63,1,0,0,0.3720740496966376
1.0,18.99,15.1,1,0,0,0.43656424858804865
1.0,49.99,14.1,1,0,0,0.3940138131502646
1.0,57.9,18.21,1,0,0,0.3760262577444252
1.0,329.9,23.39,1,0,0,0.2972236757924592
1.0,89.9,16.26,1,0,0,0.36195552973508976
1.0,89.9,18.87,1,0,0,0.35556555824615366
1.0,79.99,16.75,1,0,0,0.3656249402161219
1.0,75.89,8.28,1,0,0,0.4002170480131335
1.0,90.0,17.76,1,0,0,0.3581016390559016
1.0,132.76,21.42,1,0,0,0.3344325011356928
1.0,49.99,7.61,1,0,0,0.4232459369668044
1.0,49.0,7.39,1,0,0,0.42560994813339087
3.0,66.0,38.43,2,1,1,0.9999999999993576
1.0,49.9,18.23,1,0,0,0.3825957468085743
2.0,359.8,34.04,1,0,0,0.4600047800355739
1.0,12.99,11.85,1,0,0,0.4668212000369558
1.0,109.9,16.53,1,0,0,0.3528716825027831
1.0,110.9,18.21,1,0,0,0.3483832599932212
1.0,12.1,7.78,2,1,1,0.9999999999992506
1.0,439.9,52.56,1,0,0,0.26011225901603224
1.0,340.0,27.22,1,0,0,0.2905802897216302
1.0,352.9,18.23,1,0,0,0.30446484861361367
1.0,89.9,27.58,1,0,0,0.3400255847858567
1.0,21.9,15.1,1,0,0,0.4296311972594255
1.0,99.0,16.94,1,0,0,0.35614325298614563
1.0,99.9,38.25,1,0,0,0.3233069501676424
1.0,19.9,8.3,1,0,0,0.4631452204800733
3.0,134.97,8.49,1,0,1,0.5665505059680294
1.0,80.0,14.65,5,1,1,0.9999999999999523
1.0,45.95,11.85,1,0,0,0.40590413139805714
1.0,57.99,11.15,1,0,0,0.39815495165275233
1.0,425.0,18.73,1,0,0,0.29700357316201575
1.0,799.0,20.47,1,0,0,0.27326026044346435
1.0,89.99,19.17,1,0,0,0.3548561538399976
,,,1,0,0,0.3610559326759919
1.0,99.99,43.11,1,0,0,0.31893480844032734
2.0,119.8,35.34,1,0,1,0.5055979941849877
1.0,83.8,18.47,1,0,0,0.35943384578701854
1.0,380.0,39.06,1,0,0,0.2742918553628777
1.0,49.0,7.39,1,0,0,0.42560994813339087
1.0,108.0,23.08,1,0,0,0.33967138456972207
1.0,14.9,10.96,1,0,0,0.4637965764022693
2.0,59.8,32.22,1,0,1,0.5413291819888951
1.0,55.3,15.14,1,0,0,0.38624371257132634
2.0,91.9,36.84,1,0,1,0.5158171667136616
1.0,67.9,16.92,1,0,0,0.372251637428201
1.0,69.9,21.29,1,0,0,0.3611380284158916
1.0,299.0,16.84,1,0,0,0.31350323052365786
1.0,59.9,17.67,1,0,0,0.3758428703844311
1.0,50.1,17.92,1,0,0,0.38316970850306914
2.0,169.8,25.16,1,0,1,0.5049618069747696
1.0,99.99,12.15,1,0,0,0.3703845937179092
1.0,60.0,14.17,1,0,0,0.38559194687244863
1.0,185.0,31.94,1,0,0,0.30633799460412103
1.0,44.95,21.15,1,0,0,0.38083859731318065
1.0,29.99,15.1,1,0,0,0.41456875034417173
1.0,209.99,18.72,1,0,0,0.32221508570673635
1.0,18.95,14.52,1,0,0,0.4384999248361348
1.0,49.0,15.23,1,0,0,0.39142060615197544
1.0,29.9,15.1,1,0,0,0.4147111026348986
,,,1,0,0,0.3610559326759919
1.0,269.0,10.08,1,0,0,0.3391093987582805
1.0,149.0,18.92,1,0,0,0.3349540147123601
1.0,47.9,22.67,1,0,0,0.37502683570154616
2.0,124.98,37.08,1,0,1,0.5016726124301483
1.0,799.0,18.15,1,0,0,0.27768898580297546
1.0,69.99,42.52,1,0,0,0.33383721773096825
1.0,130.0,13.21,1,0,0,0.3557416337402705
1.0,324.3,47.86,1,0,0,0.2728424714243592
1.0,467.0,21.15,1,0,0,0.2892130413953131
1.0,16.1,7.78,1,1,0,0.47685387264189566
1.0,75.9,15.38,1,0,0,0.3716222631506817
1.0,84.99,15.35,1,0,0,0.3668560905881338
1.0,181.62,18.85,1,0,0,0.32743292710886585
1.0,146.0,13.68,1,0,0,0.3495115864956418
1.0,135.0,19.92,1,0,0,0.33673025566335296
1.0,159.98,55.56,1,0,0,0.29245208165026415
1.0,39.9,18.23,1,0,0,0.39274198650101744
3.0,161.7,59.42,1,0,0,0.4714666134611166
1.0,10.0,14.52,1,0,0,0.4700850314473287
1.0,52.11,11.86,1,0,0,0.4001108220415374
1.0,119.0,25.48,1,0,0,0.3318303847036994
1.0,29.99,42.41,1,0,0,0.3707944983138143
1.0,279.99,75.12,1,0,0,0.2638171438608045
1.0,40.0,16.6,1,0,0,0.3968061874855312
1.0,139.94,23.7,1,0,0,0.3283087407810975
1.0,15.9,8.27,1,0,0,0.4744326194238785
1.0,169.99,21.68,1,0,0,0.32432923512576456
1.0,99.9,8.28,1,0,0,0.3881937751822087
1.0,69.9,13.08,1,0,0,0.38247381675316827
1.0,122.99,15.61,1,0,0,0.3507267612462076
1.0,37.0,12.92,1,0,0,0.41191206999679275
1.0,89.9,21.28,1,0,0,0.35052567371498006
3.0,466.8,81.51,1,0,0,0.41557507961778306
1.0,67.9,11.15,1,0,0,0.3910994062952062
1.0,478.0,12.1,1,0,0,0.31050689503045775
1.0,114.99,68.13,1,0,0,0.2980357233158744
1.0,139.99,23.48,1,0,0,0.3286646117461059
1.0,81.9,16.33,1,0,0,0.36572375379156763
1.0,120.0,36.19,1,0,0,0.31814038628546654
1.0,35.0,7.39,1,0,0,0.4414671931521264
1.0,199.9,28.35,1,0,0,0.307897869070022
1.0,21.0,7.39,1,0,0,0.46627031953065556
1.0,24.0,15.27,1,0,0,0.4246911568246008
1.0,109.99,20.85,1,0,0,0.34307752557509796
1.0,14.99,18.23,1,0,0,0.43944495095870456
1.0,299.0,14.22,1,0,0,0.3204306403757414
1.0,119.0,22.65,1,0,0,0.3365282394075387
1.0,119.9,25.68,1,0,0,0.33122313858223
1.0,234.9,14.66,1,0,0,0.3280801023984055
1.0,29.0,20.8,1,0,0,0.4017398583087224
1.0,29.99,18.23,1,0,0,0.40601158657025216
2.0,117.0,29.16,1,0,1,0.5149297790274984
1.0,119.9,11.86,1,0,0,0.36386897436797533
1.0,149.9,10.26,1,0,0,0.3612486161934253
1.0,79.99,8.91,1,0,0,0.3943976854447045
1.0,39.9,14.1,3,1,1,0.9999999999999238
1.0,260.0,16.57,1,0,0,0.31924062134006104
1.0,179.8,17.51,1,0,0,0.3308444975161182
1.0,299.0,13.59,1,0,0,0.3223220297556661
1.0,47.99,25.63,1,0,0,0.36980191094981196
1.0,59.9,15.17,1,1,0,0.38259566891030244
1.0,450.0,14.78,1,0,0,0.3044001372056454
1.0,153.99,14.42,1,0,0,0.34510056443680304
1.0,309.9,19.01,1,0,0,0.30739404288779304
1.0,159.9,12.62,1,0,0,0.3494026861686504
1.0,49.9,9.09,1,0,0,0.4147066586998294
1.0,59.99,15.17,1,0,0,0.38252908448367834
1.0,149.9,27.59,1,0,0,0.3197294472441886
1.0,345.0,123.8,1,0,0,0.24355467891421684
1.0,39.99,18.23,1,0,0,0.3926386465007287
1.0,89.9,17.88,1,0,0,0.35786012266933126
,,,1,0,0,0.3610559326759919
1.0,35.0,17.26,1,0,0,0.4012345257418633
1.0,44.0,15.79,1,0,0,0.3946871977952612
1.0,75.9,13.89,1,0,0,0.37616375328562357
1.0,89.9,21.12,1,0,0,0.35083894538497656
1.0,49.99,16.92,1,0,0,0.38580590195942394
1.0,109.9,13.79,1,0,0,0.3607625075636302
1.0,108.0,18.33,1,0,0,0.34919118323860143
1.0,149.0,27.77,1,0,0,0.3197114852733137
1.0,119.6,16.54,1,0,0,0.34938351145491914
1.0,55.9,16.83,6,1,1,0.9999999999999558
1.0,121.99,23.65,1,0,0,0.3338032680264936
3.0,19.5,23.34,1,0,1,0.6084401432498231
2.0,107.8,37.96,1,0,1,0.5073212984794441
1.0,8.7,17.06,1,0,0,0.4694056800245409
1.0,209.99,14.49,1,0,0,0.33281440850505445
1.0,59.9,13.08,1,0,0,0.3893094497413694
1.0,35.9,18.23,9,1,1,0.99999999999996
1.0,50.0,12.48,1,0,0,0.3996212850263391
1.0,149.9,21.54,1,0,0,0.32944159199506773
1.0,138.0,17.7,1,0,0,0.34075475161983326
1.0,82.0,15.45,1,0,0,0.3680995654779334
1.0,23.4,15.1,1,0,0,0.4264297494374997
1.0,44.9,16.79,1,0,0,0.3910079140249194
1.0,148.0,38.84,1,0,0,0.30757140777424863
4.0,60.0,31.12,1,1,1,0.5429887445162321
1.0,169.99,17.76,1,0,0,0.3324248119595574
1.0,35.0,7.78,1,0,0,0.43892946128575994
2.0,279.8,30.14,1,0,0,0.47564311626154243
1.0,29.9,7.47,1,0,0,0.4484963751725127
1.0,25.99,15.1,1,0,0,0.42138565478051926
1.0,75.0,13.08,1,0,0,0.3793937071850533
1.0,34.0,19.32,1,0,0,0.3975603249229059
1.0,232.0,17.25,1,0,0,0.3218121455465623
2.0,360.0,96.28,1,0,0,0.4196245190599932
1.0,70.0,16.25,1,0,0,0.37270029469033894
1.0,55.5,11.86,1,0,0,0.39725471935494233
1.0,48.9,15.23,1,0,0,0.391513122009235
1.0,99.9,20.19,1,0,0,0.34834462235824665
1.0,155.97,19.19,1,0,0,0.3325829994971281
1.0,69.9,19.98,1,0,0,0.363822542337135
1.0,196.8,42.36,1,0,0,0.2940785470781459
1.0,149.89,16.81,1,0,0,0.33964085461976723
1.0,49.0,7.78,1,1,0,0.4230943201432321
1.0,160.0,8.71,1,0,0,0.3660922730636612
1.0,59.0,13.43,1,0,0,0.38877847818380173
1.0,24.99,22.9,1,0,0,0.404557319606342
1.0,99.9,24.83,1,0,0,0.3398940376506612
1.0,24.9,42.38,1,0,0,0.3793634183303649
1.0,69.99,8.88,1,0,0,0.4004767499947664
1.0,189.99,15.08,1,0,0,0.3349652535859032
2.0,220.64,31.3,1,0,0,0.48406505271080097
1.0,57.89,10.29,1,0,0,0.4020083913073091
1.0,200.0,23.33,1,0,0,0.3153072911387059
1.0,199.0,19.63,1,0,0,0.3223224873969235
1.0,24.9,17.06,1,0,0,0.41783467759251713
1.0,109.9,8.02,1,0,0,0.3856121101622501
1.0,96.0,23.25,1,0,0,0.3441756659540159
1.0,99.99,18.64,1,0,0,0.35165702964953466
1.0,115.0,17.25,1,0,0,0.34919242421008484
1.0,109.9,12.16,1,0,0,0.3663717572104089
1.0,199.0,40.6,1,0,0,0.29514182481549694
1.0,119.9,18.09,1,0,0,0.3454866152338221
1.0,339.99,15.21,1,0,0,0.3130338580416479
1.0,1149.65,25.93,1,0,0,0.25421099484647386
1.0,22.81,17.6,1,0,0,0.42062248430641125
1.0,49.9,13.37,1,0,0,0.39653054581094427
1.0,76.05,15.79,1,0,0,0.3703762096634053
1.0,109.9,20.01,1,0,0,0.34481025849914826
1.0,23.99,17.63,1,0,0,0.4181237762734505
1.0,234.9,18.89,1,0,0,0.3176787107335795
1.0,65.95,16.65,1,0,0,0.37422811479252455
1.0,19.8,15.23,1,0,0,0.43412790937322815
2.0,238.6,16.84,1,0,1,0.5086654316663269
1.0,102.0,13.15,1,0,0,0.3659912139782684
1.0,89.9,15.38,1,0,0,0.36438480986459926
2.0,237.8,49.1,1,0,0,0.4621176285101321
1.0,137.9,55.24,1,0,0,0.2980912851612205
1.0,45.9,15.11,1,0,0,0.3947480454104912
1.0,179.99,12.76,1,0,0,0.34423945275352796
1.0,59.9,18.3,1,0,0,0.37431534941181155
2.0,119.98,53.92,1,0,0,0.48816139473320386
1.0,109.8,15.65,1,0,0,0.3552666839600639
2.0,240.0,33.2,1,0,0,0.4779508048269891
1.0,122.9,13.2,1,0,0,0.35807487070442123
1.0,24.9,15.1,1,0,0,0.4234399014588768
1.0,37.9,15.1,1,0,0,0.4035901670396811
1.0,79.9,23.43,1,0,0,0.3514851102088226
1.0,59.47,26.96,1,0,0,0.35833749090826905
1.0,195.0,14.97,1,0,0,0.3342725199703812
1.0,14.49,7.87,1,0,0,0.4815223537116683
1.0,54.99,7.71,1,0,0,0.41821067961762975
1.0,14.99,17.78,1,0,0,0.44059043971056494
1.0,59.99,16.18,1,0,0,0.37965617685653863
1.0,19.0,7.88,1,0,0,0.4680085848743401
1.0,230.0,75.01,2,1,1,0.9999999999980487
1.0,229.99,37.54,1,0,0,0.2927096954448515
1.0,280.0,98.02,1,0,0,0.2562651619609239
1.0,50.9,12.09,1,0,0,0.4002845943254738
1.0,22.9,15.1,1,0,0,0.42747201983155675
1.0,99.99,15.91,1,0,0,0.35843658610992957
1.0,29.0,10.96,1,0,0,0.43124421274872204
1.0,55.0,23.19,1,0,0,0.3679539929919135
1.0,26.2,12.84,2,1,1,0.9999999999990359
1.0,35.0,15.23,1,0,0,0.4069064252956397
1.0,67.99,8.88,1,0,0,0.40177257697740587
1.0,279.0,16.83,1,0,0,0.31603072213212396
1.0,259.9,45.67,1,0,0,0.28180470902583477
1.0,164.9,13.81,1,0,0,0.3442542584762781
1.0,56.99,15.15,1,0,0,0.38486957180892645
1.0,27.3,8.27,1,0,0,0.4478660208983419
2.0,79.8,18.0,1,0,1,0.5538795679979037
1.0,21.0,11.85,1,0,0,0.44312178318042783
1.0,205.0,26.27,1,0,0,0.30983826515538276
1.0,45.97,14.1,1,0,0,0.39783012573092336
1.0,199.9,26.15,1,1,0,0.31094094539239625
1.0,324.9,18.46,1,0,0,0.30687643582966945
1.0,125.9,42.91,1,0,0,0.31016106522315773
1.0,45.9,13.9,1,0,0,0.39855451237301925
1.0,93.0,16.62,1,0,0,0.35957903551838505
1.0,329.9,67.4,1,0,0,0.2617064446393154
1.0,89.99,27.17,1,0,0,0.34057689171801164
1.0,12.97,14.1,1,0,0,0.45856757622753497
1.0,155.0,8.43,1,0,0,0.3688993253983957
1.0,139.9,15.73,1,0,0,0.3451980468641901
3.0,117.0,68.78999999999999,1,0,0,0.48012165852511274
1.0,69.77,7.78,1,0,0,0.40696357467315225
1.0,115.0,21.3,1,0,0,0.3403985229284014
1.0,95.17,16.82,1,0,0,0.35809588084186944
1.0,113.4,18.07,1,0,0,0.34779840378097326
1.0,40.9,22.22,2,1,1,0.9999999999988349
1.0,138.0,17.22,1,0,0,0.341908585809036
1.0,42.49,84.07,1,0,0,0.3310734651469754
1.0,599.0,91.68,1,0,0,0.23507736968337972
1.0,31.99,23.37,1,0,0,0.3921022171486146
1.0,88.6,20.11,1,0,0,0.35349190774344147
1.0,128.89,12.4,1,0,0,0.3588959844423552
1.0,89.9,14.38,1,0,0,0.36734902972484124
1.0,129.99,9.25,1,0,0,0.37185815847765713
1.0,198.0,15.14,1,0,0,0.3332097988239848
1.0,45.5,18.47,5,1,1,0.9999999999999551
1.0,17.99,9.34,1,0,0,0.46229323959170204
1.0,94.9,38.71,1,0,0,0.32491225936335594
1.0,379.0,29.51,1,0,0,0.2840154472060377
2.0,170.9,25.46,1,0,1,0.5041524193732868
1.0,209.9,23.76,1,0,0,0.3128083967415577
2.0,55.99,32.7,1,0,1,0.5437726036244135
1.0,359.0,140.4,1,0,0,0.23919287670289022
1.0,175.0,59.31,1,0,0,0.2871070603671934
1.0,159.8,28.1,1,0,0,0.3165924010943935
1.0,42.07,12.79,1,0,0,0.4064091695676228
1.0,34.99,7.78,1,0,0,0.4389430905035692
1.0,124.99,133.48,1,0,0,0.27506468596671757
1.0,194.25,17.8,1,0,0,0.3272106818909172
1.0,399.99,84.66,1,0,0,0.24914220982432364
1.0,179.99,27.58,1,0,0,0.3128206930128414
2.0,39.8,24.96,1,0,1,0.571470788744013
1.0,135.0,15.83,1,0,0,0.3463574993004389
1.0,104.53,17.21,1,0,0,0.35321166966903306
1.0,24.9,37.08,1,0,0,0.3846278214097958
1.0,34.99,14.1,1,0,0,0.4104658142727005
1.0,179.99,12.76,1,0,0,0.34423945275352796
1.0,156.99,69.98,1,0,0,0.285760863137079
1.0,259.9,12.43,1,0,0,0.33128659233683105
1.0,138.0,18.85,1,0,0,0.3381340686175628
1.0,175.99,20.2,1,0,0,0.32583510283617567
1.0,69.0,13.5,1,0,0,0.3816083804624465
1.0,7.0,12.48,1,0,0,0.49500120727370855
1.0,23.9,7.39,1,0,0,0.4599197064726986
5.0,411.45,92.27,1,0,0,0.41612002378795243
,,,1,0,0,0.3610559326759919
1.0,169.0,18.76,1,0,0,0.3303969251443788
1.0,141.99,20.94,1,0,0,0.3327013828026393
1.0,19.9,19.33,1,0,0,0.42296513494810994
1.0,49.0,13.0,1,0,0,0.3986519572353374
1.0,320.0,19.49,1,0,0,0.3052814593266694
1.0,14.5,14.52,1,0,0,0.45165889642653456
1.0,14.0,18.23,1,0,0,0.44280571260562285
1.0,79.99,15.31,1,1,0,0.36956433970144487
1.0,64.99,18.56,1,0,0,0.370134902590947
1.0,49.9,18.23,1,0,0,0.3825957468085743
1.0,106.8,41.73,1,0,0,0.317513596808442
1.0,47.9,8.88,1,0,0,0.4177233300967124
1.0,225.0,58.91,1,0,0,0.2785277873793712
1.0,24.99,11.85,1,0,0,0.43467012251154236
2.0,60.0,14.78,1,0,1,0.5760267335651493
1.0,64.0,18.33,1,0,0,0.3713436485187993
1.0,209.99,12.67,1,0,0,0.33855712069858657
1.0,99.9,14.79,6,1,1,0.999999999999952
1.0,98.9,17.97,1,0,0,0.3536624633042188
1.0,29.8,8.82,1,0,0,0.44047137672503667
1.0,74.31,15.62,1,0,0,0.3718528849786946
1.0,19.99,13.71,1,0,0,0.43859150763260146
1.0,89.99,26.25,1,0,0,0.3419458296318147
3.0,59.97,47.37,1,0,1,0.525476837597612
1.0,29.9,16.79,1,0,0,0.40986212842301634
1.0,29.9,16.11,1,0,0,0.41174297254943565
1.0,27.49,7.93,1,0,0,0.4496030087108428
1.0,158.9,58.9,1,0,0,0.29079668972016687
1.0,105.0,19.7,1,0,0,0.3473228068400309
1.0,17.91,14.1,1,0,0,0.4426436364642267
1.0,99.9,21.19,1,0,0,0.3463406738926236
1.0,98.99,21.18,2,1,1,0.9999999999986375
1.0,134.9,19.63,1,0,0,0.337362250621276
1.0,125.9,13.46,1,0,0,0.3562252051973261
2.0,129.45,26.94,1,0,1,0.5138879044233989
1.0,241.0,19.57,1,0,0,0.31532321695679516
1.0,149.9,11.15,1,0,0,0.3574950009518708
1.0,37.9,15.1,1,0,0,0.4035901670396811
1.0,43.9,8.29,1,0,0,0.42511649493790277
1.0,119.0,13.17,1,0,0,0.35950338060152415
1.0,194.9,26.86,1,0,0,0.31086200107032924
1.0,89.9,17.88,1,0,0,0.35786012266933126
1.0,34.99,7.78,1,1,0,0.4389430905035692
1.0,49.9,12.48,1,0,0,0.3997124905862756
1.0,139.9,9.79,1,0,0,0.36620858892808267
1.0,54.9,15.14,1,0,0,0.3865685838811692
1.0,22.89,15.1,1,0,0,0.42749311165136783
1.0,45.0,7.78,1,0,0,0.4270602932792189
1.0,159.0,30.15,1,0,0,0.3141270386614938
1.0,109.0,16.52,1,0,0,0.3532362128486447
1.0,189.49,20.3,1,0,0,0.3228246781915781
1.0,149.0,22.12,1,0,0,0.32861058829711254
1.0,24.9,18.27,1,0,0,0.4147305815717216
1.0,53.9,21.35,1,0,0,0.37233509454978375
1.0,28.89,18.3,1,0,0,0.40760095650696815
1.0,79.9,9.87,1,0,0,0.3896208644219051
1.0,183.0,16.03,1,0,0,0.33383976778627805
1.0,69.9,17.74,1,0,0,0.36892921266983464
1.0,112.99,15.18,1,0,0,0.35540791393134746
1.0,29.9,16.79,1,0,0,0.40986212842301634
2.0,372.84,57.2,1,0,0,0.4374778219569298
1.0,189.99,24.98,1,0,0,0.3145788772821269
1.0,24.5,15.23,1,0,0,0.42382094529995545
1.0,309.9,17.87,1,1,0,0.3098414489331592
1.0,12.3,13.37,1,0,0,0.4637307994959637
1.0,89.9,13.07,1,0,0,0.3716135735311482
1.0,49.99,11.73,1,0,0,0.4025178905171371
1.0,1240.0,51.39,1,0,0,0.23090620617005372
1.0,72.0,17.78,1,0,0,0.36755269345398883
1.0,55.49,9.94,1,0,0,0.40556894238344215
1.0,36.99,15.11,1,0,0,0.40468941108194595
1.0,10.9,15.1,1,1,0,0.4639525711076663
1.0,50.0,21.15,1,0,0,0.3760685298765053
1.0,99.9,20.62,1,1,0,0.34746885841175523
1.0,419.9,41.87,1,0,0,0.2687766354704372
1.0,110.0,14.5,1,0,0,0.35851586438875077
1.0,38.0,16.11,1,0,0,0.4005251241887361
1.0,156.45,18.68,1,0,0,0.3335692923507576
1.0,79.99,16.53,1,1,0,0.36620075545734854
1.0,120.0,15.6,1,0,0,0.3517577781898808
1.0,89.99,22.77,1,0,0,0.34769435834417084
1.0,159.0,39.4,1,0,0,0.3043851821033188
1.0,17.0,18.23,1,0,0,0.43327916134606886
1.0,10.99,11.85,1,0,0,0.47513902649258577
1.0,81.2,11.77,1,0,0,0.3807514116450374
2.0,130.0,35.46,1,0,1,0.5018065559234831
1.0,86.9,15.36,1,0,0,0.3658815784187628
1.0,99.98,13.04,1,0,0,0.3672087829903166
1.0,149.9,27.59,1,0,0,0.3197294472441886
1.0,108.0,14.51,1,0,0,0.3592469070236974
1.0,17.65,13.47,1,0,0,0.44552285825503946
1.0,109.9,27.5,1,0,0,0.33200606677755
1.0,19.0,15.1,1,0,0,0.4365385475152483
1.0,113.0,13.81,1,0,0,0.3595445095369897
,,,1,0,0,0.3610559326759919
2.0,358.0,24.92,1,0,0,0.4737655822913869
1.0,28.9,9.09,1,0,0,0.44047253167818645
1.0,13.99,11.85,1,0,0,0.46313787312624594
1.0,18.9,18.23,1,0,0,0.4281157498497738
1.0,18.98,14.1,1,0,0,0.4398020636631001
2.0,71.8,14.78,1,0,1,0.5678219354296064
1.0,29.99,18.31,1,0,0,0.40581553003059073
1.0,95.0,18.77,1,0,0,0.35348710222651114
1.0,25.0,16.32,1,0,0,0.4196681927093106
1.0,827.89,21.56,1,0,0,0.27030003870566366
1.0,17.9,11.85,1,0,0,0.45095297320642175
1.0,118.99,18.08,1,0,0,0.3458185445315258
3.0,117.0,68.78999999999999,1,0,0,0.48012165852511274
1.0,73.99,21.32,1,0,0,0.35864824104035387
1.0,39.9,7.78,1,0,0,0.43271134172083686
1.0,34.99,15.23,1,0,0,0.4069197813221258
1.0,379.9,19.1,1,0,0,0.30008477685471263
1.0,99.9,17.95,1,0,0,0.3532925326036303
1.0,144.99,14.04,1,0,0,0.3486601881415145
1.0,75.0,20.02,1,0,0,0.36072017849099547
1.0,9.99,7.78,11,1,1,0.9999999999999738
1.0,19.9,15.1,1,0,0,0.4342819700939666
1.0,58.0,11.73,1,0,0,0.3957810549246105
1.0,138.9,14.74,1,0,0,0.34827701664781796
1.0,1099.0,51.54,1,0,0,0.23405664296998735
1.0,55.9,26.93,1,0,0,0.3610663639651321
1.0,219.9,9.3,1,0,0,0.3504359787357105
1.0,69.5,14.57,1,0,0,0.37785696538883345
1.0,25.89,19.09,1,0,0,0.41090238686956715
1.0,349.9,31.96,1,0,0,0.2838792968763651
1.0,59.0,12.85,1,0,0,0.3907993934020432
1.0,49.9,17.63,1,0,0,0.38406792238046233
1.0,29.9,28.75,1,0,0,0.38648919476777505
2.0,59.8,16.35,6,1,1,0.9999999999999796
3.0,345.0,56.07000000000001,1,0,0,0.4417269341415893
1.0,27.99,15.1,1,0,0,0.41784609428066566
1.0,129.99,17.16,1,0,0,0.34445023500011174
2.0,398.6,38.99,1,0,0,0.45014450275298645
1.0,35.0,15.1,1,0,0,0.4072988283241071
1.0,37.0,14.1,1,0,0,0.4078544315565886
1.0,69.99,19.46,1,0,0,0.3648906582148881
1.0,118.0,18.41,1,0,0,0.3453975628909215
1.0,220.0,16.29,1,0,0,0.32615142527017066
1.0,68.9,16.92,1,0,0,0.37161583519453784
2.0,39.8,14.78,1,0,1,0.5949615788870039
1.0,45.9,12.79,1,0,0,0.4023945383106908
1.0,29.99,17.06,1,0,0,0.40899765466832216
1.0,110.0,15.52,1,0,0,0.3555528865747242
1.0,189.9,15.08,1,0,0,0.3349835252662971
1.0,112.0,13.44,1,0,0,0.36111351344829645
1.0,110.0,13.67,1,0,0,0.3611110083754666
1.0,69.0,14.57,1,0,0,0.378172748151279
1.0,110.0,9.12,1,0,0,0.37953100539678486
1.0,249.9,60.31,1,0,0,0.27421934786044255
1.0,159.0,41.87,1,0,0,0.30224839770431244
1.0,79.9,12.26,1,0,0,0.37958641313348596
1.0,19.99,15.23,1,0,0,0.433662933664627
1.0,150.9,29.54,1,0,0,0.3168800174828895
1.0,57.6,17.65,1,0,0,0.3776207715797334
2.0,139.98,88.96,1,0,0,0.46223844600676145
1.0,82.9,15.33,1,0,0,0.3679761621269365
1.0,69.9,15.24,1,0,0,0.37560065168488793
1.0,39.9,13.86,1,0,0,0.4051381210931747
6.0,35.400000000000006,109.38,1,0,1,0.5188529526413186
1.0,11.77,15.23,1,0,0,0.4597381898826414
1.0,54.9,12.63,1,0,0,0.3948302650249987
1.0,69.99,9.34,1,0,0,0.39807481318579463
2.0,159.98,22.34,1,0,1,0.5129038439159979
1.0,129.0,18.78,1,0,0,0.3409760694963037
1.0,8.99,16.79,1,0,0,0.4685267045943556
1.0,18.9,15.1,1,0,0,0.43679620098271676
1.0,135.64,7.81,1,0,0,0.37798063683333477
1.0,29.9,16.05,1,0,0,0.4119132830186591
1.0,19.9,14.11,1,0,0,0.43745693405545827
1.0,99.9,0.0,1,0,1,0.5394449364552412
1.0,89.9,16.6,1,0,0,0.3610576112997161
1.0,104.9,17.21,1,0,0,0.3530657151899772
1.0,44.9,16.79,1,0,0,0.3910079140249194
1.0,197.9,17.8,1,0,0,0.32650335060152047
3.0,134.7,80.67,1,0,0,0.4678558513431963
1.0,94.0,21.15,1,0,0,0.34892887755316865
1.0,68.8,11.5,1,0,0,0.38908160901815547
2.0,586.0,88.92,1,0,0,0.40335222309733915
1.0,44.99,7.78,1,0,0,0.4270706820288379
1.0,270.0,12.5,1,0,0,0.3296225954170669
1.0,20.0,10.96,1,0,0,0.44927088615036553
1.0,99.0,37.99,1,0,0,0.3239171356785961
1.0,118.0,10.48,1,0,0,0.3701471212584513
1.0,29.99,17.63,1,0,0,0.4075143924279571
1.0,17.9,12.79,1,0,0,0.44729580653325424
1.0,149.99,40.38,1,0,0,0.30569073041467903
1.0,110.0,20.01,1,0,0,0.3447732327515623
1.0,199.99,111.22,1,0,0,0.2638198364715446
1.0,89.9,34.43,1,0,0,0.3314549293866006
1.0,105.0,21.22,1,0,0,0.34424378700445507
1.0,69.9,44.26,1,1,0,0.3324234920313683
1.0,144.9,8.27,1,0,0,0.37255994227549327
2.0,99.8,35.2,1,0,1,0.5139951114095496
1.0,559.9,28.0,1,0,0,0.2731849431223448
1.0,10.9,15.1,1,0,0,0.4639525711076663
1.0,39.99,12.69,1,0,0,0.40912660824625274
1.0,24.5,8.27,1,0,0,0.45312681584173203
1.0,119.9,23.56,1,0,0,0.33464400076997713
1.0,125.0,14.22,1,0,0,0.3541098598497363
1.0,199.9,20.59,1,0,0,0.3202421099694679
1.0,31.9,15.79,1,0,0,0.40960526862750835
1.0,42.0,15.39,1,0,0,0.3979797730882942
1.0,49.9,12.43,1,0,0,0.39989883104880575
2.0,99.8,15.56,1,0,1,0.5505236485300481
1.0,129.95,23.49,1,0,0,0.3315699285997072
1.0,61.9,9.34,1,0,0,0.40358034304206136
2.0,360.0,25.52,1,0,0,0.47247997196007757
1.0,47.9,16.32,1,0,0,0.389341880173905
1.0,64.99,11.73,1,0,0,0.39069126874777943
1.0,13.65,14.1,1,0,0,0.4560355176824037
1.0,89.9,14.8,1,0,0,0.3660758666194116
1.0,179.9,25.57,1,0,0,0.31572444496386903
1.0,24.89,18.27,1,0,0,0.414749759200132
1.0,209.9,18.72,1,0,0,0.32223117016567915
1.0,99.9,21.19,1,0,0,0.3463406738926236
1.0,165.0,16.78,1,1,0,0.3359439135950273
1.0,215.9,22.59,1,0,0,0.3137254122112994
1.0,135.9,13.29,1,0,0,0.3536700372325032
1.0,171.0,15.95,1,0,0,0.33668052440850516
1.0,99.9,14.28,6,1,1,0.9999999999999525
1.0,74.9,19.49,1,0,0,0.36191588113472045
1.0,39.9,9.03,1,0,0,0.42543917214793076
1.0,54.0,18.26,1,0,0,0.3789967436232572
1.0,249.0,83.6,1,0,0,0.26455934453990265
1.0,24.99,7.44,1,0,0,0.457404605167079
1.0,169.76,16.95,1,0,0,0.3344154189483794
1.0,119.9,9.59,1,0,0,0.3735616764112798
1.0,124.9,38.42,1,0,0,0.3144144880692208
1.0,159.99,103.25,1,0,0,0.27351909657350476
1.0,254.0,19.88,1,0,0,0.31278023150145157
1.0,66.0,15.34,1,0,0,0.3778203414016702
1.0,150.0,44.97,1,0,0,0.30192905580415735
1.0,219.99,21.03,1,0,0,0.31583549708287884
1.0,49.9,18.23,1,0,0,0.3825957468085743
1.0,82.99,28.98,1,1,0,0.3413674288122796
1.0,54.49,7.78,2,1,1,0.9999999999989939
1.0,158.0,36.43,1,1,0,0.3074169021511781
1.0,279.0,13.45,1,0,0,0.3252985727337473
1.0,204.0,14.45,1,0,0,0.33403772241770324
1.0,259.77,10.01,1,0,0,0.340739747060111
3.0,44.97,37.44,1,0,1,0.5487017103245901
1.0,55.0,16.15,1,0,0,0.38359682102045783
1.0,62.99,13.1,1,0,0,0.387000232807575
1.0,39.99,15.1,1,0,0,0.40110428588692054
3.0,177.0,26.160000000000004,1,0,1,0.5017464374820221
1.0,193.99,25.94,1,0,0,0.31235920772296394
1.0,669.65,22.57,1,0,0,0.27520131929258657
1.0,289.49,24.83,1,0,0,0.29954387583764264
1.0,316.0,10.57,1,0,0,0.33102059942230605
1.0,150.0,13.95,1,0,0,0.34757938819241213
1.0,29.9,15.56,1,0,0,0.4133320076791124
1.0,51.9,12.49,1,0,0,0.39788836351559903
1.0,15.3,11.85,1,0,0,0.45870105778879905
4.0,290.0,71.04,1,0,0,0.4398072248085633
1.0,239.9,28.0,1,0,0,0.30174063070734436
1.0,70.0,21.79,1,0,0,0.3601030300528944
1.0,96.0,7.93,1,0,0,0.3919662872657259
1.0,39.9,35.67,1,0,0,0.36466800105345587
1.0,89.9,50.5,1,0,0,0.31754935495409936
1.0,39.99,11.85,1,0,0,0.4123375378186495
1.0,48.9,9.09,1,0,0,0.4156405552656413
1.0,119.9,20.03,1,0,0,0.34124316909977803
1.0,13.65,7.39,1,0,0,0.48764563951258233
1.0,24.9,7.43,1,0,0,0.4576476241610068
2.0,51.8,23.7,1,0,1,0.5613921570404945
1.0,49.99,15.23,1,0,0,0.3905157611444189
1.0,45.9,14.1,1,0,0,0.397899787351017
1.0,89.99,34.43,1,0,0,0.3314144069564378
1.0,21.5,9.34,1,0,0,0.4535214181253457
1.0,49.5,50.0,1,0,0,0.34249306909004434
1.0,193.0,33.27,1,0,0,0.30329888651075554
1.0,169.99,19.09,1,0,0,0.32945873241043544
1.0,49.99,37.04,1,0,0,0.353287394085559
2.0,373.8,36.3,1,0,0,0.4557336245131449
1.0,139.0,11.6,1,0,0,0.3587875750067858
1.0,143.8,16.71,1,0,0,0.34153602220596524
2.0,139.8,18.48,1,0,1,0.5275098948109413
1.0,299.0,16.94,1,0,0,0.31326450296925845
1.0,29.0,14.1,1,0,0,0.41933424502211364
1.0,725.0,31.83,1,0,0,0.26085048270272754
1.0,25.0,22.06,1,0,0,0.4061680915465715
1.0,99.0,15.79,1,0,0,0.35918078136858195
1.0,15.9,7.78,1,0,0,0.477475187559539
1.0,84.99,8.79,1,0,0,0.3923802436343117
1.0,84.89,18.47,1,0,0,0.35888781275411047
1.0,79.9,9.37,1,0,0,0.3920661435404092
1.0,219.0,21.58,1,0,0,0.3149866906071901
1.0,75.0,37.95,1,0,0,0.33519946907026354
1.0,399.0,54.92,1,0,0,0.2618288962384834
1.0,22.32,17.09,1,0,0,0.42300777389323463
1.0,179.9,15.49,1,0,0,0.3359422637117584
1.0,166.0,23.88,1,0,0,0.32141969010712346
1.0,79.9,16.32,1,1,0,0.3668069504019955
1.0,49.99,14.1,1,0,0,0.3940138131502646
1.0,55.0,19.36,1,0,0,0.37563950998842965
1.0,117.9,20.07,1,0,0,0.34183869543957285
1.0,29.99,8.29,1,0,0,0.44320744719174954
1.0,74.6,15.96,1,0,0,0.37073546123475803
1.0,134.17,13.49,1,0,0,0.3535341190435379
1.0,69.99,8.65,1,0,0,0.40172967628260775
1.0,16.1,18.23,1,0,0,0.43594044313682556
1.0,699.4,13.25,1,0,0,0.29406508824680044
1.0,60.99,13.09,1,0,0,0.38847024417169357
2.0,190.0,31.1,1,0,0,0.49077149537105585
1.0,49.0,13.92,17,1,1,0.9999999999999598
1.0,39.0,12.69,1,0,0,0.4102932967091403
1.0,379.0,71.53,1,0,0,0.2555741310397279
1.0,181.55,12.77,1,1,0,0.34386693582213823
1.0,61.4,22.36,1,0,0,0.3646752655140109
2.0,29.4,17.44,1,0,1,0.6015784587798801
1.0,13.99,7.78,3,1,1,0.9999999999999449
1.0,44.9,16.11,1,0,0,0.39285983479375525
1.0,204.0,38.98,1,0,0,0.2956656258168416
1.0,99.9,0.0,1,0,1,0.5394449364552412
1.0,950.0,132.51,1,0,0,0.21355170256637648
1.0,27.9,19.39,1,0,0,0.40666392988698674
1.0,19.98,9.34,1,0,0,0.45712122145177037
1.0,22.0,7.78,1,0,0,0.46142159226673896
1.0,28.9,17.92,1,0,0,0.4085266966553476
1.0,66.9,15.23,1,0,0,0.3775470919179674
1.0,48.5,22.27,1,0,0,0.3752266103560083
1.0,139.0,48.24,1,0,0,0.3023563748345392
1.0,129.9,23.78,1,0,0,0.3310965253901586
1.0,75.0,18.33,1,0,0,0.36448310132033407
1.0,69.9,22.36,1,0,0,0.35908583775986136
1.0,24.9,8.64,1,0,0,0.4501787568757591
1.0,559.0,39.23,1,0,0,0.2619077851432034
1.0,29.9,11.74,1,0,0,0.42649771174079243
1.0,12.99,15.1,1,0,0,0.4552535157425083
1.0,109.9,13.67,1,0,0,0.3611488215931067
1.0,69.9,8.29,1,0,0,0.4038236170774685
1.0,23.9,10.96,1,0,0,0.4405768495064889
1.0,235.0,12.26,1,0,0,0.3356773974511828
1.0,49.9,13.93,1,0,0,0.3946495133698549
1.0,179.99,12.46,1,0,0,0.34527789530243663
1.0,149.9,23.63,1,0,0,0.3257528869024265
1.0,74.75,15.33,1,0,0,0.3724261368463524
1.0,150.0,15.81,1,0,0,0.3422045381697656
1.0,56.9,11.9,1,0,0,0.395974293828021
1.0,42.99,13.37,1,0,0,0.40335263588904186
1.0,53.9,0.0,1,0,1,0.5676894153564821
1.0,49.0,18.63,1,0,0,0.38246162677560946
1.0,8.99,15.1,1,0,0,0.4735128384394194
1.0,69.36,16.74,1,0,0,0.37179497703049935
1.0,145.0,16.12,1,0,0,0.3427266121791603
2.0,59.8,28.0,1,0,1,0.5473836055006437
1.0,395.0,36.57,1,0,0,0.2752344857833871
1.0,51.45,17.61,1,0,0,0.38274605470537365
1.0,149.99,26.08,1,0,0,0.32187302461921297
1.0,99.9,21.65,1,0,0,0.3454560836966605
1.0,53.55,18.25,1,0,0,0.3793930625793464
1.0,43.99,16.5,1,0,0,0.39272008997103425
2.0,119.8,35.34,1,0,1,0.5055979941849877
1.0,80.0,16.81,1,0,0,0.36546408602512576
1.0,2062.99,70.7,1,0,0,0.20955860654122554
2.0,30.3,14.78,3,1,1,0.9999999999999667
1.0,65.0,12.7,1,0,0,0.38702530380988964
2.0,59.8,30.2,1,0,1,0.5441080773182533
1.0,109.9,22.48,1,0,0,0.3400331517193735
1.0,129.9,20.15,1,0,0,0.3377896030782475
1.0,44.9,18.23,1,0,0,0.38735745338450406
1.0,179.9,47.92,1,0,0,0.29311793136740444
1.0,799.0,25.08,1,0,0,0.2660317566871158
1.0,18.75,17.06,1,0,0,0.43153439005883887
2.0,110.0,44.2,1,0,1,0.5000917409334426
1.0,79.9,20.64,1,0,0,0.3567462205613344
1.0,19.9,11.85,1,0,0,0.445752818457975
1.0,347.9,83.53,1,0,0,0.2538330242397439
1.0,70.0,21.79,1,0,0,0.3601030300528944
2.0,84.9,36.49,8,1,1,0.9999999999999756
1.0,99.75,37.61,1,0,0,0.3239872892291475
1.0,27.9,17.06,1,0,0,0.412414734383687
2.0,169.8,27.22,1,0,1,0.5014743094708419
1.0,89.9,13.65,1,0,0,0.36966744691065534
1.0,49.0,17.67,1,0,0,0.38478623269646794
1.0,195.0,29.95,1,0,0,0.3067686975122591
1.0,129.9,13.93,1,0,0,0.35344285930787284
1.0,39.9,15.1,1,0,0,0.4012083821585167
1.0,89.0,9.44,1,0,0,0.3870074988423861
1.0,58.99,17.66,1,0,0,0.37654249447639415
1.0,38.0,7.78,1,0,0,0.435019334930273
1.0,49.9,15.45,1,0,0,0.38995077830812397
1.0,109.95,16.53,1,0,0,0.35285296510939435
1.0,53.99,16.14,1,0,0,0.3844524961822988
1.0,1097.8,28.1,1,0,0,0.2528415401812516
1.0,39.0,8.72,1,0,0,0.4282106637910833
2.0,64.0,14.96,1,0,1,0.5725080623075607
1.0,99.0,8.85,1,0,0,0.3854405912010556
1.0,89.9,52.76,1,0,0,0.3160311779569632
1.0,99.9,21.19,1,0,0,0.3463406738926236
1.0,99.9,17.95,1,0,0,0.3532925326036303
1.0,48.9,7.87,1,0,0,0.42262780569045993
1.0,689.99,19.59,1,0,0,0.2794396779939428
1.0,59.9,14.17,1,0,0,0.38566614564611224
1.0,73.88,13.54,1,0,0,0.37848568161363394
2.0,179.8,29.91,1,0,0,0.49485582007969586
1.0,27.9,7.87,1,0,0,0.44926127740582267
1.0,65.0,42.48,1,1,0,0.3369439757447038
1.0,9.9,10.96,1,0,0,0.48413822358146513
2.0,28.05,14.78,1,0,1,0.6112154377522997
1.0,141.0,16.75,1,0,0,0.34221758126686197
1.0,38.0,12.93,1,0,0,0.4106298896209183
1.0,109.8,10.08,1,0,0,0.3749620193886915
1.0,409.0,59.63,1,0,0,0.2585543784203421
1.0,132.76,16.56,1,0,0,0.3451097728809482
1.0,119.8,27.16,1,0,0,0.3290622698513506
1.0,35.9,16.11,1,0,0,0.4031641390849585
1.0,21.9,15.11,1,0,0,0.4296004180717356
1.0,19.9,35.67,1,0,0,0.39672509917045556
1.0,89.99,15.84,1,0,0,0.36305309408131015
1.0,89.9,14.8,1,0,0,0.3660758666194116
1.0,78.0,25.83,1,0,0,0.3485286785203089
1.0,139.99,44.56,1,0,0,0.3048243043707479
1.0,189.9,17.77,1,0,0,0.3281429018696462
1.0,118.9,18.93,1,0,0,0.34392483564235893
1.0,399.0,63.07,1,0,0,0.2576546404518504
1.0,54.9,16.01,1,0,0,0.3840660784758956
1.0,79.9,18.66,1,0,0,0.36101713032433663
1.0,42.0,17.6,1,0,0,0.3919537684526876
1.0,49.95,15.1,1,0,0,0.39093896398603933
1.0,119.9,18.09,1,0,0,0.3454866152338221
1.0,39.9,7.54,1,0,0,0.4342515322074188
2.0,67.98,16.54,1,0,1,0.5650955984029779
1.0,58.0,16.17,1,0,0,0.38117801856905603
1.0,85.0,15.34,1,0,0,0.3668797465691227
1.0,334.9,17.09,1,0,0,0.30886564034768355
1.0,89.9,21.12,1,0,0,0.35083894538497656
1.0,279.9,15.35,1,0,0,0.31967415751562595
1.0,39.9,14.1,1,0,0,0.4043469903964696
1.0,21.99,14.1,1,0,0,0.4326324997428755
1.0,139.0,20.21,1,0,0,0.33498329736746585
3.0,149.7,45.33,1,0,0,0.48565895193846836
1.0,99.9,25.73,1,0,0,0.338472604596303
1.0,16.99,12.48,1,0,0,0.4510360135978366
1.0,109.8,9.51,1,0,0,0.37765765675260227
2.0,220.0,143.8,1,0,0,0.42612518741085664
1.0,79.9,17.27,1,0,0,0.364346279856397
1.0,159.9,23.99,1,0,0,0.3226710123067633
1.0,89.9,22.56,1,0,0,0.34811573259299766
1.0,45.0,12.79,1,0,0,0.40330408837531506
1.0,24.99,7.78,1,0,0,0.4551850182188862
1.0,30.21,17.6,1,0,0,0.4072468076979325
2.0,37.8,25.59,1,0,1,0.5728150857127019
1.0,165.0,19.03,1,0,0,0.33073864945289827
1.0,5.9,7.78,1,0,1,0.526627345023853
1.0,92.9,24.86,1,0,0,0.34281643421277763
1.0,149.0,13.6,1,0,0,0.3489517402418337
1.0,139.9,20.22,1,0,0,0.3347084737207601
1.0,129.9,43.71,1,0,0,0.3083203504183211
1.0,119.98,51.34,1,0,0,0.3057790785654028
1.0,65.9,16.22,1,0,0,0.37541379264007846
2.0,107.8,42.7,1,0,1,0.50242320760685
1.0,99.0,9.51,8,1,1,0.9999999999999571
1.0,145.49,18.82,1,0,0,0.33611022156465764
1.0,39.0,11.85,1,0,0,0.4135069748396085
1.0,25.99,25.63,1,0,0,0.3978582500504607
1.0,40.0,15.38,1,0,0,0.4002564486545276
1.0,53.9,13.46,1,0,0,0.392732923141944
1.0,329.0,19.99,1,0,0,0.3033195025393209
1.0,124.7,19.84,1,0,0,0.34005975152500517
1.0,45.0,29.28,1,0,0,0.3671987566638473
1.0,52.11,11.86,1,0,0,0.4001108220415374
1.0,103.9,13.05,1,0,0,0.36555697513192087
1.0,278.0,43.98,1,0,0,0.28075887172927444
,,,1,0,0,0.3610559326759919
1.0,19.74,21.15,1,0,0,0.41933263340120647
1.0,44.9,15.1,1,0,0,0.3957834264450578
1.0,49.8,14.52,1,0,0,0.3928497743643618
1.0,95.99,23.47,1,0,0,0.3437973851152057
1.0,69.9,17.08,1,0,0,0.3705790635725109
1.0,39.9,8.11,1,0,0,0.4306748895966905
1.0,185.0,18.23,1,0,0,0.32809356324329436
1.0,79.9,17.3,1,0,0,0.36427116097987017
1.0,19.49,7.87,1,0,0,0.4668141869273344
1.0,239.9,17.12,1,0,0,0.32087719959831806
1.0,284.0,39.54,1,0,0,0.2836026562199048
1.0,69.9,16.25,1,0,0,0.37276242766936796
1.0,59.0,11.91,1,0,0,0.3943054922981285
1.0,59.9,15.63,1,0,0,0.38126056059880775
1.0,129.9,20.99,1,0,0,0.33611984373128
1.0,30.9,12.79,1,0,0,0.42087927614552506
1.0,1999.9,31.57,1,0,0,0.23287657971963066
1.0,169.9,25.64,1,0,0,0.31777521625325633
1.0,59.9,13.44,1,0,0,0.3880689520143738
1.0,130.0,18.68,1,0,0,0.3408891378697475
1.0,14.9,10.96,1,0,0,0.4637965764022693
1.0,109.9,23.31,1,0,0,0.33856618267073735
1.0,150.0,30.85,1,0,0,0.3154776908095557
1.0,108.0,15.52,1,0,0,0.3563113714113479
1.0,99.0,13.71,1,0,0,0.3653892628273493
1.0,54.9,13.4,1,0,0,0.39210956918352685
1.0,149.9,21.54,1,0,0,0.32944159199506773
1.0,150.0,16.35,1,0,0,0.3407813860896053
1.0,19.9,25.63,1,0,0,0.41054541522458643
1.0,219.9,18.02,1,0,0,0.32203236946351693
1.0,40.5,13.08,1,0,0,0.4071282167717864
1.0,42.0,7.87,1,0,0,0.42973097880095584
1.0,34.9,7.98,1,0,0,0.4378167212916199
2.0,261.59000000000003,56.84,1,0,0,0.4523066927301286
1.0,45.0,17.63,1,0,0,0.38873541063873585
2.0,119.8,36.6,1,0,1,0.5041146974720693
1.0,59.9,27.27,1,0,0,0.3575630174202445
1.0,29.99,8.96,1,0,0,0.43939520808240856
1.0,549.99,12.04,1,0,0,0.3059177068566221
1.0,19.55,15.1,1,0,0,0.4351464965558395
1.0,109.99,16.21,1,0,0,0.3536778924240954
1.0,132.53,16.63,1,0,0,0.34500044817901937
1.0,39.0,13.85,1,0,0,0.4062300644708245
1.0,21.9,14.1,1,0,0,0.43283143127386453
1.0,240.0,13.18,1,0,0,0.33177445878651485
2.0,239.98,46.84,1,0,0,0.46363059068382473
1.0,69.9,18.06,1,0,0,0.36815485160611106
1.0,39.0,7.39,1,0,0,0.4363205890737652
1.0,25.9,11.85,1,0,0,0.4329436759232227
1.0,259.0,16.69,1,0,0,0.3190878276666375
1.0,89.18,9.44,1,0,0,0.3869198442282269
1.0,15.99,14.1,1,0,0,0.44821822984287374
1.0,69.0,7.74,1,0,0,0.40771079678590605
1.0,600.0,125.99,1,0,0,0.22701114339709255
1.0,138.0,42.59,1,0,0,0.3069424063691229
1.0,22.5,11.74,1,0,0,0.4402059401686817
1.0,149.99,34.71,1,0,0,0.3111241376168807
1.0,14.9,22.06,1,0,0,0.43113578076547243
1.0,166.0,21.48,1,0,0,0.32560928413072754
1.0,59.9,15.17,1,0,0,0.38259566891030244
1.0,187.9,39.85,1,0,0,0.297859187161025
1.0,24.99,18.23,1,0,0,0.414657137352748
1.0,254.0,20.69,1,0,0,0.3112087803653058
1.0,215.0,13.41,1,0,0,0.3352107328016087
1.0,379.9,18.36,1,0,0,0.30162339496571566
1.0,138.9,20.21,1,0,0,0.33501170384323725
1.0,89.9,16.07,1,0,0,0.36246688384345643
1.0,153.5,18.95,1,0,0,0.33372284410811087
1.0,89.99,23.21,1,0,0,0.3469117347075134
1.0,189.9,22.83,1,0,0,0.31808997621481055
1.0,109.0,23.3,1,0,0,0.3389155157182672
1.0,59.9,19.66,1,0,0,0.3712174093096113
1.0,114.0,39.77,1,0,0,0.3167000573338835
1.0,249.99,78.77,1,0,0,0.2661551393169795
1.0,189.99,21.41,1,0,0,0.320602941219181
1.0,169.9,17.67,1,0,0,0.3326554687806687
1.0,61.8,16.68,1,0,0,0.3769992742940097
2.0,315.54,25.2,1,0,0,0.4784862693118477
1.0,105.0,24.11,1,0,0,0.33905239905880447
1.0,914.65,40.2,1,0,0,0.24656206985266954
1.0,122.99,15.61,1,0,0,0.3507267612462076
1.0,86.99,18.38,1,0,0,0.3580658558711647
1.0,49.0,17.6,1,0,0,0.3849614474584298
1.0,243.5,35.63,1,1,0,0.29252445294931984
1.0,52.9,16.13,1,0,0,0.3853932568861173
1.0,175.0,23.16,1,0,0,0.32061139583516646
1.0,18.99,18.23,1,1,0,0.42788490498426335
1.0,169.9,19.89,1,0,0,0.32781049113420024
1.0,196.0,41.36,1,0,0,0.2950464889818904
1.0,132.9,15.68,1,0,0,0.3473958693219769
1.0,55.93,17.32,1,0,0,0.37975374613333207
1.0,99.99,27.24,1,0,0,0.336179812086775
2.0,359.79999999999995,35.52,1,0,0,0.45820571248634706
1.0,69.9,16.74,1,0,0,0.3714582208935441
1.0,16.0,18.23,1,0,0,0.4362456907146528
1.0,229.99,18.36,1,0,0,0.31960509558690975
1.0,104.9,12.07,1,0,0,0.3686603694709591
1.0,2589.0,32.29,1,1,0,0.22569783866946247
1.0,177.9,16.0,1,0,0,0.33501164769198416
1.0,89.9,13.65,1,0,0,0.36966744691065534
1.0,9.99,7.39,1,0,1,0.5032207233782235
1.0,26.9,26.89,1,0,0,0.3942091158438881
1.0,19.99,14.11,1,0,0,0.4372368545804026
1.0,159.9,17.96,1,0,0,0.33434066537951485
1.0,35.0,8.41,1,0,0,0.4351050238881882
1.0,20.0,16.11,1,0,0,0.43103332117295506
1.0,159.9,22.2,1,0,0,0.325734146605154
1.0,49.99,12.65,1,0,0,0.3990031477956732
1.0,75.0,15.28,1,1,0,0.3724263849783716
1.0,619.65,20.78,1,0,0,0.28066752659908356
1.0,59.8,15.17,1,0,0,0.3826697816602723
1.0,56.99,14.15,4,1,1,0.9999999999999494
1.0,59.0,13.43,1,0,0,0.38877847818380173
1.0,49.0,13.43,1,0,0,0.3971523611731751
1.0,59.99,8.88,1,0,0,0.4074115462678815
1.0,125.0,12.37,1,0,0,0.36026258952169143
1.0,39.99,16.79,1,0,0,0.3963066818917717
1.0,156.94,21.14,1,0,0,0.32841329046426826
1.0,129.99,15.0,1,0,0,0.3501979412245401
2.0,43.98,25.62,1,0,1,0.5656312644902477
1.0,90.0,14.05,1,0,0,0.36833260032764414
1.0,17.99,10.96,1,0,0,0.45447759293192697
1.0,349.0,20.54,1,0,0,0.30021203925125395
1.0,25.99,24.35,1,0,0,0.4000498278356118
1.0,146.01,13.68,8,1,1,0.9999999999999507
1.0,177.0,18.53,1,0,0,0.32911987841525087
1.0,987.0,32.99,1,0,0,0.2506336258046063
1.0,14.89,7.71,1,0,0,0.48119177936975804
1.0,65.9,11.96,1,0,0,0.38917606895580403
1.0,139.99,32.45,1,0,0,0.3162280035041402
1.0,52.9,19.34,1,0,0,0.37741143618407536
3.0,137.7,35.55,1,0,0,0.49946922025502244
1.0,29.9,22.67,1,0,0,0.3965563525282565
1.0,850.0,35.36,1,0,0,0.2527117705814582
1.0,144.41,17.45,1,0,0,0.3395468340093388
1.0,22.99,12.69,1,0,0,0.4354478495424707
1.0,1259.0,95.09,1,0,0,0.21426981115576715
1.0,640.0,34.34,1,0,0,0.2621112263815179
2.0,163.0,27.18,1,1,1,0.5033255172099055
1.0,89.9,16.26,1,0,0,0.36195552973508976
1.0,134.9,29.34,1,0,0,0.3214442790349218
1.0,24.99,7.39,1,0,0,0.45774005876077
1.0,88.5,17.75,1,0,0,0.3588325479653232
1.0,41.49,9.94,1,0,0,0.418975742686682
1.0,149.8,32.65,1,1,0,0.31341946305360846
1.0,359.0,27.79,1,1,0,0.287983305594044
1.0,29.9,9.34,1,0,0,0.43751242840286164
1.0,109.9,14.94,1,0,0,0.3572465759599788
1.0,78.0,15.65,1,0,0,0.3696782940319999
1.0,44.0,12.97,1,0,0,0.40368946983880477
1.0,119.9,27.27,1,0,0,0.3288719670404002
1.0,26.5,16.79,1,0,0,0.4155875237539405
1.0,149.65,19.15,1,0,0,0.33428615468605505
1.0,149.99,12.25,1,0,0,0.35327756345211714
1.0,69.5,11.73,1,0,0,0.3877185873601542
2.0,89.8,32.11,1,0,1,0.5227196196627963
1.0,17.99,21.15,1,0,0,0.4238262701926137
1.0,100.0,15.45,1,0,0,0.35970827616028295
1.0,45.0,15.23,1,0,0,0.39529311350585555
1.0,23.0,22.93,1,0,0,0.40844369018417653
1.0,41.5,14.1,1,0,0,0.40252896863255744
1.0,89.99,9.44,1,1,0,0.38652781495501715
1.0,388.0,31.03,1,0,0,0.2814656736201818
1.0,49.9,13.37,1,0,0,0.39653054581094427
1.0,231.8,13.96,1,0,0,0.33064235848528245
1.0,17.9,12.79,1,0,0,0.44729580653325424
1.0,49.0,15.1,1,0,0,0.39180794088939863
1.0,195.0,25.86,1,0,0,0.31228425196569576
1.0,219.9,30.12,1,0,0,0.3021835758918353
1.0,309.99,16.93,1,0,0,0.3119931040792241
1.0,46.86,20.84,1,0,0,0.37960239439841337
1.0,298.6,82.4,16,1,1,0.9999999999999247
1.0,135.0,23.75,1,0,0,0.3296319309262533
1.0,89.15,15.38,1,0,0,0.3647396175477757
1.0,73.5,15.26,1,0,0,0.3733591712593687
1.0,215.0,22.0,1,0,0,0.3149128134233295
1.0,129.0,18.15,1,0,0,0.3423993637199527
1.0,14.63,23.74,1,0,0,0.4287829636848469
1.0,70.0,18.07,1,0,0,0.36806909745313565
1.0,299.0,24.96,1,0,0,0.2982146319680618
1.0,50.75,14.11,1,0,0,0.39329798075513367
1.0,19.99,16.11,1,0,0,0.4310576292595526
1.0,55.0,22.32,1,0,0,0.3695617887363672
2.0,217.8,29.68,1,0,0,0.4869226684749352
6.0,653.4000000000001,97.68,1,0,0,0.3962634088753805
1.0,315.99,14.65,1,0,0,0.31719468858529787
1.0,49.9,19.32,1,0,0,0.3800602190256103
1.0,39.9,8.11,1,0,0,0.4306748895966905
1.0,21.99,15.23,1,0,0,0.42903433145571435
1.0,141.0,27.29,1,0,0,0.32250552833886764
1.0,154.9,13.66,1,0,0,0.34720909935697725
1.0,179.9,14.28,1,0,0,0.33939913149293216
1.0,122.99,14.61,1,0,0,0.35359249345177846
1.0,131.99,19.36,1,0,0,0.33880042642878033
1.0,109.5,34.57,1,0,0,0.32341903063493815
1.0,56.99,15.15,1,0,0,0.38486957180892645
1.0,49.9,13.37,1,0,0,0.39653054581094427
1.0,36.9,15.1,1,0,0,0.40483302323498016
1.0,59.9,14.5,1,0,0,0.3846260720904728
1.0,60.0,8.88,1,0,0,0.4074039912590701
1.0,54.4,12.72,1,0,0,0.39491544256686767
1.0,65.0,22.16,1,0,0,0.3625846825688513
1.0,109.9,16.74,1,0,0,0.3523307369335152
1.0,89.0,15.37,1,0,0,0.36483952025497685
1.0,369.0,14.08,1,0,0,0.31328850617644743
1.0,109.9,18.02,1,0,0,0.34919668652121977
1.0,129.0,14.65,1,0,0,0.35153031838105814
2.0,117.8,21.24,1,0,1,0.5287368092275376
1.0,75.0,11.14,1,0,0,0.38675315276372
1.0,255.0,13.29,1,0,0,0.32914500752467657
1.0,65.0,15.2,1,0,0,0.378899399499778
1.0,209.9,15.22,1,0,0,0.33075951492909056
1.0,24.5,11.85,1,0,0,0.43562771347604595
1.0,102.9,22.65,1,0,0,0.3423991675597078
1.0,34.99,15.1,1,0,0,0.4073121883851335
1.0,15.99,18.23,1,0,0,0.43627632484811246
1.0,129.99,12.11,1,0,0,0.3596029007292042
2.0,390.0,20.0,1,0,0,0.48019058246778445
1.0,139.0,20.21,1,0,0,0.33498329736746585
1.0,38.9,14.1,1,0,0,0.4055241380048638
1.0,179.9,24.06,1,0,0,0.31807738400137625
1.0,45.9,15.11,1,0,0,0.3947480454104912
1.0,78.99,17.68,1,0,0,0.3638211506042236
1.0,24.5,22.1,1,0,0,0.4070478074219988
1.0,25.0,16.11,1,0,0,0.42026210969139655
1.0,29.9,13.47,1,0,0,0.42001299804313713
1.0,69.9,20.98,1,1,0,0.36175539539516155
4.0,154.7,56.39,1,0,0,0.47545888017923116
1.0,78.0,18.43,1,0,0,0.3625726061153615
1.0,50.0,18.23,1,0,0,0.3825059582051581
1.0,72.0,13.62,1,0,0,0.37934425682302236
1.0,69.99,18.07,1,0,0,0.368075274421653
1.0,23.99,11.39,1,0,0,0.43854293404717
1.0,75.0,19.77,1,0,0,0.36125282665884856
1.0,54.99,15.28,1,0,0,0.38608156127636445
1.0,122.99,20.91,4,1,1,0.9999999999999374
1.0,21.73,16.05,1,0,0,0.42718295841617504
2.0,304.3,19.76,1,0,0,0.49099471016251084
1.0,25.99,15.1,1,0,0,0.42138565478051926
1.0,199.0,23.1,1,0,0,0.31587954155732956
1.0,114.9,23.6,1,0,0,0.33627919746149876
2.0,184.06,34.17,1,0,0,0.48810451917515213
1.0,144.9,22.72,4,1,1,0.9999999999999345
1.0,49.9,14.1,1,0,0,0.3940955107542911
2.0,221.8,68.36,1,0,0,0.4521490889641007
2.0,63.0,38.82,1,0,1,0.5310302357748533
4.0,36.48,68.24,1,0,1,0.5347303097353411
1.0,139.9,19.08,1,0,0,0.33709095572714104
1.0,69.2,23.35,1,0,0,0.3577177431064836
1.0,50.9,15.03,1,0,0,0.39029782325510026
1.0,141.9,19.96,1,0,0,0.3346779278391138
1.0,7.9,19.04,1,0,0,0.46908547653937416
1.0,149.0,21.36,1,0,0,0.3300137164935882
1.0,24.99,7.44,1,0,0,0.457404605167079
1.0,99.99,38.25,1,0,0,0.3232712087570857
1.0,49.9,28.75,1,0,0,0.3633745403377988
1.0,999.9,56.02,1,0,0,0.23424336980622182
1.0,519.0,16.07,1,0,0,0.29624414128480414
1.0,39.99,12.94,1,0,0,0.40821708316738226
1.0,129.9,15.79,1,0,0,0.3480176478184749
1.0,58.99,15.16,1,0,0,0.3833047598463542
1.0,21.99,15.1,1,1,0,0.4294326229204268
1.0,89.9,7.88,1,1,0,0.39512521697659975
1.0,79.9,19.75,1,0,0,0.3586035878732971
1.0,269.0,21.16,1,0,0,0.30825939596833757
1.0,20.99,18.23,1,0,0,0.4230338418388323
1.0,19.99,14.52,1,0,0,0.435892511443767
1.0,219.0,30.56,1,0,0,0.3018007887736314
1.0,149.9,15.8,1,0,0,0.3422578776818765
1.0,37.29,11.85,1,0,0,0.4156050123786745
1.0,59.9,11.92,1,0,0,0.3935875850024601
1.0,299.9,43.69,1,0,0,0.2784172563784432
1.0,79.98,34.04,1,0,0,0.3366603287428408
1.0,120.0,8.26,1,0,0,0.3804888961198346
1.0,138.0,34.51,1,0,0,0.3145007836654121
2.0,11.8,15.56,1,0,1,0.6489512425024108
1.0,29.99,8.37,1,0,0,0.4427350824493899
1.0,259.99,14.16,1,0,0,0.3257470945938754
1.0,189.0,17.76,1,0,0,0.3283473908558224
1.0,299.0,15.7,1,0,0,0.31634931993633475
2.0,168.9,62.25,1,0,0,0.4674351492767098
1.0,58.99,16.66,1,1,0,0.37910563398918457
1.0,45.9,16.11,1,0,0,0.3918570742726627
2.0,64.89,15.56,1,0,1,0.5700506265876172
1.0,19.45,38.41,1,0,0,0.3948248366277531
1.0,175.8,12.73,2,1,1,0.9999999999986287
1.0,59.9,25.18,1,0,0,0.3608159212297798
1.0,29.99,9.09,1,0,0,0.4386913625276105
1.0,151.98,17.97,1,0,0,0.336306713306554
1.0,69.9,13.08,1,0,0,0.38247381675316827
1.0,39.9,17.92,1,0,0,0.3935027076959598
1.0,56.99,14.15,1,0,0,0.3879514848140964
1.0,45.95,15.1,1,0,0,0.3947284200849459
1.0,159.0,27.87,1,0,0,0.3170953828422034
1.0,149.0,8.3,1,0,0,0.3712412209801658
1.0,53.99,14.46,1,0,0,0.3893930741221606
1.0,269.9,19.99,1,0,0,0.3103627913012921
1.0,59.0,37.1,1,0,0,0.3461064495940555
2.0,25.8,15.42,1,0,1,0.6131980202990273
1.0,535.9,18.5,1,0,0,0.28972991100385354
1.0,77.99,7.8,1,0,0,0.40187062326008277
1.0,23.9,16.36,1,0,0,0.42171446487393766
1.0,85.9,14.33,1,0,0,0.3694422292727655
1.0,19.9,15.1,1,0,0,0.4342819700939666
1.0,561.9,18.68,1,0,0,0.2878100501395173
1.0,18.6,15.1,1,0,0,0.43757784954014906
1.0,199.7,38.95,1,1,0,0.29645753774828687
1.0,24.95,14.1,1,0,0,0.426532003729026
1.0,38.9,25.63,1,0,0,0.37922078911946244
1.0,86.99,13.63,1,0,0,0.37113709191343924
1.0,39.9,7.78,1,0,0,0.43271134172083686
1.0,220.0,61.6,1,0,0,0.27789811273797077
2.0,75.9,17.64,1,0,1,0.5570921891091427
1.0,107.9,22.69,3,1,1,0.9999999999998999
1.0,318.98,17.11,1,0,0,0.31054784900288185
1.0,689.9,40.18,1,0,0,0.2547781911380844
1.0,13.65,15.1,1,0,0,0.4528006881897807
1.0,56.97,10.6,1,0,0,0.40133243412369074
1.0,329.0,28.62,1,0,0,0.28988804836137433
1.0,50.0,22.28,1,0,0,0.373851591331153
1.0,129.9,15.67,1,0,0,0.34834468860666246
1.0,1658.83,34.48,1,0,0,0.23502070536422484
1.0,409.38,17.04,1,0,0,0.3019766667896707
1.0,129.0,15.78,1,0,0,0.34832580777329775
1.0,65.0,16.89,1,0,0,0.3742339442695729
1.0,189.0,12.34,1,0,0,0.34378708048428547
1.0,16.0,8.88,1,0,0,0.4705912105415087
1.0,44.9,8.88,1,0,0,0.4207264692069378
1.0,87.99,17.87,1,0,0,0.35878718692060674
1.0,67.5,11.97,1,0,0,0.38807467816261243
1.0,42.0,14.12,1,0,0,0.40191139391972885
1.0,119.9,18.09,1,1,0,0.3454866152338221
1.0,25.0,21.48,1,0,0,0.4073361161100263
1.0,19.9,11.85,1,1,0,0.445752818457975
1.0,49.9,13.01,1,0,0,0.3977877977388199
2.0,379.96,34.18,1,0,0,0.45760444539648854
1.0,139.9,15.73,1,0,0,0.3451980468641901
1.0,27.99,7.78,1,0,0,0.4496743860684089
1.0,81.99,12.07,1,0,0,0.37918012004942764
1.0,149.97,18.63,1,0,0,0.3353361643475733
1.0,139.0,40.36,1,0,0,0.30856924026791205
1.0,14.99,15.23,1,0,0,0.44777306006839995
1.0,98.44,22.4,1,0,0,0.3446639230837416
1.0,9.0,15.23,1,0,0,0.47305244793264956
1.0,388.0,15.27,1,0,0,0.3082156758831635
1.0,219.9,18.67,1,0,0,0.3205982663702912
1.0,23.49,24.66,1,0,0,0.40428987330224
1.0,99.49,17.95,1,0,0,0.3534630518748087
1.0,295.0,14.51,1,0,0,0.32008285294389316
1.0,110.0,0.0,1,0,1,0.5351155728881285
1.0,124.99,21.67,1,0,0,0.3363570221413333
6.0,179.94,109.38,1,0,0,0.4442710263928344
1.0,79.0,16.8,1,0,0,0.36602778573987177
1.0,99.9,19.67,1,0,0,0.34943357458576096
1.0,105.0,67.03,1,0,0,0.30199971769823153
1.0,32.99,16.05,1,0,0,0.4072827088812886
1.0,194.97,53.37,1,0,0,0.28668409578016457
1.0,32.9,14.1,1,0,0,0.4133597808523715
1.0,89.49,8.37,1,0,0,0.3924503366061527
1.0,15.9,16.79,1,0,0,0.4403337900128406
1.0,609.0,30.34,1,0,0,0.2677876940597516
1.0,79.9,14.87,1,0,0,0.37090281949394344
1.0,56.89,16.97,1,1,0,0.3798977607386707
1.0,527.9,25.63,1,0,0,0.27818043836542616
1.0,59.0,16.11,1,0,0,0.3805851231612899
1.0,119.99,18.09,1,1,0,0.34545623049117113
2.0,107.8,37.96,1,0,1,0.5073212984794441
1.0,330.0,25.03,1,0,0,0.2946833577041274
1.0,19.9,18.23,1,0,0,0.42561372543217413
1.0,969.99,51.25,1,0,0,0.2376317900625208
1.0,95.03,17.92,1,0,0,0.3554419089935799
1.0,39.9,11.85,1,0,0,0.41244254170582745
1.0,79.9,15.44,1,0,0,0.36923967883247183
2.0,227.78,135.44,1,0,0,0.42666109843085526
1.0,29.0,11.85,1,0,0,0.42751449725792356
1.0,199.1,14.41,1,0,0,0.3350881817878614
1.0,33.6,11.85,1,0,0,0.42051161487942346
1.0,54.9,11.15,1,0,0,0.4006304767437411
1.0,109.0,21.16,1,0,0,0.3428378268479189
1.0,319.99,41.17,1,0,0,0.2782169747983892
1.0,809.0,22.37,1,0,0,0.26968362381064376
1.0,228.0,26.58,1,1,0,0.30551316030475206
,,,1,0,0,0.3610559326759919
1.0,93.0,19.62,1,0,0,0.35250553900121384
1.0,27.99,7.78,1,1,0,0.4496743860684089
1.0,33.0,8.72,1,0,0,0.4361396550479183
1.0,12.0,15.1,1,0,0,0.4591821646448942
1.0,49.9,7.78,1,0,0,0.4222505148598961
1.0,16.9,16.79,1,0,0,0.43734255809493394
1.0,139.98,19.95,1,0,0,0.3352355525837171
1.0,87.5,34.41,1,0,0,0.33257475871009096
1.0,34.3,18.23,1,0,0,0.3997284374197176
1.0,135.0,22.25,1,0,0,0.3322376849137564
,,,1,0,0,0.3610559326759919
1.0,34.99,8.72,1,0,0,0.43334873721139516
1.0,49.9,23.11,1,0,0,0.3723946148819627
1.0,53.99,20.65,1,0,0,0.37368431694060383
1.0,85.0,16.84,1,0,0,0.3628059133038932
1.0,289.0,81.92,1,0,0,0.26028053930009937
1.0,69.9,12.83,1,0,0,0.38335261144194743
1.0,29.99,14.24,1,0,0,0.4172800102691828
1.0,49.9,13.71,1,0,0,0.39537802817932965
1.0,59.9,17.67,1,0,0,0.3758428703844311
1.0,79.99,16.53,1,1,0,0.36620075545734854
1.0,79.99,15.66,1,0,0,0.3685684117647818
1.0,139.9,17.89,1,0,0,0.3397644558810058
1.0,65.0,14.33,1,0,0,0.38154109791120067
1.0,72.9,27.05,1,0,0,0.3495142118182841
1.0,109.0,19.95,1,0,0,0.3452698744281891
1.0,79.9,18.44,1,0,0,0.3615243408707702
1.0,45.9,18.42,1,0,0,0.3859036427581162
1.0,44.85,13.89,1,0,0,0.399647275100352
1.0,55.0,34.19,1,0,0,0.35226009165504607
1.0,599.0,17.94,1,0,0,0.28726791904897553
1.0,69.9,16.74,1,0,0,0.3714582208935441
1.0,79.99,7.81,1,0,0,0.4006873130200005
1.0,143.0,17.44,1,1,0,0.3399598483397423
1.0,134.64,62.74,1,0,0,0.29481063232838733
1.0,89.9,7.89,1,0,0,0.39506462999622055
2.0,95.8,25.38,1,0,1,0.5300482989081089
1.0,49.8,14.1,1,0,0,0.39418647618377256
1.0,129.99,26.19,1,0,0,0.32726602044735853
1.0,68.99,14.23,1,0,0,0.3792385005606476
1.0,58.99,15.51,1,0,0,0.3822832968904132
1.0,16.0,14.1,1,0,0,0.44818742385148924
1.0,17.9,11.85,1,0,0,0.45095297320642175
1.0,189.0,16.07,1,0,0,0.33249273619833797
1.0,35.0,11.85,1,0,0,0.41858431138513186
1.0,52.9,23.24,1,0,0,0.3695763165935073
1.0,63.49,16.2,1,0,0,0.37710196696061865
1.0,176.26,24.1,1,0,0,0.31878444745533946
1.0,27.9,9.34,1,0,0,0.4408453999775356
1.0,79.0,15.3,1,0,0,0.3701281537185772
1.0,103.9,38.52,1,0,0,0.32149531761215583
1.0,56.99,15.15,1,0,0,0.38486957180892645
1.0,68.8,23.41,1,0,0,0.35785944733906655
1.0,198.99,10.21,1,0,0,0.3501503978765788
1.0,122.99,15.61,1,0,0,0.3507267612462076
1.0,79.9,39.55,1,0,0,0.33106681974335733
1.0,20.0,7.4,1,0,0,0.46860816014702067
1.0,34.9,25.19,1,0,0,0.3848964511948641
1.0,72.0,12.0,1,0,0,0.38511383313620234
1.0,23.99,15.1,1,1,0,0.42522997928022427
3.0,225.0,39.24,1,0,0,0.4739629139964842
1.0,669.9,11.94,1,0,0,0.29967375925855555
2.0,119.8,17.76,1,0,1,0.5361949740023648
1.0,81.0,57.34,1,0,0,0.3173118079545813
1.0,17.0,19.04,1,0,0,0.4313028689213567
1.0,89.9,17.81,1,0,0,0.35802797597496683
1.0,388.9,26.85,1,0,0,0.28653322854534863
2.0,484.0,42.84,1,0,0,0.4385049333190412
1.0,29.99,50.85,1,0,0,0.3639231996922581
1.0,15.75,16.05,1,1,0,0.44288911414373205
1.0,99.9,27.0,1,0,0,0.336564756693483
1.0,152.72,15.82,1,1,0,0.341465815933048
1.0,599.0,15.4,1,0,0,0.2931711994051078
1.0,86.96,26.11,1,0,0,0.3435711431028111
1.0,199.1,17.15,1,0,0,0.3278021989409877
1.0,119.0,15.93,1,0,0,0.3511983728373921
1.0,44.9,12.79,1,0,0,0.40340637694010023
1.0,148.9,17.69,1,0,0,0.3377659511579517
1.0,23.9,14.52,1,0,0,0.42723226300138334
1.0,66.99,27.75,1,0,0,0.352068668643807
1.0,49.8,14.1,1,0,0,0.39418647618377256
1.0,99.99,11.9,1,0,0,0.3713259689506776
1.0,118.56,12.33,1,0,0,0.36259119055306105
1.0,24.49,10.96,1,0,0,0.43939367861529216
1.0,39.97,15.1,1,0,0,0.4011273962549344
1.0,59.9,23.22,1,0,0,0.3641713896770233
1.0,35.7,15.65,1,0,0,0.40474051459679494
4.0,214.0,61.48,1,0,0,0.4580600590021531
1.0,50.0,15.1,1,0,0,0.39089373350504514
1.0,17.89,19.04,1,0,0,0.4288152440640189
1.0,459.0,19.18,1,0,0,0.29349311312155385
1.0,10.75,15.1,1,0,0,0.4646403984726249
1.0,46.5,23.5,1,0,0,0.37483191838597657
1.0,369.0,130.46,1,0,0,0.24019501998471834
1.0,59.9,14.59,1,0,0,0.38434712637936236
1.0,175.99,16.86,1,0,0,0.33323991955615323
2.0,439.94,107.1,1,0,0,0.40796713088229136
1.0,448.89,14.64,1,0,0,0.30486846347799157
1.0,149.9,78.07,1,0,0,0.2840474829508326
1.0,10.9,16.79,1,0,0,0.45897934554574255
1.0,129.0,18.15,1,0,0,0.3423993637199527
2.0,58.0,36.46,1,0,1,0.5375168653261603
1.0,13.9,34.15,1,0,0,0.415735939916304
1.0,132.7,35.45,1,0,0,0.31501444542765256
1.0,239.0,17.43,1,0,0,0.3202859052919083
1.0,134.9,19.91,7,1,1,0.9999999999999474
1.0,32.9,12.79,1,0,0,0.4179079567246277
1.0,109.9,30.0,1,0,0,0.32863793307316413
1.0,44.99,34.15,1,0,0,0.36105987742130713
1.0,26.1,8.29,1,0,0,0.4499279527975288
1.0,199.99,17.16,1,0,0,0.3276087075119002
1.0,59.49,22.13,1,0,0,0.3664851117292279
1.0,37.9,11.85,1,0,0,0.4148448141195794
1.0,64.0,15.21,1,0,0,0.37955212748490297
1.0,139.9,43.39,1,0,0,0.30577559108239344
1.0,49.95,12.69,1,0,0,0.3988933897839705
1.0,80.8,37.48,1,0,0,0.33260775982157875
1.0,119.0,38.58,1,0,0,0.31613261647166435
1.0,77.08,11.15,1,0,0,0.38551289292963475
1.0,1054.0,95.83,1,1,0,0.21860945241828544
1.0,38.0,15.1,1,0,0,0.4034678518183915
1.0,64.9,24.1,1,0,0,0.3591618357690357
1.0,33.8,15.1,1,0,0,0.4089323701799766
1.0,64.33,16.15,1,1,0,0.37666149568440044
1.0,39.9,14.1,1,0,0,0.4043469903964696
1.0,36.99,23.06,1,0,0,0.3859833223362681
2.0,2680.0,52.06,1,0,0,0.3689921778269331
1.0,19.9,15.1,1,0,0,0.4342819700939666
1.0,42.0,18.23,1,0,0,0.3903949442870464
3.0,138.0,22.74,1,0,1,0.5189356802573203
1.0,91.0,16.4,1,0,0,0.36107044336158084
1.0,38.0,12.48,1,0,0,0.4122861201430414
1.0,53.9,13.4,1,0,0,0.3929375636852875
1.0,139.0,23.91,1,0,0,0.3282227036262143
1.0,199.7,15.49,1,0,0,0.33192140049744145
1.0,120.0,18.72,1,0,0,0.3440182937163413
1.0,34.99,7.78,1,1,0,0.4389430905035692
1.0,99.9,18.13,1,0,0,0.352868728499066
1.0,137.0,16.4,1,0,0,0.34426094977744504
1.0,180.0,12.28,1,0,0,0.3459127129396791
1.0,189.9,8.67,1,0,0,0.35940400389201443
1.0,167.5,14.29,1,0,0,0.34216526890384463
1.0,39.9,15.7,1,0,0,0.3994372838220674
1.0,65.0,15.56,1,0,0,0.3778568311172908
1.0,179.9,45.34,1,0,0,0.2949883681226733
1.0,57.89,16.32,1,0,0,0.3808523781380564
1.0,155.9,25.93,1,0,0,0.3206136517560897
2.0,37.2,30.2,1,1,1,0.5664337706648125
1.0,84.99,19.13,1,0,0,0.3573447780952872
1.0,199.9,19.28,1,0,0,0.3228768466696326
1.0,110.0,15.52,1,0,0,0.3555528865747242
1.0,99.0,14.44,1,0,0,0.3630930492786729
1.0,42.2,13.88,1,0,0,0.4024806333817928
1.0,320.99,12.86,1,0,0,0.32205694838518445
1.0,29.99,14.1,1,0,0,0.41773896059385945
1.0,122.99,36.63,1,0,0,0.31674359825273707
1.0,299.98,18.81,1,0,0,0.30896904051254753
1.0,38.99,8.72,1,0,0,0.42822275532819426
2.0,230.0,38.9,1,0,0,0.473065034009667
1.0,39.9,21.15,1,0,0,0.38624004295571895
1.0,29.0,8.36,1,0,0,0.4444117982366895
4.0,140.0,65.28,1,0,0,0.47415193315204923
1.0,38.0,11.85,1,0,0,0.41472145980593145
1.0,39.9,8.11,1,0,0,0.4306748895966905
1.0,44.9,19.5,1,0,0,0.38440547865756586
1.0,24.99,15.23,1,0,0,0.4228698615298023
1.0,49.9,20.99,1,0,0,0.37648287573659356
2.0,1650.8,89.59,1,0,0,0.3657951868255761
1.0,75.0,18.63,1,0,0,0.3637861397577631
1.0,74.9,17.77,1,0,0,0.36587779637034784
1.0,34.9,15.1,1,0,0,0.4074326160034307
1.0,148.47,18.92,1,0,0,0.3350939678539253
1.0,70.0,9.24,1,0,0,0.3985793246531598
1.0,89.9,42.91,1,0,0,0.3233246097950024
1.0,49.0,7.6,1,0,0,0.42423814635257023
1.0,40.0,18.59,1,0,0,0.3917624509549926
1.0,176.99,25.75,5,1,1,0.9999999999999387
4.0,56.0,56.4,1,0,1,0.5217230780588465
1.0,31.9,8.11,1,0,0,0.4413202427825591
1.0,11.55,15.23,1,0,0,0.46067412108416916
6.0,245.94,71.1,1,0,0,0.4466348150245068
1.0,105.0,16.93,1,0,0,0.3537278800994804
1.0,49.9,17.6,1,0,0,0.38414305322384035
1.0,31.9,9.09,1,0,0,0.43573123533937275
1.0,47.49,12.93,1,0,0,0.40033029136238624
1.0,51.0,12.7,1,0,0,0.3979108024818018
1.0,14.9,7.78,1,0,0,0.48070696927210266
1.0,339.99,17.59,1,0,0,0.30718478521418835
1.0,219.0,16.28,6,1,1,0.999999999999944
1.0,19.9,15.1,1,0,0,0.4342819700939666
1.0,112.0,44.86,1,0,0,0.313091767616097
1.0,34.9,15.1,1,0,0,0.4074326160034307
1.0,139.9,25.47,1,0,0,0.32548623945826116
1.0,19.9,25.63,1,0,0,0.41054541522458643
1.0,22.99,16.05,1,0,0,0.42446150871476407
1.0,161.9,19.23,1,0,0,0.33104639604802455
1.0,39.99,13.86,1,0,0,0.40503369489854674
1.0,29.9,15.1,1,0,0,0.4147111026348986
1.0,130.0,20.15,1,0,0,0.3377589558585119
1.0,149.99,9.8,1,0,0,0.3633116194701235
1.0,10.49,7.87,1,0,0,0.4976363887527606
1.0,130.0,14.66,1,0,0,0.3511872940359574
2.0,65.8,29.04,1,0,1,0.541359407522577
1.0,13.99,12.79,1,0,0,0.4594645833427682
1.0,59.0,15.16,1,0,0,0.38329722934879235
1.0,110.0,27.04,1,0,0,0.3326294500561481
1.0,42.1,13.37,1,0,0,0.4043178847845086
1.0,940.5,21.46,1,0,0,0.26662075846080413
2.0,271.8,32.4,1,1,0,0.47374281002569
1.0,139.99,16.74,1,0,0,0.34252935261300826
1.0,279.9,17.68,1,1,0,0.31392664790482167
1.0,151.0,8.31,1,0,0,0.37063704647686035
1.0,54.9,17.96,1,1,0,0.37898660592808514
1.0,76.99,8.73,1,0,0,0.3970535431726444
1.0,81.0,8.76,1,0,0,0.39465141439778345
1.0,40.0,22.21,1,0,0,0.38402102390269643
1.0,49.9,14.1,2,1,1,0.9999999999988882
1.0,139.9,12.68,1,0,0,0.35456447060421437
1.0,59.9,19.01,1,0,0,0.3726657088198067
1.0,239.9,18.96,1,0,0,0.3167541585656212
1.0,110.0,20.26,1,0,0,0.3442587692033082
1.0,79.9,13.92,1,0,0,0.37384526617287756
1.0,49.97,15.45,1,0,0,0.3898874600453439
1.0,109.9,18.34,1,1,0,0.34845387920030185
2.0,229.98,35.48,1,0,0,0.47693691933241567
1.0,80.0,18.66,1,0,0,0.3609639718730805
1.0,127.0,34.69,1,0,0,0.31750161670315963
1.0,75.6,32.83,1,0,0,0.34037583410116756
3.0,287.70000000000005,60.48,1,0,0,0.44625598663682464
1.0,109.99,27.21,1,0,0,0.33238771620467794
2.0,318.99,154.37,1,0,0,0.4085635751029797
1.0,126.79,33.75,1,0,0,0.31858228900170005
1.0,99.9,8.46,1,0,0,0.38717640105933004
1.0,59.9,16.61,1,0,0,0.37856168322457284
1.0,179.9,30.38,1,0,0,0.30921751110992635
1.0,179.9,17.7,1,0,0,0.3303776886899438
1.0,107.0,13.19,1,0,0,0.36384991497532254
1.0,212.0,12.98,1,1,0,0.33714796747390596
1.0,45.95,12.79,1,0,0,0.40234458160813996
1.0,43.9,27.73,1,0,0,0.37051841518787526
1.0,229.9,16.36,1,0,0,0.3243234964306131
2.0,35.98,26.94,1,0,1,0.5729182054058944
1.0,28.99,7.71,1,0,0,0.44842313209141077
1.0,114.35,58.88,1,0,0,0.3030022393695393
1.0,69.9,19.98,1,0,0,0.363822542337135
1.0,9.0,15.23,1,0,0,0.47305244793264956
1.0,59.9,16.86,4,1,1,0.9999999999999474
1.0,79.9,23.43,1,0,0,0.3514851102088226
1.0,83.41,18.16,6,1,1,0.9999999999999518
1.0,169.99,17.38,1,0,0,0.33332073556845243
1.0,30.5,14.1,1,0,0,0.4169391562256079
1.0,84.0,15.34,1,0,0,0.3673844507456808
1.0,199.99,25.05,1,0,0,0.31256387768147154
2.0,258.0,45.22,1,0,0,0.462005401131895
1.0,39.9,18.0,1,0,0,0.3933049412568946
1.0,159.9,17.37,1,0,0,0.33572790403746156
,,,1,0,0,0.3610559326759919
1.0,67.9,16.73,1,0,0,0.3727464894492027
2.0,17.0,33.58,1,0,1,0.5993691819137312
1.0,19.9,12.8,1,0,0,0.4420666721208872
1.0,139.8,23.91,1,0,0,0.3279985969869917
1.0,61.5,13.58,1,0,0,0.38642352872599256
1.0,24.5,16.79,1,0,0,0.4193375010267574
1.0,229.9,28.59,7,1,1,0.9999999999999385
1.0,73.9,11.62,1,0,0,0.38545163223422496
1.0,85.9,14.33,1,0,0,0.3694422292727655
1.0,539.0,22.68,1,0,0,0.2819292752630764
1.0,330.0,19.53,1,0,0,0.30411842284665574
1.0,59.0,9.16,1,0,0,0.40667935183469267
1.0,59.9,13.44,1,0,0,0.3880689520143738
2.0,39.8,24.96,1,0,1,0.571470788744013
2.0,819.8,72.06,1,0,0,0.39826506400379
3.0,79.97,31.6,1,0,1,0.5290376069259409
2.0,42.35,15.68,1,0,1,0.5893754164616825
1.0,12.97,14.52,1,0,0,0.4571773099294963
1.0,38.9,14.57,1,0,0,0.40401695547381644
1.0,69.9,13.08,1,0,0,0.38247381675316827
2.0,70.0,32.22,1,0,1,0.5340148452400303
1.0,279.99,49.4,1,0,0,0.2767139262627387
1.0,12.88,18.23,1,0,0,0.4469167692786979
2.0,49.8,18.18,1,0,1,0.5751127433291887
1.0,19.9,18.23,1,0,0,0.42561372543217413
1.0,35.9,12.79,1,0,0,0.41379877131423143
1.0,199.0,32.79,1,0,0,0.3027086980141254
1.0,219.9,15.74,1,0,0,0.32759320945467746
1.0,209.99,24.23,1,0,0,0.31203783227415605
1.0,69.9,11.1,1,0,0,0.3900226665552846
1.0,244.0,28.99,1,0,0,0.29985464900888725
1.0,53.9,11.77,1,0,0,0.3989330696761552
1.0,56.99,14.15,1,1,0,0.3879514848140964
1.0,13.0,7.87,1,0,0,0.4869318855113851
1.0,724.0,19.82,1,0,0,0.2774974761256307
1.0,44.9,8.88,1,0,0,0.4207264692069378
1.0,105.0,21.22,1,0,0,0.34424378700445507
1.0,99.9,14.87,1,0,0,0.3614232530869162
1.0,244.99,14.02,1,0,0,0.3283807087332388
1.0,858.9,13.27,1,0,0,0.2874336762116507
1.0,18.99,9.34,1,0,0,0.45962354700542174
1.0,59.99,15.52,1,0,0,0.3815091467910801
2.0,199.94,32.28,1,0,0,0.48696438127477504
1.0,79.9,19.53,1,0,0,0.35907792243455283
1.0,85.0,19.83,1,0,0,0.35582073133456754
1.0,34.9,17.6,1,0,0,0.4004928830617012
1.0,67.0,19.67,1,0,0,0.3663172800401413
1.0,99.99,13.72,1,0,0,0.3649382494808131
1.0,135.0,31.6,1,0,0,0.3186132820063914
1.0,204.9,18.68,1,0,0,0.323223910900959
1.0,12.89,16.79,1,1,0,0.45067721579716497
1.0,330.0,16.76,1,0,0,0.31016870977743327
2.0,58.0,30.2,1,0,1,0.545532699102329
1.0,25.9,15.1,1,0,0,0.42155174518167154
1.0,110.32,15.65,1,0,0,0.35507170504391405
1.0,49.0,7.87,1,0,0,0.4225330429051415
1.0,845.0,36.12,1,0,0,0.252202874005842
1.0,118.99,18.71,1,0,0,0.3443823895476321
1.0,14.9,16.79,1,0,0,0.44352756552180395
1.0,53.79,10.83,1,0,0,0.40292668333928283
1.0,49.9,11.85,1,0,0,0.4021243766796013
1.0,59.9,23.0,1,0,0,0.36456883702254805
1.0,149.0,14.79,1,0,0,0.3453210707348919
1.0,40.0,13.47,1,0,0,0.40634139969309
1.0,99.9,0.0,1,0,1,0.5394449364552412
1.0,20.9,11.85,1,1,0,0.4433549001824564
1.0,41.14,19.32,1,0,0,0.38878321384246156
1.0,79.0,13.57,1,0,0,0.3754775926803514
1.0,68.0,25.76,1,0,0,0.35443650717188907
1.0,99.99,16.95,1,0,0,0.35570394456271076
1.0,46.9,17.92,1,0,0,0.38614133532961337
1.0,99.99,21.5,1,0,0,0.3457051172959791
1.0,229.0,53.98,1,0,0,0.28070275826069085
1.0,119.9,19.81,1,0,0,0.3416994542999211
1.0,24.99,7.44,1,0,0,0.457404605167079
1.0,159.0,38.95,1,0,0,0.304792044172601
1.0,179.99,36.49,1,0,0,0.3025338833817775
1.0,72.99,28.91,1,0,0,0.34681142068580245
1.0,99.9,73.42,1,0,0,0.30097477584002
1.0,148.99,9.86,1,0,0,0.36330579950401154
2.0,339.8,31.9,1,0,0,0.4651227437037876
1.0,374.9,18.57,1,0,0,0.30163740835850433
1.0,19.99,12.8,1,0,0,0.44184609506793443
1.0,129.0,27.45,1,1,0,0.3257398378990077
1.0,71.4,12.0,1,0,0,0.3854816643670501
1.0,79.99,17.81,1,0,0,0.3629689706696626
1.0,285.9,17.21,1,0,0,0.3142430072252045
1.0,16.99,13.47,1,0,0,0.4473963995684808
1.0,49.9,14.52,1,0,0,0.39275891741774815
1.0,139.9,22.85,1,0,0,0.32977212898360375
1.0,451.0,60.02,1,0,0,0.2553259856253202
1.0,39.0,13.85,1,0,0,0.4062300644708245
1.0,330.0,10.07,1,0,0,0.33153444052550335
2.0,152.89,32.4,1,0,0,0.49848538157703054
1.0,225.0,30.36,1,0,0,0.30106705775127796
1.0,79.99,8.72,1,0,0,0.395421058190916
1.0,199.0,25.74,1,0,0,0.3117091488399391
1.0,50.99,14.11,1,0,0,0.3930844812883001
,,,1,0,0,0.3610559326759919
1.0,149.0,61.11,1,0,0,0.2919427949078534
,,,1,0,0,0.3610559326759919
2.0,216.0,124.1,1,0,0,0.4318326893627439
1.0,129.8,18.16,1,0,0,0.34212844493733313
1.0,45.49,11.85,1,0,0,0.4063673025493724
1.0,120.0,50.71,1,0,0,0.3061936107590767
1.0,44.0,15.79,1,0,0,0.3946871977952612
1.0,98.9,14.99,1,0,0,0.361492279613065
1.0,75.9,16.29,1,0,0,0.36909197950927336
1.0,24.9,50.85,1,1,0,0.37239999145545344
1.0,182.9,18.53,1,0,0,0.32786269783950533
1.0,249.99,55.42,1,0,0,0.27686311660793933
1.0,97.0,27.34,1,0,0,0.3372669817474246
1.0,689.9,155.11,1,0,0,0.21832167911045072
1.0,49.0,12.69,1,0,0,0.39976844245492893
1.0,122.99,9.06,1,0,0,0.37513156580750723
1.0,79.9,14.14,1,0,0,0.37314369068221426
1.0,54.9,16.14,1,0,0,0.38370564201206964
1.0,129.9,16.54,1,0,0,0.34603734385944723
1.0,39.9,13.37,1,0,0,0.4068028397129563
1.0,339.9,18.14,1,0,0,0.3059755579120213
1.0,55.0,14.7,1,0,0,0.387816522379662
1.0,57.0,15.28,1,0,0,0.38447833973077633
1.0,9.9,15.1,1,0,0,0.4687292211177814
1.0,17.0,11.85,1,0,0,0.453494594608087
1.0,139.65,15.73,1,0,0,0.3452696501241723
1.0,89.99,18.21,1,0,0,0.35703706971106786
1.0,500.0,15.94,1,0,0,0.29781283934118563
1.0,56.0,17.97,1,0,0,0.3780817331958305
1.0,110.49,16.96,1,0,0,0.3515525351290149
1.0,22.32,22.06,1,0,0,0.4115693038431185
1.0,159.0,13.45,1,0,0,0.34684319070318553
1.0,12.88,18.23,1,0,0,0.4469167692786979
1.0,14.9,18.23,1,0,0,0.43974083364380734
1.0,220.0,16.29,1,0,0,0.32615142527017066
1.0,39.99,15.1,1,0,0,0.40110428588692054
1.0,69.9,0.0,1,0,1,0.5556933290254915
1.0,11.89,17.06,1,0,0,0.45393173523170866
1.0,25.9,16.79,1,0,0,0.4166797294029156
1.0,230.0,18.61,1,0,0,0.31905842475275686
2.0,98.0,26.82,1,0,1,0.526580656418439
1.0,53.99,14.13,1,0,0,0.39044108823796514
3.0,161.7,10.13,1,0,1,0.5500683407841266
4.0,336.0,61.36,1,0,0,0.4393204210810768
1.0,745.0,35.05,1,0,0,0.25687139618966914
1.0,38.0,11.85,1,0,0,0.41472145980593145
1.0,279.0,16.12,1,0,0,0.3177841667923678
1.0,120.0,9.14,1,0,0,0.37575533462167826
1.0,9.9,15.23,1,1,0,0.4683243985358488
1.0,15.9,21.15,1,0,0,0.42983908380620495
2.0,88.9,40.65,1,0,1,0.5132134973878936
1.0,196.99,65.5,1,0,0,0.2798040835456505
1.0,39.9,15.1,1,0,0,0.4012083821585167
1.0,169.0,18.43,1,0,0,0.33112479489786867
1.0,46.4,16.11,1,0,0,0.3913646596964592
1.0,28.0,18.23,1,0,0,0.40925167081905983
1.0,92.5,17.9,1,0,0,0.35661700421725684
1.0,296.9,18.99,1,0,0,0.3089615173050075
1.0,259.99,19.26,1,0,0,0.3131868072330713
1.0,29.99,19.04,1,0,0,0.4040709897219028
1.0,19.9,7.88,1,0,0,0.46572378968646316
1.0,250.0,16.96,1,0,0,0.3197354373974334
1.0,166.99,8.43,1,0,0,0.3658641969088688
1.0,189.0,10.24,1,0,0,0.3520471279726993
1.0,29.5,13.08,1,0,0,0.422030875658985
1.0,124.0,19.84,1,0,0,0.34028543836473657
1.0,47.99,17.63,1,0,0,0.3858245886961501
1.0,65.0,9.34,1,0,0,0.4013818011275114
1.0,138.5,12.92,1,0,0,0.3541444167183645
1.0,28.38,16.11,1,1,0,0.4142142959973086
2.0,219.8,31.04,1,0,0,0.4845884622642188
1.0,43.9,16.11,1,0,0,0.39388743165764856
1.0,189.9,19.48,1,0,0,0.3244012980611152
1.0,99.9,17.83,1,0,0,0.35357784796989317
1.0,74.8,13.54,1,0,0,0.3779468406804101
1.0,108.0,15.52,1,0,0,0.3563113714113479
1.0,69.9,16.25,1,0,0,0.37276242766936796
1.0,59.9,17.67,1,0,0,0.3758428703844311
1.0,129.5,13.93,1,0,0,0.3535683689313788
1.0,865.9,32.61,1,0,0,0.25479060465348075
1.0,259.9,13.32,1,0,0,0.32833893293417404
1.0,75.0,18.83,1,0,0,0.3633287593685432
1.0,21.6,17.6,1,1,0,0.423248398826313
1.0,76.25,12.66,1,0,0,0.3801561603385949
1.0,143.8,16.71,1,1,0,0.34153602220596524
1.0,9.99,14.1,1,0,0,0.47153015646442864
1.0,165.0,16.78,1,0,0,0.3359439135950273
1.0,105.9,23.32,1,0,0,0.3400486598777601
1.0,89.9,32.43,1,0,0,0.33372946416356264
1.0,119.9,68.99,1,0,0,0.29606883823478125
1.0,119.99,47.37,3,1,1,0.9999999999998843
1.0,527.9,63.98,1,0,0,0.24867653027671408
1.0,29.9,7.47,1,0,0,0.4484963751725127
1.0,19.9,13.37,1,0,0,0.43999872713645577
1.0,22.83,22.09,1,0,0,0.4104299948033493
1.0,169.0,18.43,1,0,0,0.33112479489786867
2.0,458.0,116.54,1,1,0,0.4035228783881533
2.0,70.0,25.5,1,0,1,0.5441873970667381
1.0,99.0,62.56,1,0,0,0.3065132513345789
1.0,49.9,15.16,1,0,0,0.39080513507720177
1.0,49.9,17.6,1,0,0,0.38414305322384035
1.0,37.9,8.88,1,0,0,0.4286761472715849
1.0,52.9,19.34,1,0,0,0.37741143618407536
1.0,59.9,17.99,1,0,0,0.3750591978473973
1.0,90.0,17.76,1,0,0,0.3581016390559016
4.0,559.6,190.04,1,0,0,0.38052570136404695
1.0,126.12,16.32,1,0,0,0.3478002070098386
1.0,169.9,34.95,1,0,0,0.30620950019921417
1.0,65.0,18.26,1,0,0,0.3708332241807756
1.0,29.9,18.31,1,0,0,0.4059569608918491
2.0,119.8,35.4,1,0,1,0.50552599417057
1.0,7.5,15.1,1,0,0,0.4824778022789684
1.0,139.94,22.61,1,0,0,0.33018267325793393
1.0,143.8,15.91,1,0,0,0.343614765864127
1.0,14.49,12.79,1,0,0,0.457724712869844
1.0,29.98,16.6,1,1,0,0.41025257715630853
1.0,59.9,14.69,1,0,0,0.3840394962869253
1.0,24.99,37.09,1,0,0,0.38444912381410185
1.0,399.0,20.04,1,0,0,0.29655113452972176
1.0,42.9,16.11,1,0,0,0.3949410464370851
1.0,59.0,17.66,1,0,0,0.3765350157159409
1.0,69.99,9.54,1,0,0,0.39707098763859466
1.0,24.99,15.1,1,0,0,0.4232666726178202
1.0,27.9,18.23,1,0,0,0.4094210012174294
2.0,107.8,0.0,1,0,1,0.7160055483241267
1.0,59.9,7.78,1,0,0,0.41385954648139295
1.0,279.9,19.84,1,0,0,0.30934940326383675
1.0,14.3,18.23,1,1,0,0.4417619924070394
1.0,99.0,22.0,1,0,0,0.34516895215858096
1.0,294.0,16.81,1,0,0,0.3141828227662009
1.0,62.99,11.73,1,0,0,0.3920834037583987
1.0,90.0,8.37,1,0,0,0.3922026890069501
1.0,159.0,55.38,1,0,0,0.2927815458360369
1.0,69.99,14.66,1,0,0,0.37727444286995465
1.0,199.0,13.73,1,0,0,0.33716939387367395
1.0,159.9,7.98,1,0,0,0.37017605507929924
1.0,49.9,17.6,1,0,0,0.38414305322384035
1.0,269.89,61.12,1,0,0,0.2712262598667887
1.0,116.6,17.55,1,0,0,0.3478980616505379
1.0,120.0,7.87,1,0,0,0.3827679062103975
1.0,19.95,15.1,1,1,0,0.43415977721941884
1.0,89.99,15.39,1,0,0,0.3643139521676712
3.0,359.97,47.16,1,0,0,0.44684546693235055
1.0,15.0,15.23,1,0,0,0.4477401730774159
1.0,79.9,19.75,11,1,1,0.9999999999999529
1.0,39.9,18.08,1,0,0,0.3931081902711405
1.0,8.5,8.72,1,0,1,0.5029940039148902
3.0,90.0,22.17,1,0,1,0.5392496771184758
1.0,84.99,19.99,1,0,0,0.3554873062601033
1.0,178.99,13.69,4,1,1,0.9999999999999383
1.0,19.89,17.06,1,0,0,0.4286643255929806
2.0,119.8,22.06,1,0,1,0.5262683683781133
1.0,109.99,17.51,1,0,0,0.35037957159813543
1.0,410.0,25.45,1,0,0,0.28670844067567575
1.0,199.98,61.47,1,0,0,0.28126612439363907
1.0,24.9,14.1,6,1,1,0.9999999999999636
1.0,65.0,15.2,1,0,0,0.378899399499778
2.0,37.8,33.58,1,0,1,0.5611757760918601
1.0,380.0,27.95,1,0,0,0.285863800052705
1.0,600.0,76.96,1,0,0,0.2397191282156723
3.0,179.7,53.010000000000005,1,0,0,0.4713738452143616
1.0,99.0,17.94,1,0,0,0.3536915838642762
1.0,179.9,39.05,1,1,0,0.30015172960657793
1.0,60.0,15.17,1,0,0,0.38252169304316747
1.0,29.49,18.31,1,0,0,0.4066071422172685
1.0,34.9,16.6,1,0,0,0.40312391874413056
2.0,78.0,30.74,1,0,1,0.5310471795064726
1.0,34.99,11.85,1,0,0,0.4185977801855452
1.0,19.0,11.85,6,1,1,0.9999999999999665
1.0,174.9,20.1,1,0,0,0.3262729179534091
1.0,29.9,15.1,1,0,0,0.4147111026348986
2.0,84.0,32.22,1,0,1,0.5256236504302714
1.0,233.5,42.39,1,0,0,0.28800262990287556
1.0,112.9,21.28,1,1,0,0.3411811614498421
1.0,149.0,13.7,1,0,0,0.34863269493480276
1.0,28.0,9.34,1,1,0,0.4406727706463672
1.0,16.97,7.78,1,0,0,0.47424042054330023
1.0,63.9,16.21,1,0,0,0.3767919381374933
1.0,45.9,15.98,1,0,0,0.3922210497899929
1.0,39.99,15.1,1,1,0,0.40110428588692054
5.0,596.65,191.95,1,0,0,0.3778267439135739
1.0,108.0,16.52,1,0,0,0.3536161080263324
1.0,76.25,22.24,1,0,0,0.3556081770718537
1.0,39.9,17.26,1,0,0,0.3951743004634443
1.0,205.9,74.16,1,0,0,0.2744794955309736
1.0,47.65,18.23,1,0,0,0.38467020512416933
1.0,245.0,48.38,1,0,0,0.28193195984020825
1.0,119.0,74.69,1,0,0,0.29384171832572487
1.0,104.99,17.98,1,0,0,0.35116806438142195
1.0,89.99,15.39,1,1,0,0.3643139521676712
3.0,569.7,61.71,1,0,0,0.4181129219753195
1.0,129.0,18.7,1,0,0,0.34115366055905005
1.0,129.9,9.1,1,0,0,0.37264415155733205
1.0,176.49,8.98,1,0,0,0.36072494016804
1.0,53.9,23.18,1,0,0,0.36885998711402523
3.0,165.0,69.57000000000001,1,0,0,0.46451302045821813
1.0,225.0,60.58,1,0,0,0.2776493920244454
1.0,254.0,19.88,1,0,0,0.31278023150145157
1.0,99.9,19.89,1,0,0,0.3489687671200503
1.0,12.9,7.39,1,0,0,0.49046510414549344
1.0,31.99,16.11,1,0,0,0.4085580461137708
1.0,64.99,37.37,1,0,0,0.3417427553874536
1.0,159.9,17.0,1,0,0,0.33662650147016293
1.0,59.9,16.39,1,0,0,0.37915121770364946
1.0,12.47,18.23,1,0,0,0.4485141440644393
2.0,117.0,37.02,1,0,1,0.5046929829648686
1.0,118.13,17.02,1,0,0,0.34866814058623274
1.0,899.0,14.63,1,0,0,0.2822036393123428
1.0,148.91,16.8,1,0,0,0.3399252178779225
1.0,59.0,17.69,1,0,0,0.3764607460000538
1.0,102.5,17.97,1,0,0,0.3521819062987227
1.0,99.0,23.27,1,0,0,0.3428795442983608
1.0,63.14,16.2,1,1,0,0.37734494507719096
1.0,319.9,24.74,1,0,0,0.2961912528268998
1.0,115.0,18.38,1,0,0,0.34651173892501463
1.0,69.9,17.74,1,0,0,0.36892921266983464
2.0,159.8,49.52,1,0,0,0.47888298977681215
1.0,135.3,44.8,1,0,0,0.30591916852196865
1.0,129.9,9.72,1,0,0,0.3696004358070167
1.0,59.9,16.18,1,0,0,0.3797225687387746
1.0,300.0,9.84,1,0,0,0.3360769363194429
1.0,35.99,18.35,1,0,0,0.3972042975109832
1.0,12.97,10.96,1,0,0,0.47068859219472853
1.0,53.04,18.25,1,0,0,0.37981930078177367
1.0,125.0,16.5,1,0,0,0.3476935909342176
1.0,148.0,13.48,1,0,0,0.3496081235746584
1.0,819.0,20.61,1,0,0,0.27225461674874085
1.0,119.9,49.27,1,0,0,0.30721179998147874
1.0,108.0,16.52,1,0,0,0.3536161080263324
1.0,49.9,26.43,1,0,0,0.3668071041760637
1.0,25.9,19.95,1,0,0,0.4089208363004016
2.0,57.45,27.58,1,0,1,0.5499081901133911
1.0,159.9,13.25,1,0,0,0.3472712179567386
1.0,139.0,60.2,1,0,0,0.2949740796732239
1.0,169.9,21.68,1,0,0,0.3243494933495546
1.0,495.0,14.61,1,0,0,0.30161728670110405
1.0,139.9,51.7,1,0,0,0.29976823878969416
1.0,119.99,21.33,1,0,0,0.3386326883334893
1.0,179.99,27.58,1,0,0,0.3128206930128414
1.0,159.9,12.32,1,0,0,0.350461235003637
1.0,53.9,13.4,1,0,0,0.3929375636852875
1.0,13.99,7.78,7,1,1,0.9999999999999716
6.0,900.0,105.84,1,0,0,0.38171492186344513
1.0,99.99,17.95,1,0,0,0.3532552067806012
1.0,49.9,8.72,1,0,0,0.41671089628804286
1.0,34.9,14.52,1,0,0,0.40923178049802084
1.0,44.9,7.78,1,0,0,0.4271642937076438
1.0,116.9,15.92,1,0,0,0.351953141106182
1.0,19.9,15.1,1,0,0,0.4342819700939666
1.0,63.72,31.1,1,0,0,0.34966900549736285
1.0,67.99,8.88,1,0,0,0.40177257697740587
2.0,168.0,34.06,1,0,0,0.4922145317156312
1.0,139.0,9.13,1,0,0,0.3696849650170904
1.0,80.0,7.43,1,0,0,0.40308213854698016
1.0,54.99,7.55,1,0,0,0.4192324844361104
1.0,388.0,126.11,1,0,0,0.23954394359761091
1.0,89.9,8.98,1,0,0,0.38892104826698193
1.0,7.0,7.78,1,0,1,0.5182733047518056
1.0,39.0,13.35,1,0,0,0.4079322909597773
1.0,572.0,64.74,1,0,0,0.24595557335489526
1.0,37.9,14.52,2,1,1,0.9999999999989393
1.0,105.1,16.5,1,0,0,0.3547926578578311
1.0,79.99,29.6,1,0,0,0.3420604234897093
1.0,99.49,12.65,1,0,0,0.3687782100729297
1.0,116.6,32.34,1,0,0,0.32344469647279905
1.0,24.99,7.78,1,0,0,0.4551850182188862
1.0,190.0,49.91,1,0,0,0.2898035038199768
1.0,89.99,26.25,1,0,0,0.3419458296318147
2.0,145.89,31.05,1,0,1,0.5023859617868169
1.0,26.15,25.63,1,0,0,0.3975696266773539
1.0,250.0,62.49,1,0,0,0.2731059623256424
1.0,229.9,16.36,1,0,0,0.3243234964306131
2.0,39.73,23.69,1,1,1,0.5738418207586433
1.0,27.99,15.79,1,0,0,0.4157903091702095
1.0,59.9,25.7,1,0,0,0.3599773991861785
2.0,47.89,33.58,1,0,1,0.5499808931194954
1.0,109.99,8.19,1,0,0,0.38458568333114035
1.0,35.0,7.78,1,0,0,0.43892946128575994
1.0,147.5,16.79,1,0,0,0.3403268169346179
1.0,24.5,11.85,1,0,0,0.43562771347604595
1.0,89.9,12.13,1,0,0,0.37498773258280577
1.0,20.9,18.23,1,0,0,0.42324141465234105
1.0,33.0,8.72,1,0,0,0.4361396550479183
1.0,49.95,13.71,1,0,0,0.39533256927456517
1.0,35.9,15.23,1,0,0,0.4057210781181609
1.0,95.03,12.62,1,0,0,0.3708280285465755
1.0,34.9,16.11,1,0,0,0.40448057852771296
1.0,66.99,27.75,1,0,0,0.352068668643807
1.0,59.9,13.44,1,0,0,0.3880689520143738
1.0,103.0,12.22,1,0,0,0.36887274194919883
1.0,82.99,17.83,1,0,0,0.36135570752025165
1.0,28.9,16.11,1,0,0,0.4133530988542952
1.0,14.9,8.27,1,0,0,0.4776626330439768
2.0,119.1,35.34,1,0,1,0.5058604040034038
1.0,119.9,14.59,1,0,0,0.35469347555828096
1.0,35.9,15.23,1,0,0,0.4057210781181609
1.0,25.49,12.79,1,0,0,0.4300865124757935
1.0,349.0,18.2,1,0,0,0.30491843977201644
1.0,39.9,15.1,1,0,0,0.4012083821585167
1.0,129.9,73.5,1,0,0,0.2911045682855882
1.0,27.99,18.3,1,0,0,0.40909654236707493
1.0,229.99,17.24,1,0,0,0.3221598065322767
2.0,25.98,25.58,1,0,1,0.5905940938587484
1.0,120.0,18.99,1,0,0,0.343420793478097
1.0,109.9,12.67,1,0,0,0.36452821528219753
1.0,366.4,27.84,1,0,0,0.2872299931150587
,,,1,1,0,0.3610559326759919
1.0,149.99,40.38,1,0,0,0.30569073041467903
2.0,179.94,28.62,1,0,0,0.4967455431912851
1.0,110.0,27.04,1,0,0,0.3326294500561481
2.0,399.8,54.96,1,0,0,0.4362166140678743
1.0,24.99,8.72,1,0,0,0.44954952382057406
1.0,45.0,7.39,1,0,0,0.4295819430773514
1.0,109.99,34.13,1,0,0,0.3237210194097787
1.0,119.0,35.96,1,0,0,0.3186999748542871
2.0,438.0,26.89,1,0,0,0.4621885518891211
1.0,29.98,7.78,1,0,0,0.4463548827446506
1.0,70.0,23.29,1,0,0,0.35733318384568885
1.0,329.9,87.93,1,0,0,0.2540650504703421
1.0,69.0,19.45,1,0,0,0.3655268132721928
1.0,79.0,17.8,1,1,0,0.36352408503321076
3.0,270.0,49.17,1,1,0,0.4570430465442378
1.0,209.0,20.15,1,0,0,0.3194359111659992
1.0,139.9,12.93,1,0,0,0.3537028966052324
1.0,688.0,41.51,1,0,0,0.2538339486432423
1.0,29.9,9.34,1,0,0,0.43751242840286164
1.0,549.0,54.56,1,0,0,0.2521897613134759
1.0,18.49,15.1,1,0,0,0.437867778592272
1.0,79.99,44.33,1,0,0,0.32685199138660764
1.0,75.0,20.02,1,0,0,0.36072017849099547
1.0,179.0,15.0,1,1,0,0.33749773372516834
1.0,49.9,7.61,1,0,0,0.42332946153985784
1.0,59.99,14.73,1,0,0,0.3838504461733769
1.0,234.0,45.56,1,0,0,0.2855046101466714
1.0,49.0,9.94,1,0,0,0.4112602179251534
1.0,379.9,15.56,1,0,0,0.3081939272559405
1.0,49.0,15.1,1,0,0,0.39180794088939863
1.0,205.0,22.27,1,0,0,0.31620249688080615
1.0,28.99,15.1,1,0,0,0.41617695772014596
1.0,158.0,21.6,1,0,0,0.32728903775261947
1.0,49.0,17.67,1,0,0,0.38478623269646794
1.0,16.9,9.54,1,0,0,0.46434214318207084
1.0,65.0,12.89,1,0,0,0.3863457831713051
1.0,49.9,28.75,1,0,0,0.3633745403377988
2.0,190.99,28.78,1,0,0,0.4939179685884587
1.0,99.9,17.95,1,0,0,0.3532925326036303
1.0,110.0,16.53,1,0,0,0.35283425728334455
1.0,89.99,18.2,1,0,0,0.35706049287291763
1.0,34.99,14.52,1,0,0,0.40911118823954945
1.0,79.99,15.41,1,0,0,0.3692771184275855
1.0,29.9,8.96,4,1,1,0.9999999999999591
1.0,29.9,11.85,1,0,0,0.4260543314122988
1.0,500.0,20.75,1,0,0,0.287671589679414
1.0,139.99,23.91,1,0,0,0.3279455853860994
1.0,99.9,27.43,1,0,0,0.33594298307946596
1.0,27.99,7.46,1,0,0,0.45175614498901423
1.0,145.0,21.5,1,0,0,0.3308129138284082
1.0,34.9,7.78,1,0,0,0.4390659421481199
1.0,139.9,14.73,1,0,0,0.3480179382035202
1.0,31.5,8.38,1,0,0,0.44031554295226066
1.0,325.0,17.15,1,0,0,0.3097893137607594
1.0,54.9,17.95,1,0,0,0.37901099465156496
1.0,109.99,36.85,1,0,0,0.3208783309804445
1.0,49.0,15.1,1,0,0,0.39180794088939863
1.0,251.9,19.04,1,0,0,0.3147959133364873
1.0,219.0,20.44,1,0,0,0.31712785154755463
1.0,129.99,17.16,1,0,0,0.34445023500011174
1.0,25.0,14.1,1,0,0,0.42643570062038444
1.0,49.0,17.67,1,0,0,0.38478623269646794
1.0,224.0,9.33,1,0,0,0.34957193196059005
1.0,58.99,11.43,1,0,0,0.39622640187183766
1.0,35.0,7.78,1,0,0,0.43892946128575994
2.0,538.0,65.26,1,0,0,0.41790558388470805
1.0,31.08,20.8,1,0,0,0.39849581565631165
1.0,21.9,17.92,1,0,0,0.4217641342417589
1.0,47.9,18.89,1,0,0,0.38287591997552495
1.0,119.99,32.44,1,0,0,0.3222054971985559
1.0,29.9,9.34,1,0,0,0.43751242840286164
3.0,50.3,46.38,1,0,1,0.5346011466527328
1.0,79.9,16.32,1,0,0,0.3668069504019955
1.0,47.49,11.73,1,1,0,0.4048663195766942
1.0,239.9,16.43,1,0,0,0.3225607348976499
1.0,12.25,7.39,1,0,0,0.4930455524033214
1.0,48.89,8.27,1,0,0,0.4202237531581202
1.0,21.99,18.25,1,0,0,0.42073954673292735
2.0,119.8,35.34,1,0,1,0.5055979941849877
1.0,101.7,15.92,1,0,0,0.35770264741982805
1.0,17.99,8.72,1,0,0,0.4656823304489151
1.0,499.65,40.41,1,0,0,0.26442973101998346
1.0,128.59,19.0,1,0,0,0.34061963128627576
1.0,39.0,13.85,1,0,0,0.4062300644708245
1.0,99.9,17.27,1,0,0,0.35493974076325796
1.0,49.9,11.73,1,0,0,0.4026001799326912
1.0,45.0,12.48,1,0,0,0.40444526021425914
1.0,89.9,23.5,1,0,0,0.34644688647777605
1.0,39.99,19.47,1,0,0,0.3897394848214428
1.0,572.0,64.74,1,1,0,0.24595557335489526
1.0,40.0,14.52,1,0,0,0.40288293823852683
2.0,119.8,50.52,1,0,0,0.49083175668929
1.0,28.9,15.23,1,0,0,0.4159296248437418
1.0,59.9,14.17,1,0,0,0.38566614564611224
1.0,112.99,14.54,1,0,0,0.35728571653002944
1.0,668.0,17.7,1,0,0,0.28427153019144297
1.0,149.65,8.39,1,0,0,0.37056064508019315
1.0,78.0,16.99,1,0,0,0.36608409848833695
1.0,15.0,7.39,1,0,0,0.48294505609069055
1.0,225.0,36.72,1,0,0,0.2942583242822775
1.0,82.8,17.02,1,0,0,0.363458973676325
1.0,28.8,16.39,1,0,0,0.41273111004132
1.0,99.9,24.14,1,0,0,0.3410260625350034
2.0,129.8,41.88,1,0,0,0.49490164626728517
1.0,31.9,31.02,1,0,0,0.38037996159887816
1.0,129.0,25.74,1,0,0,0.328243685856091
1.0,1085.99,18.94,1,0,0,0.26682984877551774
1.0,170.0,25.54,1,0,0,0.3179036060139079
,,,1,0,0,0.3610559326759919
1.0,55.9,46.92,1,0,0,0.3396331452305667
1.0,13.65,15.1,1,0,0,0.4528006881897807
1.0,30.94,19.99,1,0,0,0.40045239457427806
1.0,47.9,19.32,1,0,0,0.3818942529596102
1.0,129.0,25.53,1,0,0,0.32856488378926274
,,,1,0,0,0.3610559326759919
2.0,386.0,35.2,1,0,0,0.4557201767276809
1.0,82.8,15.33,1,0,0,0.36802775747124034
1.0,99.99,12.43,1,0,0,0.36935614951943013
2.0,39.98,30.2,1,0,1,0.5630202007723245
1.0,69.0,18.72,1,0,0,0.36716700342781455
1.0,139.9,14.58,1,0,0,0.3484601216267891
1.0,13.65,34.15,1,0,0,0.4166161983932365
1.0,79.0,14.31,1,0,0,0.37309835505175815
2.0,143.64,27.04,1,0,1,0.5091132926889477
1.0,117.3,25.66,1,0,0,0.33212482810403715
1.0,44.99,7.58,1,0,0,0.4283464741840254
2.0,194.7,42.97,1,0,0,0.4760763058431213
1.0,31.9,14.1,1,0,0,0.4148157311633416
1.0,198.67,19.19,1,0,0,0.3232984888799763
1.0,1449.0,29.45,1,0,0,0.24358197362248568
1.0,44.99,7.39,1,1,0,0.4295923471745409
1.0,89.99,19.17,1,0,0,0.3548561538399976
1.0,1240.0,72.67,1,0,0,0.22144971940905236
1.0,18.95,10.96,1,0,0,0.4519187686635204
1.0,21.9,15.1,1,1,0,0.4296311972594255
1.0,57.11,13.42,1,0,0,0.39026906207485357
1.0,176.99,43.44,1,0,0,0.2970429563137421
1.0,74.99,13.59,1,0,0,0.3776702541558023
1.0,105.9,13.76,1,0,0,0.36240317540287
1.0,159.0,21.53,1,0,0,0.3271753025873938
1.0,20.9,15.1,1,0,0,0.4318976736201003
1.0,29.9,11.85,1,0,0,0.4260543314122988
1.0,239.99,22.17,1,0,0,0.3105767381779392
,,,1,0,0,0.3610559326759919
1.0,39.9,15.1,1,0,0,0.4012083821585167
1.0,299.99,123.52,1,0,0,0.24792073139144022
1.0,12.9,7.39,1,0,0,0.49046510414549344
1.0,899.99,31.58,1,0,0,0.25471456258750425
1.0,34.99,15.1,1,0,0,0.4073121883851335
1.0,59.9,16.99,1,0,0,0.37756441528621176
1.0,37.0,16.11,1,0,0,0.4017614170534445
1.0,139.0,59.14,1,0,0,0.29555279035315946
1.0,729.0,18.12,1,0,0,0.28061651001839516
1.0,81.9,15.67,1,0,0,0.3675299881801502
1.0,84.9,16.35,1,0,0,0.364138678542706
1.0,79.99,16.81,1,0,0,0.3654694268765179
1.0,89.9,21.12,1,0,0,0.35083894538497656
1.0,75.0,8.11,1,0,0,0.4017352460657166
1.0,248.9,28.0,1,0,0,0.3004244951938247
1.0,66.99,27.75,1,0,0,0.352068668643807
1.0,195.9,17.56,1,0,0,0.32744606837297413
1.0,27.9,18.23,1,0,0,0.4094210012174294
1.0,30.0,20.8,1,0,0,0.40014976576543565
1.0,49.99,20.75,1,0,0,0.3768957275977151
1.0,61.9,16.19,1,0,0,0.3782453117609855
1.0,290.0,12.64,1,0,0,0.32650072097991845
1.0,199.9,29.8,1,0,0,0.3060440300976394
1.0,99.9,21.19,1,0,0,0.3463406738926236
1.0,196.8,13.28,1,0,0,0.3390301115141682
1.0,56.99,17.0,1,1,0,0.3797419238573559
2.0,208.8,23.87,1,0,0,0.4983618771974736
1.0,19.9,15.79,1,0,0,0.43220535645096625
1.0,50.9,17.64,1,0,0,0.38315256757747207
1.0,12.97,14.52,1,0,0,0.4571773099294963
1.0,52.0,11.73,1,0,0,0.40072130623230096
1.0,29.9,16.79,1,0,0,0.40986212842301634
1.0,49.9,7.61,1,0,0,0.42332946153985784
1.0,71.82,17.75,1,0,0,0.3677338093929572
1.0,21.9,11.85,1,0,0,0.4410749800699189
1.0,128.56,18.15,1,0,0,0.34253643986968463
,,,1,0,0,0.3610559326759919
1.0,151.9,19.16,1,0,0,0.3336800978527314
1.0,35.99,16.6,1,0,0,0.40169252737952393
1.0,49.0,8.29,1,0,0,0.4200023340522551
1.0,189.45,26.17,1,0,0,0.3129030475214445
1.0,53.9,21.35,1,0,0,0.37233509454978375
1.0,104.9,16.49,1,0,0,0.3548975716854319
1.0,77.0,15.64,1,0,0,0.37026175896788727
1.0,49.99,25.63,1,0,0,0.36799489688255904
1.0,59.99,17.67,1,0,0,0.37577674588940707
1.0,122.99,14.61,1,0,0,0.35359249345177846
1.0,2399.0,39.51,1,0,0,0.22162662719047185
1.0,38.9,17.6,1,1,0,0.39547144240660104
2.0,179.8,30.76,1,0,0,0.4936395264518621
1.0,241.1,22.7,1,1,0,0.30949435762220867
1.0,15.9,10.96,1,0,0,0.4605776491749863
2.0,242.2,41.27,1,0,0,0.46841693458318684
1.0,99.9,17.95,1,0,0,0.3532925326036303
1.0,59.9,13.44,1,0,0,0.3880689520143738
1.0,160.55,46.71,1,0,0,0.2981190700481093
1.0,149.0,18.61,1,1,0,0.33563545939978223
1.0,89.9,13.65,1,0,0,0.36966744691065534
1.0,16.3,18.23,1,0,0,0.43533583917641466
1.0,139.0,40.36,1,0,0,0.30856924026791205
1.0,350.0,75.04,1,0,0,0.25668962539199447
1.0,81.5,15.32,1,0,0,0.3687336699534279
1.0,330.0,19.56,1,0,0,0.30405860508559573
2.0,118.0,35.32,1,0,1,0.5063001448103976
1.0,91.0,23.22,1,0,0,0.3464323553095069
1.0,120.0,16.73,1,0,0,0.348760466929136
1.0,99.9,12.65,1,0,0,0.36860451468240557
1.0,30.0,14.1,1,0,0,0.41772313755722923
1.0,52.99,12.48,1,0,0,0.39698313714046257
1.0,89.9,21.12,1,0,0,0.35083894538497656
1.0,75.9,23.07,1,0,0,0.3542866577098697
1.0,38.0,11.85,2,1,1,0.9999999999989795
1.0,45.83,7.78,1,0,0,0.42620665371625915
1.0,120.0,28.22,1,0,0,0.3275113862335122
2.0,179.6,34.14,1,0,0,0.4892064887940186
1.0,79.9,21.64,1,0,0,0.3547687361903903
1.0,169.0,17.62,1,0,0,0.33297869293499716
1.0,21.99,14.11,1,1,0,0.43259924450891707
2.0,159.8,47.42,1,0,0,0.48063317597614924
1.0,139.9,16.05,1,0,0,0.3443396373998982
1.0,27.99,11.85,1,0,0,0.4292121893228003
1.0,129.0,9.72,1,0,0,0.36988898332811515
1.0,79.0,23.35,1,0,0,0.35210161212075985
1.0,220.0,22.03,1,0,0,0.3140103591830697
1.0,39.9,9.09,1,1,0,0.4251181121114126
1.0,144.9,43.42,1,0,0,0.30443470680056806
1.0,30.9,7.39,1,1,0,0.44744356537054086
1.0,159.77,15.88,1,0,0,0.33952526381946624
1.0,179.0,49.86,1,0,0,0.29197104484662295
1.0,99.9,0.0,1,0,1,0.5394449364552412
1.0,75.0,16.72,1,0,0,0.36846608019154325
1.0,39.0,15.79,1,0,0,0.4002318444496058
1.0,16.9,34.15,1,0,0,0.4063051218650532
1.0,249.9,88.37,1,0,0,0.26285206456886834
1.0,18.9,18.23,1,0,0,0.4281157498497738
1.0,196.99,50.12,1,0,0,0.2883809943690491
1.0,122.9,16.62,1,0,0,0.3480715463191781
1.0,204.0,62.17,1,0,0,0.2802177413300631
1.0,10.9,12.79,1,0,0,0.4718631262926819
1.0,150.0,8.3,1,0,0,0.37096610993981616
2.0,299.8,33.62,1,0,0,0.46806377790409015
2.0,159.8,30.88,1,0,0,0.4986175964359835
1.0,148.0,14.79,1,0,0,0.34558954011767223
1.0,49.9,20.99,1,0,0,0.37648287573659356
1.0,186.9,21.36,1,0,0,0.32131474628863815
1.0,59.99,15.18,1,0,0,0.38249956830885645
1.0,38.9,34.15,1,0,0,0.36752105146589104
2.0,241.2,24.37,1,0,0,0.491269571454704
2.0,119.8,46.0,1,0,0,0.4946258876226099
1.0,24.7,8.29,1,0,0,0.45261106659431327
1.0,34.5,7.39,1,0,0,0.4421546720322057
1.0,69.9,19.73,1,0,0,0.36435837190004466
1.0,27.9,19.39,1,0,0,0.40666392988698674
1.0,59.9,12.55,1,0,0,0.3912083333913404
2.0,99.8,34.38,1,0,1,0.5149973039311
1.0,89.9,15.38,1,1,0,0.36438480986459926
1.0,198.8,21.88,1,0,0,0.31804229758147384
1.0,151.9,27.14,1,0,0,0.3198519479915674
1.0,99.0,21.18,1,0,0,0.346732088750381
1.0,59.9,37.97,1,0,0,0.3445815290375542
1.0,219.0,27.79,1,0,0,0.3053086216262074
1.0,29.99,7.39,1,0,0,0.44888509837695273
2.0,77.0,31.12,1,0,1,0.531110670746209
1.0,119.99,34.2,1,0,0,0.3202321245528869
1.0,49.0,11.15,1,0,0,0.4058132799580379
3.0,41.97,28.02,1,0,1,0.5642653278298251
2.0,23.26,34.7,1,0,1,0.5830007531231415
1.0,109.9,21.41,1,0,0,0.342022189679201
1.0,29.99,7.78,1,0,0,0.44633880107319707
1.0,118.13,20.02,1,0,0,0.3418631071965892
1.0,105.9,16.37,1,0,0,0.3548192930928435
1.0,165.0,52.55,1,0,0,0.2931660967388581
1.0,56.1,13.97,1,0,0,0.3892376482737578
1.0,149.9,9.78,1,0,0,0.3634293330816717
1.0,15.0,7.39,1,0,0,0.48294505609069055
1.0,65.0,25.73,1,0,0,0.3564118927207541
1.0,119.9,26.12,1,0,0,0.33055540533104893
1.0,99.9,0.0,1,0,1,0.5394449364552412
1.0,59.9,19.66,1,0,0,0.3712174093096113
1.0,70.23,83.34,1,0,0,0.3106840421534467
1.0,179.99,16.01,1,0,0,0.3345331283225559
1.0,49.9,7.78,1,0,0,0.4222505148598961
1.0,134.9,33.39,1,0,0,0.31658862135029664
1.0,29.99,25.63,1,0,0,0.39116464957437913
1.0,220.63,24.12,1,0,0,0.31039577664839446
1.0,30.99,18.32,1,1,0,0.40424992215849115
1.0,1890.0,46.27,1,0,0,0.22301971178201735
1.0,154.9,18.96,1,0,0,0.33334631651069774
1.0,49.77,15.1,1,0,0,0.391102207513453
1.0,19.99,14.1,1,0,0,0.43727019157756175
1.0,199.0,21.66,1,0,0,0.31840298103918957
1.0,55.9,15.14,1,0,0,0.38576124176943244
1.0,53.0,8.64,1,0,0,0.41438157183441
1.0,56.99,14.15,1,0,0,0.3879514848140964
1.0,95.0,9.79,1,0,0,0.38248674186626164
1.0,36.9,14.56,1,0,0,0.40650214537882956
3.0,221.7,76.85,1,0,0,0.44809636117520957
1.0,139.9,31.73,1,0,0,0.3170889085158909
1.0,258.0,40.89,2,1,1,0.9999999999981926
1.0,99.9,33.15,1,0,0,0.328640142154211
1.0,90.0,18.56,1,0,0,0.35622197601671746
1.0,199.0,21.71,1,0,0,0.31831203417832316
1.0,78.0,7.41,1,0,0,0.40433599967073136
1.0,22.99,12.69,13,1,1,0.9999999999999658
1.0,89.9,17.76,1,0,0,0.3581483448199983
1.0,67.7,15.22,1,0,0,0.37705586323240375
1.0,235.0,22.1,1,0,0,0.3114658985018322
1.0,31.92,15.79,1,0,0,0.4095757798183481
1.0,214.0,70.89,1,0,0,0.27452132622275793
1.0,49.9,7.78,1,0,0,0.4222505148598961
1.0,390.0,23.17,1,0,0,0.29184466209911136
1.0,65.0,13.12,1,0,0,0.38553831803132355
2.0,90.0,30.22,1,0,1,0.5252355366329248
1.0,44.99,18.23,1,0,0,0.3872666676801695
1.0,39.0,12.79,1,0,0,0.40992675659963435
1.0,56.97,12.8,1,0,0,0.3925481737092262
,,,1,0,0,0.3610559326759919
1.0,50.0,16.6,1,0,0,0.38664581621029237
1.0,29.99,18.23,1,0,0,0.40601158657025216
,,,1,1,0,0.3610559326759919
1.0,110.32,8.03,1,0,0,0.38539034268234384
1.0,336.0,39.26,10,1,1,0.9999999999999314
1.0,119.0,19.07,1,0,0,0.3435836774206083
1.0,162.5,21.78,1,0,0,0.3258744739514041
1.0,84.9,9.41,1,0,0,0.38920882674216284
1.0,159.9,18.37,1,0,0,0.33340794127992646
1.0,22.62,12.69,1,0,0,0.4362351123004255
1.0,49.99,16.6,1,0,0,0.38665482243425126
1.0,69.9,13.51,1,1,0,0.38100627137265786
2.0,54.8,15.56,1,0,1,0.577812195523782
1.0,69.9,21.57,1,1,0,0.3605894428605111
1.0,54.9,15.82,1,0,0,0.38459899570435896
1.0,69.9,12.86,1,0,0,0.3832461290169261
1.0,31.49,9.27,1,0,0,0.4353948098931009
1.0,2170.0,50.32,1,0,0,0.2172802544398535
1.0,514.99,15.02,1,0,0,0.2991761459724054
1.0,95.0,21.16,1,0,0,0.3484715741249922
1.0,205.0,53.96,1,0,0,0.2845618656587868
1.0,90.0,18.88,1,0,0,0.3554965524135864
1.0,99.9,57.25,1,0,0,0.3091205228904475
1.0,48.9,19.53,1,0,0,0.3804971129307521
1.0,81.25,15.32,1,0,0,0.3688652756395807
1.0,105.9,47.27,1,0,0,0.3134280143655805
1.0,59.99,18.52,1,0,0,0.37373033508965686
1.0,760.0,200.49,1,0,0,0.2101483568615685
1.0,179.9,22.56,1,0,0,0.32059690771030463
1.0,28.9,7.46,1,0,0,0.45020668618390014
1.0,89.9,17.88,1,0,0,0.35786012266933126
1.0,112.49,18.89,1,0,0,0.3462620897446467
1.0,125.0,18.75,1,0,0,0.342306157088156
1.0,1199.9,23.16,7,1,1,0.9999999999999227
1.0,7.0,15.23,1,0,0,0.4854702827635984
2.0,49.89,26.94,1,1,1,0.5575232327293779
1.0,283.0,17.09,1,0,0,0.3148941957362637
1.0,74.9,16.28,1,0,0,0.3696903488199481
1.0,84.99,26.9,1,0,0,0.3433289776843772
1.0,24.9,13.37,1,0,0,0.4291221975298333
1.0,485.0,17.0,1,0,0,0.2963090657661781
1.0,79.9,18.66,1,0,0,0.36101713032433663
2.0,40.8,30.46,1,0,1,0.5616934532662815
1.0,193.0,24.15,1,0,0,0.3152957577878409
1.0,42.9,16.11,1,0,0,0.3949410464370851
1.0,1390.0,39.59,1,0,0,0.23550265783569765
1.0,249.9,22.24,1,0,0,0.3089855629027095
1.0,330.0,36.27,1,0,0,0.28146484141248146
3.0,159.7,51.35,1,0,0,0.4777796936864664
1.0,23.99,18.23,1,0,0,0.41660935647824143
1.0,89.99,14.8,1,0,0,0.3660334289579858
1.0,235.0,14.55,1,0,0,0.32838032679837265
1.0,10.9,8.72,1,1,0,0.49061267692977045
1.0,115.99,38.36,1,0,0,0.3173345262612887
1.0,18.99,16.05,1,0,0,0.43372825176281615
1.0,13.2,11.85,1,0,0,0.46602426115408613
1.0,25.0,14.1,1,0,0,0.42643570062038444
1.0,44.0,16.11,1,0,0,0.3937835212980342
1.0,45.99,26.61,1,0,0,0.37014182588869476
1.0,117.47,12.32,1,0,0,0.363010330969333
,,,1,0,0,0.3610559326759919
1.0,52.9,22.95,1,0,0,0.3701039042133425
1.0,30.0,14.52,1,0,0,0.41636147611502977
1.0,38.0,8.11,1,0,0,0.4329803111709589
1.0,104.0,31.48,1,0,0,0.3289948902717497
1.0,119.99,23.83,1,0,0,0.3341584097695911
1.0,205.0,48.87,1,0,0,0.28780741434480334
1.0,57.9,7.67,1,0,0,0.41610085380479467
1.0,599.99,12.39,1,0,0,0.3018190458894759
1.0,52.5,17.94,1,0,0,0.38102637859836375
1.0,150.0,12.55,1,0,0,0.3522058886505054
2.0,59.98,16.22,1,0,1,0.5717402285979
1.0,89.77,26.93,1,0,0,0.3410291391267609
1.0,114.9,14.89,1,0,0,0.35555648026489745
1.0,42.5,15.1,1,0,0,0.3983000752374241
1.0,29.99,7.78,1,0,0,0.44633880107319707
1.0,299.99,21.59,1,0,0,0.30359499517695776
1.0,69.9,9.24,1,0,0,0.398643030235677
1.0,115.92,14.58,1,0,0,0.3561100661863906
1.0,28.28,13.78,1,0,0,0.4216024184569621
1.0,67.9,15.23,1,0,0,0.3768975671933535
1.0,24.9,16.36,1,0,0,0.41974803410852146
1.0,439.0,43.6,1,0,0,0.26605123329904073
1.0,59.9,13.44,1,0,0,0.3880689520143738
1.0,159.0,29.51,1,0,0,0.3149322026108665
2.0,79.8,16.88,1,0,1,0.5568413638486782
1.0,109.15,23.34,1,0,0,0.33879077787360223
2.0,159.8,30.64,1,0,0,0.4989556193627697
1.0,99.0,33.08,1,0,0,0.329082637510107
1.0,69.9,16.12,1,0,0,0.37311611566776604
2.0,70.0,35.94,1,0,1,0.5293689552145594
1.0,65.0,7.78,1,0,0,0.4101524703128464
1.0,16.97,15.1,1,0,0,0.44207008584480945
2.0,410.0,30.08,1,0,0,0.45997825696619543
1.0,27.9,7.94,1,0,0,0.4488234085805184
2.0,59.89,26.95,1,0,1,0.5489806069956121
1.0,199.9,24.55,1,1,0,0.31335471526884595
1.0,27.99,7.39,1,0,0,0.45222416970552737
1.0,197.9,27.69,1,0,0,0.3091503809178713
2.0,190.0,49.5,1,0,0,0.4713781146360002
1.0,122.99,15.61,1,0,0,0.3507267612462076
1.0,109.9,58.63,1,0,0,0.30465433280101484
1.0,9.9,37.04,1,0,0,0.42889824849373953
1.0,94.0,19.63,1,0,0,0.3520393176959465
1.0,239.0,16.42,1,0,0,0.3227254619631854
1.0,12.95,7.39,1,0,0,0.49027205588374395
1.0,89.9,16.39,1,0,0,0.3616096473899335
1.0,15.27,7.39,1,0,0,0.482056790086573
1.0,139.9,62.8,1,0,0,0.29336892113309165
1.0,82.9,21.38,1,0,0,0.35372024911981925
1.0,33.0,13.37,1,0,0,0.41568895265856504
1.0,359.0,63.25,1,1,0,0.2609003693812854
1.0,325.0,17.02,1,0,0,0.3100938667942897
1.0,84.9,13.17,1,0,0,0.3737205215362494
1.0,35.99,18.23,1,0,0,0.397495970953995
1.0,58.9,14.13,1,0,0,0.3865438037241413
1.0,59.0,13.07,1,0,0,0.3900208277003177
1.0,120.0,9.53,1,0,0,0.37381705797259956
1.0,17.33,15.1,1,0,0,0.4410401836815375
2.0,149.0,15.56,1,0,1,0.5327284648588474
1.0,68.5,18.28,1,0,0,0.36850711031546296
1.0,120.0,28.22,1,0,0,0.3275113862335122
1.0,23.99,15.1,1,0,0,0.42522997928022427
1.0,15.0,7.78,1,0,0,0.48037395907054825
1.0,299.0,19.97,1,0,0,0.306734966579914
1.0,23.99,11.85,1,0,0,0.4366462771070626
1.0,132.9,22.86,1,0,0,0.3317706454524618
2.0,199.8,35.9,1,0,0,0.4824613733424443
1.0,159.0,8.14,1,0,0,0.36948296119397805
1.0,29.99,17.34,1,0,0,0.4082620243978062
1.0,289.0,19.45,1,0,0,0.30898278540062957
1.0,119.9,12.23,1,0,0,0.36249036493778397
3.0,30.75,23.34,1,0,1,0.5868953441573066
1.0,79.0,17.8,1,0,0,0.36352408503321076
,,,1,0,0,0.3610559326759919
5.0,130.9,83.0,1,0,0,0.4680720937569963
1.0,18.9,14.52,1,0,0,0.4386290502169375
1.0,99.9,9.51,1,0,0,0.3816818337039008
1.0,24.99,7.44,1,0,0,0.457404605167079
1.0,174.9,31.97,1,0,0,0.3083809908574729
1.0,325.49,45.86,1,0,0,0.27410130763381885
4.0,91.96,50.76,1,0,1,0.5029236155469853
1.0,110.32,18.87,1,0,0,0.3471007559391686
,,,1,0,0,0.3610559326759919
1.0,199.0,24.61,4,1,1,0.9999999999999298
1.0,53.49,8.72,1,0,0,0.4135146465919495
1.0,119.9,18.09,1,0,0,0.3454866152338221
1.0,235.0,24.19,1,0,0,0.3079837069030784
2.0,172.89,32.2,1,0,0,0.49336950636316595
1.0,91.33,15.39,1,0,0,0.3636889129711801
1.0,524.9,17.76,1,0,0,0.29197858823421285
1.0,649.9,21.8,1,0,0,0.2773998240788091
1.0,689.89,40.15,1,0,0,0.2548022471397162
1.0,693.0,143.67,1,0,0,0.2199611528958589
1.0,79.9,14.73,1,0,0,0.3713226015757927
1.0,129.99,29.84,1,0,0,0.32224041946990145
1.0,49.0,18.44,1,0,0,0.3829104862854151
1.0,379.9,69.01,1,0,0,0.25654149886341826
1.0,119.9,21.33,1,0,0,0.33866278343703093
1.0,31.9,15.1,1,0,0,0.41165202116633265
2.0,29.98,30.46,1,0,1,0.576326950058851
1.0,10.0,14.1,1,0,0,0.47148045658018994
1.0,50.0,23.15,1,0,0,0.3722329363922739
1.0,52.5,19.34,1,0,0,0.377749038942592
2.0,247.02,46.36,1,0,0,0.4628263371685424
2.0,537.76,100.82,1,0,0,0.4022582704816557
1.0,89.0,12.12,1,0,0,0.3754564798040945
1.0,140.9,12.19,1,0,0,0.35602211275725276
1.0,113.0,33.09,1,0,0,0.323816011713813
1.0,79.94,22.88,1,0,0,0.35244048946299966
1.0,58.9,12.14,1,0,0,0.39349542827305894
1.0,98.6,14.99,1,0,0,0.36161961402465453
1.0,289.9,33.63,1,0,0,0.2884866627505126
1.0,19.9,12.8,1,0,0,0.4420666721208872
2.0,128.9,15.55,5,1,1,0.9999999999999758
1.0,129.97,8.49,1,0,0,0.37585063685508713
1.0,28.99,12.86,1,0,0,0.4236600088919113
1.0,96.99,14.77,1,0,0,0.3629598754004365
1.0,25.95,14.52,1,0,0,0.42327625678231123
1.0,34.9,14.1,1,0,0,0.41058652837203025
1.0,89.9,12.02,1,0,0,0.37540200261086537
1.0,19.9,7.4,1,0,0,0.4688555583978764
1.0,79.9,7.42,1,0,0,0.40320253819099194
1.0,49.0,19.95,1,0,0,0.37948357521556175
1.0,95.0,13.33,1,0,0,0.36838399821863616
1.0,155.9,19.19,1,0,0,0.33260050508425965
1.0,72.9,27.05,1,0,0,0.3495142118182841
3.0,676.0,138.37,1,0,0,0.383384755171199
1.0,12.19,18.23,1,0,0,0.44963617580375803
1.0,86.9,24.82,4,1,1,0.9999999999999394
3.0,77.69999999999999,45.3,1,0,1,0.5152586879143185
1.0,95.0,18.77,1,0,0,0.35348710222651114
1.0,339.0,21.13,1,0,0,0.3001352594565685
1.0,53.9,12.43,1,0,0,0.39639838811117195
1.0,99.0,13.71,1,0,0,0.3653892628273493
1.0,99.9,17.95,1,0,0,0.3532925326036303
1.0,72.94,18.39,1,0,0,0.3655380990807681
1.0,81.9,16.82,1,0,0,0.3644368122913981
1.0,112.0,51.91,1,0,0,0.3080310480960897
1.0,19.94,15.1,1,0,0,0.4341841899170965
1.0,16.5,14.1,1,0,0,0.44667210009495406
1.0,29.99,8.72,1,0,0,0.44072423164061264
1.0,165.0,19.84,1,0,0,0.32904048367370714
2.0,479.98,20.98,1,0,0,0.46959682394153424
1.0,18.9,18.23,1,0,0,0.4281157498497738
1.0,1599.99,25.95,1,0,0,0.24500172032025933
1.0,150.0,20.54,1,0,0,0.33133461696358885
1.0,89.99,11.65,1,0,0,0.37678483459926465
1.0,358.8,23.59,1,0,0,0.29401272296957287
1.0,56.99,8.72,1,1,0,0.4106168107434582
1.0,430.0,25.81,1,0,0,0.28461627488683755
1.0,99.99,22.41,1,0,0,0.344005438984635
1.0,14.9,16.79,1,0,0,0.44352756552180395
1.0,110.0,14.13,1,0,0,0.3596509431546858
1.0,650.0,11.81,1,0,0,0.3011165418604516
1.0,49.9,11.85,1,0,0,0.4021243766796013
1.0,29.9,11.85,1,0,0,0.4260543314122988
1.0,14.9,15.1,1,0,0,0.4484721506831355
1.0,119.0,18.93,1,0,0,0.34389084514298374
1.0,115.0,13.93,1,0,0,0.35843775051964605
1.0,39.99,12.79,1,0,0,0.4087603879494176
1.0,48.9,7.39,1,0,0,0.42570489227279645
1.0,67.9,13.6,1,0,0,0.38198026005045915
1.0,95.0,23.82,1,0,0,0.3436229201386508
1.0,199.9,8.98,15,1,1,0.9999999999999523
1.0,26.2,18.28,1,0,0,0.4122808526615113
1.0,34.9,8.88,1,0,0,0.43258420104255507
2.0,119.8,35.34,1,0,1,0.5055979941849877
1.0,18.99,12.79,1,0,0,0.4443949602370864
1.0,149.9,36.37,1,0,0,0.30945032607324324
1.0,79.99,8.91,1,0,0,0.3943976854447045
1.0,225.99,12.6,1,0,0,0.33598444244941517
1.0,168.9,18.46,1,0,0,0.3310808814462022
1.0,199.0,15.84,1,0,0,0.3311198480581242
1.0,259.9,213.53,1,0,0,0.23902352902155374
1.0,135.0,23.75,1,0,0,0.3296319309262533
1.0,19.9,10.96,1,0,0,0.4495167114359218
1.0,76.5,26.84,1,0,0,0.34780065114093073
1.0,314.8,17.9,1,0,0,0.3092160038015294
1.0,81.49,16.82,1,0,0,0.3646506954361833
1.0,18.4,8.29,1,0,0,0.4670737701564479
1.0,117.8,18.07,1,0,0,0.34624953125090374
1.0,179.9,15.43,1,0,0,0.33610613535663614
1.0,9.8,18.23,1,0,0,0.46043502799943264
1.0,119.9,17.55,1,0,0,0.3467638875735554
1.0,64.0,13.11,1,0,0,0.38625972318312196
1.0,59.9,17.67,1,0,0,0.3758428703844311
1.0,126.12,19.99,1,0,0,0.3392959965149712
1.0,99.99,25.54,1,0,0,0.3387310989304962
1.0,169.9,15.94,1,0,0,0.3369585224049122
1.0,29.0,7.78,1,0,0,0.44795927739046315
,,,1,0,0,0.3610559326759919
1.0,69.0,7.55,1,0,0,0.40891276442725194
1.0,175.9,19.0,1,0,0,0.3283363690891803
1.0,74.59,11.62,1,0,0,0.38504409029401104
1.0,46.75,18.23,1,0,0,0.3855304352772817
1.0,54.99,22.09,1,0,0,0.37000720359107664
1.0,229.99,35.77,1,0,0,0.29440143796875623
1.0,1799.0,27.34,1,0,0,0.2401679521086462
1.0,84.9,11.98,1,1,0,0.37801446184666265
1.0,640.0,40.75,1,0,0,0.2565759160346884
1.0,44.95,18.59,1,0,0,0.3864465251762763
1.0,239.9,27.98,1,0,0,0.30176707186214563
1.0,29.9,16.11,1,0,0,0.41174297254943565
1.0,104.0,20.07,1,0,0,0.3469400830411893
1.0,74.0,12.02,1,0,0,0.38383539901097685
1.0,44.8,52.48,1,0,0,0.3450294007306208
1.0,43.99,16.11,1,0,0,0.393793900663837
1.0,139.9,14.0,1,0,0,0.35022102426422397
1.0,99.0,27.42,1,0,0,0.3363238198976915
1.0,55.0,16.15,1,0,0,0.38359682102045783
3.0,112.5,52.8,1,1,0,0.4922108699582791
1.0,69.89,13.51,1,0,0,0.3810125441000156
1.0,49.9,20.99,1,0,0,0.37648287573659356
1.0,49.9,7.78,1,0,0,0.4222505148598961
1.0,65.0,7.39,1,0,0,0.4126461888650226
1.0,69.9,16.74,1,0,0,0.3714582208935441
1.0,79.9,14.65,1,0,0,0.371564550860157
1.0,21.9,16.11,1,0,0,0.4266341209637598
1.0,14.3,18.23,1,1,0,0.4417619924070394
1.0,96.0,8.79,1,0,0,0.3870867749561878
1.0,559.0,37.27,1,0,0,0.2635740220493015
1.0,569.0,17.1,1,0,0,0.29078185616955604
1.0,845.0,35.51,1,0,0,0.2527476850938875
1.0,59.99,16.12,1,0,0,0.37982098676964554
1.0,58.0,25.25,1,0,0,0.36210006954395063
1.0,259.9,52.47,1,0,0,0.2772882836040123
2.0,37.98,18.68,1,0,1,0.5865135582447303
1.0,36.99,25.38,1,0,0,0.3819207911888627
1.0,28.99,15.1,1,0,0,0.41617695772014596
1.0,119.9,56.73,1,0,0,0.3024431484064955
1.0,119.9,96.41,1,0,0,0.28580106705686054
1.0,49.0,16.05,1,0,0,0.3890619246304471
1.0,134.9,13.07,1,0,0,0.3547045346626191
2.0,138.0,26.28,1,0,1,0.5121447454812273
1.0,169.0,22.89,1,0,0,0.32239999140870074
1.0,104.99,19.97,1,0,0,0.3467596792021758
1.0,279.9,34.41,1,0,0,0.2888923980722801
1.0,231.2,38.53,1,0,0,0.2916203998781026
1.0,89.9,16.07,1,0,0,0.36246688384345643
1.0,25.0,15.28,1,0,0,0.4226990664442655
1.0,24.99,18.23,1,0,0,0.414657137352748
1.0,99.9,18.75,1,0,0,0.3514459136151949
1.0,29.9,16.11,1,0,0,0.41174297254943565
2.0,67.9,30.08,1,0,1,0.5383810194090214
1.0,55.9,19.58,1,0,0,0.37443377796799043
1.0,49.9,8.72,1,0,0,0.41671089628804286
1.0,42.9,11.85,1,0,0,0.40907451910938797
1.0,30.0,7.78,1,0,0,0.4463227251227178
1.0,58.5,11.91,1,0,0,0.3946876690487827
1.0,29.9,15.1,1,0,0,0.4147111026348986
1.0,129.0,16.6,1,0,0,0.34616367509610185
2.0,144.89,28.46,1,0,1,0.5064811382866053
1.0,69.9,17.0,8,1,1,0.9999999999999549
1.0,379.9,20.76,1,0,0,0.2968785847264234
1.0,58.99,17.32,1,0,0,0.37739462196573614
2.0,139.98,148.88,1,0,0,0.4443265969090799
1.0,129.89,11.93,1,0,0,0.3603040249987305
1.0,1390.0,32.05,1,0,0,0.2420157147666736
2.0,58.0,15.74,1,0,1,0.5746694150468598
1.0,99.0,8.8,1,0,0,0.38570725952049517
2.0,215.8,34.94,1,0,0,0.48030328550790086
1.0,17.9,12.79,1,0,0,0.44729580653325424
1.0,149.9,38.01,1,0,0,0.30786413558102793
1.0,38.8,18.37,1,0,0,0.39368702093026064
1.0,325.0,19.55,1,0,0,0.30461520757576127
1.0,45.9,12.79,1,0,0,0.4023945383106908
1.0,99.0,15.45,1,0,0,0.36012847271558207
1.0,118.0,15.71,1,0,0,0.3521417831832963
1.0,129.0,13.92,1,0,0,0.35375728437354237
1.0,119.85,23.64,1,0,0,0.3345249632854628
1.0,29.99,12.13,1,0,0,0.4248028629866193
2.0,128.98,18.28,1,0,1,0.5315774610913294
1.0,154.99,11.71,1,0,0,0.3539590295612323
1.0,44.9,19.5,1,0,0,0.38440547865756586
1.0,84.0,15.34,11,1,1,0.9999999999999545
1.0,124.9,13.99,1,1,0,0.3548556121589122
1.0,145.9,9.72,1,0,0,0.3648150455303286
1.0,29.5,24.84,1,0,0,0.3932608595758385
1.0,129.0,18.15,1,0,0,0.3423993637199527
1.0,45.9,9.34,1,0,0,0.4172647592386058
1.0,89.9,41.61,1,0,0,0.3244382130732674
1.0,37.8,33.71,1,0,0,0.3693230853907663
1.0,27.75,15.29,1,0,0,0.41767947431444835
1.0,94.0,21.5,1,0,0,0.3482499914684533
3.0,319.79999999999995,73.08,1,0,0,0.4347275470330204
3.0,1440.0,95.22,1,0,0,0.3686964648947009
1.0,65.0,18.02,1,0,0,0.3714070486834341
1.0,199.9,21.89,1,0,0,0.31781792856048735
,,,1,0,0,0.3610559326759919
1.0,51.0,8.73,1,0,0,0.41565018190449204
1.0,109.0,21.7,1,0,0,0.34180503990529487
1.0,79.0,14.72,1,0,0,0.371840330761037
1.0,95.0,21.07,1,0,0,0.3486480924884785
1.0,99.0,15.44,1,0,0,0.3601567120433845
1.0,38.5,17.92,1,1,0,0.39514502349816577
1.0,135.0,25.5,1,1,0,0.3268296641574369
1.0,129.9,116.94,1,0,0,0.2773512470996671
1.0,8.99,16.79,1,0,0,0.4685267045943556
1.0,196.0,16.47,1,0,0,0.3300744635447902
1.0,95.0,18.55,1,0,0,0.3539862752680557
1.0,24.9,8.27,1,0,0,0.452337356395311
1.0,54.9,17.31,1,0,0,0.3806055951398347
1.0,22.5,33.43,1,0,0,0.39356031617063314
1.0,29.99,11.85,1,0,0,0.4259109188587888
1.0,68.99,11.09,1,0,0,0.3906445469516624
1.0,58.9,22.99,1,0,0,0.36532001277549053
1.0,179.0,28.61,1,0,0,0.31164446301080484
1.0,39.8,20.77,1,0,0,0.38713946420059153
1.0,59.0,15.29,1,0,0,0.38291468779213006
2.0,349.8,189.04,1,0,0,0.3984910395532951
1.0,150.0,8.3,1,0,0,0.37096610993981616
1.0,157.77,9.3,1,0,0,0.3636489994533878
1.0,169.9,33.33,1,0,0,0.3079332634227571
1.0,349.97,14.58,1,0,0,0.31373404666119487
1.0,39.9,14.1,1,1,0,0.4043469903964696
1.0,269.0,15.63,1,0,0,0.3203847497813368
1.0,12.9,11.85,1,0,0,0.46716676548756164
1.0,289.0,17.78,1,0,0,0.31254530849591783
1.0,249.0,16.49,1,1,0,0.3210313638412222
1.0,25.0,12.69,1,0,0,0.431393654424558
1.0,29.99,15.31,1,0,0,0.41393336457394697
1.0,24.5,15.1,1,0,0,0.42421799285144646
1.0,59.9,17.26,1,0,0,0.3768714347617156
1.0,38.99,19.46,1,0,0,0.39092175752885955
1.0,110.32,7.64,1,0,0,0.3877509957363656
1.0,31.9,15.1,1,0,0,0.41165202116633265
1.0,99.9,33.15,1,0,0,0.328640142154211
1.0,14.9,7.39,1,0,0,0.48327819096867725
2.0,31.8,14.78,1,0,1,0.6053806143700385
2.0,179.8,27.3,1,0,0,0.4988529488465244
1.0,122.99,30.11,1,0,0,0.32405769847212335
1.0,265.0,26.03,1,0,0,0.30090255588596715
1.0,149.9,23.63,1,0,0,0.3257528869024265
1.0,180.0,14.25,1,0,0,0.3394674801634639
1.0,79.99,19.53,1,0,0,0.3590301890815571
1.0,57.9,14.58,1,0,0,0.38588956966241444
1.0,115.99,27.11,1,0,0,0.3304148940767298
1.0,29.99,7.78,1,0,0,0.44633880107319707
1.0,31.9,15.79,1,0,0,0.40960526862750835
1.0,69.9,19.46,1,0,0,0.3649460918714223
1.0,19.74,11.85,1,0,0,0.4461482190777662
2.0,51.8,25.68,1,0,1,0.5578585568127844
1.0,58.9,25.25,1,0,0,0.36143148851495915
1.0,33.99,8.72,1,0,0,0.43472924166803856
1.0,94.3,25.5,1,0,0,0.3411835916604466
1.0,66.99,22.97,1,0,0,0.35978845683803173
1.0,209.99,36.82,1,0,0,0.2966252259094123
1.0,67.97,23.41,1,0,0,0.35837885690848365
1.0,88.0,11.6,1,0,0,0.3779425038010819
1.0,49.0,8.29,1,0,0,0.4200023340522551
1.0,21.99,15.23,1,0,0,0.42903433145571435
1.0,570.9,22.72,1,0,0,0.2800144403548739
1.0,164.9,14.88,1,0,0,0.34104759742710655
1.0,220.99,28.09,10,1,1,0.9999999999999398
1.0,65.0,37.14,1,0,0,0.3419703232156984
1.0,196.99,33.61,1,0,0,0.3021851782315086
2.0,219.8,23.72,1,1,0,0.49644318437967827
1.0,169.9,27.27,1,0,0,0.3154146406373282
1.0,219.22,12.16,1,0,0,0.33868519514252227
1.0,989.0,21.8,1,0,0,0.2645680717862395
1.0,95.9,20.16,1,0,0,0.35009395108765023
1.0,66.99,27.75,1,0,0,0.352068668643807
1.0,55.0,22.97,1,0,0,0.36835376437298156
1.0,5.99,16.11,1,0,0,0.4904471873579804
1.0,55.0,14.75,1,0,0,0.38766316652903315
1.0,49.9,16.79,1,0,0,0.38622962332862837
1.0,24.99,7.39,1,0,0,0.45774005876077
1.0,1890.0,73.14,1,0,0,0.21079582455649498
1.0,169.0,18.43,1,0,0,0.33112479489786867
1.0,29.9,18.31,1,1,0,0.4059569608918491
2.0,824.0,55.44,1,0,0,0.4078597620748508
1.0,79.99,7.82,1,0,0,0.40062586689093466
1.0,149.9,19.4,1,0,0,0.33368850407598927
1.0,56.99,14.15,1,0,0,0.3879514848140964
1.0,39.9,17.21,1,0,0,0.3953039377540406
1.0,110.0,11.79,1,0,0,0.3677273395939954
1.0,57.8,17.97,1,0,0,0.37668146371035144
1.0,89.99,15.38,1,0,0,0.3643424555696821
1.0,449.9,14.65,1,0,0,0.30476378271980126
1.0,129.9,12.44,1,0,0,0.358432866217155
1.0,298.9,10.45,1,0,0,0.333577353221737
1.0,22.48,19.59,1,0,0,0.4164916697703157
1.0,76.99,23.34,1,0,0,0.35320502561347633
1.0,79.95,17.81,1,0,0,0.3629902789665027
3.0,75.0,23.34,1,1,1,0.5452660409781455
1.0,76.0,23.47,1,0,0,0.3535231010169516
3.0,84.69999999999999,32.879999999999995,1,0,1,0.5246999106315746
1.0,25.0,9.27,1,0,0,0.4465284652157558
1.0,131.35,13.94,1,0,0,0.35296014662492303
1.0,17.99,16.11,1,0,0,0.43619607232997293
1.0,364.0,48.43,1,0,0,0.26869202967240957
1.0,199.0,35.19,1,0,0,0.30016794792966683
1.0,440.0,11.44,1,0,0,0.3157334663089943
2.0,269.85,54.74,1,0,0,0.4524830854246165
1.0,85.2,17.85,1,0,0,0.36019472289083876
1.0,22.8,16.11,1,0,0,0.4246897747075917
1.0,55.0,7.65,1,0,0,0.41858280444603746
1.0,49.9,7.61,1,0,0,0.42332946153985784
1.0,150.0,22.13,1,0,0,0.3283325006821714
1.0,199.9,15.15,1,0,0,0.3328160604372692
1.0,144.77,14.03,1,0,0,0.34875204226657336
1.0,139.99,19.0,1,0,0,0.33723898626042426
1.0,54.9,15.13,1,0,0,0.38659830422756536
1.0,29.0,14.1,1,0,0,0.41933424502211364
1.0,148.0,15.92,1,0,0,0.34244265185228623
1.0,51.0,8.73,1,0,0,0.41565018190449204
1.0,269.0,15.63,1,0,0,0.3203847497813368
1.0,115.0,15.56,1,0,0,0.3536112377363405
1.0,29.9,15.1,1,0,0,0.4147111026348986
1.0,146.99,20.52,1,0,0,0.33216648467422083
1.0,79.9,13.58,1,0,0,0.3749549816227736
1.0,29.99,11.85,1,0,0,0.4259109188587888
1.0,12.5,34.15,1,0,0,0.4208935244796246
1.0,129.9,21.4,1,0,0,0.33533338600752843
1.0,239.99,14.79,2,1,1,0.999999999998511
1.0,159.0,20.6,1,0,0,0.32895115266830205
1.0,158.0,25.95,1,0,0,0.32007231671858327
1.0,108.0,18.33,1,0,0,0.34919118323860143
1.0,169.9,38.74,1,0,0,0.302529967144099
1.0,29.99,14.1,1,0,0,0.41773896059385945
1.0,25.2,58.9,1,0,0,0.3664172014281485
1.0,205.0,38.57,1,0,0,0.29585914862474894
1.0,55.49,8.27,1,0,0,0.41439208192305416
1.0,97.9,14.86,1,0,0,0.3623006362997583
1.0,84.89,8.33,1,0,0,0.39498541430919315
1.0,139.0,23.55,1,0,0,0.3288238716084619
1.0,19.9,12.8,1,0,0,0.4420666721208872
1.0,329.9,25.11,1,0,0,0.29457555614721176
1.0,120.9,45.69,1,0,0,0.30950678078192556
1.0,109.9,13.35,1,0,0,0.3621984116032767
1.0,134.9,18.19,1,0,0,0.34051886605934734
1.0,55.0,7.65,1,0,0,0.41858280444603746
1.0,99.0,15.44,1,0,0,0.3601567120433845
1.0,19.99,11.85,1,0,0,0.4455318708653062
1.0,47.64,22.26,1,0,0,0.37604423244987556
1.0,29.0,14.1,1,0,0,0.41933424502211364
1.0,129.99,14.67,1,0,0,0.351160843816164
1.0,39.9,15.1,1,1,0,0.4012083821585167
1.0,180.0,19.14,1,0,0,0.3271544688813908
1.0,48.0,11.15,1,0,0,0.4067593236052014
1.0,89.99,8.82,1,0,0,0.38972631503308924
1.0,99.9,8.89,1,0,0,0.38483955316423746
1.0,144.99,18.26,1,0,0,0.3374966182644723
1.0,48.9,19.53,1,0,0,0.3804971129307521
1.0,169.99,13.32,1,0,0,0.3446197092899296
1.0,120.0,13.18,1,0,0,0.3591246774718
1.0,360.0,16.83,1,0,0,0.30693213974549766
1.0,134.99,43.23,1,0,0,0.3072515353263731
1.0,68.9,14.65,1,0,0,0.3779910541440633
2.0,66.8,23.44,1,0,1,0.5500800287603596
1.0,149.99,16.81,1,0,0,0.3396145002077376
3.0,89.97,40.41,1,0,1,0.5132389857840708
1.0,84.0,15.89,1,0,0,0.36583808417076913
1.0,169.97,17.63,1,0,0,0.3327333063060784
1.0,319.99,88.5,1,0,0,0.2548463480015786
1.0,750.0,61.51,1,0,0,0.23958473286052823
2.0,112.0,16.54,1,0,1,0.5425056045058058
1.0,279.99,33.4,1,0,0,0.2899281024251585
1.0,234.8,15.4,1,0,0,0.3260385829915375
1.0,99.99,25.15,1,1,0,0.33934506896741395
1.0,29.0,22.92,1,0,0,0.39751108489811043
1.0,101.5,21.55,1,0,0,0.344995125352912
1.0,249.9,69.21,1,0,0,0.2700058187661529
1.0,49.99,19.36,1,0,0,0.3798897593259324
1.0,49.0,17.0,1,0,0,0.3864972477864862
1.0,129.89,17.48,1,0,0,0.3437020412610418
1.0,99.9,19.4,1,0,0,0.35001246821829735
1.0,12.25,15.23,1,0,0,0.457756227782824
1.0,299.0,17.0,1,0,0,0.31312206646546953
1.0,99.0,15.44,1,0,0,0.3601567120433845
1.0,99.99,11.9,1,0,0,0.3713259689506776
1.0,156.45,15.98,1,0,0,0.3400863675956575
1.0,49.99,16.11,1,0,0,0.38799208572797683
1.0,192.9,16.42,1,0,0,0.33081043054395454
1.0,299.9,16.86,3,1,1,0.9999999999998868
1.0,253.9,67.67,1,0,0,0.2701546065812601
1.0,24.9,16.79,1,0,0,0.4185618539383187
1.0,129.9,14.5,1,0,0,0.3516948779345857
1.0,29.99,21.15,1,0,0,0.3994344607944956
1.0,73.9,9.27,1,0,0,0.3960166712857988
1.0,128.0,19.07,1,0,0,0.34065110627304207
1.0,69.9,22.42,1,0,0,0.3589742099472489
1.0,123.4,18.11,1,0,0,0.3442771793461676
1.0,149.9,23.92,1,0,0,0.3252719367625625
1.0,196.8,13.68,1,0,0,0.33775465641450525
1.0,99.9,0.0,1,0,1,0.5394449364552412
1.0,99.9,17.95,1,0,0,0.3532925326036303
1.0,144.99,15.18,1,0,0,0.34529199626006746
1.0,84.89,18.47,1,0,0,0.35888781275411047
1.0,29.0,7.46,8,1,1,0.9999999999999676
3.0,149.7,55.95,1,0,0,0.4772066483025598
1.0,59.9,17.35,1,0,0,0.376643235708399
1.0,45.0,7.78,1,0,0,0.4270602932792189
1.0,84.99,15.35,1,0,0,0.3668560905881338
1.0,16.9,11.85,1,0,0,0.45378560325391726
1.0,166.9,22.47,1,0,0,0.32360949755061974
1.0,89.9,15.38,1,0,0,0.36438480986459926
1.0,64.99,19.14,1,0,0,0.36880886905100824
1.0,248.25,23.67,1,0,0,0.3068288873784769
1.0,98.81,18.57,1,0,0,0.3523074631819018
1.0,213.26,29.68,1,0,0,0.3038342111239132
1.0,19.9,15.1,1,0,0,0.4342819700939666
1.0,49.0,15.1,1,0,0,0.39180794088939863
1.0,4.9,15.23,1,0,1,0.5028078127225399
1.0,48.32,18.14,1,0,0,0.3842588809826064
1.0,69.9,7.78,1,0,0,0.40688005273375877
1.0,13.69,7.71,1,0,0,0.4853787341070721
1.0,109.9,34.93,1,0,0,0.3228895266126804
1.0,49.0,14.12,1,0,0,0.39485678965753457
1.0,78.0,13.21,1,0,0,0.3772414707823658
1.0,119.9,17.58,1,0,0,0.3466917231023141
1.0,32.9,13.81,1,0,0,0.41432419270525
1.0,36.0,26.89,1,0,0,0.3807400643107507
1.0,79.9,42.97,1,0,0,0.328026329838092
2.0,311.98,54.34,1,0,0,0.44675477739510766
2.0,170.7,33.16,1,0,0,0.49266383720098983
1.0,54.9,14.13,1,0,0,0.38968996541455103
1.0,325.0,19.55,1,0,0,0.30461520757576127
1.0,238.81,17.43,1,0,0,0.32031535986142085
1.0,84.9,23.39,1,0,0,0.34901522194620255
1.0,57.31,13.76,1,0,0,0.38897117210136894
1.0,129.9,15.66,1,0,0,0.34837207389695235
1.0,37.0,16.79,1,0,0,0.3998951728535152
1.0,99.9,17.44,1,0,0,0.3545209037661116
1.0,18.99,12.35,1,0,0,0.44606616764990037
1.0,75.9,22.24,1,0,0,0.3558030906961547
1.0,39.9,15.1,1,1,0,0.4012083821585167
1.0,79.0,26.85,1,0,0,0.34644050118493785
1.0,25.2,98.02,1,0,0,0.34880910763061457
1.0,133.0,38.77,1,0,0,0.31168031817306247
1.0,49.99,17.06,1,0,0,0.38544032321289556
1.0,28.99,7.78,1,0,0,0.44797594514898004
1.0,18.9,18.23,1,0,0,0.4281157498497738
1.0,22.32,17.09,1,0,0,0.42300777389323463
1.0,113.0,18.04,1,0,0,0.3480126536188945
1.0,119.99,13.42,1,0,0,0.3583301257324535
1.0,117.3,17.53,1,0,0,0.34770273036132154
1.0,49.0,15.44,1,0,0,0.3908028693334855
1.0,148.99,12.54,1,0,0,0.3525127531528541
1.0,98.9,19.88,1,0,0,0.34940471762557695
1.0,84.9,19.83,1,0,0,0.3558702402116037
2.0,159.98,60.8,1,0,0,0.47071411940356706
1.0,27.9,12.48,1,0,0,0.4269080346709574
3.0,76.35,66.33,1,0,1,0.5009430196160539
1.0,69.9,25.77,1,0,0,0.35324836263757875
1.0,122.99,30.11,1,0,0,0.32405769847212335
1.0,107.0,12.25,1,0,0,0.36716016333248325
1.0,352.0,14.8,1,0,0,0.3129153942765261
1.0,38.25,7.53,1,0,0,0.4363158318737384
1.0,59.99,15.18,1,0,0,0.38249956830885645
1.0,26.7,15.11,1,0,0,0.4200660215401819
1.0,268.92,19.45,1,0,0,0.3115735741040607
1.0,49.9,19.32,1,0,0,0.3800602190256103
2.0,86.0,15.74,1,0,1,0.5566941341119345
1.0,39.9,19.32,1,0,0,0.39018171214024877
1.0,99.99,15.91,1,0,0,0.35843658610992957
1.0,29.99,12.79,1,0,0,0.42230063455094935
2.0,224.9,66.59,1,0,0,0.4525584483748829
1.0,40.0,18.59,1,0,0,0.3917624509549926
1.0,20.99,7.78,1,0,0,0.46373182126049745
1.0,19.99,16.6,1,0,0,0.42967614489062195
1.0,143.0,38.55,1,0,0,0.30913345981859397
1.0,170.0,21.46,1,0,0,0.32473365298883844
1.0,27.0,14.11,1,0,0,0.42271073471363324
1.0,250.9,13.26,1,0,0,0.3298475397419696
1.0,85.0,14.2,1,0,0,0.37029787739207326
1.0,38.5,8.96,1,0,0,0.42749882014763657
1.0,109.9,27.07,1,0,0,0.33262239691698314
1.0,169.0,17.45,1,0,0,0.3333805657249613
1.0,120.0,15.72,1,0,0,0.35142763107011504
1.0,54.9,18.48,1,0,0,0.3777397326246091
1.0,19.99,15.24,1,0,0,0.4336323766724829
1.0,219.0,16.28,1,0,0,0.326348287185462
1.0,86.9,13.63,1,0,0,0.3711813510004492
1.0,99.9,18.75,1,0,0,0.3514459136151949
1.0,789.0,18.54,1,0,0,0.277288930910408
1.0,95.0,15.42,1,0,0,0.3619431167139076
1.0,554.9,21.98,1,0,0,0.2821399303520848
1.0,89.1,18.2,1,0,0,0.3574777455497035
1.0,75.0,15.28,1,0,0,0.3724263849783716
1.0,109.78,16.53,1,0,0,0.35291664333655076
1.0,113.99,15.55,1,0,0,0.3540014217532496
1.0,70.97,17.75,1,0,0,0.3682478434991192
1.0,19.9,12.48,1,0,0,0.44327326623148017
1.0,95.28,18.91,1,0,0,0.3530506269926862
1.0,15.9,7.78,1,0,0,0.477475187559539
2.0,39.8,33.58,1,0,1,0.5587286084399855
1.0,224.0,19.45,1,0,0,0.3182675399634009
1.0,69.9,17.74,1,0,0,0.36892921266983464
1.0,229.9,59.69,1,0,0,0.27737577456802964
1.0,40.0,29.88,1,0,0,0.37163440807123116
1.0,29.0,8.36,1,0,0,0.4444117982366895
1.0,8.97,13.61,6,1,1,0.9999999999999705
1.0,24.9,8.29,1,0,0,0.452218044942669
1.0,99.49,9.44,1,0,0,0.38220290093210524
1.0,115.32,8.15,1,0,0,0.3828036396745528
1.0,265.0,54.05,1,0,0,0.27568552749380676
,,,1,0,0,0.3610559326759919
1.0,119.85,27.79,1,0,0,0.3281549453508361
1.0,145.99,20.51,1,0,0,0.3324536057786968
1.0,119.5,22.77,1,0,0,0.3361474601006024
1.0,49.9,18.45,1,0,0,0.38207000464266344
1.0,27.99,18.3,11,1,1,0.9999999999999618
1.0,146.99,21.52,1,0,0,0.33024300692881664
1.0,25.8,17.63,1,1,0,0.4146470757435877
1.0,114.9,18.05,1,0,0,0.34730955766629323
1.0,48.9,9.74,1,0,0,0.4123253896837308
1.0,109.99,12.84,1,0,0,0.363898379085921
1.0,79.0,18.79,1,0,0,0.36120232804430125
1.0,429.9,20.26,1,0,0,0.29360527029273414
2.0,419.8,26.74,1,0,0,0.46414980816122375
1.0,39.9,11.73,1,0,0,0.4129221217345648
1.0,89.99,21.08,1,0,0,0.35087604865458033
1.0,12.47,15.23,1,0,0,0.45687404324598613
1.0,14.9,14.1,1,0,0,0.4517015834170698
1.0,18.99,15.1,1,0,0,0.43656424858804865
1.0,19.99,15.1,1,0,0,0.4340622554278978
1.0,89.99,15.39,1,0,0,0.3643139521676712
1.0,144.9,23.77,1,0,0,0.3268351868208115
1.0,49.9,8.72,1,1,0,0.41671089628804286
1.0,22.0,17.92,1,0,0,0.4215446032994725
1.0,30.0,7.78,1,0,0,0.4463227251227178
1.0,39.9,17.93,1,0,0,0.3934779310340011
1.0,88.9,14.37,1,0,0,0.36785532491939804
1.0,65.99,25.49,1,0,0,0.35614681234458273
1.0,58.0,7.78,1,0,0,0.4153299525629793
1.0,54.9,15.14,1,0,0,0.3865685838811692
1.0,29.99,7.39,1,0,0,0.44888509837695273
1.0,39.0,12.79,1,0,0,0.40992675659963435
1.0,12.99,15.56,1,0,0,0.45384414251535116
2.0,240.0,43.78,1,0,0,0.46637579640574073
1.0,189.9,14.91,1,0,0,0.33546324538939126
1.0,17.9,15.1,1,0,0,0.4394544089567649
2.0,303.8,33.29,1,0,0,0.467932853358673
1.0,18.9,14.1,1,0,0,0.44000863307783744
1.0,169.99,21.27,1,0,0,0.32509113875545326
1.0,216.0,18.64,1,0,0,0.3213313105022959
1.0,299.0,55.76,1,0,0,0.2706780818374664
1.0,56.99,14.15,1,0,0,0.3879514848140964
1.0,35.99,11.73,1,1,0,0.4177523357573102
1.0,129.0,18.78,1,0,0,0.3409760694963037
1.0,89.9,13.65,1,0,0,0.36966744691065534
2.0,156.8,27.78,1,0,1,0.5040643209951132
1.0,49.0,16.79,1,0,0,0.3870496691163404
1.0,74.8,23.32,1,0,0,0.35446018892386055
1.0,29.9,16.32,1,0,0,0.4111525565440545
1.0,59.9,12.55,1,0,0,0.3912083333913404
1.0,55.9,27.24,1,0,0,0.36060062770564627
1.0,69.99,22.81,1,0,0,0.3582021383347457
1.0,49.9,19.32,1,0,0,0.3800602190256103
1.0,349.0,17.19,1,0,0,0.307178480777409
1.0,44.9,34.15,1,0,0,0.3611481406048749
1.0,315.0,116.06,1,0,0,0.24802106298109472
1.0,100.59,11.33,1,0,0,0.37330529580297167
1.0,32.9,17.6,1,0,0,0.40324460178749766
1.0,37.0,13.71,1,0,0,0.4091514889462851
4.0,375.96,152.84,1,0,0,0.40265317615591184
1.0,157.9,18.99,1,0,0,0.3325331569851695
1.0,89.9,17.88,1,0,0,0.35786012266933126
1.0,89.9,9.44,1,0,0,0.3865711798536529
4.0,215.6,70.50999999999999,1,1,0,0.4525067860342288
1.0,99.9,17.95,1,0,0,0.3532925326036303
1.0,189.99,41.77,2,1,1,0.9999999999982787
1.0,159.9,18.33,1,0,0,0.3334978513801693
1.0,129.9,13.49,1,0,0,0.35484980989623205
1.0,129.9,9.66,1,0,0,0.3698853577833438
1.0,29.9,24.84,1,0,0,0.39263368753981637
1.0,59.9,16.67,1,0,0,0.37840247062131543
1.0,159.49,8.86,1,0,0,0.3654349810947966
1.0,12.9,12.79,1,0,0,0.4634891084930731
1.0,36.76,15.1,1,0,0,0.40500994751564395
1.0,47.88,11.85,1,0,0,0.40401463977917157
1.0,54.9,16.82,1,0,0,0.3818734496271479
1.0,47.25,14.1,1,0,0,0.3965764507933451
1.0,2600.0,26.07,1,1,0,0.2321922997608197
1.0,49.9,16.11,1,0,0,0.38807333433950336
1.0,99.0,43.06,1,0,0,0.31936875873762677
1.0,516.9,17.2,1,0,0,0.293726189316725
1.0,56.89,18.33,1,0,0,0.37651760166283327
1.0,179.99,30.3,1,0,0,0.3092967427616223
1.0,129.99,9.1,1,0,0,0.37261532317108104
1.0,39.9,15.1,1,0,0,0.4012083821585167
1.0,99.0,14.86,1,0,0,0.36183192960332594
1.0,190.0,27.59,1,0,0,0.31079251937265007
1.0,23.9,14.52,1,0,0,0.42723226300138334
2.0,279.8,32.38,1,0,0,0.47255261196832143
1.0,34.9,15.1,1,0,0,0.4074326160034307
1.0,63.14,16.2,1,1,0,0.37734494507719096
1.0,289.9,15.78,1,0,0,0.3172614131148914
1.0,110.0,58.94,1,0,0,0.30444434202497894
1.0,10.0,18.23,1,0,0,0.459434824884275
2.0,130.0,33.78,1,0,1,0.5038734488035865
1.0,129.0,26.98,1,0,0,0.3264089873858145
1.0,320.0,9.83,1,0,0,0.33372459082652384
1.0,59.99,15.3,1,0,0,0.3821471124369037
1.0,14.99,7.39,1,0,0,0.4829782674774456
1.0,9.4,7.94,1,0,1,0.5026607500486013
1.0,50.34,7.78,1,0,0,0.4218440004749187
1.0,269.0,16.76,1,0,0,0.3175297062949759
1.0,91.71,15.39,1,0,0,0.3635135292730471
1.0,299.0,18.8,1,0,0,0.3091068672462253
1.0,49.9,13.37,1,0,0,0.39653054581094427
1.0,139.0,9.33,1,0,0,0.36868518752341384
1.0,139.9,17.42,1,0,0,0.34087872035718864
1.0,49.9,9.04,1,0,0,0.4149722255632211
1.0,99.99,87.23,1,0,0,0.29555826913704447
1.0,28.38,15.1,1,0,0,0.4171876068202466
1.0,46.9,16.6,1,0,0,0.38953716667957244
1.0,99.99,19.67,1,0,0,0.34939643619662936
1.0,159.9,48.17,1,0,0,0.29722301186189454
1.0,1890.0,46.99,1,0,0,0.2225844167409857
1.0,599.9,23.17,1,0,0,0.27772214092214764
1.0,919.9,18.88,1,0,0,0.27191112779508303
1.0,29.99,17.63,1,0,0,0.4075143924279571
1.0,29.9,14.11,1,0,0,0.41784866800413256
2.0,289.98,30.81,1,0,0,0.47319629350237236
1.0,170.7,16.95,1,1,0,0.33420093351904495
1.0,13.99,7.78,1,0,0,0.4838464244794147
1.0,34.9,15.1,1,0,0,0.4074326160034307
1.0,59.9,16.86,1,0,0,0.37790264828435266
1.0,54.99,17.09,1,1,0,0.38109668262650537
1.0,49.9,18.23,1,0,0,0.3825957468085743
1.0,55.0,7.78,1,0,0,0.4177624526526953
3.0,89.69999999999999,19.98,1,0,1,0.5441124120795319
1.0,71.4,22.43,1,0,0,0.35804853110778107
1.0,128.9,7.77,1,0,0,0.38035583826940866
1.0,50.75,7.62,1,0,0,0.4224829324324335
1.0,71.1,41.48,1,0,0,0.3340983175752228
1.0,119.99,44.64,1,0,0,0.310609864210573
2.0,107.91,57.68,1,0,0,0.49025827112683107
1.0,199.0,18.97,1,0,0,0.323701914862507
1.0,1050.61,25.13,1,0,0,0.2578615989366564
1.0,79.9,16.32,1,1,0,0.3668069504019955
1.0,89.9,7.49,3,1,1,0.9999999999999216
1.0,44.0,37.04,1,0,0,0.35886455981596715
1.0,104.5,15.94,1,0,0,0.35651948837545633
1.0,396.18,25.49,1,0,0,0.2877980548690862
1.0,123.9,12.37,1,0,0,0.3606265174107885
1.0,299.9,155.47,1,0,0,0.24214443325006516
1.0,16.99,7.39,1,0,0,0.47675033850151566
1.0,75.0,11.14,1,0,0,0.38675315276372
1.0,154.9,14.81,1,0,0,0.3437194380064358
1.0,59.9,11.98,2,1,1,0.9999999999988847
1.0,79.0,17.26,1,0,0,0.36485507557829067
1.0,139.0,27.05,1,0,0,0.3233992967281214
1.0,99.0,11.71,1,0,0,0.37247860085149903
1.0,83.9,17.03,1,0,0,0.36287277191340706
1.0,49.9,13.43,1,1,0,0.39632475066347095
1.0,49.9,12.79,1,0,0,0.39857573551864434
,,,1,0,0,0.3610559326759919
1.0,89.0,44.42,1,0,0,0.32248315324394955
1.0,65.9,15.67,1,0,0,0.3769406673213769
1.0,56.99,15.15,1,0,0,0.38486957180892645
1.0,247.0,67.3,1,0,0,0.2712427066409137
1.0,74.9,9.74,1,0,0,0.3930862152947829
1.0,69.99,15.25,1,0,0,0.3755154007308257
1.0,166.99,26.21,1,0,0,0.3175833577660746
2.0,298.6,16.6,1,0,0,0.49988028247646926
1.0,68.0,15.23,1,0,0,0.3768331999488097
1.0,49.9,15.1,1,1,0,0.39098424435258994
1.0,13.99,16.05,1,0,0,0.44872829546028087
1.0,234.0,8.98,1,0,0,0.34960030477648457
1.0,35.9,16.0,1,0,0,0.4034748854401605
2.0,274.0,27.28,1,0,0,0.48087659873884536
1.0,97.9,16.99,1,0,0,0.35648206924673986
1.0,120.0,13.86,1,0,0,0.3569056093230055
1.0,204.0,62.17,1,0,0,0.2802177413300631
1.0,289.0,10.59,1,0,0,0.3342507170057121
1.0,229.9,22.69,1,0,0,0.31124536153583027
1.0,139.0,26.25,1,0,0,0.3245619844471902
1.0,27.99,17.63,1,0,0,0.41077509875473395
1.0,199.9,21.89,1,0,0,0.31781792856048735
1.0,115.99,15.66,1,0,0,0.3529828426860115
1.0,108.99,11.39,1,0,0,0.3696785321399062
1.0,49.5,19.54,1,0,0,0.3799287372674038
1.0,35.9,14.52,1,0,0,0.4079104695370296
1.0,42.9,7.87,1,0,0,0.42873534619493436
1.0,175.0,22.7,1,0,0,0.3214004422718145
1.0,39.99,12.69,1,0,0,0.40912660824625274
1.0,113.0,18.0,1,0,0,0.34810632890688165
1.0,59.0,17.98,1,0,0,0.37575027694730373
1.0,54.5,8.27,1,0,0,0.41521697197344976
2.0,198.0,16.08,1,0,1,0.5188173279316043
1.0,159.9,34.92,1,0,0,0.30849999131460826
1.0,69.99,11.1,1,0,0,0.3899657628736996
1.0,99.9,16.33,1,0,0,0.3573461362876819
1.0,28.0,19.05,1,0,0,0.40728278952735647
1.0,149.99,89.5,1,0,0,0.27992831763040443
1.0,127.5,17.14,1,0,0,0.3452780808508392
1.0,83.36,16.34,1,1,0,0.364943909542154
1.0,49.99,18.45,1,0,0,0.38198922831667703
1.0,99.9,81.79,1,0,0,0.29757872840822985
1.0,17.9,15.1,1,0,0,0.4394544089567649
1.0,15.3,11.85,1,0,0,0.45870105778879905
3.0,429.0,46.45,1,0,0,0.4403669952141852
1.0,50.5,16.6,1,0,0,0.38619802053795854
1.0,79.9,7.81,1,0,0,0.4007371221217399
1.0,55.9,12.52,1,0,0,0.39442048172393795
1.0,149.0,15.13,1,0,0,0.344345838618737
1.0,34.9,15.34,1,0,0,0.40671108439464304
2.0,107.8,26.92,1,0,1,0.5221125966767056
1.0,143.8,18.9,1,0,0,0.3363957823246557
1.0,294.9,24.61,1,0,0,0.2992268401698078
1.0,159.0,31.94,1,0,0,0.3119804305708513
1.0,125.9,18.13,1,1,0,0.34342276337762434
1.0,29.9,7.47,1,0,0,0.4484963751725127
1.0,89.9,11.24,1,0,0,0.3784689944080609
1.0,32.9,7.78,1,0,0,0.441887341120884
1.0,59.7,18.3,1,0,0,0.3744624488008327
1.0,45.9,13.71,1,0,0,0.39918652862048193
1.0,23.99,7.78,1,0,0,0.45717901542871275
,,,1,0,0,0.3610559326759919
1.0,76.25,16.97,1,0,0,0.36710845197166064
1.0,95.0,17.92,1,0,0,0.3554550793593909
1.0,22.49,7.42,1,0,0,0.46269805051961677
1.0,19.9,7.78,1,0,0,0.4663592854216036
1.0,59.99,13.0,1,0,0,0.3895233708755263
1.0,49.9,16.92,1,0,0,0.38588698142427086
1.0,39.99,11.85,1,0,0,0.4123375378186495
2.0,27.8,32.1,1,0,1,0.5777157543124094
1.0,29.0,14.1,1,0,0,0.41933424502211364
1.0,369.0,17.33,1,0,0,0.3049055103546853
1.0,42.79,15.1,1,1,0,0.3979878143696946
1.0,44.9,7.78,1,0,0,0.4271642937076438
2.0,270.0,36.76,1,1,0,0.4686608726142002
1.0,119.99,32.44,1,0,0,0.3222054971985559
2.0,340.0,51.08,1,0,0,0.44566621161910963
1.0,31.5,16.79,1,0,0,0.4074067172795526
1.0,19.49,15.1,1,0,0,0.43529633865006173
1.0,32.0,13.37,1,0,0,0.41714256489653107
1.0,33.9,14.1,1,0,0,0.411950978221785
1.0,65.0,25.73,1,0,0,0.3564118927207541
1.0,176.5,16.12,1,0,0,0.3350042202822755
1.0,43.0,15.11,1,0,0,0.39773304991893493
1.0,39.9,15.38,1,0,0,0.40037201544245155
1.0,58.9,23.79,1,0,0,0.3638937737434165
1.0,49.9,11.85,1,0,0,0.4021243766796013
1.0,49.0,7.39,1,0,0,0.42560994813339087
1.0,31.9,16.79,1,0,0,0.4068139538768292
1.0,59.9,17.67,1,0,0,0.3758428703844311
1.0,499.9,18.25,1,0,0,0.2925496733829971
1.0,22.49,7.87,1,0,0,0.4597692415564042
1.0,189.99,17.09,1,0,0,0.3297328851415354
1.0,238.9,18.0,1,0,0,0.3189972859445358
1.0,159.0,27.84,1,0,0,0.3171363719813096
2.0,108.98,26.86,1,0,1,0.5217209132413536
1.0,119.9,57.61,1,0,0,0.3019314774434012
1.0,31.9,16.79,1,0,0,0.4068139538768292
1.0,149.99,21.02,1,0,0,0.3304025602561863
1.0,33.0,11.85,1,0,0,0.4213643400920807
2.0,27.98,25.58,1,0,1,0.5870739545944884
1.0,19.9,15.1,1,0,0,0.4342819700939666
1.0,119.0,18.93,1,0,0,0.34389084514298374
1.0,114.9,16.56,1,0,0,0.35096828553373344
1.0,129.99,17.16,1,0,0,0.34445023500011174
1.0,54.9,11.15,1,0,0,0.4006304767437411
2.0,263.98,23.32,1,0,0,0.4894247644442643
1.0,53.9,13.4,1,0,0,0.3929375636852875
1.0,65.9,18.7,1,0,0,0.3692056161596862
1.0,79.99,14.33,1,0,0,0.3724993389223744
1.0,78.0,7.8,1,0,0,0.4018649356884224
1.0,3.99,12.79,1,0,1,0.5208701825380435
2.0,79.8,25.38,1,0,1,0.5383746511989421
1.0,48.0,24.35,1,0,0,0.37192513999853877
2.0,438.0,41.44,10,1,1,0.9999999999999669
1.0,429.9,29.74,1,0,0,0.2795758744096901
1.0,49.0,12.79,1,0,0,0.3994049365854268
1.0,11.49,8.82,3,1,1,0.9999999999999456
1.0,24.9,8.27,1,0,0,0.452337356395311
1.0,29.5,16.11,1,0,0,0.41237994393199146
1.0,107.9,8.92,1,0,0,0.3813872624037454
1.0,18.89,7.39,1,0,0,0.4714968837029018
1.0,139.99,18.23,1,0,0,0.33895414898801135
1.0,84.9,19.13,1,0,0,0.35738942371908244
1.0,64.99,18.02,1,0,0,0.3714137580615904
2.0,193.6,47.22,1,0,0,0.4724713415939012
1.0,248.99,41.73,1,1,0,0.2862988975089186
2.0,109.98,30.26,1,0,1,0.5160977552847733
1.0,170.9,8.94,1,0,0,0.3622241116524819
1.0,99.0,17.94,1,0,0,0.3536915838642762
1.0,55.0,13.05,1,0,0,0.3932416170685765
1.0,89.9,15.38,1,1,0,0.36438480986459926
1.0,35.9,11.74,1,0,0,0.4178298136194717
2.0,90.89,20.12,1,0,1,0.542873294247672
1.0,124.9,16.63,1,0,0,0.34739178609919835
1.0,79.0,16.31,1,1,0,0.36731883450584074
1.0,24.99,12.79,1,0,0,0.43104133746886647
1.0,349.0,37.76,1,0,0,0.27822856998454826
1.0,48.9,7.78,1,0,0,0.4231891165588692
1.0,79.99,18.66,1,0,0,0.36096928437165454
1.0,24.99,18.12,1,0,0,0.4149300834448305
1.0,299.0,35.45,1,0,0,0.2855898769731052
1.0,48.99,13.71,1,0,0,0.39621424090130486
2.0,168.0,35.67,2,1,1,0.9999999999992482
1.0,82.0,11.83,1,0,0,0.3800932824747343
1.0,78.0,7.41,1,0,0,0.40433599967073136
1.0,125.0,8.14,1,0,0,0.3794570021075315
1.0,59.9,25.7,1,1,0,0.3599773991861785
1.0,16.0,8.72,1,0,0,0.4714914175777346
1.0,134.99,13.61,1,1,0,0.35289870773438503
2.0,376.2,28.68,1,0,0,0.4655464718581108
1.0,101.5,23.29,1,0,0,0.3418262363346378
1.0,19.9,18.23,1,0,0,0.42561372543217413
1.0,29.9,8.82,1,0,0,0.440310240050721
1.0,118.7,15.93,1,0,0,0.35130144877874125
1.0,59.0,14.16,1,0,0,0.386372134883279
1.0,56.97,16.16,1,0,0,0.3820014878037472
1.0,96.99,13.34,1,0,0,0.3674733319385135
1.0,113.9,17.05,1,0,0,0.3500811779824245
1.0,439.0,25.87,1,0,0,0.28384799781963027
1.0,120.0,12.05,1,0,0,0.3631204658160402
1.0,23.99,7.78,1,0,0,0.45717901542871275
1.0,35.0,14.1,1,0,0,0.41045242240648877
1.0,499.9,21.6,1,0,0,0.2861805599530007
1.0,33.4,11.85,1,0,0,0.42079401628329116
1.0,129.0,18.78,1,0,0,0.3409760694963037
1.0,34.9,16.92,1,0,0,0.4022625542443193
1.0,100.0,29.73,1,0,0,0.3327641388376247
1.0,184.0,19.39,1,0,0,0.3257887377430461
1.0,139.99,16.74,1,0,0,0.34252935261300826
1.0,206.0,49.97,1,0,0,0.2869005657752327
1.0,119.99,18.94,1,0,0,0.3435340485544745
,,,1,0,0,0.3610559326759919
1.0,29.9,11.85,1,1,0,0.4260543314122988
1.0,288.0,16.77,1,0,0,0.3150241237449517
1.0,28.0,7.87,1,0,0,0.44908799936355626
1.0,69.9,12.43,1,0,0,0.3848000946915866
1.0,65.0,16.89,1,0,0,0.3742339442695729
1.0,31.5,19.32,1,0,0,0.4011201139471857
1.0,319.0,18.2,1,0,0,0.30808578720422
1.0,118.99,12.04,1,0,0,0.3635079588640782
1.0,43.92,19.59,1,1,0,0.3852035143999132
1.0,69.9,23.36,1,0,0,0.3572701319908758
1.0,317.0,20.52,1,0,0,0.30361075575963653
1.0,110.32,8.03,1,0,0,0.38539034268234384
1.0,129.0,34.44,1,0,0,0.31716522634738015
1.0,74.9,23.1,1,0,0,0.35479443822327145
1.0,59.99,15.52,1,0,0,0.3815091467910801
1.0,149.9,18.3,1,0,0,0.33609359766760194
1.0,84.99,19.13,1,0,0,0.3573447780952872
1.0,77.99,9.25,1,0,0,0.3937391282083597
1.0,159.77,16.88,1,0,0,0.3369547551460911
1.0,13.65,7.39,1,0,0,0.48764563951258233
1.0,79.9,7.42,1,0,0,0.40320253819099194
1.0,525.0,27.73,1,0,0,0.27556893083434003
1.0,253.0,19.02,1,0,0,0.31467859536427795
1.0,23.99,7.78,1,0,0,0.45717901542871275
1.0,79.0,47.21,1,0,0,0.3250981261164413
1.0,85.0,21.08,1,0,0,0.35325900737362415
2.0,99.8,25.38,1,0,1,0.5281964359302975
1.0,39.0,16.11,1,0,0,0.39932384781162783
1.0,189.99,16.08,1,0,0,0.3322660021712663
1.0,79.9,19.53,1,0,0,0.35907792243455283
1.0,125.0,20.07,1,0,0,0.3394885589134266
1.0,19.99,7.78,1,1,0,0.4661367140656194
1.0,12.77,7.78,1,0,0,0.48839711198239244
1.0,49.5,19.54,1,0,0,0.3799287372674038
1.0,23.89,14.52,1,0,0,0.42725243758762677
1.0,56.99,14.15,1,0,0,0.3879514848140964
2.0,113.98,27.96,1,0,1,0.5179404447012701
1.0,49.0,15.1,1,0,0,0.39180794088939863
1.0,110.32,15.65,1,0,0,0.35507170504391405
1.0,210.0,12.08,1,0,0,0.3406252584996958
1.0,103.9,13.05,1,0,0,0.36555697513192087
1.0,64.99,22.77,1,0,0,0.361456539609864
1.0,44.9,15.1,1,0,0,0.3957834264450578
2.0,439.96,209.86,1,0,0,0.3863608093654774
1.0,25.9,16.79,1,0,0,0.4166797294029156
1.0,61.0,15.64,1,0,0,0.3804268358914961
1.0,32.9,17.63,1,0,0,0.40316818073958455
1.0,51.9,19.55,1,0,0,0.37779289551650486
1.0,119.9,37.53,1,0,0,0.31684317247544613
2.0,86.96,29.04,1,0,1,0.5285326130846474
1.0,120.9,74.58,1,0,0,0.29329955444137795
1.0,969.0,116.3,1,0,0,0.21609147456381955
1.0,239.99,21.17,1,0,0,0.3123761006997938
1.0,339.0,10.57,1,0,0,0.328442463044869
,,,1,0,0,0.3610559326759919
1.0,110.0,0.0,1,0,1,0.5351155728881285
1.0,49.9,22.06,1,0,0,0.3743617333627454
1.0,99.99,23.02,1,0,0,0.3429112980066861
1.0,320.0,14.68,1,0,0,0.3166561137331279
1.0,139.9,18.23,1,0,0,0.3389796671564916
1.0,89.9,17.91,1,0,0,0.3577884209538134
1.0,139.0,20.21,1,0,0,0.33498329736746585
1.0,54.87,15.59,1,0,0,0.38527851548085873
1.0,119.0,13.13,1,0,0,0.35963817946605625
1.0,99.0,16.45,1,0,0,0.35740717213907663
1.0,49.9,15.1,1,0,0,0.39098424435258994
3.0,99.88,43.75,1,0,1,0.5052006265862554
1.0,61.4,13.77,1,0,0,0.38586449372406406
1.0,35.9,8.72,1,0,0,0.43212890573663243
1.0,56.6,9.09,1,0,0,0.40893399713130213
1.0,99.9,22.0,1,0,0,0.3447978111158576
2.0,42.0,21.92,1,0,1,0.5746610880767927
2.0,250.0,28.44,1,0,0,0.48291564544614074
1.0,19.5,18.23,1,0,0,0.4265982302968764
1.0,103.97,25.04,1,0,0,0.33793635356337115
1.0,32.0,10.96,1,0,0,0.42654271963151147
1.0,109.99,20.85,1,0,0,0.34307752557509796
1.0,188.0,12.82,1,0,0,0.342332098940125
2.0,128.0,30.66,1,0,1,0.5087342624782542
1.0,94.9,18.54,1,0,0,0.3540529843918019
1.0,599.65,18.95,1,0,0,0.28515756585390356
1.0,58.9,13.56,1,0,0,0.38841489828855463
3.0,134.97,27.21,1,0,1,0.5119190188007716
1.0,58.0,13.67,1,0,0,0.388734728342185
1.0,56.9,11.9,1,0,0,0.395974293828021
2.0,400.0,65.68,1,0,0,0.4293562167613697
1.0,55.0,15.49,1,0,0,0.3854609960926047
1.0,128.7,23.77,1,0,0,0.33147946419696817
1.0,86.9,16.24,1,0,0,0.36344460767335385
1.0,116.1,13.37,1,0,0,0.3598550264658771
1.0,259.0,14.47,1,0,0,0.3249816277764349
1.0,99.0,44.49,1,0,0,0.31820234760960936
1.0,139.9,23.78,1,0,0,0.32818643477776666
2.0,99.8,82.66,1,0,0,0.480048551268751
1.0,412.0,60.67,1,0,0,0.2578082861051187
1.0,139.94,40.31,1,0,0,0.30835860226392015
1.0,29.99,7.78,1,0,0,0.44633880107319707
1.0,30.9,12.6,1,0,0,0.4215838362395373
1.0,40.9,15.1,1,0,0,0.4000659204617771
1.0,145.9,13.46,1,0,0,0.35024658485537735
1.0,75.0,13.08,1,0,0,0.3793937071850533
1.0,39.0,13.85,1,0,0,0.4062300644708245
1.0,69.9,12.43,1,0,0,0.3848000946915866
1.0,19.9,18.23,1,0,0,0.42561372543217413
2.0,411.9,45.18,1,0,0,0.44279445800217454
1.0,20.9,12.81,1,0,0,0.4396357341329056
1.0,69.9,28.89,1,0,0,0.348660190338741
2.0,238.0,75.48,1,0,0,0.44545073747416486
1.0,49.0,13.68,1,0,0,0.3963054071822974
3.0,66.0,23.19,1,0,1,0.551436503366586
1.0,29.9,7.47,1,0,0,0.4484963751725127
1.0,23.8,18.27,1,0,0,0.41689118111312706
1.0,27.9,18.3,1,0,0,0.40924894943414997
1.0,13.65,22.06,1,0,0,0.435429095463565
1.0,53.9,13.46,1,0,0,0.392732923141944
,,,1,0,0,0.3610559326759919
4.0,571.96,84.56,1,0,0,0.4063809623214027
1.0,64.49,9.94,1,0,0,0.39878314709167206
1.0,19.9,15.23,1,0,0,0.43388260116604027
1.0,39.9,15.1,1,0,0,0.4012083821585167
1.0,97.47,17.93,1,0,0,0.35436231637249
1.0,143.99,15.76,1,0,0,0.34396549795696885
2.0,319.8,24.64,1,0,0,0.47893014004051004
1.0,238.0,28.62,1,0,0,0.3012167494640894
2.0,189.8,24.32,1,0,1,0.5016390867523121
1.0,58.99,20.81,1,1,0,0.3694571650574239
1.0,199.9,17.84,1,0,0,0.3260301681476778
1.0,122.99,15.74,1,0,0,0.3503699688690628
1.0,79.0,11.16,1,0,0,0.3843964035752648
2.0,65.98,25.38,1,1,1,0.5471263110868624
4.0,316.0,64.72,1,0,0,0.4397934534212319
1.0,38.9,14.52,1,0,0,0.40417463967254896
1.0,399.0,20.04,4,1,1,0.9999999999999241
1.0,158.9,16.74,1,0,0,0.33751781631368477
1.0,90.99,7.5,1,0,0,0.3969644427855027
1.0,29.7,17.63,1,0,0,0.40797237124082353
1.0,154.9,19.18,1,0,0,0.33287292638670707
1.0,22.9,11.85,1,0,0,0.4389025463927915
1.0,79.9,19.53,1,0,0,0.35907792243455283
1.0,50.0,13.93,1,0,0,0.3945587037371427
1.0,190.0,19.43,1,0,0,0.32448511873104996
1.0,15.99,18.23,1,0,0,0.43627632484811246
1.0,129.99,19.5,1,0,0,0.33911166831513
1.0,165.9,15.91,1,0,0,0.3379686530007264
1.0,69.0,7.74,1,0,0,0.40771079678590605
1.0,9.9,8.72,1,0,0,0.49541013508011794
1.0,112.0,16.48,1,0,0,0.35222353622094005
1.0,43.9,19.59,1,0,0,0.3852241504810163
2.0,79.98,28.2,1,0,1,0.5336404104233392
1.0,89.9,17.88,1,0,0,0.35786012266933126
1.0,189.9,18.61,1,0,0,0.326254012658641
1.0,95.03,17.92,1,0,0,0.3554419089935799
1.0,169.9,32.22,1,0,0,0.3091740994508399
1.0,106.9,13.19,1,0,0,0.3638889926328584
1.0,1597.35,53.21,1,0,0,0.22335491538465524
1.0,59.99,11.44,1,0,0,0.3954304904364379
2.0,351.8,36.96,1,0,0,0.45745746747135596
1.0,24.99,7.78,1,0,0,0.4551850182188862
1.0,24.99,7.78,1,0,0,0.4551850182188862
1.0,53.2,22.08,1,0,0,0.3714852034552199
1.0,99.8,19.39,1,0,0,0.35007543261137275
1.0,49.95,8.27,1,0,0,0.4192311788414933
1.0,59.49,9.94,1,0,0,0.40241385692337067
1.0,270.0,16.64,1,0,0,0.3176863657724425
1.0,45.0,12.69,1,0,0,0.40366875780839073
1.0,101.5,25.55,1,0,0,0.3381070215676024
1.0,199.9,16.1,1,0,0,0.3302680486719808
1.0,275.0,14.83,1,0,0,0.3217458675675496
2.0,233.98,31.14,1,0,0,0.4817830723465115
1.0,26.5,14.52,1,0,0,0.42227166583361875
1.0,49.7,42.93,1,0,0,0.34793566708744855
1.0,7.6,10.96,1,0,0,0.4972607845267797
2.0,119.8,30.34,1,0,1,0.5121451573963852
1.0,30.0,17.14,1,0,0,0.40877034388610906
1.0,45.0,16.79,1,0,0,0.3909067093377019
1.0,109.9,23.31,1,0,0,0.33856618267073735
1.0,299.99,24.9,1,0,0,0.2981888576752513
1.0,29.99,15.31,1,0,0,0.41393336457394697
1.0,94.9,15.51,1,0,0,0.36173308706018253
1.0,45.0,7.58,1,0,0,0.4283360776020869
1.0,39.0,15.11,1,0,0,0.4022334707032506
1.0,29.5,17.92,1,0,0,0.40755701052765875
3.0,86.69999999999999,35.55,1,0,1,0.520308043583621
1.0,50.0,9.34,1,0,0,0.41331027935879056
1.0,99.9,0.0,1,0,1,0.5394449364552412
1.0,330.0,20.41,1,0,0,0.30240798258776924
1.0,29.9,16.79,1,0,0,0.40986212842301634
1.0,199.0,0.0,1,0,1,0.5090351701658364
1.0,129.9,18.8,1,0,0,0.3406536405899437
1.0,544.9,16.25,1,0,0,0.29418816136241377
1.0,79.0,17.8,1,0,0,0.36352408503321076
2.0,155.36,25.76,1,1,1,0.5078045543888684
1.0,13.9,10.96,1,0,0,0.46724554083925046
1.0,89.9,27.58,1,0,0,0.3400255847858567
1.0,129.99,29.31,1,0,0,0.32292288301346483
1.0,29.98,11.85,1,0,0,0.42592683072403464
1.0,249.99,14.05,1,0,0,0.32753516246711734
1.0,52.99,8.88,1,0,0,0.41306930371752315
1.0,430.0,81.18,1,0,0,0.2481024359136857
1.0,349.0,18.2,1,0,0,0.30491843977201644
1.0,68.9,52.61,1,0,0,0.3268317011031457
1.0,35.9,13.33,1,0,0,0.4118684023301086
1.0,112.0,16.54,1,0,0,0.35206777076985263
1.0,99.9,29.1,1,0,0,0.3336344020931717
2.0,1017.0,31.64,1,0,0,0.4225775868438707
1.0,132.9,43.34,1,0,0,0.30775271218130745
1.0,48.9,18.23,1,1,0,0.38350471272941705
1.0,45.9,11.74,1,0,0,0.40639150366776466
1.0,219.99,22.03,1,0,0,0.3140120354067198
1.0,598.9,23.38,1,0,0,0.27744926329386643
2.0,144.0,44.42,1,0,0,0.4878741734768596
1.0,40.5,7.78,1,0,0,0.4320070887260304
1.0,118.8,23.41,1,0,0,0.33526774014610916
1.0,10.0,17.78,1,1,0,0.46058960603902743
1.0,27.99,22.85,1,0,0,0.3993051250382352
1.0,135.9,13.99,1,0,0,0.3514233502866755
1.0,169.99,27.73,1,0,0,0.31475911715385174
1.0,40.0,19.47,1,0,0,0.3897280486730396
1.0,19.65,12.79,1,0,0,0.4427221414955229
1.0,157.0,17.81,1,0,0,0.3354037196669725
1.0,13.65,15.1,1,0,0,0.4528006881897807
1.0,29.9,12.87,1,0,0,0.4221502895997364
1.0,149.9,25.18,1,0,0,0.3232604381390499
1.0,15.0,21.15,1,0,0,0.43268813359314395
1.0,59.9,15.3,1,0,0,0.38221367153171415
1.0,12.97,10.96,1,0,0,0.47068859219472853
1.0,319.0,10.97,1,0,0,0.32906396723592696
1.0,55.0,37.3,1,1,0,0.34889931626074794
1.0,183.99,18.0,1,0,0,0.3288235688951573
1.0,110.0,12.27,1,0,0,0.3659287091080643
6.0,77.94,76.14,1,0,0,0.4947481431607935
1.0,14.9,15.1,1,0,0,0.4484721506831355
1.0,50.4,8.29,1,0,0,0.41869949695458325
1.0,59.0,22.96,1,0,0,0.365300705912706
1.0,119.9,16.81,2,1,1,0.9999999999986486
1.0,304.91,19.38,1,0,0,0.3072132354964146
1.0,72.9,16.27,1,0,0,0.37088620988884363
1.0,42.2,44.1,1,0,0,0.3540391479660557
1.0,49.9,16.11,1,0,0,0.38807333433950336
1.0,319.99,13.44,1,0,0,0.32031917829022666
1.0,106.0,37.65,1,0,0,0.3215429843162413
1.0,140.9,14.76,1,0,0,0.34764409568112936
1.0,38.8,7.39,1,0,0,0.43656414525834797
1.0,99.99,16.89,1,0,0,0.3558562161432456
2.0,229.98,16.46,1,0,1,0.5113026295630503
6.0,161.39999999999998,44.34,1,0,0,0.4832632257174223
1.0,119.9,12.54,7,1,1,0.9999999999999527
2.0,76.8,32.22,1,0,1,0.5297372522795327
1.0,1999.0,49.12,1,0,0,0.219954263612762
1.0,29.99,34.15,1,0,0,0.3793215834487746
1.0,11.99,7.78,1,0,0,0.49154237547731555
1.0,18.98,7.39,1,0,0,0.47126179570338417
1.0,119.0,17.6,1,0,0,0.34694944321238086
1.0,56.1,13.97,1,0,0,0.3892376482737578
1.0,58.9,23.79,1,0,0,0.3638937737434165
1.0,86.9,21.1,1,1,0,0.3522941148647638
1.0,65.0,15.2,1,0,0,0.378899399499778
1.0,58.67,14.16,1,0,0,0.3866221361633375
1.0,99.99,18.27,1,0,0,0.35250521304181953
3.0,108.99,45.3,1,0,0,0.499826591894112
1.0,199.0,38.94,1,0,0,0.29659283680195286
1.0,61.5,37.12,1,0,0,0.3443252050872921
2.0,300.0,28.14,1,0,0,0.47571985922530263
1.0,29.99,18.31,1,0,0,0.40581553003059073
1.0,99.0,11.79,1,1,0,0.37216918587189257
1.0,53.99,12.72,1,0,0,0.39525705294063596
1.0,49.95,13.01,1,0,0,0.39774224403239106
1.0,23.9,7.43,1,0,0,0.4596509576839611
2.0,48.8,29.04,1,0,1,0.555305153430049
1.0,150.0,12.55,1,0,0,0.3522058886505054
1.0,25.0,14.1,1,0,0,0.42643570062038444
1.0,200.0,24.27,1,0,0,0.3137779964553335
1.0,150.0,28.03,1,0,0,0.31909928318475655
1.0,199.9,33.85,1,1,0,0.30139568488422763
1.0,49.0,7.6,1,0,0,0.42423814635257023
1.0,46.9,14.1,1,0,0,0.39691551503962763
1.0,95.03,13.69,1,0,0,0.3671813732697327
2.0,28.0,23.7,1,0,1,0.5903438851821192
5.0,149.95,91.55,4,1,1,0.9999999999999623
1.0,49.9,8.27,1,0,0,0.4192774803019537
1.0,89.9,16.39,1,0,0,0.3616096473899335
1.0,49.0,7.6,1,0,0,0.42423814635257023
1.0,699.0,23.95,1,0,0,0.2717421989016194
1.0,39.0,7.39,1,0,0,0.4363205890737652
1.0,43.0,15.11,1,0,0,0.39773304991893493
1.0,549.0,18.0,1,0,0,0.28998386849746477
2.0,220.64,31.74,1,0,0,0.48346303138985364
1.0,49.0,7.78,1,0,0,0.4230943201432321
1.0,39.69,22.93,1,0,0,0.3830108813971863
1.0,99.9,16.33,1,0,0,0.3573461362876819
1.0,1260.0,110.26,1,0,0,0.21070412759273668
1.0,149.0,40.37,1,0,0,0.305947237191825
1.0,225.0,13.07,1,0,0,0.3345772419317985
1.0,89.18,9.44,1,0,0,0.3869198442282269
2.0,55.98,30.2,1,0,1,0.5471875499795434
1.0,54.9,14.13,1,0,0,0.38968996541455103
1.0,137.5,27.04,1,0,0,0.32383452540479596
1.0,179.0,12.75,1,0,0,0.34449010121309936
2.0,504.8,39.72,1,0,0,0.4399288891283638
1.0,190.0,13.99,1,0,0,0.33815479097115775
2.0,29.98,36.46,1,0,1,0.5687897039399892
1.0,699.0,86.21,1,0,0,0.23234130770406455
,,,2,1,1,0.9999999999987204
13.0,389.87,96.07,1,0,0,0.41683578103229485
1.0,14.49,18.23,1,0,0,0.4411126078316861
1.0,15.9,7.71,1,0,0,0.47792632718663797
1.0,105.0,16.04,1,0,0,0.3560510935908816
1.0,129.99,23.71,1,0,0,0.33118649197177413
1.0,50.0,11.15,1,0,0,0.4048881488651206
1.0,254.9,27.06,1,1,0,0.30083984439917144
1.0,169.9,21.68,1,1,0,0.3243494933495546
1.0,79.9,25.4,1,0,0,0.3481987820354494
1.0,89.99,26.25,1,0,0,0.3419458296318147
2.0,187.8,37.52,1,0,0,0.48327368221617334
1.0,82.99,8.78,1,0,0,0.39347726612326606
1.0,238.98,14.01,1,0,0,0.3293424879028887
1.0,19.9,13.47,1,0,0,0.43964612623345345
1.0,35.89,12.48,1,0,0,0.4149620693894524
1.0,58.99,22.99,1,0,0,0.36525347688328935
1.0,181.99,18.18,1,0,0,0.3288340830292072
2.0,59.8,26.74,1,0,1,0.5493926512308211
1.0,59.9,14.51,1,0,0,0.3845949800430265
2.0,170.0,28.4,1,0,0,0.49955792428163776
,,,1,0,0,0.3610559326759919
1.0,19.9,11.85,1,0,0,0.445752818457975
1.0,45.9,16.11,1,0,0,0.3918570742726627
1.0,349.0,25.24,1,0,0,0.29245236743682734
1.0,78.9,13.61,1,0,0,0.3753999734842777
1.0,66.89,19.71,1,0,0,0.36630162347100087
1.0,149.97,18.85,1,0,0,0.3348519852054082
2.0,270.0,36.76,1,0,0,0.4686608726142002
1.0,17.5,12.79,1,0,0,0.4484069379910412
1.0,127.0,18.47,1,0,0,0.34229600217623296
1.0,72.0,23.3,1,0,0,0.35611493357315066
1.0,19.9,12.48,1,0,0,0.44327326623148017
1.0,35.9,15.32,1,1,0,0.4054518991502743
1.0,999.9,19.44,1,0,0,0.2683397246671423
1.0,855.0,19.33,1,0,0,0.27327507911770965
1.0,108.9,15.68,1,0,0,0.3555236833581093
1.0,35.9,16.32,1,0,0,0.40257760598501446
1.0,277.99,16.7,1,0,0,0.3164770409019305
1.0,58.0,15.48,1,0,0,0.3831217050144022
1.0,13.99,7.39,1,0,0,0.4864187092358017
1.0,233.91,18.92,1,0,0,0.31777107943947835
1.0,119.9,15.85,1,0,0,0.35110728614555164
1.0,69.99,17.77,1,0,0,0.3688002437604073
1.0,94.5,26.96,1,0,0,0.3388827015855
1.0,13.65,7.78,1,0,0,0.48507299460013753
1.0,99.99,16.46,1,0,0,0.3569663258701749
1.0,287.0,20.11,1,0,0,0.3079222367370581
1.0,209.9,17.23,1,1,0,0.325610458485789
,,,10,1,1,0.9999999999999534
1.0,71.95,13.16,12,1,1,0.9999999999999571
1.0,23.8,16.79,1,0,0,0.4207280648700591
1.0,79.99,18.84,1,0,0,0.3605595032188081
1.0,84.9,8.95,1,0,0,0.3915727048286479
1.0,49.0,19.25,1,0,0,0.3810331935066615
1.0,379.99,19.91,1,0,0,0.29847215288905726
1.0,179.9,20.0,1,0,0,0.3253966959792788
1.0,92.9,24.86,1,0,0,0.34281643421277763
1.0,28.5,15.1,1,0,0,0.4169869534071448
1.0,899.99,59.97,1,0,0,0.23520493463964753
1.0,49.95,11.85,1,1,0,0.40207865793292974
1.0,59.0,25.69,1,0,0,0.3606488250367685
1.0,109.0,29.16,1,0,0,0.33005847744381034
2.0,217.89,37.02,1,0,0,0.4774468552635845
1.0,239.9,46.14,1,0,0,0.2842204550983883
3.0,297.0,99.24,1,0,0,0.4266734549818412
2.0,95.82,15.56,1,0,1,0.5523527537178077
1.0,31.0,8.88,1,0,0,0.43824330264628386
1.0,129.9,15.66,1,0,0,0.34837207389695235
1.0,134.99,27.9,1,0,0,0.32334327621591796
1.0,499.0,26.05,1,0,0,0.2794145491206413
1.0,229.9,22.45,1,0,0,0.3116577081303059
1.0,249.9,69.21,1,0,0,0.2700058187661529
1.0,37.4,16.6,1,0,0,0.3999094609502023
2.0,159.6,23.52,1,0,1,0.5106872227617585
1.0,59.99,18.52,1,0,0,0.37373033508965686
1.0,17.9,19.95,4,1,1,0.9999999999999569
1.0,112.0,16.22,1,0,0,0.3529062611391866
1.0,42.57,15.1,1,0,0,0.3982244887221788
1.0,131.99,11.56,1,0,0,0.36105870834918763
1.0,69.9,15.24,1,0,0,0.37560065168488793
1.0,129.9,19.88,1,0,0,0.3383439024875411
1.0,39.9,13.37,1,0,0,0.4068028397129563
1.0,47.65,18.23,1,0,0,0.38467020512416933
1.0,56.99,12.53,1,0,0,0.3935146692976763
1.0,66.39,19.66,1,0,0,0.36673500006896714
1.0,29.99,7.39,1,0,0,0.44888509837695273
1.0,19.9,7.39,1,0,0,0.46892306322588573
3.0,389.7000000000001,62.58,1,0,0,0.4325576225561376
1.0,599.0,120.96,1,0,0,0.22805058860445915
1.0,217.32,34.6,2,1,1,0.9999999999982931
1.0,12.3,7.78,1,0,0,0.4902684042887422
1.0,110.0,14.5,1,0,0,0.35851586438875077
1.0,99.99,14.45,1,0,0,0.3626450451263951
1.0,25.0,13.52,1,0,0,0.42840441991570877
1.0,99.9,21.19,1,0,0,0.3463406738926236
1.0,229.99,24.48,1,0,0,0.30831204697088
3.0,81.0,33.45,1,0,1,0.5260124083377634
,,,1,0,0,0.3610559326759919
1.0,69.9,11.99,1,0,0,0.38645480665708365
1.0,139.0,23.51,1,0,0,0.32889134506752055
1.0,79.0,13.57,1,0,0,0.3754775926803514
1.0,165.0,12.89,1,0,0,0.3472270217970396
1.0,69.8,13.85,1,0,0,0.3799459451168778
1.0,4.9,8.27,1,1,1,0.5325274634728576
1.0,59.9,17.67,1,0,0,0.3758428703844311
1.0,17.5,10.96,1,0,0,0.45583911643180336
1.0,40.0,18.59,1,0,0,0.3917624509549926
1.0,149.9,18.98,1,0,0,0.3345873222538315
1.0,49.99,17.06,1,0,0,0.38544032321289556
1.0,498.0,18.25,1,0,0,0.29267629531683487
,,,1,0,0,0.3610559326759919
1.0,86.9,21.1,1,0,0,0.3522941148647638
1.0,159.9,14.51,1,0,0,0.34334006784127163
4.0,499.6,76.6,1,0,0,0.4151783585830778
2.0,380.0,28.69,1,1,0,0.4651207592741658
1.0,549.0,69.6,1,0,0,0.24510623828607847
2.0,107.36,14.78,1,1,1,0.5496669312880932
1.0,75.0,22.24,1,0,0,0.35630895642809607
1.0,37.9,12.35,1,0,0,0.4129003384096547
2.0,78.0,29.04,1,0,1,0.533511814238424
1.0,21.9,7.39,1,0,0,0.46420572268482185
1.0,99.9,16.33,1,0,0,0.3573461362876819
1.0,53.9,8.11,9,1,1,0.9999999999999629
1.0,35.0,7.78,1,0,0,0.43892946128575994
1.0,49.0,18.23,1,0,0,0.3834128968595062
1.0,71.99,15.25,2,1,1,0.9999999999987912
1.0,125.0,15.98,1,0,0,0.3490618859140331
1.0,69.9,13.08,1,0,0,0.38247381675316827
2.0,39.8,23.7,1,0,1,0.5737404625164293
1.0,64.99,9.15,1,0,0,0.40236732109278023
1.0,32.5,9.94,1,0,0,0.4305020170463709
1.0,67.9,13.6,1,0,0,0.38198026005045915
1.0,84.99,11.97,1,0,0,0.37800687048629456
1.0,29.9,9.34,1,0,0,0.43751242840286164
1.0,107.0,13.77,1,1,0,0.36193987312691417
1.0,36.0,17.6,1,0,0,0.3990517034855975
1.0,100.0,15.45,1,0,0,0.35970827616028295
1.0,199.9,19.99,1,0,0,0.3214233361820646
1.0,140.0,12.48,1,0,0,0.355238942231166
1.0,125.9,18.13,1,0,0,0.34342276337762434
6.0,450.0,159.66,1,1,0,0.394232592730453
1.0,93.99,7.52,1,0,0,0.39542127957426215
1.0,52.58,52.72,1,0,0,0.33801666517109324
1.0,99.99,9.51,1,0,0,0.38164327853859575
1.0,58.9,19.65,1,1,0,0.37197781260904034
1.0,37.0,18.23,1,0,0,0.3962157226490712
1.0,169.9,29.37,1,0,0,0.31261240183685185
1.0,32.0,11.85,1,0,0,0.42282343725527943
1.0,208.0,20.43,1,0,0,0.3190653199008614
1.0,1199.9,25.69,1,0,0,0.2533080285502609
1.0,159.9,18.37,3,1,1,0.9999999999998967
1.0,399.0,18.76,1,0,0,0.2990955217879552
1.0,119.9,18.09,1,0,0,0.3454866152338221
1.0,14.9,14.11,1,0,0,0.4516680292750628
1.0,19.9,15.1,1,0,0,0.4342819700939666
,,,1,0,0,0.3610559326759919
2.0,69.8,21.92,1,0,1,0.5510542031446778
1.0,50.9,9.27,1,0,0,0.4128506648363948
1.0,39.9,15.1,1,0,0,0.4012083821585167
1.0,245.0,9.48,1,0,0,0.34539468867925555
1.0,59.9,16.86,1,0,0,0.37790264828435266
1.0,29.0,7.39,1,0,0,0.45050729707324066
1.0,145.0,37.93,1,0,0,0.309190428327755
1.0,12.95,7.78,1,0,0,0.48769874418832027
1.0,55.0,12.83,1,0,0,0.3940237824570393
1.0,57.31,13.98,1,0,0,0.3882497557506579
1.0,94.9,47.19,1,0,0,0.3177842299390483
1.0,39.99,15.1,1,0,0,0.40110428588692054
1.0,99.99,19.89,1,0,0,0.34893165163544365
1.0,75.0,20.02,1,0,0,0.36072017849099547
1.0,99.9,27.0,1,0,0,0.336564756693483
1.0,13.65,11.85,1,0,0,0.464359175335931
1.0,98.99,20.77,1,0,0,0.34754492176627516
1.0,52.9,20.86,1,0,0,0.37415424972950295
1.0,44.99,20.4,1,0,0,0.38235565252180415
1.0,39.5,15.11,1,0,0,0.40164396988537626
2.0,278.0,34.82,1,0,0,0.46972560657007456
1.0,199.0,21.88,1,0,0,0.3180046768114832
6.0,1055.4,348.84000000000003,1,0,0,0.34074837567486355
2.0,99.89,16.5,1,1,1,0.5477455757859903
1.0,56.99,8.72,1,0,0,0.4106168107434582
1.0,19.0,8.29,1,0,0,0.4654881882089302
2.0,134.0,28.44,1,0,1,0.5099712262954887
1.0,85.9,15.36,1,0,0,0.36637386389560866
2.0,69.8,27.42,1,0,1,0.5411301669965052
1.0,87.99,9.37,1,0,0,0.38785261087291223
1.0,22.0,12.79,1,1,0,0.43721257822585397
1.0,209.0,45.28,1,0,0,0.2896723453813183
1.0,298.13,39.64,1,0,0,0.28186723489434357
1.0,47.61,7.78,1,0,0,0.4244312528681426
1.0,119.0,17.08,1,0,0,0.34822000868627223
1.0,47.9,42.38,1,0,0,0.3500127588822233
1.0,149.9,17.49,1,0,0,0.3379764659062245
1.0,24.5,11.85,1,0,0,0.43562771347604595
1.0,29.9,7.47,7,1,1,0.9999999999999671
1.0,29.9,25.63,1,0,0,0.39130433703390954
1.0,88.9,16.87,1,0,0,0.36083125322631143
1.0,38.5,19.05,1,0,0,0.3924383231424677
1.0,117.3,14.43,1,0,0,0.3560749458264711
1.0,55.99,12.83,1,0,0,0.3932204400157608
1.0,19.9,42.38,1,0,0,0.38983999839906014
1.0,104.0,14.72,1,0,0,0.36018729475177474
1.0,109.9,12.27,1,0,0,0.36596673783016764
1.0,97.9,21.18,1,0,0,0.34719187700410176
1.0,289.0,19.64,1,0,0,0.30860067671386365
1.0,95.0,13.33,1,1,0,0.36838399821863616
1.0,65.0,18.33,1,0,0,0.37066751531659614
1.0,119.99,24.97,1,0,0,0.3323001926817646
2.0,89.8,23.7,1,0,1,0.5360329040336473
2.0,25.8,15.56,1,0,1,0.6127923247812113
1.0,89.9,17.88,1,0,0,0.35786012266933126
1.0,129.9,22.62,1,0,0,0.3330951771145829
3.0,89.69999999999999,38.07,1,0,1,0.515867291667351
1.0,75.0,13.08,1,0,0,0.3793937071850533
1.0,119.99,18.09,1,0,0,0.34545623049117113
1.0,99.0,18.57,1,0,0,0.35222788042613873
2.0,83.9,42.67,1,0,1,0.5138567102990328
1.0,149.99,31.8,1,0,0,0.3143492497601443
1.0,19.99,10.96,1,0,0,0.44929541056352246
1.0,54.0,16.82,1,0,0,0.3826106839752516
1.0,28.18,12.69,1,0,0,0.4256413941677285
1.0,69.0,14.79,1,0,0,0.37750230243092897
1.0,168.0,13.84,1,0,0,0.3434258777110685
6.0,234.0,96.66,1,0,0,0.43748635983623796
1.0,89.9,12.13,1,0,0,0.37498773258280577
1.0,280.0,27.24,1,0,0,0.29727419433635055
1.0,35.99,22.06,1,0,0,0.389143400821527
1.0,79.99,13.92,1,0,0,0.3737967146461805
1.0,39.99,12.79,1,0,0,0.4087603879494176
1.0,14.9,16.79,1,0,0,0.44352756552180395
1.0,179.9,16.02,1,0,0,0.3345262760059657
1.0,13.65,15.98,1,0,0,0.4501473875730409
1.0,370.0,19.43,1,0,0,0.30033221513764674
1.0,2399.0,17.0,1,0,0,0.2485018272222821
1.0,119.0,17.37,1,0,0,0.34750591696178745
1.0,49.0,17.63,1,0,0,0.384886256585532
1.0,120.0,45.3,1,0,0,0.3100923721244711
1.0,260.0,21.79,1,1,0,0.30834570055958466
1.0,109.99,8.93,1,0,0,0.3805189806669254
1.0,148.0,20.28,1,0,0,0.33237662103345655
2.0,299.8,24.28,1,0,0,0.48227561209191483
1.0,197.0,27.7,1,0,0,0.30930486697230913
1.0,56.99,15.15,1,1,0,0.38486957180892645
1.0,190.83,12.84,1,0,0,0.3416822701351348
1.0,91.9,16.4,1,0,0,0.36065607327631977
1.0,115.99,27.11,1,0,0,0.3304148940767298
2.0,137.8,51.53,1,0,0,0.4838061839592884
1.0,299.0,22.58,1,0,0,0.30199528669682085
1.0,19.9,14.52,1,0,0,0.4361124386346095
1.0,132.9,18.18,1,0,0,0.34113800040582054
1.0,10.99,11.85,1,0,0,0.47513902649258577
1.0,249.9,20.94,1,0,0,0.3113293923760244
1.0,15.0,10.96,1,0,0,0.46346482562478164
1.0,44.35,13.37,1,0,0,0.4019190795383933
1.0,89.99,16.39,1,0,0,0.36156743217274595
1.0,149.9,23.98,1,0,0,0.32517330025236285
1.0,69.9,13.08,1,0,0,0.38247381675316827
1.0,429.0,38.36,1,1,0,0.2709641377187558
1.0,119.9,13.86,1,0,0,0.3569398774431695
1.0,106.0,13.18,1,0,0,0.36427633534607035
1.0,34.0,21.15,1,0,0,0.3935922258349351
1.0,59.9,14.13,1,0,0,0.38579410088756616
1.0,180.0,16.7,1,0,0,0.3327665921844378
1.0,120.0,18.09,1,0,0,0.345452855994811
1.0,89.9,27.36,1,0,0,0.34034212753330767
1.0,150.0,44.85,1,0,0,0.3020212860402567
1.0,49.0,14.1,1,0,0,0.3949215114989168
1.0,49.9,18.45,1,0,0,0.38207000464266344
2.0,57.26,30.6,1,0,1,0.5455656259288023
1.0,369.0,17.46,1,0,0,0.3046097957114412
1.0,149.9,15.8,1,0,0,0.3422578776818765
1.0,129.9,16.01,1,0,0,0.34742554508551615
1.0,209.0,39.74,1,0,0,0.29412860935668234
1.0,69.9,15.24,1,1,0,0.37560065168488793
1.0,26.9,19.38,1,0,0,0.408413514904299
1.0,329.93,22.71,1,0,0,0.29833301242050975
1.0,89.0,16.32,1,0,0,0.3622203603420583
1.0,12.9,8.29,1,0,0,0.4847240975308687
2.0,399.8,54.96,1,0,0,0.4362166140678743
1.0,113.99,17.24,1,0,0,0.34957737185896925
1.0,29.99,10.96,1,1,0,0.4296371435427471
1.0,23.95,11.15,1,0,0,0.43964753060824313
1.0,59.9,16.18,1,0,0,0.3797225687387746
1.0,37.5,17.6,1,0,0,0.3971620525135635
1.0,29.9,16.92,1,0,0,0.4095125093772647
1.0,45.0,10.96,1,0,0,0.41054510736090655
1.0,184.99,13.63,1,0,0,0.3403118051389922
,,,1,0,0,0.3610559326759919
1.0,146.99,30.17,1,0,0,0.3170868054190667
2.0,319.98,26.76,1,0,0,0.4752471457250169
1.0,84.9,22.91,1,0,0,0.3498647455343311
1.0,22.99,18.23,1,0,0,0.41865070769768625
1.0,69.9,11.1,1,0,0,0.3900226665552846
1.0,142.2,25.35,1,0,0,0.3250373293337053
1.0,104.99,35.35,1,0,0,0.3242505963789948
1.0,117.6,18.92,1,0,0,0.34439172640153676
1.0,150.0,40.2,1,0,0,0.30584614585507897
2.0,599.96,165.84,1,0,0,0.38179141241489767
1.0,88.89,7.88,1,0,0,0.39561904940688764
1.0,34.0,8.27,1,0,0,0.4373095580688815
1.0,28.9,10.96,1,0,0,0.4314098052199822
1.0,57.9,8.75,1,0,0,0.4097301220889868
1.0,16.99,20.8,1,0,0,0.42735144424453836
1.0,43.99,13.71,1,0,0,0.4011356864722953
1.0,105.99,21.23,1,0,0,0.343841641036581
1.0,113.0,23.37,1,0,0,0.33734216410979156
1.0,199.6,37.21,1,0,0,0.2980789105330798
1.0,25.99,15.1,1,0,0,0.42138565478051926
1.0,169.9,20.07,1,0,0,0.32744600769097704
1.0,213.99,22.58,1,0,0,0.314070851837294
1.0,7.0,7.39,1,0,1,0.5208439263423208
1.0,109.9,15.84,1,0,0,0.35470724435036877
1.0,12.9,15.1,1,0,0,0.45559783522056213
2.0,134.0,18.88,1,0,1,0.5283947336105197
1.0,56.5,25.69,1,0,0,0.3625298049987215
1.0,32.5,12.79,1,0,0,0.41848633237759014
1.0,145.69,15.77,1,0,0,0.3434708000213969
1.0,248.99,74.69,1,0,0,0.2678521929649197
1.0,503.34,27.83,1,0,0,0.27679224380976636
1.0,99.9,19.94,1,0,0,0.3488639745150619
2.0,106.89,28.85,1,0,1,0.5194577934690079
1.0,149.99,23.85,1,0,0,0.32536417414813024
1.0,144.99,12.22,1,0,0,0.3547539526351379
1.0,65.0,18.33,1,0,0,0.37066751531659614
1.0,12.5,14.1,1,0,0,0.4603981626917843
1.0,109.97,34.04,1,0,0,0.3238268939488982
1.0,129.0,15.07,1,1,0,0.3503066685377581
1.0,65.9,17.74,1,0,0,0.3714882493103971
1.0,135.0,13.97,1,0,0,0.35175462083877035
1.0,138.55,12.67,1,0,0,0.3549925671232218
1.0,49.0,12.79,1,0,0,0.3994049365854268
3.0,177.7,56.23,1,0,0,0.4695258038537246
1.0,170.0,53.54,1,0,0,0.29147097305316444
1.0,69.99,19.18,1,0,0,0.36551029355822223
1.0,79.5,16.32,1,0,0,0.3670217875816725
1.0,38.4,22.67,1,0,0,0.3850030332084436
1.0,572.9,30.74,1,0,0,0.2692439686520629
1.0,19.9,15.1,1,0,0,0.4342819700939666
1.0,59.9,14.13,1,0,0,0.38579410088756616
1.0,48.9,14.52,1,0,0,0.3936766329076932
1.0,24.99,7.39,1,0,0,0.45774005876077
1.0,59.9,13.44,1,0,0,0.3880689520143738
1.0,330.0,10.32,1,0,0,0.33046611415576704
1.0,122.99,9.06,1,0,0,0.37513156580750723
1.0,49.0,13.37,1,0,0,0.3973583031934783
2.0,172.0,37.45,1,0,0,0.4871679776843615
1.0,50.0,15.11,1,0,0,0.39086382771748834
1.0,69.9,19.98,1,0,0,0.363822542337135
1.0,49.9,19.32,1,0,0,0.3800602190256103
1.0,122.99,15.61,1,0,0,0.3507267612462076
1.0,149.9,21.13,1,0,0,0.33021532723298697
1.0,75.9,12.03,1,0,0,0.382688393581916
1.0,54.49,34.14,1,0,0,0.35271858609629503
1.0,38.0,18.37,1,0,0,0.39464589778895687
1.0,56.99,24.89,1,1,0,0.3634564742645073
1.0,117.99,34.37,1,0,0,0.32070382135508907
1.0,219.89,12.56,1,0,0,0.3371665864045958
1.0,53.99,8.29,1,0,0,0.4155313587173221
1.0,50.0,47.79,1,0,0,0.3437094046120524
1.0,44.98,15.1,1,0,0,0.3957020964968586
1.0,120.0,13.75,1,0,0,0.3572559456610105
1.0,159.9,16.33,1,0,0,0.3383137631315193
1.0,119.9,17.55,1,0,0,0.3467638875735554
1.0,71.9,18.38,1,0,0,0.36617945373747246
1.0,138.5,18.85,1,0,0,0.3379906217671828
1.0,139.99,11.6,1,0,0,0.35849842235528573
2.0,163.9,40.1,1,0,0,0.48641264424922925
1.0,259.0,19.69,1,0,0,0.3124509442712526
1.0,55.0,17.97,1,0,0,0.3788813835120101
1.0,315.0,20.09,1,0,0,0.30465526055102093
2.0,550.0,93.82,1,0,0,0.40389455582881206
1.0,412.0,23.72,1,0,0,0.2891262659005668
1.0,19.99,14.1,1,0,0,0.43727019157756175
1.0,129.0,11.51,1,0,0,0.3621951454256505
1.0,169.0,15.93,1,0,0,0.3371921904715363
1.0,235.0,35.45,1,0,0,0.29395516067229427
1.0,185.0,45.75,1,0,0,0.293674707431364
1.0,27.0,16.11,1,0,0,0.41658483357301473
1.0,17.9,7.39,1,0,0,0.47416227507228725
1.0,194.9,19.24,1,0,0,0.32391737482784716
1.0,46.0,7.58,1,0,0,0.4273088885957855
1.0,19.9,17.63,1,0,0,0.4271369120350378
1.0,15.9,18.23,1,0,0,0.43655293430656816
1.0,139.0,40.48,1,1,0,0.30846383412036343
1.0,56.99,14.15,1,1,0,0.3879514848140964
1.0,114.9,12.51,1,0,0,0.36324373419248074
2.0,188.8,29.23,1,1,0,0.4937393016236025
1.0,138.0,26.34,1,0,0,0.32470958718106546
1.0,17.9,7.71,1,0,0,0.47204589192770985
1.0,79.99,23.28,1,0,0,0.3517013986972099
1.0,95.0,8.43,1,0,0,0.3895156993022198
1.0,198.9,13.83,1,0,0,0.33687817257965696
1.0,96.0,16.43,1,0,0,0.35874520822229733
2.0,92.0,23.7,1,0,1,0.534933391814539
1.0,29.99,8.37,1,0,0,0.4427350824493899
1.0,327.9,39.21,1,0,0,0.2790345415848524
1.0,39.0,13.85,1,0,0,0.4062300644708245
2.0,77.8,28.16,1,0,1,0.5349704264812182
1.0,39.0,14.52,1,0,0,0.404055575066433
1.0,131.99,18.1,1,0,0,0.34159692862800545
1.0,16.99,15.1,1,0,0,0.4420122728691099
2.0,82.89,30.35,1,1,1,0.5288093055532679
2.0,298.0,89.68,1,0,0,0.42981648242411985
2.0,196.8,36.01,1,0,0,0.4829838018000841
1.0,19.0,12.69,1,0,0,0.4447432868943857
1.0,18.9,14.1,1,0,0,0.44000863307783744
1.0,169.9,20.68,1,0,0,0.32623911329810423
1.0,39.9,11.73,1,0,0,0.4129221217345648
1.0,35.99,7.78,1,0,0,0.43760049527384354
1.0,39.5,19.32,1,0,0,0.3906430366973962
1.0,49.9,13.37,1,0,0,0.39653054581094427
1.0,38.9,15.23,1,0,0,0.40199168602372115
1.0,49.9,20.99,1,0,0,0.37648287573659356
1.0,26.9,14.1,1,0,0,0.4229213328598506
1.0,139.9,15.73,1,0,0,0.3451980468641901
1.0,86.9,16.29,1,0,0,0.3633107770289051
2.0,699.96,122.92,1,0,0,0.3856343792423872
1.0,219.89,37.62,1,0,0,0.29422680826077013
1.0,44.9,14.1,1,0,0,0.39890786810082635
1.0,99.0,19.66,1,0,0,0.3498283250971593
1.0,129.99,14.66,1,0,0,0.3511904147656979
1.0,259.99,73.05,1,0,0,0.2670759289453837
1.0,34.99,7.51,1,0,0,0.4406850664095746
1.0,219.99,39.09,1,0,0,0.2928771609250352
1.0,25.99,14.1,1,0,0,0.42457018868141627
1.0,99.99,16.46,1,0,0,0.3569663258701749
1.0,69.9,16.19,1,0,0,0.3729252589347606
1.0,24.9,19.99,1,0,0,0.41070355370242884
1.0,40.0,15.79,1,0,0,0.3990628737611104
1.0,48.9,19.32,1,0,0,0.38096687808055496
1.0,25.9,11.85,1,0,0,0.4329436759232227
1.0,129.99,23.63,1,0,0,0.33132102988754136
1.0,240.0,17.44,1,0,0,0.32010801307524633
1.0,219.9,15.85,1,0,0,0.3273036345738972
1.0,92.99,18.75,1,0,0,0.3544232300722032
1.0,120.0,27.79,1,0,0,0.328105562903245
1.0,25.0,7.94,1,0,0,0.45415642857281063
2.0,110.0,46.38,1,0,0,0.49812330736059257
1.0,35.9,10.96,1,0,0,0.42109524131368803
1.0,59.9,13.44,1,0,0,0.3880689520143738
1.0,41.8,16.56,1,0,0,0.3948926158026936
1.0,89.18,16.59,1,0,0,0.36142293424054445
1.0,38.9,15.1,1,0,0,0.40238256503160563
1.0,99.9,31.57,1,0,0,0.3304964614064417
1.0,86.8,14.36,1,0,0,0.3689044500098478
3.0,110.7,48.33,1,0,0,0.49649152858992557
1.0,199.9,15.57,1,0,0,0.33166709501444736
1.0,58.0,7.39,1,0,0,0.4178328511951678
1.0,219.9,13.88,1,0,0,0.33288239049298557
1.0,108.9,15.07,1,0,0,0.35724723254618124
1.0,131.99,18.05,1,0,0,0.3417126022258245
1.0,228.9,39.89,1,0,0,0.2907753626053645
1.0,164.0,37.84,1,0,0,0.30467002329963566
1.0,59.9,11.73,1,0,0,0.3943331797348695
1.0,119.0,18.08,1,0,0,0.34581513794050445
1.0,56.1,19.36,1,0,0,0.3747637481810951
1.0,65.99,13.04,1,0,0,0.38514883274736494
1.0,57.9,18.29,1,0,0,0.3758352850577992
1.0,199.0,48.1,1,0,0,0.289385858977735
1.0,78.0,8.74,1,0,0,0.3964231495420503
1.0,83.41,21.24,1,0,0,0.35373621388689663
1.0,899.0,28.22,1,0,0,0.2584812523854254
1.0,17.9,12.48,1,0,0,0.44846790030025724
1.0,21.99,7.78,1,1,0,0.46144391665852635
1.0,64.99,9.34,1,0,0,0.40138870622542494
1.0,32.99,15.1,1,0,0,0.41007100786694456
1.0,19.99,19.32,1,0,0,0.42277015488111064
1.0,199.99,9.75,1,0,0,0.352022956817868
1.0,279.0,24.72,1,0,0,0.3010122580999924
1.0,14.5,7.39,1,0,0,0.48463391057987304
1.0,69.99,15.59,1,0,0,0.37453704022863016
1.0,69.9,23.07,1,0,0,0.35778708006466237
1.0,120.0,23.99,1,0,0,0.33388795834725715
2.0,165.6,25.42,1,1,1,0.505598062894227
1.0,104.0,13.07,1,0,0,0.36544822163137713
1.0,56.99,14.15,1,0,0,0.3879514848140964
1.0,199.9,14.42,1,0,0,0.33490464583209634
1.0,49.9,17.6,1,0,0,0.38414305322384035
1.0,23.4,15.1,1,0,0,0.4264297494374997
1.0,65.0,18.56,1,0,0,0.3701282027116383
1.0,209.99,25.82,1,0,0,0.3096093891371248
1.0,75.0,14.28,1,0,0,0.3754398291763378
1.0,38.4,35.67,1,1,0,0.36637899644184946
1.0,86.79,8.35,1,0,0,0.39390183443503207
1.0,69.9,14.79,1,0,0,0.3769361010822869
1.0,59.99,14.17,1,0,0,0.385599360591509
1.0,109.9,41.75,1,0,0,0.3163789837641597
1.0,99.9,23.63,1,0,0,0.3418878342861862
1.0,168.05,15.93,1,1,0,0.3374122834985592
1.0,95.0,7.85,1,0,0,0.39290392318935924
1.0,29.9,22.14,1,0,0,0.39758143025968185
1.0,47.5,52.71,1,0,0,0.3423536107007845
1.0,37.99,19.18,1,0,0,0.3927518612063423
1.0,124.9,23.74,1,0,0,0.3327155107220025
1.0,369.0,11.4,1,0,0,0.3221262134292214
1.0,568.0,16.42,1,0,0,0.29241176324355156
1.0,74.99,15.63,1,0,0,0.37143089868003265
1.0,219.99,31.34,1,0,0,0.30071964699937814
1.0,69.99,18.42,1,0,0,0.3672470386952942
1.0,78.0,18.43,1,0,0,0.3625726061153615
1.0,1699.99,82.56,1,0,0,0.21033125667703684
1.0,27.5,22.06,7,1,1,0.9999999999999603
1.0,168.88,16.81,1,0,0,0.33496358256161296
1.0,119.0,13.13,1,0,0,0.35963817946605625
1.0,45.97,13.9,1,0,0,0.39848481198963426
1.0,41.99,11.85,1,0,0,0.41006831551427436
1.0,670.0,28.45,1,0,0,0.2670395500365542
1.0,107.0,15.5,1,0,0,0.35675253214924735
1.0,19.9,7.39,1,0,0,0.46892306322588573
1.0,41.95,14.43,1,0,0,0.40097031000607414
1.0,122.9,23.58,1,0,0,0.3336262463694395
1.0,169.99,72.78,1,0,0,0.28171788771308226
1.0,37.49,18.36,1,0,0,0.39529293302559554
1.0,34.99,7.78,1,0,0,0.4389430905035692
1.0,19.9,8.89,1,0,0,0.45974938666761295
1.0,13.65,15.79,1,0,0,0.4507060718402771
1.0,52.0,17.61,1,0,0,0.38227018017112163
1.0,89.9,77.92,1,0,0,0.30313513232869593
1.0,391.87,36.91,1,0,0,0.27518254491238986
2.0,49.8,29.04,1,0,1,0.5543531016547808
1.0,51.0,8.52,1,0,0,0.4168272126819927
1.0,668.0,21.93,1,0,0,0.27631943636157524
1.0,45.9,15.11,1,0,0,0.3947480454104912
1.0,8.9,15.79,1,0,0,0.4719035339398876
1.0,13.99,21.15,1,0,0,0.4361051936446098
1.0,16.9,7.78,1,0,0,0.47444553698396047
1.0,139.0,17.22,1,0,0,0.34162073005540766
1.0,459.9,16.97,1,0,0,0.2981690656313646
1.0,155.97,16.19,1,0,0,0.3396555303702552
1.0,148.0,15.13,1,0,0,0.34461394891091834
1.0,122.99,15.61,1,0,0,0.3507267612462076
1.0,118.8,27.78,1,0,0,0.3285165538958746
1.0,24.9,7.39,1,0,0,0.4579161942608656
1.0,56.9,9.27,1,1,0,0.4077545087241123
1.0,22.9,7.87,1,0,0,0.4588837070966561
1.0,229.99,21.1,1,0,0,0.3140655399729372
1.0,29.99,16.4,1,0,0,0.41078795669199236
2.0,33.6,30.2,2,1,1,0.9999999999994573
1.0,27.99,15.23,1,0,0,0.4174506866807932
1.0,69.9,12.86,1,0,0,0.3832461290169261
1.0,44.49,11.85,1,0,0,0.4073921110900055
1.0,139.9,14.0,1,0,0,0.35022102426422397
1.0,54.91,8.72,1,0,0,0.41231461233945993
1.0,40.0,17.21,1,0,0,0.39518886972964734
1.0,49.0,7.78,1,0,0,0.4230943201432321
1.0,56.99,11.9,1,0,0,0.3959030931197526
1.0,89.99,15.53,1,0,0,0.3639171464253759
1.0,226.0,26.42,1,0,0,0.3060593999084995
,,,1,0,0,0.3610559326759919
1.0,59.9,55.65,1,0,0,0.33063420061039095
1.0,39.9,15.11,1,0,0,0.4011782069874495
1.0,439.0,62.08,1,0,0,0.2551563730148979
1.0,117.0,12.32,1,0,0,0.36317663550086676
1.0,549.9,50.93,1,0,0,0.2542193294528247
1.0,27.0,15.1,1,0,0,0.4195629729124175
1.0,82.9,14.31,1,0,0,0.37102586148161215
1.0,198.0,16.14,1,0,0,0.3305291047939854
1.0,89.9,73.58,1,0,0,0.304961165884318
1.0,225.0,59.66,1,1,0,0.2781295562546296
1.0,27.9,15.1,1,0,0,0.41799945513962844
1.0,79.9,19.53,1,0,0,0.35907792243455283
1.0,45.5,11.85,1,0,0,0.4063571792364585
1.0,86.9,16.24,1,0,0,0.36344460767335385
1.0,120.0,9.66,1,0,0,0.37319059308561
1.0,79.99,14.73,1,0,0,0.3712741834090829
1.0,149.0,16.74,1,0,0,0.34005188489144833
1.0,68.9,17.22,1,0,0,0.3708480375899131
1.0,39.9,8.11,1,0,0,0.4306748895966905
2.0,179.8,39.64,1,0,0,0.4828595858765888
1.0,29.98,17.06,1,0,0,0.40901338484248995
2.0,185.0,20.0,1,0,1,0.5116135517644678
1.0,88.0,22.33,1,0,0,0.34942430153494053
1.0,64.99,27.51,1,0,0,0.3537092408660493
1.0,250.0,54.35,1,0,0,0.27748150811655176
1.0,19.89,17.06,1,0,0,0.4286643255929806
1.0,24.99,12.79,1,0,0,0.43104133746886647
1.0,238.9,21.64,1,0,0,0.31168409292082894
1.0,466.0,28.0,1,1,0,0.27906830979864977
3.0,119.7,93.9,1,0,0,0.4675351479646793
1.0,214.9,24.08,1,0,0,0.31142540418307957
1.0,78.5,17.85,1,1,0,0.3636741774313975
1.0,49.0,7.39,1,0,0,0.42560994813339087
1.0,54.9,9.26,1,0,0,0.4094367190131809
1.0,89.9,11.83,1,0,0,0.3761278256734027
1.0,388.16,106.11,1,0,0,0.24397012190731046
1.0,205.0,26.27,1,0,0,0.30983826515538276
1.0,229.0,23.35,1,0,0,0.3102810812039714
1.0,299.99,58.65,1,0,0,0.2689998875202747
1.0,60.0,12.43,1,0,0,0.39157631869315795
1.0,28.9,11.85,1,1,0,0.42767973449031127
1.0,59.9,12.55,1,0,0,0.3912083333913404
1.0,49.99,15.11,1,0,0,0.3908728695799456
1.0,56.99,14.57,1,0,0,0.3866275369651579
1.0,155.99,8.86,1,0,0,0.3663386469950089
6.0,642.0,48.0,1,0,0,0.42323769355433305
1.0,79.9,42.84,1,0,0,0.32813648111954763
1.0,38.9,9.34,1,0,0,0.4249982540791853
1.0,39.9,16.79,1,0,0,0.3964103571996305
1.0,6.04,8.88,1,0,1,0.5189104811744325
1.0,34.9,12.79,1,1,0,0.4151257829618756
1.0,28.9,16.11,1,0,0,0.4133530988542952
1.0,209.9,18.0,1,0,0,0.32382273542075085
1.0,122.99,15.74,1,0,0,0.3503699688690628
1.0,54.9,13.08,1,0,0,0.3932180866248907
2.0,349.6,49.68,1,0,0,0.4456329538121801
1.0,15.9,15.1,1,0,0,0.4452712601013628
1.0,89.99,9.44,1,0,0,0.38652781495501715
1.0,126.0,133.39,1,0,0,0.27479670898277225
1.0,49.95,15.1,1,0,0,0.39093896398603933
1.0,29.9,7.47,1,0,0,0.4484963751725127
1.0,69.9,11.99,1,0,0,0.38645480665708365
2.0,110.0,30.98,1,0,1,0.5150711337534003
1.0,58.32,27.36,1,0,0,0.3585842112422316
1.0,859.0,74.92,6,1,1,0.9999999999999094
1.0,59.9,17.99,1,0,0,0.3750591978473973
1.0,119.9,23.16,1,0,0,0.33533066922232463
1.0,149.99,88.96,1,0,0,0.2801070818663292
1.0,37.0,12.79,1,0,0,0.41238461421123945
1.0,36.0,15.1,1,0,0,0.4059833751109956
1.0,189.9,21.82,1,0,0,0.31986993755441645
1.0,399.0,10.54,1,0,0,0.3226776968530543
2.0,119.8,26.88,1,0,1,0.5174418764795025
4.0,355.6,64.24,1,0,0,0.4352614319107668
1.0,299.0,9.86,1,0,0,0.3361121337506765
2.0,39.98,30.48,1,0,1,0.5626259142329854
1.0,28.9,12.86,1,0,0,0.4238084002139534
1.0,118.58,16.59,1,0,0,0.3496035319450883
1.0,72.99,16.76,1,0,0,0.36953316473693576
1.0,89.9,15.38,1,0,0,0.36438480986459926
1.0,224.0,9.92,1,0,0,0.3468226538988416
1.0,74.9,15.27,1,1,0,0.372513088629425
1.0,51.8,11.73,1,0,0,0.40089662609516225
1.0,48.9,16.79,1,0,0,0.38714180906597484
2.0,47.98,28.2,1,0,1,0.5573692927331624
1.0,76.89,16.3,1,0,0,0.3685075905065971
2.0,113.9,28.0,1,0,1,0.5179092636414945
1.0,24.9,15.2,2,1,1,0.9999999999990141
1.0,329.0,31.09,1,0,0,0.2869310494291975
1.0,144.0,13.45,1,0,0,0.35080616516744656
1.0,226.6,25.67,1,0,0,0.30704908906571626
1.0,298.0,14.43,1,0,0,0.31994376531929736
1.0,119.9,23.42,1,0,0,0.33488274383826516
1.0,21.99,15.1,1,0,0,0.4294326229204268
1.0,36.7,12.48,1,0,0,0.41391509208936433
1.0,59.9,21.26,1,0,0,0.3678792160366478
1.0,129.0,18.15,1,0,0,0.3423993637199527
1.0,120.0,9.04,1,0,0,0.3762672022993477
1.0,149.9,27.59,1,0,0,0.3197294472441886
1.0,38.5,11.74,1,0,0,0.41454986027749613
1.0,49.0,7.6,1,0,0,0.42423814635257023
1.0,38.71,8.01,1,0,0,0.4327125642457738
2.0,339.98,33.9,1,0,0,0.4625055146977659
1.0,220.0,12.17,1,0,0,0.3385133208455765
1.0,134.9,16.15,1,1,0,0.345533449862357
1.0,59.9,12.48,1,0,0,0.3914659306848216
1.0,36.9,12.79,1,0,0,0.412511275140372
1.0,122.99,15.61,1,0,0,0.3507267612462076
1.0,39.99,16.95,1,0,0,0.39588149939974754
2.0,137.98,26.76,1,0,1,0.5113509103015952
5.0,139.5,91.15,1,0,0,0.4618330790567292
1.0,358.0,13.9,1,0,0,0.3148924006921732
1.0,118.0,37.52,1,0,0,0.3174727695713521
1.0,29.0,7.78,1,0,0,0.44795927739046315
5.0,156.5,38.89,1,0,0,0.4900446507828292
1.0,69.9,15.24,1,0,0,0.37560065168488793
1.0,329.9,58.54,1,0,0,0.2659562777201734
1.0,78.0,12.05,1,0,0,0.3814220888542147
1.0,19.9,9.94,1,0,0,0.45426793412681354
1.0,99.0,17.94,1,0,0,0.3536915838642762
1.0,89.9,16.26,1,0,0,0.36195552973508976
1.0,59.9,17.67,1,0,0,0.3758428703844311
1.0,99.9,15.55,1,0,0,0.3594689824255846
1.0,72.49,16.76,1,0,0,0.36983014294455097
1.0,79.0,19.79,1,0,0,0.3589983530668019
1.0,99.0,33.17,1,0,0,0.32897980079783296
1.0,102.9,18.55,1,0,0,0.35067672583799825
1.0,29.9,15.23,1,0,0,0.41431655032989256
1.0,36.0,15.1,1,0,0,0.4059833751109956
1.0,150.0,21.36,1,0,0,0.3297531344022466
1.0,23.3,37.04,1,0,0,0.38777146517157074
1.0,19.9,9.94,1,0,0,0.45426793412681354
1.0,157.77,15.85,1,0,0,0.3401011278663669
1.0,99.0,16.45,1,0,0,0.35740717213907663
1.0,29.99,15.1,1,0,0,0.41456875034417173
1.0,206.0,23.15,1,0,0,0.314509893922805
1.0,168.9,30.59,1,0,0,0.3113141627458102
1.0,19.99,15.11,1,0,0,0.4340314003600811
1.0,39.9,10.96,1,0,0,0.4161363463609676
1.0,27.99,14.1,1,0,0,0.42102334270959973
1.0,77.98,8.9,1,0,0,0.39557238952883766
1.0,219.9,133.37,1,0,0,0.25582949265565613
1.0,14.9,7.39,1,0,0,0.48327819096867725
1.0,99.9,0.0,1,0,1,0.5394449364552412
1.0,17.99,12.79,1,0,0,0.44704937611335555
1.0,69.9,11.99,1,0,0,0.38645480665708365
1.0,259.9,86.98,1,0,0,0.2620174250870717
1.0,154.9,15.25,1,1,0,0.342466855904242
1.0,139.0,23.9,1,0,0,0.3282392563760498
1.0,129.0,41.19,1,0,0,0.31068135025887195
1.0,34.9,18.59,1,0,0,0.3980528716558257
1.0,139.0,38.99,1,0,0,0.30980031393919577
1.0,174.4,23.51,1,0,0,0.32015369476776806
1.0,169.9,22.66,1,0,0,0.32259589607647554
1.0,124.9,34.73,1,0,0,0.3181041657619452
1.0,21.9,18.23,1,0,0,0.4209867016899661
1.0,225.0,22.37,1,0,0,0.3125862777303274
1.0,49.99,8.72,1,0,0,0.4166277341315324
1.0,436.9,16.08,1,0,0,0.30204047414195173
1.0,92.9,47.15,1,0,0,0.3186561933035843
1.0,139.0,54.72,1,0,0,0.29811057298449
1.0,29.9,16.79,1,0,0,0.40986212842301634
1.0,99.9,13.72,1,0,0,0.364976113123363
3.0,137.7,26.160000000000004,1,0,1,0.5127696853881163
1.0,39.99,15.79,1,0,0,0.39907440470545913
1.0,74.9,19.76,1,0,0,0.3613312698182156
1.0,14.99,17.78,1,0,0,0.44059043971056494
1.0,99.0,45.99,1,0,0,0.3170267813935384
1.0,29.9,16.11,1,0,0,0.41174297254943565
1.0,689.99,86.85,1,0,0,0.23250918445033067
2.0,159.8,36.88,1,0,0,0.4910289496016533
1.0,97.9,16.94,1,0,0,0.35660870850704934
1.0,63.14,16.2,1,1,0,0.37734494507719096
1.0,79.9,35.91,1,0,0,0.3346730367276368
1.0,99.9,10.11,1,0,0,0.37883727527550226
1.0,29.9,17.92,1,0,0,0.40692232995857325
1.0,79.95,17.81,1,0,0,0.3629902789665027
1.0,1449.0,41.53,1,0,0,0.23297316282491623
1.0,599.0,45.31,1,0,0,0.2552367153364905
1.0,19.0,7.78,1,0,0,0.46864446359258843
1.0,19.9,11.85,1,0,0,0.445752818457975
1.0,29.6,8.88,3,1,1,0.9999999999999343
1.0,15.3,8.72,1,0,0,0.47371377017514527
1.0,61.78,16.19,1,0,0,0.37833082878662155
1.0,69.9,27.44,1,0,0,0.350715075143524
1.0,10.3,14.52,1,0,0,0.46861708066147606
1.0,16.5,7.78,1,0,0,0.4756346852264758
3.0,87.0,45.29,1,0,1,0.5100737287833699
1.0,89.9,11.65,1,0,0,0.3768277778491872
1.0,65.0,16.42,1,0,0,0.3754752114942931
1.0,21.99,18.23,1,0,0,0.4207891751636636
1.0,179.9,43.67,1,0,0,0.29626987384761677
1.0,166.99,27.49,1,0,0,0.31576069230480963
1.0,155.0,16.85,1,0,0,0.3382192538362356
1.0,69.9,34.25,1,0,0,0.34201415662487766
1.0,329.9,57.59,1,0,0,0.26645883103575807
1.0,210.0,19.27,1,0,0,0.32104571121945313
1.0,85.99,20.7,1,0,0,0.35353287870968636
1.0,108.0,27.61,1,0,0,0.3325478909004366
1.0,349.9,18.7,1,0,0,0.30376422838237443
1.0,45.9,42.76,1,1,0,0.3515282246138911
1.0,538.0,16.32,1,0,0,0.29444262943181654
1.0,48.28,18.23,1,0,0,0.3840786358847103
1.0,65.97,16.89,1,0,0,0.373586544710158
1.0,249.0,16.95,1,0,0,0.3199073002982711
2.0,79.8,32.22,1,0,1,0.5279756516461747
1.0,120.0,20.79,1,0,0,0.339677898076767
1.0,89.9,21.08,1,0,0,0.3509177017131101
1.0,129.9,18.16,1,0,0,0.3420975819468727
2.0,119.8,42.44,1,0,0,0.49793162391126133
1.0,199.0,13.1,1,0,0,0.3391885583706503
1.0,79.99,17.81,1,0,0,0.3629689706696626
1.0,126.99,23.47,1,0,0,0.3325145585857134
1.0,67.9,13.92,1,0,0,0.3809289903366528
1.0,70.9,26.82,1,0,0,0.3510320865226791
1.0,39.99,21.15,1,0,0,0.38613732591583205
1.0,65.0,11.95,1,0,0,0.3898251786015241
1.0,108.0,34.82,1,0,0,0.323694925225504
1.0,114.9,21.6,1,0,0,0.3398622248675949
1.0,750.0,68.4,1,0,0,0.2366099572391345
1.0,79.9,8.93,1,0,0,0.39434090132641064
1.0,56.9,11.42,1,0,0,0.39789214932454353
1.0,15.0,11.73,1,0,0,0.4601731569553864
2.0,57.78,15.24,1,0,1,0.5763363214698504
1.0,21.86,17.6,1,0,0,0.42267115828131246
1.0,209.9,39.02,1,0,0,0.2946098124282637
1.0,57.0,15.15,1,0,0,0.38486174820332414
1.0,110.32,8.03,1,0,0,0.38539034268234384
1.0,44.9,15.1,1,0,0,0.3957834264450578
1.0,23.99,25.63,1,0,0,0.40163692330254996
1.0,519.0,19.6,1,0,0,0.28859003574481357
2.0,348.0,33.32,1,0,0,0.4622808056712374
1.0,83.99,16.35,2,1,1,0.9999999999987397
1.0,25.97,22.11,1,0,0,0.40426627135855914
3.0,115.2,48.33,1,0,0,0.4946999999629424
1.0,77.0,15.29,1,0,0,0.3712610043814209
1.0,155.97,13.75,1,0,0,0.3466498704099839
1.0,10.0,18.23,1,0,0,0.459434824884275
1.0,199.9,16.7,1,0,0,0.3287481423338121
1.0,285.0,16.75,1,0,0,0.3154516308869745
1.0,95.0,20.16,1,0,0,0.35048453375859395
2.0,410.0,32.36,1,0,0,0.45684126982046447
1.0,24.99,17.63,1,0,0,0.41616952302364246
1.0,149.9,23.98,1,0,0,0.32517330025236285
1.0,17.99,14.1,1,0,0,0.4424251029376673
1.0,147.9,27.36,1,0,0,0.3205656360968837
1.0,37.9,14.58,1,0,0,0.40519464368695673
1.0,154.0,14.83,1,0,0,0.34389267172350396
1.0,565.0,12.94,1,0,0,0.3020607858569289
2.0,139.4,32.57,1,0,1,0.5023371376458677
1.0,247.88,16.19,1,0,0,0.3219514781958994
1.0,109.9,15.87,1,0,0,0.3546255118440737
1.0,79.9,16.32,1,0,0,0.3668069504019955
1.0,173.9,12.72,1,0,0,0.34573004744040964
2.0,158.0,50.78,1,0,0,0.47836971846155024
1.0,249.9,10.1,1,0,0,0.3418175839363979
1.0,62.8,15.19,1,0,0,0.380445192863647
2.0,667.0,88.92,1,0,0,0.39844520633303937
1.0,81.0,8.31,1,0,0,0.3971621342044912
1.0,135.0,21.44,1,0,0,0.33373338815512793
1.0,84.99,14.76,1,0,0,0.36858568919877577
1.0,169.9,20.43,1,0,0,0.3267285567170217
1.0,24.0,7.78,1,0,0,0.4571586441269139
1.0,20.89,18.3,1,0,0,0.42309083525694596
1.0,69.0,38.03,1,0,0,0.3385766188461247
1.0,164.33,18.58,1,0,0,0.33187734990029233
1.0,39.99,13.71,1,0,0,0.4055360671468334
1.0,135.9,18.2,1,0,0,0.3402015949065034
1.0,104.0,23.05,1,0,0,0.3412551761224642
1.0,179.9,29.42,1,0,0,0.31041220022668276
1.0,305.99,142.33,1,0,0,0.2437078539157121
1.0,139.9,14.73,1,0,0,0.3480179382035202
1.0,99.0,20.2,1,0,0,0.3486969230076394
1.0,149.89,19.35,1,0,0,0.3337969065122742
1.0,179.0,12.46,1,0,0,0.34549468360567587
1.0,149.0,32.64,1,0,0,0.31363390131385055
1.0,119.9,16.47,1,0,0,0.3494626514324456
1.0,119.0,17.6,1,0,0,0.34694944321238086
1.0,47.49,11.73,1,0,0,0.4048663195766942
1.0,32.9,7.49,1,0,0,0.4437636288369453
1.0,39.0,14.1,1,0,0,0.4054049463470442
1.0,169.9,110.78,1,0,0,0.26946107352312293
1.0,194.99,35.53,2,1,1,0.9999999999983171
2.0,353.92,87.4,1,0,0,0.4237510456213543
1.0,199.7,13.84,1,0,0,0.33669261754426955
1.0,159.99,9.33,1,0,0,0.3629344749171652
4.0,353.36,65.0,1,0,0,0.43507095742121177
1.0,98.7,20.77,1,0,0,0.34766572375063615
1.0,99.9,18.75,1,0,0,0.3514459136151949
1.0,40.6,19.47,1,0,0,0.3890475613539169
1.0,167.99,16.94,1,0,0,0.33484758594927017
2.0,134.8,37.14,1,0,0,0.4982373954532876
1.0,29.9,9.27,1,0,0,0.4378790414178337
1.0,23.7,8.29,1,0,0,0.45462800680455834
1.0,120.0,34.2,1,0,0,0.32022887590523086
4.0,236.0,64.68,4,1,1,0.9999999999999611
1.0,63.72,17.7,1,0,0,0.37305517432175167
1.0,249.9,16.06,1,0,0,0.32198254563209344
1.0,175.0,19.11,1,0,0,0.32829819096470503
1.0,129.9,36.04,1,0,0,0.31522937280051944
1.0,29.99,7.78,1,0,0,0.44633880107319707
1.0,79.9,17.81,1,0,0,0.36301693110662725
1.0,126.69,33.5,1,0,0,0.3188890316061298
1.0,29.49,11.85,1,0,0,0.4267135794166267
1.0,67.9,32.93,1,0,0,0.3447482881927303
1.0,49.0,18.44,1,1,0,0.3829104862854151
1.0,27.9,18.3,1,0,0,0.40924894943414997
1.0,1459.0,233.59,1,0,0,0.1912365291800303
1.0,89.9,15.38,1,0,0,0.36438480986459926
1.0,60.5,14.51,1,0,0,0.3841522893322672
1.0,129.0,36.21,1,0,0,0.31532472157971253
2.0,78.0,48.96,1,0,1,0.5116000589776607
1.0,39.9,8.88,1,0,0,0.42625212472887436
1.0,119.99,18.09,1,0,0,0.34545623049117113
1.0,129.99,25.46,1,0,0,0.32837230406847173
1.0,110.8,25.62,1,0,0,0.3344633090152831
1.0,39.0,13.71,1,0,0,0.4066995641412321
1.0,28.99,11.85,1,0,0,0.4275309934417273
1.0,61.9,17.14,1,0,0,0.3757317946776142
1.0,105.0,25.57,1,1,0,0.33670400696040764
1.0,35.99,15.1,1,0,0,0.4059963320188239
1.0,36.9,14.52,1,0,0,0.40662858565519167
1.0,19.9,7.78,1,0,0,0.4663592854216036
1.0,149.99,11.66,1,0,0,0.35547039089215765
1.0,37.5,17.6,1,0,0,0.3971620525135635
1.0,157.99,15.86,1,0,0,0.34001952666277035
1.0,39.0,7.78,1,0,0,0.43378946470091534
1.0,24.9,18.23,1,0,0,0.4148293770299645
1.0,102.0,36.03,1,0,0,0.32468853517297
1.0,99.0,18.27,2,1,1,0.9999999999986742
1.0,17.9,18.99,1,0,0,0.42890704724954565
1.0,227.99,19.84,1,0,0,0.3168220545120845
1.0,248.99,60.29,1,0,0,0.27435279212927993
1.0,78.0,19.43,1,0,0,0.36031787005375454
1.0,41.0,8.45,1,0,0,0.42738854759457423
1.0,22.89,15.23,1,0,0,0.42709527252021023
1.0,48.49,9.09,1,0,0,0.41602949546005585
1.0,259.9,17.26,1,0,0,0.3175958036153277
1.0,230.0,44.02,1,0,0,0.2872566540938701
,,,1,0,0,0.3610559326759919
1.0,9.9,15.1,1,0,0,0.4687292211177814
1.0,355.9,16.66,1,0,0,0.30773957760646914
1.0,69.9,8.88,1,0,0,0.4005341804054666
1.0,62.99,11.73,1,0,0,0.3920834037583987
1.0,67.0,12.43,1,0,0,0.3866691300374192
1.0,39.99,14.1,1,0,0,0.4042426295457632
1.0,440.0,19.05,1,0,0,0.2951761753494625
1.0,144.41,17.45,1,1,0,0.3395468340093388
1.0,54.99,13.74,1,0,0,0.39089073967260934
1.0,84.89,7.94,1,0,0,0.39727465529290273
1.0,29.0,15.1,1,0,0,0.41616058115434545
1.0,977.98,24.73,1,0,0,0.26049993777287916
1.0,65.0,15.33,1,0,0,0.37851965854038616
1.0,99.0,17.94,1,0,0,0.3536915838642762
1.0,92.86,13.09,1,0,0,0.3701649228941941
1.0,26.5,8.35,1,0,0,0.4488336576172918
1.0,52.9,17.94,1,0,0,0.38068763876385686
1.0,24.8,14.1,4,1,1,0.9999999999999569
1.0,279.9,21.45,1,0,0,0.3063084200515836
1.0,34.9,7.87,1,0,0,0.4384995816810981
1.0,41.9,7.55,1,0,0,0.4318798781099088
1.0,94.0,13.78,1,0,0,0.3673508524113299
1.0,56.97,16.16,1,0,0,0.3820014878037472
1.0,10.0,7.39,1,0,1,0.503170863590211
1.0,176.26,33.68,1,0,0,0.30618972414823487
1.0,114.9,23.6,1,0,0,0.33627919746149876
1.0,169.9,24.91,1,0,0,0.31889162837569446
2.0,42.1,30.2,1,0,1,0.5605775136799209
1.0,999.99,69.05,1,0,0,0.2284581206239146
1.0,64.9,20.4,1,0,0,0.3661437238441843
1.0,205.0,28.81,1,0,0,0.3063744818364739
1.0,89.9,17.88,1,0,0,0.35786012266933126
1.0,59.0,19.65,2,1,1,0.9999999999987788
1.0,39.9,11.85,1,0,0,0.41244254170582745
1.0,39.99,7.39,1,0,0,0.4351345013670677
1.0,166.9,18.3,1,0,0,0.3319000108898718
1.0,23.99,15.1,1,0,0,0.42522997928022427
1.0,113.4,19.09,2,1,1,0.99999999999863
1.0,32.99,12.89,1,1,0,0.41741351692374284
1.0,49.9,15.1,1,0,0,0.39098424435258994
1.0,17.99,14.1,1,0,0,0.4424251029376673
1.0,369.0,25.52,1,0,0,0.2901504769410603
1.0,102.9,13.16,1,0,0,0.36558818435578677
1.0,478.7,21.59,1,0,0,0.28762421412568256
1.0,19.9,8.72,1,0,0,0.4607024323206163
1.0,184.99,16.05,1,0,0,0.33337029547756436
1.0,22.99,18.23,1,0,0,0.41865070769768625
1.0,16.6,25.63,1,0,0,0.419290590782908
1.0,134.99,13.61,1,1,0,0.35289870773438503
1.0,69.9,0.0,1,0,1,0.5556933290254915
2.0,49.8,30.2,1,0,1,0.5526665462159872
1.0,288.92,16.77,1,0,0,0.3149087430387156
1.0,52.0,18.46,1,0,0,0.38020228157146235
2.0,99.98,18.52,1,0,1,0.5423601209870316
1.0,19.9,21.15,1,0,0,0.41894302162827224
1.0,79.0,11.76,1,0,0,0.3819841954892274
1.0,419.9,11.75,1,0,0,0.31625103549781614
1.0,79.9,7.81,1,0,0,0.4007371221217399
1.0,98.0,9.44,1,0,0,0.3828500800027595
2.0,97.89,28.64,1,0,1,0.5237521225791378
1.0,429.9,25.81,1,0,0,0.2846239720591373
1.0,589.0,19.88,1,0,0,0.2839378402155273
2.0,144.0,43.16,1,0,0,0.4890562082263004
1.0,78.0,18.65,1,0,0,0.36206445207573584
1.0,990.0,131.01,1,0,0,0.2127594685716744
1.0,45.0,11.85,1,0,0,0.40686634802980814
1.0,98.0,12.19,1,0,0,0.3710873691979156
1.0,205.0,22.27,1,0,0,0.31620249688080615
1.0,12.5,7.78,1,0,0,0.4894634715891238
1.0,159.9,14.14,1,0,0,0.3444520408206368
1.0,349.9,19.88,1,0,0,0.30138231385671405
1.0,219.0,46.88,1,0,0,0.286865225432447
1.0,319.99,10.4,1,0,0,0.331263115430879
2.0,81.0,29.04,1,0,1,0.5317802116433957
1.0,49.0,7.78,1,0,0,0.4230943201432321
1.0,18.99,7.78,1,0,0,0.4686704826575943
1.0,49.0,8.5,1,0,0,0.4187886170786346
1.0,29.0,7.46,1,0,0,0.4500395893907435
1.0,69.99,88.0,1,0,0,0.3091035141118014
1.0,24.9,15.79,1,0,0,0.4213765156059126
1.0,45.9,9.34,1,0,0,0.4172647592386058
1.0,79.9,16.32,1,0,0,0.3668069504019955
1.0,89.0,19.86,1,0,0,0.3538287061479413
1.0,29.9,15.1,1,1,0,0.4147111026348986
1.0,120.0,27.14,1,0,0,0.32902500262143686
1.0,239.99,10.49,1,0,0,0.3416876515520446
1.0,32.99,17.0,1,0,0,0.4046774811784005
1.0,16.9,7.39,1,0,0,0.4770140319325921
1.0,49.0,18.44,1,0,0,0.3829104862854151
1.0,42.9,16.11,1,0,0,0.3949410464370851
1.0,102.9,17.97,1,0,0,0.3520210162894735
1.0,75.9,25.81,1,0,0,0.3497055068312326
1.0,29.7,16.4,1,0,0,0.41124706087677326
1.0,169.99,41.48,1,0,0,0.3001131100554788
1.0,69.0,18.36,1,0,0,0.3680036668641952
1.0,15.0,19.04,1,0,0,0.43742951447477463
1.0,79.0,18.79,1,0,0,0.36120232804430125
2.0,81.0,74.68,1,0,0,0.4933735135129456
2.0,299.8,47.26,1,0,0,0.4539526270578924
1.0,169.9,29.59,1,0,0,0.31233287990230946
1.0,55.0,22.1,1,0,0,0.36998007327471666
1.0,29.99,16.32,1,0,0,0.41101056797107727
1.0,49.0,18.44,1,0,0,0.3829104862854151
4.0,247.6,70.72,1,0,0,0.4465541833706556
2.0,179.8,70.96,1,0,0,0.45971585657009123
1.0,44.9,15.56,1,0,0,0.3944248572674754
1.0,74.9,18.62,1,0,0,0.36386630441725254
1.0,59.0,7.67,1,0,0,0.4152412300404618
1.0,50.9,18.24,1,0,0,0.3816826427788188
1.0,599.9,26.78,1,0,0,0.27256851727820613
1.0,77.99,12.4,1,0,0,0.3801195337242911
1.0,75.0,13.55,1,0,0,0.37779737586790507
1.0,44.88,19.23,1,0,0,0.38503412335146026
1.0,135.0,16.05,1,0,0,0.34576836926068716
1.0,760.0,58.89,1,0,0,0.2404504469308729
1.0,44.5,8.72,1,0,0,0.4220243495181471
2.0,59.8,32.22,1,0,1,0.5413291819888951
1.0,114.46,18.9,1,0,0,0.3455337017468298
1.0,24.99,17.11,1,0,0,0.4175288812885828
1.0,45.0,15.42,1,0,0,0.39473184689620056
1.0,119.0,9.19,1,1,0,0.3758533182321082
1.0,99.49,36.35,1,0,0,0.32535140091952386
3.0,209.7,62.94,1,0,0,0.4580157254582578
1.0,29.99,8.4,1,0,0,0.44255919832302526
1.0,74.89,17.45,1,0,0,0.36667012265287047
1.0,18.95,12.48,1,0,0,0.44566897105254016
1.0,120.0,50.71,1,0,0,0.3061936107590767
1.0,61.8,17.27,1,0,0,0.37547148999124
1.0,89.9,12.13,1,0,0,0.37498773258280577
1.0,96.54,15.78,1,0,0,0.36026139996481266
1.0,59.5,13.08,1,0,0,0.3896086515193797
1.0,228.0,18.31,1,0,0,0.3200378325026645
1.0,189.9,16.54,1,0,0,0.3311079085291693
1.0,359.0,9.38,1,0,0,0.3315526469431447
1.0,88.5,17.06,1,0,0,0.3605377966509127
1.0,23.9,20.8,1,0,0,0.41089527418981286
1.0,48.9,18.23,1,0,0,0.38350471272941705
1.0,199.9,19.28,1,0,0,0.3228768466696326
1.0,124.9,14.21,1,0,0,0.35417326866953336
1.0,35.0,14.13,1,0,0,0.41035415074145265
2.0,233.8,26.32,1,0,0,0.4891695120828358
1.0,250.9,13.26,1,0,0,0.3298475397419696
1.0,379.0,74.5,1,0,0,0.25440336387751156
1.0,30.0,7.47,1,0,0,0.44833521983706076
1.0,110.32,8.03,1,0,0,0.38539034268234384
1.0,39.99,7.78,1,0,0,0.4326049769589234
1.0,53.99,7.78,1,0,0,0.41861418638039694
1.0,56.9,18.5,1,0,0,0.37610791849374864
1.0,49.9,15.23,7,1,1,0.9999999999999583
1.0,26.99,14.1,1,0,0,0.42276151805399315
1.0,139.99,15.29,1,0,0,0.34638648376973735
1.0,89.9,12.76,1,0,0,0.37269480434719265
1.0,649.99,55.27,1,0,0,0.24679832047082667
1.0,159.77,9.93,1,0,0,0.3601481286799822
1.0,188.0,16.07,1,0,0,0.3326967025100273
3.0,80.69999999999999,35.54,1,0,1,0.5236066923499497
1.0,379.0,43.63,1,0,0,0.2707387125830418
1.0,259.99,22.66,1,0,0,0.3068362995833372
1.0,722.5,47.09,1,0,0,0.24850166336086466
1.0,13.98,14.1,1,0,0,0.45485290674075957
1.0,23.3,15.1,1,0,0,0.4266362936914755
1.0,219.99,17.79,1,0,0,0.32253926743799016
1.0,104.9,23.53,1,0,0,0.34007148854177777
1.0,49.0,13.0,1,0,0,0.3986519572353374
1.0,149.9,23.63,1,0,0,0.3257528869024265
1.0,239.0,58.21,1,0,0,0.2768399100904746
2.0,279.98,35.38,1,0,0,0.4687530042261448
2.0,107.8,28.94,1,0,1,0.5189398451400263
1.0,23.99,12.79,1,0,0,0.433013630763856
1.0,15.5,18.23,1,0,0,0.43780237100112585
1.0,180.0,35.06,1,0,0,0.30396369852001837
1.0,153.0,18.32,1,0,0,0.3352447426057432
1.0,59.9,17.67,1,0,0,0.3758428703844311
1.0,39.0,16.6,1,0,0,0.3979729255073493
1.0,56.99,8.72,1,1,0,0.4106168107434582
1.0,49.9,12.48,1,0,0,0.3997124905862756
1.0,95.0,8.43,1,0,0,0.3895156993022198
1.0,15.9,18.23,1,0,0,0.43655293430656816
1.0,59.9,19.39,1,0,0,0.37181210817154425
1.0,68.34,8.88,1,0,0,0.4015427981868954
1.0,78.0,15.3,1,0,0,0.3706761755967754
1.0,69.9,15.24,1,0,0,0.37560065168488793
1.0,149.9,15.8,1,0,0,0.3422578776818765
1.0,4799.0,151.34,1,1,0,0.17458650318436633
1.0,16.99,12.48,1,0,0,0.4510360135978366
1.0,79.9,17.81,1,0,0,0.36301693110662725
2.0,178.0,33.18,1,0,0,0.4908145284707345
1.0,299.9,31.51,1,0,0,0.28962003167583217
1.0,27.7,11.85,1,0,0,0.429711799349598
2.0,96.0,17.76,1,0,1,0.5461221833732289
1.0,314.9,13.7,1,0,0,0.32009993450343405
1.0,79.0,15.3,1,0,0,0.3701281537185772
2.0,268.0,105.9,1,0,0,0.4283023273540362
1.0,859.99,24.99,1,0,0,0.2639459000278549
1.0,329.0,37.65,1,0,0,0.2802941928104415
1.0,59.9,19.66,1,0,0,0.3712174093096113
1.0,89.9,14.8,1,0,0,0.3660758666194116
1.0,49.9,16.11,1,0,0,0.38807333433950336
1.0,69.9,26.79,1,0,0,0.3516786957174996
1.0,245.99,21.8,1,0,0,0.3103323258356871
1.0,179.9,17.02,1,0,0,0.3319986171883812
1.0,79.0,38.39,1,0,0,0.3326343885381815
1.0,19.9,7.78,1,0,0,0.4663592854216036
5.0,104.25,91.15,4,1,1,0.9999999999999645
1.0,79.0,21.04,1,0,0,0.3564207424054401
1.0,179.9,67.85,1,0,0,0.2818844458992193
1.0,199.99,19.28,1,0,0,0.32285987743343
1.0,30.5,18.31,1,0,0,0.40502267462567226
1.0,149.9,19.59,1,0,0,0.3332894326670425
1.0,19.95,15.1,1,0,0,0.43415977721941884
1.0,467.0,21.15,1,0,0,0.2892130413953131
1.0,195.0,27.45,1,0,0,0.31002268001995575
1.0,45.0,15.23,1,0,0,0.39529311350585555
1.0,39.0,9.02,1,0,0,0.4265665703332164
1.0,150.0,15.8,1,0,0,0.3422314273363547
2.0,169.6,45.31,1,0,0,0.47988501242819337
1.0,57.99,18.29,1,0,0,0.3757667325477414
2.0,299.8,37.24,1,0,0,0.46374329995696684
1.0,39.0,15.11,1,0,0,0.4022334707032506
1.0,36.9,14.43,1,0,0,0.40691453413952366
1.0,125.0,30.96,1,0,0,0.32236777439504005
1.0,585.0,11.86,1,0,0,0.3044569397562963
1.0,154.9,30.01,1,0,0,0.3152908792705626
1.0,69.9,15.24,1,0,0,0.37560065168488793
1.0,1150.0,41.41,1,1,0,0.23926780241620837
1.0,99.9,23.57,1,0,0,0.3419906727470835
3.0,2547.0,60.09,1,0,0,0.3656864580741263
1.0,53.9,21.35,1,0,0,0.37233509454978375
1.0,48.0,24.66,1,0,0,0.37139672759625497
1.0,47.2,11.15,1,0,0,0.40753182390344683
1.0,129.97,38.75,1,0,0,0.312579096256812
1.0,265.0,68.45,1,0,0,0.26838576354556354
4.0,168.0,68.76,1,0,0,0.4641781424786731
1.0,16.17,15.1,1,0,0,0.4444427904147843
1.0,120.0,45.3,1,0,0,0.3100923721244711
1.0,155.0,17.53,1,0,0,0.33656520645037336
6.0,360.0,134.10000000000002,1,0,0,0.40863734058821805
1.0,255.0,28.77,1,0,0,0.2985662225296171
1.0,26.9,15.1,1,0,0,0.4197401451173216
1.0,139.99,34.74,1,0,0,0.3137105123718777
1.0,99.95,15.45,1,0,0,0.3597291738984774
1.0,143.8,31.76,1,0,0,0.3160012806353452
2.0,55.98,14.78,1,0,1,0.5792102054456549
1.0,110.0,27.5,1,0,0,0.3319697193068119
1.0,59.9,38.59,1,0,0,0.34396797013243036
1.0,32.99,22.93,1,0,0,0.39149265592095245
1.0,56.99,8.72,1,0,0,0.4106168107434582
1.0,189.9,62.07,1,0,0,0.28276926764562565
1.0,70.0,13.61,1,0,0,0.3806099853515403
1.0,24.9,11.85,1,0,0,0.4348444995472962
1.0,109.99,27.21,1,0,0,0.33238771620467794
1.0,139.0,23.83,1,0,0,0.32835535782811365
1.0,148.9,16.8,1,0,0,0.3399278741284124
1.0,38.9,13.37,1,0,0,0.40798223990911436
2.0,119.8,98.02,1,0,0,0.46562636534312624
1.0,79.9,15.32,1,1,0,0.36958384466593963
1.0,44.9,9.42,1,0,0,0.417877177266742
1.0,34.9,16.6,1,0,0,0.40312391874413056
1.0,99.99,16.95,1,0,0,0.35570394456271076
1.0,27.99,37.04,1,0,0,0.37925235882776076
1.0,21.1,9.34,1,0,0,0.45444220282014786
1.0,24.99,7.44,1,0,0,0.457404605167079
1.0,33.0,9.44,1,0,0,0.4322741487259638
1.0,69.99,11.1,1,0,0,0.3899657628736996
1.0,49.0,19.04,1,0,0,0.3815109380502346
1.0,379.94,16.41,1,0,0,0.3060560572348578
1.0,33.63,7.78,1,0,0,0.44083671495957255
1.0,150.0,34.59,1,0,0,0.3112480503536144
2.0,41.8,18.68,1,0,1,0.5820360585640972
1.0,99.9,11.31,1,0,0,0.3736780956009586
1.0,717.71,26.95,1,0,0,0.26679713205394745
1.0,21.0,12.79,1,0,0,0.43947729075910397
1.0,97.99,17.43,1,0,0,0.35534785453786927
1.0,19.49,12.8,1,0,0,0.44308498228537335
1.0,69.88,14.58,1,0,0,0.37758794459663103
1.0,322.75,40.89,1,0,0,0.2781577704550018
1.0,35.0,10.96,1,0,0,0.42229358751003354
1.0,79.9,9.29,1,0,0,0.39247082140874373
2.0,62.8,23.57,1,0,1,0.5526875370080452
1.0,78.99,16.99,1,0,0,0.36554433583520646
1.0,399.0,9.66,1,0,0,0.326440485697726
1.0,125.0,36.19,1,0,0,0.3165590282626624
1.0,97.2,19.59,1,0,0,0.350736362256721
1.0,34.9,21.15,1,0,0,0.3923842309097049
1.0,69.99,13.83,1,0,0,0.3798920766688246
1.0,64.89,13.47,1,0,0,0.3844149309773578
1.0,243.68,14.73,1,0,0,0.3265062297471473
1.0,160.0,16.88,1,0,0,0.33689840045245995
1.0,33.8,7.78,1,0,0,0.44059555939663614
1.0,369.0,18.83,1,1,0,0.3016444217604779
1.0,32.64,17.6,1,0,0,0.4036156399981114
1.0,27.9,10.96,1,0,0,0.4331002946991565
1.0,10.4,16.79,1,0,0,0.46130677946649246
1.0,79.99,22.87,1,0,0,0.35243220705278117
1.0,120.0,18.94,1,0,0,0.34353068297987155
1.0,69.99,15.25,1,0,0,0.3755154007308257
1.0,45.0,15.42,1,0,0,0.39473184689620056
1.0,499.25,15.93,1,0,0,0.2978880213039152
1.0,169.99,18.77,1,0,0,0.3301495422222232
1.0,199.0,24.32,1,0,0,0.31388479834279576
1.0,59.99,16.18,1,0,0,0.37965617685653863
1.0,168.99,15.93,1,0,0,0.3371944999437418
1.0,145.99,18.9,1,0,0,0.3358000592868655
1.0,91.0,47.17,1,0,0,0.31946048362651086
1.0,139.0,18.55,1,0,0,0.3385125893972322
1.0,49.0,7.78,1,0,0,0.4230943201432321
1.0,27.99,11.85,1,0,0,0.4292121893228003
1.0,90.0,20.58,1,0,0,0.3518709688716944
1.0,95.99,20.75,1,0,0,0.348854276241969
1.0,159.0,31.86,1,0,0,0.31207323431106415
1.0,90.0,26.25,1,0,0,0.34194126011087767
1.0,29.9,37.84,1,0,0,0.37537587937648953
1.0,189.99,30.86,1,0,0,0.30662102409406833
6.0,194.5,46.69,1,0,0,0.47305776146458317
1.0,67.0,16.23,1,0,0,0.3746629046909246
2.0,219.8,25.44,1,0,0,0.4933142958984732
1.0,111.9,9.6,1,0,0,0.376418961230167
1.0,92.0,17.08,1,0,0,0.3588550347426881
1.0,12.9,15.23,1,0,0,0.4551946366378573
1.0,87.9,9.36,1,0,0,0.3879472677080784
1.0,79.99,12.26,1,0,0,0.3795375679423877
2.0,198.0,91.98,1,0,0,0.4460018342087442
1.0,36.9,24.84,1,0,0,0.3829374153812379
1.0,25.0,7.39,1,0,0,0.45772052951049463
1.0,59.99,12.76,1,0,0,0.39037814035621554
1.0,12.25,11.85,1,0,0,0.4697376397945622
1.0,299.99,13.3,1,0,0,0.32310654870563416
1.0,10.9,15.1,1,1,0,0.4639525711076663
1.0,14.77,15.23,1,0,0,0.4485023694900159
1.0,134.9,12.65,1,0,0,0.3561476544156847
1.0,700.0,126.29,1,0,0,0.22272603333027585
1.0,35.9,14.1,1,0,0,0.40926387351997334
1.0,99.0,21.77,1,0,0,0.3456003385348344
1.0,69.9,16.12,1,0,0,0.37311611566776604
1.0,99.99,9.69,1,0,0,0.38076933618703723
1.0,139.9,21.62,1,0,0,0.33199171541178596
1.0,49.9,20.99,1,0,0,0.37648287573659356
1.0,32.99,13.37,1,0,0,0.41570325181377893
2.0,13.98,30.2,1,1,1,0.6130419543676382
1.0,127.0,12.15,1,0,0,0.36041096943886086
1.0,79.9,25.4,1,0,0,0.3481987820354494
3.0,773.5,39.900000000000006,1,0,0,0.42354192112536126
1.0,118.0,9.12,1,0,0,0.3765639568435003
1.0,89.0,14.37,1,0,0,0.36780751063902517
1.0,289.9,21.52,1,0,0,0.3049323163721069
1.0,178.98,18.83,1,0,0,0.32803684880742634
3.0,662.99,29.6,1,0,0,0.4419462054647915
1.0,159.77,16.0,1,0,0,0.33920691552017923
1.0,122.99,25.21,1,0,0,0.3309428554032346
1.0,39.9,7.54,1,0,0,0.4342515322074188
1.0,69.5,11.73,1,0,0,0.3877185873601542
1.0,49.9,16.11,1,0,0,0.38807333433950336
1.0,149.9,14.8,1,0,0,0.34505213550082525
1.0,155.0,16.85,1,0,0,0.3382192538362356
2.0,378.0,37.14,1,0,0,0.4543206197887587
2.0,220.64,15.28,1,0,1,0.5165793231213432
1.0,89.99,11.65,1,0,0,0.37678483459926465
1.0,60.0,19.61,1,0,0,0.37125370751897746
1.0,123.88,13.01,1,0,0,0.3583902051364463
1.0,249.99,12.36,1,0,0,0.332988777197236
1.0,99.9,17.18,1,0,0,0.35516343630775216
1.0,165.0,68.13,1,0,0,0.28481764557341777
2.0,130.0,32.42,1,0,1,0.5056348368991574
1.0,27.9,18.3,1,0,0,0.40924894943414997
1.0,169.9,51.69,1,0,0,0.2926536367222715
1.0,230.0,34.69,1,0,0,0.29548307146819547
1.0,199.9,17.84,1,0,0,0.3260301681476778
1.0,32.9,10.96,1,0,0,0.42522432411761557
2.0,129.9,29.410000000000004,1,0,1,0.5098871386674025
1.0,59.9,14.13,1,0,0,0.38579410088756616
1.0,139.4,15.88,1,1,0,0.344936420964428
1.0,70.0,17.42,1,0,0,0.3696581174881042
1.0,239.9,68.82,1,0,0,0.27154564211803195
1.0,589.0,93.35,1,0,0,0.23508430930502494
1.0,110.0,0.0,1,0,1,0.5351155728881285
1.0,59.9,17.67,1,0,0,0.3758428703844311
,,,1,0,0,0.3610559326759919
1.0,59.9,17.67,1,0,0,0.3758428703844311
1.0,99.8,39.78,1,0,0,0.3219125076611899
1.0,229.9,9.19,1,0,0,0.3492433265595277
1.0,29.99,7.78,1,0,0,0.44633880107319707
1.0,339.9,11.79,2,1,1,0.9999999999984888
1.0,49.9,23.11,1,0,0,0.3723946148819627
1.0,339.0,65.05,1,0,0,0.2618905236746333
2.0,33.8,28.2,1,1,1,0.5739117709036325
1.0,69.9,19.68,1,0,0,0.3644664943098562
1.0,115.0,38.36,1,0,0,0.3176680734280096
1.0,89.0,17.53,1,0,0,0.35913047767596223
3.0,204.66000000000005,53.0,1,0,0,0.4657790612417727
2.0,74.89,25.58,1,0,1,0.5409408746068559
1.0,1399.0,33.92,1,0,0,0.2400611998266063
1.0,95.9,42.95,1,0,0,0.3207187984547149
1.0,57.99,11.73,1,0,0,0.3957888129732705
1.0,92.0,11.6,1,0,0,0.3760344552416306
1.0,246.99,19.02,1,0,0,0.3155582163970255
1.0,389.0,29.04,1,0,0,0.28371688762327263
1.0,219.99,71.75,1,0,0,0.2732158507250802
4.0,248.0,44.17999999999999,1,0,0,0.4649462733911573
1.0,89.99,8.98,1,0,0,0.3888775868735985
3.0,98.97,53.75,1,0,0,0.4972890818261798
1.0,139.94,19.15,1,0,0,0.33692854959029084
1.0,89.9,11.83,1,0,0,0.3761278256734027
2.0,119.8,35.34,1,0,1,0.5055979941849877
1.0,66.9,17.72,1,0,0,0.3708816271806905
1.0,469.01,25.86,1,0,0,0.2816914107073819
1.0,379.0,140.72,1,0,0,0.23751783876627058
1.0,119.9,24.97,1,0,0,0.33233000779417465
1.0,69.0,19.45,10,1,1,0.9999999999999543
1.0,216.9,23.84,1,0,0,0.3114702035449513
1.0,69.9,19.73,1,0,0,0.36435837190004466
4.0,439.6,171.2,1,0,0,0.39294087204234424
1.0,219.0,13.03,1,0,0,0.3357391094425203
1.0,289.9,10.22,1,0,0,0.3356907728382305
1.0,19.99,14.52,1,0,0,0.435892511443767
1.0,89.5,13.75,1,1,0,0.3695314118622158
1.0,116.9,18.92,1,0,0,0.3446335623296349
1.0,59.5,17.16,1,0,0,0.3774222419625895
2.0,119.8,35.34,1,0,1,0.5055979941849877
1.0,89.9,12.13,1,0,0,0.37498773258280577
1.0,149.9,21.54,1,0,0,0.32944159199506773
1.0,79.0,13.11,1,0,0,0.37703293368506124
1.0,46.0,15.23,1,0,0,0.3942905107578735
1.0,82.0,16.82,1,0,0,0.36438482720672094
1.0,27.9,18.23,1,0,0,0.4094210012174294
1.0,119.9,18.72,1,0,0,0.34405198645297563
1.0,58.99,16.66,1,0,0,0.37910563398918457
2.0,258.0,37.56,1,0,0,0.4696685785903923
1.0,99.9,17.95,1,0,0,0.3532925326036303
1.0,72.9,27.05,1,0,0,0.3495142118182841
1.0,69.99,15.59,1,0,0,0.37453704022863016
1.0,117.3,25.66,1,0,0,0.33212482810403715
1.0,44.99,19.04,1,0,0,0.3853575396956479
1.0,48.9,12.69,1,0,0,0.3998616350003456
2.0,37.8,33.58,1,0,1,0.5611757760918601
2.0,156.0,83.06,7,1,1,0.9999999999999687
1.0,59.99,16.61,1,0,0,0.378495370460475
1.0,123.9,18.12,1,0,0,0.34409092186297024
1.0,269.99,29.25,1,0,0,0.2959468701935183
1.0,99.99,7.56,1,0,0,0.39248140325397124
1.0,29.99,15.1,1,0,0,0.41456875034417173
1.0,124.9,23.45,1,0,0,0.3332062403287823
1.0,159.0,34.65,1,0,0,0.3089932501701091
1.0,24.99,11.73,1,0,0,0.4351564064391395
1.0,168.0,15.93,1,0,0,0.33742390631454794
1.0,99.9,42.76,1,0,0,0.3192623685696958
1.0,139.9,18.86,1,0,0,0.33757012786978563
1.0,139.99,19.52,1,0,0,0.33612650246874476
1.0,31.9,16.79,1,0,0,0.4068139538768292
1.0,139.9,16.74,1,0,0,0.342555000461997
1.0,43.9,14.1,1,0,0,0.3999408637820968
1.0,39.9,21.15,1,0,0,0.38624004295571895
1.0,89.99,25.91,1,0,0,0.34246630631237135
1.0,49.89,8.72,1,0,0,0.4167201466315232
1.0,179.0,19.13,1,0,0,0.32738894172285743
1.0,87.99,18.45,1,0,0,0.35742295704364707
1.0,34.2,11.89,1,0,0,0.41951574277836196
1.0,28.99,18.3,1,0,0,0.4074378953412499
1.0,29.0,7.46,1,0,0,0.4500395893907435
1.0,89.9,17.88,1,0,0,0.35786012266933126
1.0,120.0,34.38,1,0,0,0.3200339904811182
1.0,69.9,18.59,1,0,0,0.3669069232613375
1.0,189.0,19.2,1,0,0,0.3251671422003554
1.0,139.99,32.01,1,0,0,0.31673634309125837
1.0,34.99,7.78,1,0,0,0.4389430905035692
1.0,58.0,22.34,1,0,0,0.3671952422322772
1.0,42.99,14.11,1,0,0,0.4008709989849453
1.0,12.0,7.55,1,0,0,0.4930019829637564
1.0,97.9,16.94,1,0,0,0.35660870850704934
1.0,49.9,13.69,1,0,0,0.3954449173768212
1.0,44.99,17.92,1,0,0,0.388023560070995
1.0,86.9,17.86,1,0,0,0.3593364784941285
1.0,17.0,16.32,8,1,1,0.999999999999966
2.0,148.0,29.66,1,0,1,0.5037405025230389
1.0,110.0,18.02,1,0,0,0.3491594407689102
1.0,68.9,15.23,1,0,0,0.3762585859429182
1.0,849.0,54.04,1,0,0,0.23980206759876183
1.0,43.9,24.55,1,0,0,0.3755704074587747
1.0,49.9,13.37,1,0,0,0.39653054581094427
1.0,49.9,13.37,1,0,0,0.39653054581094427
1.0,299.99,39.65,1,0,0,0.28164826634787743
2.0,65.2,49.68,1,0,1,0.5193230721966795
1.0,80.56,89.88,1,0,0,0.30291913235945367
1.0,59.9,11.03,1,1,0,0.39720253078154966
1.0,27.99,14.1,1,0,0,0.42102334270959973
1.0,189.9,18.58,1,0,0,0.32631972200917414
1.0,37.99,10.96,1,0,0,0.4184334905880274
1.0,78.9,12.51,1,0,0,0.37921314315716365
1.0,149.98,57.72,1,0,0,0.2935549067403684
1.0,135.0,13.97,1,1,0,0.35175462083877035
1.0,37.9,8.88,1,0,0,0.4286761472715849
1.0,175.0,15.98,1,0,0,0.3357018915793097
1.0,149.9,19.15,1,0,0,0.3342207061714185
1.0,27.99,18.23,1,0,0,0.409268574466647
1.0,119.9,20.08,1,0,0,0.34114029427953463
1.0,318.98,20.33,1,0,0,0.30375192230072967
1.0,69.9,17.74,3,1,1,0.9999999999999116
1.0,53.99,15.13,1,0,0,0.3873472500155414
1.0,299.9,10.91,1,0,0,0.3315790011975125
,,,1,1,0,0.3610559326759919
1.0,56.85,9.09,1,0,0,0.4087333117646163
1.0,80.0,51.28,1,0,0,0.3216697800571831
1.0,180.0,35.3,1,0,0,0.30371848245785943
1.0,35.06,15.1,1,0,0,0.4072187549850853
1.0,28.0,8.29,1,1,0,0.44652122506445724
,,,1,0,0,0.3610559326759919
1.0,16.1,15.1,1,0,0,0.44465619008224727
1.0,164.9,14.17,1,0,0,0.34314403665204257
1.0,99.9,16.0,1,0,0,0.35822953919051026
1.0,29.49,7.47,1,0,0,0.44916317286700186
1.0,151.9,27.14,1,0,0,0.3198519479915674
1.0,34.2,11.89,1,0,0,0.41951574277836196
2.0,72.0,43.7,1,0,1,0.5199260518528683
1.0,39.9,15.35,1,0,0,0.4004607883100604
1.0,149.0,12.54,1,0,0,0.35251005283310033
1.0,65.9,27.31,1,0,0,0.35340963953370613
1.0,79.0,26.85,1,0,0,0.34644050118493785
2.0,298.0,80.74,1,0,0,0.43362143481374676
1.0,45.0,22.25,1,0,0,0.3786180561776089
1.0,175.0,28.18,1,0,0,0.3130593413256084
1.0,18.99,16.79,1,0,0,0.43164820038318036
1.0,17.9,15.1,1,0,0,0.4394544089567649
1.0,139.9,16.08,1,0,0,0.3442601893306691
1.0,159.0,14.86,1,0,0,0.34254108447921905
1.0,176.99,23.56,11,1,1,0.9999999999999438
1.0,18.99,14.11,1,0,0,0.4397429280758121
1.0,31.99,34.15,1,0,0,0.37636470071524764
1.0,269.0,22.96,1,0,0,0.30511081119140326
1.0,199.9,17.65,1,0,0,0.3264686773406235
1.0,107.0,12.25,1,0,0,0.36716016333248325
1.0,89.99,23.43,1,0,0,0.34652699821356403
1.0,75.0,18.1,1,0,0,0.36502653914781885
2.0,58.0,25.72,1,0,1,0.5525190917814587
2.0,493.24,56.54,1,0,0,0.4267635368280722
2.0,39.0,16.58,1,0,1,0.5906623394708849
1.0,59.0,15.16,1,0,0,0.38329722934879235
1.0,125.0,18.12,1,0,0,0.34373470983303916
1.0,12.5,25.63,1,0,0,0.43312878958814705
1.0,99.0,15.44,1,0,0,0.3601567120433845
1.0,44.9,16.11,1,0,0,0.39285983479375525
1.0,105.0,43.02,1,0,0,0.31708918576785156
1.0,32.9,16.92,1,0,0,0.4050182175639431
1.0,47.49,8.72,1,1,0,0.41900075454310415
1.0,89.49,8.37,1,0,0,0.3924503366061527
1.0,169.9,17.63,1,0,0,0.3327492708686354
1.0,1102.39,21.47,1,0,0,0.26191700743409563
1.0,23.0,19.04,1,0,0,0.4166712267839608
1.0,19.99,11.74,1,0,0,0.44597977047115017
1.0,29.1,22.22,1,0,0,0.3986938335905937
1.0,1038.0,87.58,1,0,0,0.2212598638547914
1.0,14.6,14.1,1,0,0,0.4527066329997812
1.0,1099.0,41.23,1,0,0,0.2406454135734586
1.0,30.0,7.47,1,0,0,0.44833521983706076
1.0,44.9,15.79,1,0,0,0.39376276841446567
1.0,29.9,16.32,1,0,0,0.4111525565440545
1.0,27.99,19.04,1,0,0,0.407323085480031
1.0,84.0,17.84,1,0,0,0.36081896304145983
1.0,58.99,17.66,1,0,0,0.37654249447639415
1.0,99.9,16.46,1,0,0,0.3570038273652561
1.0,138.5,17.38,1,0,0,0.34137567373599514
1.0,59.9,22.13,1,0,0,0.36618568640306
1.0,138.5,27.05,1,0,0,0.32353903484813784
1.0,7.0,15.1,1,0,0,0.48587638204647204
1.0,19.9,18.24,1,0,0,0.42558882792019387
1.0,49.0,7.6,1,0,0,0.42423814635257023
1.0,112.9,8.05,1,0,0,0.38428758516264766
1.0,139.9,9.79,1,0,0,0.36620858892808267
1.0,58.99,16.73,1,0,0,0.37892046605544244
1.0,37.19,23.06,1,1,0,0.38573658982107556
1.0,75.99,14.7,1,0,0,0.37357765289889416
1.0,169.9,27.45,1,0,0,0.3151644066905108
1.0,89.9,26.95,1,0,0,0.34094024712725757
1.0,119.99,17.58,1,0,0,0.34666128850866695
1.0,159.99,17.56,1,0,0,0.3352531885665941
1.0,820.0,62.0,1,0,0,0.23685091585002555
1.0,199.99,10.09,7,1,1,0.9999999999999505
1.0,89.0,7.88,1,0,0,0.3955649649597663
1.0,96.0,18.77,1,0,0,0.35305168006060633
1.0,104.97,14.48,1,0,0,0.3605217833892097
1.0,282.0,28.27,1,0,0,0.29566358252024305
1.0,29.0,14.1,1,0,0,0.41933424502211364
1.0,59.99,13.78,1,0,0,0.38686485745461474
3.0,451.2000000000001,257.28000000000003,1,0,0,0.37972084777607
1.0,45.9,16.11,1,0,0,0.3918570742726627
1.0,45.9,15.11,1,0,0,0.3947480454104912
1.0,18.99,14.52,1,0,0,0.43839688213732547
1.0,14.0,7.39,1,0,0,0.48638308222837423
1.0,66.9,33.36,1,0,0,0.34487045824482654
1.0,249.9,35.29,2,1,1,0.9999999999982463
1.0,50.0,50.22,1,0,0,0.3419043257309174
1.0,159.9,26.4,1,0,0,0.31895373915259967
1.0,116.99,14.57,1,0,0,0.35576200799727753
1.0,110.8,11.98,1,0,0,0.36670233611502223
1.0,159.49,13.56,1,0,0,0.3463669043682969
1.0,29.5,11.73,1,0,0,0.42718148761345154
1.0,96.9,17.93,1,0,0,0.3546062827382878
1.0,179.9,10.07,1,0,0,0.35475623616277896
1.0,14.99,7.39,1,0,0,0.4829782674774456
1.0,689.99,20.59,1,0,0,0.2776034974524771
2.0,358.0,115.84,1,0,0,0.4134463922938683
2.0,122.0,36.61,1,0,1,0.5032889592211234
1.0,39.9,24.48,1,0,0,0.3799983291036031
1.0,79.0,13.57,1,0,0,0.3754775926803514
1.0,49.9,9.34,1,0,0,0.41340245790210367
1.0,12.25,7.78,1,0,0,0.4904716907667358
1.0,56.99,11.01,1,1,0,0.3995321799982252
1.0,127.89,23.48,1,0,0,0.3322181428558258
2.0,110.0,16.58,1,0,1,0.5431982683306509
1.0,24.5,15.1,1,0,0,0.42421799285144646
1.0,102.0,17.62,1,0,0,0.35322049871794897
1.0,129.0,18.7,1,0,0,0.34115366055905005
1.0,299.99,58.65,1,0,0,0.2689998875202747
1.0,39.9,11.73,1,0,0,0.4129221217345648
1.0,54.9,14.13,1,0,0,0.38968996541455103
1.0,11.99,17.63,1,0,0,0.45199595987615115
1.0,105.0,27.27,1,0,0,0.3341635544340387
1.0,170.0,10.32,1,0,0,0.3559095725902689
1.0,129.0,25.55,1,0,0,0.32853415744459535
1.0,169.99,27.27,1,0,0,0.31539467996661497
1.0,79.99,14.31,1,0,0,0.3725616288233934
1.0,29.9,9.34,1,0,0,0.43751242840286164
1.0,589.0,137.6,1,0,0,0.2254081632627819
1.0,61.99,37.12,1,0,0,0.34398952554135354
1.0,54.9,15.13,1,0,0,0.38659830422756536
1.0,47.88,25.63,1,0,0,0.36990370883813706
1.0,48.9,15.56,1,0,0,0.39054663357554376
1.0,152.19,17.32,1,0,0,0.3377872280096354
1.0,29.99,15.31,1,0,0,0.41393336457394697
1.0,149.65,18.93,1,0,0,0.3347613850329584
1.0,56.99,14.15,1,1,0,0.3879514848140964
1.0,95.5,14.97,1,0,0,0.36302000704968185
1.0,39.9,37.04,1,0,0,0.36319264100011855
1.0,23.99,8.88,1,0,0,0.45064469973570215
1.0,79.0,13.57,1,0,0,0.3754775926803514
1.0,169.0,87.77,1,0,0,0.27630083230914737
1.0,18.0,22.85,1,0,0,0.42037760754371484
1.0,114.99,31.11,1,0,0,0.32545814213865815
1.0,49.9,17.6,1,0,0,0.38414305322384035
1.0,119.99,80.07,1,1,0,0.29137420307108924
1.0,180.49,35.06,1,0,0,0.3038637509455009
1.0,119.99,12.04,1,0,0,0.36316117204911474
1.0,14.0,7.78,1,0,0,0.48381080839304735
1.0,59.9,13.44,1,0,0,0.3880689520143738
1.0,12.98,11.85,1,0,0,0.46685947578492926
1.0,169.99,99.41,1,0,0,0.2724927320488633
1.0,104.0,16.49,1,0,0,0.35525444360156216
1.0,780.0,18.02,1,0,0,0.278705931011931
1.0,17.0,10.96,1,0,0,0.4572699255882425
1.0,99.97,19.76,1,0,0,0.3492138072673
1.0,43.0,16.79,1,0,0,0.3929792745913212
1.0,120.0,27.57,1,0,0,0.32841384351835445
1.0,79.9,13.0,1,0,0,0.37692364042832616
1.0,49.99,11.15,1,0,0,0.4048972995048788
1.0,54.9,14.13,1,0,0,0.38968996541455103
1.0,74.0,14.83,1,0,0,0.37433517458196985
1.0,107.99,14.85,1,0,0,0.35823674928067095
1.0,78.9,13.89,1,0,0,0.3744855760721211
1.0,99.0,17.43,1,0,0,0.3549213583939588
1.0,667.0,17.01,1,0,0,0.28583324995346315
1.0,74.5,15.82,1,0,0,0.3711813212190747
1.0,23.9,14.52,1,0,0,0.42723226300138334
1.0,14.9,16.11,1,0,0,0.44544628782408424
3.0,188.0,38.07,1,0,0,0.4829424004555445
1.0,49.0,17.64,1,0,0,0.3848612259444509
1.0,149.0,12.53,1,0,0,0.3525452550754457
1.0,299.9,22.88,1,0,0,0.30138709566036004
1.0,499.0,18.25,2,1,1,0.9999999999982518
2.0,68.89,20.76,1,0,1,0.5541061472345223
1.0,120.9,49.38,1,0,0,0.30681886224264227
1.0,33.0,9.27,1,0,0,0.43315712045184757
1.0,129.9,13.93,1,0,0,0.35344285930787284
1.0,27.9,7.87,1,0,0,0.44926127740582267
1.0,19.9,15.1,1,0,0,0.4342819700939666
1.0,99.99,25.54,1,0,0,0.3387310989304962
1.0,138.0,25.81,1,0,0,0.3255006039379585
1.0,42.9,11.74,1,0,0,0.40951283697241114
1.0,249.9,34.03,1,0,0,0.2932320698778799
1.0,279.9,13.46,1,0,0,0.3251484606646743
1.0,187.57,32.06,1,0,0,0.3056928379954128
4.0,99.96,18.0,1,0,1,0.5440084108141787
2.0,70.0,18.0,1,0,1,0.5598636231071829
1.0,39.0,7.78,1,0,0,0.43378946470091534
1.0,29.9,8.29,1,1,0,0.4433521860588411
1.0,54.9,16.14,1,0,0,0.38370564201206964
1.0,189.0,37.65,1,0,0,0.2996402128558023
1.0,154.0,9.43,1,0,0,0.3639965376790073
1.0,30.0,8.37,1,0,0,0.4427190325074189
1.0,179.9,13.81,1,0,0,0.3408351481307643
1.0,150.0,15.95,1,0,0,0.34183016657695053
1.0,64.9,20.18,1,0,0,0.3666051213413525
1.0,104.0,12.63,1,0,0,0.3669811998351165
1.0,15.0,15.79,1,0,0,0.44605156716067357
3.0,225.0,89.82000000000001,1,0,0,0.4417615471507146
1.0,69.0,17.73,1,0,0,0.3695149954957243
1.0,349.99,20.69,1,0,0,0.29983422402307097
1.0,289.99,98.02,1,0,0,0.25514540980007616
2.0,384.9,35.16,1,0,0,0.4558841471599351
1.0,113.09,38.37,1,0,0,0.3183114215645457
1.0,18.0,15.1,1,0,0,0.4391816625690131
1.0,13.9,18.23,1,0,0,0.44315875664135373
1.0,69.99,18.37,1,0,0,0.3673642268469629
1.0,29.9,12.87,1,0,0,0.4221502895997364
1.0,99.9,17.95,1,0,0,0.3532925326036303
1.0,29.45,8.37,1,0,0,0.4436103748502036
1.0,79.98,23.5,1,0,0,0.35132076840048776
1.0,419.9,11.75,1,0,0,0.31625103549781614
1.0,329.0,14.64,1,0,0,0.31577195964590704
1.0,144.41,13.14,1,0,0,0.35171315381019685
1.0,205.0,32.87,1,0,0,0.3015413142925919
1.0,24.9,15.1,1,1,0,0.4234399014588768
1.0,70.0,16.74,1,0,0,0.3713961765842169
2.0,44.0,19.96,1,0,1,0.5766625768495922
1.0,149.99,21.5,1,0,0,0.32949293989175304
1.0,27.3,7.39,1,0,0,0.45343537060288547
4.0,43.96,47.4,1,0,1,0.5401070012979149
1.0,184.99,10.11,1,0,0,0.35346970580576403
1.0,49.7,17.09,1,0,0,0.3856241599175107
1.0,24.99,14.1,1,1,0,0.4264549447712418
1.0,10.0,12.79,1,0,0,0.4761490792635618
1.0,189.5,19.61,1,0,0,0.3242128771787985
1.0,55.99,17.97,1,0,0,0.37808965117459337
1.0,189.0,13.76,1,0,0,0.3390700417894562
1.0,169.9,18.1,1,0,0,0.33166265577197257
1.0,49.99,26.89,1,0,0,0.366019369657427
4.0,79.87,62.77,1,0,1,0.5009989979268563
1.0,120.0,7.71,1,0,0,0.38373893210701865
1.0,59.9,17.67,1,0,0,0.3758428703844311
1.0,19.8,14.1,1,0,0,0.43773604554915957
2.0,28.98,15.1,1,1,1,0.6087298301280342
1.0,144.99,12.22,1,0,0,0.3547539526351379
1.0,549.0,16.5,1,0,0,0.2933444873322901
1.0,44.99,15.56,1,0,0,0.3943334813211849
1.0,191.4,31.2,1,0,0,0.3059462039539429
1.0,69.9,10.21,1,0,0,0.3939281724942393
1.0,29.5,13.08,1,1,0,0.422030875658985
1.0,49.0,14.1,1,0,0,0.3949215114989168
1.0,88.89,15.37,1,0,0,0.3648919398073631
1.0,18.9,12.48,1,0,0,0.4457985314368986
1.0,179.9,58.17,1,0,0,0.28674721281294446
1.0,59.9,8.72,1,1,0,0.4083522045724203
2.0,144.46,29.18,1,0,1,0.5055200579390311
1.0,79.0,23.09,1,0,0,0.3525619268886835
1.0,99.9,16.95,1,0,0,0.3557413868059113
1.0,74.99,18.45,1,0,0,0.3642084389720039
1.0,36.0,9.27,9,1,1,0.9999999999999647
1.0,56.99,7.78,1,0,0,0.4161332131025868
2.0,77.4,17.44,1,0,1,0.5567248828098518
1.0,49.99,15.1,1,1,0,0.3909027756153556
1.0,47.25,23.12,1,0,0,0.3748051795061674
1.0,24.99,7.78,1,0,0,0.4551850182188862
1.0,69.9,38.04,1,0,0,0.33802721499862304
1.0,145.0,18.26,1,0,0,0.33749389458295603
1.0,69.9,14.8,1,0,0,0.37690591759882286
1.0,24.99,8.88,1,0,0,0.4486556464615637
1.0,249.0,20.93,1,0,0,0.31147927185033836
1.0,68.99,19.0,1,0,0,0.36653543567444463
2.0,75.8,15.56,1,0,1,0.5629577020750364
1.0,129.0,18.15,1,1,0,0.3423993637199527
1.0,149.99,40.38,1,0,0,0.30569073041467903
1.0,98.99,34.49,1,0,0,0.3275131224834397
1.0,889.0,28.8,1,0,0,0.25812716711210903
1.0,14.4,12.79,1,0,0,0.4580332943160666
1.0,127.48,15.64,1,0,0,0.34918797153420034
1.0,78.0,37.46,1,0,0,0.3340723974150316
1.0,79.99,11.76,1,0,0,0.38144246421725614
1.0,61.99,19.12,1,1,0,0.3709143708939517
1.0,14.46,15.1,1,0,0,0.44995163291946694
1.0,349.99,17.21,1,0,0,0.30703264085853793
1.0,194.0,26.2,1,0,0,0.31197747679121335
1.0,369.9,16.76,1,0,0,0.30614884645661283
1.0,269.9,16.99,1,0,0,0.3168545536900814
1.0,179.0,90.12,14,1,1,0.9999999999999301
1.0,64.9,17.16,1,0,0,0.37360618585358746
1.0,99.0,13.81,1,0,0,0.36506647889109517
1.0,199.0,17.15,2,1,1,0.9999999999985172
1.0,134.99,25.78,1,0,0,0.3264055822704153
1.0,529.9,63.77,1,0,0,0.24865866526608454
1.0,62.9,9.19,1,0,0,0.4036297951051382
2.0,56.9,33.58,1,0,1,0.5418887811563012
1.0,41.99,12.79,1,0,0,0.406497234520146
1.0,105.99,48.18,1,0,0,0.3127298044467351
1.0,303.6,25.12,7,1,1,0.9999999999999369
1.0,42.0,15.1,1,0,0,0.3988439753021985
1.0,116.6,30.73,1,0,0,0.32537733043093425
1.0,299.99,24.97,1,0,0,0.2980840346717724
2.0,594.0,28.42,1,0,0,0.4476603951876374
1.0,24.2,16.11,1,0,0,0.42182220451783614
2.0,98.0,32.22,1,0,1,0.5185985564271481
2.0,62.5,25.58,1,0,1,0.5492890743755591
2.0,99.8,25.38,1,0,1,0.5281964359302975
1.0,42.9,16.79,1,0,0,0.3930856667809308
2.0,98.0,53.8,1,0,0,0.49737316631231276
1.0,135.0,14.7,1,0,0,0.34954198263839836
1.0,19.99,15.1,1,0,0,0.4340622554278978
1.0,274.9,62.28,1,0,0,0.2700369561260028
1.0,69.9,12.49,1,0,0,0.3845796182689876
1.0,129.99,8.85,1,0,0,0.3739086914698224
3.0,356.97,135.87,1,0,0,0.4085379154959266
1.0,94.9,11.27,1,0,0,0.37602705988353213
1.0,98.0,17.6,1,0,0,0.3549288275920885
1.0,194.5,25.85,1,0,0,0.3123942800520037
1.0,198.9,18.82,1,0,0,0.32404236875258974
1.0,79.0,16.31,1,0,0,0.36731883450584074
1.0,119.99,18.94,1,0,0,0.3435340485544745
1.0,119.9,23.64,1,0,0,0.3345083341744435
2.0,141.8,36.76,1,1,0,0.4964279202757357
1.0,189.9,41.4,1,0,0,0.2961513875968099
1.0,39.9,15.79,1,0,0,0.39917832530076025
1.0,21.99,16.79,1,0,0,0.4245363723093284
1.0,89.9,17.88,1,0,0,0.35786012266933126
1.0,330.0,14.27,1,0,0,0.31671813849027175
1.0,53.9,13.46,1,0,0,0.392732923141944
1.0,81.0,42.71,1,0,0,0.3276920278145549
1.0,89.0,35.94,1,0,0,0.33024737652977015
1.0,45.9,16.11,1,0,0,0.3918570742726627
1.0,2090.0,65.35,1,0,0,0.21125255154520714
1.0,25.06,18.28,1,0,0,0.4144002038067299
1.0,38.5,15.37,1,0,0,0.4020536059481001
1.0,49.9,19.54,1,0,0,0.37956868424512424
1.0,399.0,16.54,1,0,0,0.3040419724671631
1.0,239.9,24.48,1,0,0,0.30678171727925607
1.0,299.0,15.21,1,0,0,0.3176485949138859
1.0,27.99,11.85,1,0,0,0.4292121893228003
1.0,49.9,16.54,1,0,0,0.38689725997497415
1.0,29.9,7.78,5,1,1,0.9999999999999649
1.0,79.9,16.19,1,0,0,0.36715661272454164
1.0,39.99,15.1,1,0,0,0.40110428588692054
1.0,48.9,11.85,1,0,0,0.40304945064560516
1.0,75.0,22.46,1,0,0,0.35590030805417594
1.0,17.0,8.29,1,0,0,0.470992290602037
1.0,29.99,7.47,1,0,0,0.4483513095768064
1.0,205.0,28.28,3,1,1,0.9999999999998834
1.0,168.49,19.87,1,0,0,0.32817198177930645
1.0,79.9,25.4,1,0,0,0.3481987820354494
1.0,39.99,11.85,1,0,0,0.4123375378186495
1.0,120.0,18.72,1,0,0,0.3440182937163413
1.0,153.4,18.95,1,0,0,0.33374833107729956
2.0,69.94,14.78,1,0,1,0.5690178350939439
1.0,89.9,12.13,1,0,0,0.37498773258280577
1.0,119.0,13.41,1,0,0,0.35870436756602225
1.0,45.0,17.25,1,0,0,0.38970249910629434
1.0,58.9,14.49,1,0,0,0.38540606860694093
1.0,133.0,43.34,1,0,0,0.30772422979831615
1.0,22.9,19.04,9,1,1,0.9999999999999629
1.0,56.99,17.65,1,0,0,0.3780920279193957
1.0,34.9,14.1,1,0,0,0.41058652837203025
1.0,39.9,7.78,1,0,0,0.43271134172083686
1.0,119.0,16.13,1,0,0,0.35066267331692824
1.0,14.99,7.39,1,0,0,0.4829782674774456
1.0,69.0,14.23,1,0,0,0.3792321520694239
1.0,49.0,35.93,1,0,0,0.3553332257069203
1.0,35.9,11.62,1,0,0,0.4183161335012556
1.0,106.9,8.91,1,0,0,0.3818364352202504
1.0,219.0,21.58,1,0,0,0.3149866906071901
1.0,23.9,20.4,1,0,0,0.4117555027192676
1.0,49.0,7.6,1,0,0,0.42423814635257023
1.0,149.9,23.63,1,0,0,0.3257528869024265
1.0,48.89,11.85,1,0,0,0.4030588058295681
1.0,11.9,15.1,1,0,0,0.45959717966707087
1.0,59.0,14.72,1,0,0,0.38462057197115146
1.0,26.18,11.15,1,0,0,0.4353393157987006
1.0,74.9,16.96,1,0,0,0.367902041701137
1.0,81.0,18.37,1,0,0,0.36110605719562777
1.0,240.0,16.43,1,0,0,0.32254524814886
1.0,149.0,23.62,1,0,0,0.3260027447452851
1.0,142.99,18.52,1,0,0,0.3374589557180955
1.0,125.0,14.22,1,0,0,0.3541098598497363
1.0,99.9,26.96,1,0,0,0.33662319779464794
1.0,37.9,8.72,1,0,0,0.42956123210649594
1.0,144.9,10.88,1,0,0,0.359974397273045
1.0,45.9,12.79,1,0,0,0.4023945383106908
1.0,45.0,12.98,1,0,0,0.4026200303272627
1.0,229.99,18.86,1,0,0,0.31852360395820584
1.0,28.0,8.72,1,0,0,0.4440342495303477
1.0,1250.0,34.25,1,0,0,0.2428242928488943
2.0,139.89,33.04,1,0,1,0.5015668250360475
1.0,53.9,18.46,1,1,0,0.3786035168695649
1.0,27.4,15.1,1,0,0,0.4188612651172151
2.0,147.69,37.22,1,0,0,0.4941064207852909
1.0,170.0,27.27,1,0,0,0.3153924628574496
1.0,79.0,38.1,1,0,0,0.33291694616984774
1.0,260.0,23.42,1,0,0,0.3055710583019645
1.0,24.99,14.1,1,1,0,0.4264549447712418
1.0,68.9,17.22,1,0,0,0.3708480375899131
1.0,67.91,34.57,1,0,0,0.3428673084833799
1.0,49.0,8.72,1,0,0,0.4175516320614715
1.0,80.0,15.31,1,0,0,0.36955897386093767
1.0,46.98,13.08,1,0,0,0.4002906523011832
1.0,28.99,7.78,1,0,0,0.44797594514898004
1.0,89.99,26.25,1,0,0,0.3419458296318147
1.0,13.65,15.1,1,0,0,0.4528006881897807
2.0,176.0,34.12,1,0,0,0.4901117465610263
1.0,11.55,7.78,1,0,0,0.4934083654892824
1.0,180.0,18.54,1,0,0,0.32845273273631254
1.0,130.5,12.41,1,0,0,0.3583516432739471
1.0,219.99,17.98,1,0,0,0.3221073224237271
1.0,103.97,25.04,1,0,0,0.33793635356337115
1.0,79.9,16.32,1,1,0,0.3668069504019955
1.0,34.99,13.83,1,0,0,0.41136110362086703
2.0,259.8,32.88,1,0,0,0.4750125594435583
1.0,89.49,18.51,1,0,0,0.35657493620289293
1.0,45.9,17.92,1,0,0,0.3871160398087244
1.0,67.0,18.05,1,0,0,0.37001566724000284
1.0,22.0,17.6,1,0,0,0.42236335501713446
,,,1,0,0,0.3610559326759919
1.0,25.99,7.78,1,0,0,0.45327363565658146
1.0,101.0,19.9,1,0,0,0.3484967225787091
1.0,409.99,16.95,1,0,0,0.3021345091602909
1.0,35.99,19.59,1,0,0,0.3943139397232074
1.0,149.9,27.13,1,0,0,0.32037409341705525
2.0,179.76,37.46,1,0,0,0.4852373902542252
1.0,99.99,50.99,1,0,0,0.31303289438756965
1.0,48.9,11.85,1,0,0,0.40304945064560516
1.0,199.0,13.83,1,0,0,0.33685880337977037
1.0,85.9,16.36,1,0,0,0.3636149180617845
1.0,373.0,21.49,1,0,0,0.29619177209167635
1.0,45.9,15.79,1,0,0,0.3927591941027314
1.0,24.9,15.23,1,0,0,0.42304304709344714
1.0,339.0,10.57,1,0,0,0.328442463044869
1.0,90.0,19.82,1,0,0,0.3534464852195154
1.0,38.25,13.5,1,0,0,0.408317696064678
1.0,47.99,14.65,1,0,0,0.3941244756922675
1.0,18.9,16.79,1,0,0,0.4318795429127589
1.0,34.5,19.32,1,0,0,0.3968826136013011
1.0,24.99,12.84,1,0,0,0.43085674925638207
1.0,50.0,16.6,1,0,0,0.38664581621029237
1.0,290.0,27.31,1,0,0,0.29595110934069374
1.0,18.0,7.87,1,0,0,0.47074631764128333
1.0,59.9,14.13,1,0,0,0.38579410088756616
3.0,59.7,37.44,1,0,1,0.5353781745010371
1.0,89.99,17.88,1,0,0,0.3578180998337934
1.0,29.9,15.13,1,0,0,0.41461970930139386
1.0,49.9,12.69,1,0,0,0.39893898799935257
1.0,152.8,17.32,3,1,1,0.9999999999998987
1.0,849.0,20.03,1,0,0,0.27219183143537773
1.0,244.0,18.99,1,0,0,0.3160680153849651
1.0,49.9,17.6,1,0,0,0.38414305322384035
2.0,179.8,24.66,1,1,1,0.5033654778792869
1.0,119.9,18.09,1,0,0,0.3454866152338221
1.0,180.0,17.7,1,0,0,0.3303563208421786
1.0,39.99,11.85,1,0,0,0.4123375378186495
1.0,56.99,16.16,1,0,0,0.38198588048313586
1.0,49.0,22.06,1,0,0,0.37517198362757614
1.0,31.9,14.1,1,0,0,0.4148157311633416
1.0,79.0,21.19,1,0,0,0.3561235947464054
1.0,69.0,7.39,1,0,0,0.40995054769654804
1.0,114.9,43.21,1,0,0,0.31342719067986
1.0,149.9,18.93,1,0,0,0.3346958902536451
1.0,45.0,15.1,1,0,0,0.3956817888103463
1.0,1561.0,74.51,1,0,0,0.21499032877718474
1.0,31.9,15.79,1,0,0,0.40960526862750835
1.0,20.3,15.1,1,0,0,0.4333133769950637
1.0,539.9,84.94,1,0,0,0.24009923792476015
1.0,93.0,26.95,1,0,0,0.33955097459254696
,,,1,0,0,0.3610559326759919
1.0,79.9,17.81,1,0,0,0.36301693110662725
1.0,59.0,37.32,1,1,0,0.34588099334641664
1.0,176.9,18.53,1,0,0,0.3291415945427314
1.0,19.9,15.23,1,0,0,0.43388260116604027
1.0,29.9,18.31,1,0,0,0.4059569608918491
1.0,179.9,13.6,1,0,0,0.34149525203936826
1.0,69.9,11.73,1,0,0,0.387465303988044
1.0,19.9,11.85,1,0,0,0.445752818457975
2.0,25.34,14.78,1,0,1,0.6159404971644347
1.0,43.9,21.15,1,0,0,0.38190472026190375
1.0,54.9,13.74,1,0,0,0.3909643656481734
1.0,89.9,18.0,1,0,0,0.35757415699354117
1.0,39.9,14.59,1,0,0,0.4027783767057708
1.0,24.9,9.09,1,0,0,0.44768396849855757
1.0,49.99,18.45,1,0,0,0.38198922831667703
1.0,28.9,23.35,1,0,0,0.3968706100981335
1.0,79.99,19.53,1,0,0,0.3590301890815571
1.0,139.9,17.42,1,0,0,0.34087872035718864
1.0,64.99,19.37,1,0,0,0.36829599027669024
2.0,88.0,21.1,1,0,1,0.5421801266853585
1.0,12.3,15.23,1,0,0,0.4575543244421941
1.0,89.9,15.38,1,0,0,0.36438480986459926
1.0,54.0,16.14,1,1,0,0.38444421358878117
1.0,104.9,23.31,1,0,0,0.34045094836911377
1.0,73.5,11.12,1,0,0,0.3877240716986436
1.0,209.0,0.0,1,0,1,0.5069252440920125
1.0,219.99,30.02,1,0,0,0.3022907336835497
1.0,250.0,132.28,1,0,0,0.25190261261299574
1.0,115.0,23.39,1,0,0,0.33660322736512127
1.0,59.99,22.48,1,0,0,0.36546099489534345
1.0,40.5,26.43,1,0,0,0.37611658396192216
1.0,220.0,38.67,1,0,0,0.2932502190668517
1.0,199.7,29.8,1,0,0,0.3060806924626679
1.0,99.0,18.57,1,0,0,0.35222788042613873
1.0,35.0,7.51,18,1,1,0.9999999999999665
2.0,160.0,27.36,2,1,1,0.9999999999992879
1.0,17.89,14.11,1,0,0,0.44266500420801635
1.0,99.89,9.71,1,0,0,0.38071615161438965
1.0,152.0,19.16,1,0,0,0.33365434320782966
1.0,89.8,18.21,1,0,0,0.3571257539270458
1.0,108.0,9.69,1,0,0,0.3774874554311165
1.0,89.9,12.13,1,0,0,0.37498773258280577
2.0,99.8,32.22,3,1,1,0.9999999999999518
1.0,39.99,13.71,1,0,0,0.4055360671468334
1.0,42.99,18.23,1,0,0,0.38933276671713285
3.0,168.0,38.49,1,1,0,0.48737025988682897
1.0,1199.9,23.7,1,0,0,0.2560427914985623
1.0,89.8,7.49,1,0,0,0.3976043681617618
1.0,59.9,17.67,1,0,0,0.3758428703844311
2.0,339.89,85.77000000000001,1,0,0,0.42606221591268284
1.0,116.0,41.88,1,0,0,0.3141704105654013
1.0,288.92,16.77,1,0,0,0.3149087430387156
1.0,139.93,17.42,1,0,0,0.3408701891543844
1.0,49.9,14.1,1,0,0,0.3940955107542911
1.0,269.99,18.2,1,0,0,0.31407154287580635
1.0,85.0,16.79,1,0,0,0.3629348018613596
1.0,149.0,12.54,1,0,0,0.35251005283310033
1.0,54.99,8.29,1,0,0,0.4146897548211739
1.0,39.9,14.1,1,0,0,0.4043469903964696
1.0,169.99,8.05,1,0,0,0.36727812668990334
1.0,250.0,20.94,1,0,0,0.3113148505468946
1.0,22.5,18.43,1,0,0,0.4191927523842602
1.0,29.99,18.23,1,0,0,0.40601158657025216
1.0,28.49,50.85,1,0,0,0.3662467217251336
1.0,74.8,19.76,1,0,0,0.3613883277484782
1.0,64.9,11.95,1,0,0,0.38989358855077977
1.0,44.9,15.1,1,0,0,0.3957834264450578
1.0,69.97,18.73,1,0,0,0.36654101384486004
1.0,110.99,21.27,1,0,0,0.34189100247743637
1.0,36.9,16.6,1,0,0,0.4005332351248312
1.0,449.99,39.84,1,0,0,0.26819112120004235
1.0,54.9,14.25,1,0,0,0.3893059228674144
1.0,69.9,17.2,1,0,0,0.37027362345318804
1.0,69.9,54.24,1,0,0,0.32517448838688584
1.0,166.99,15.92,1,0,0,0.3376860206211979
1.0,55.0,7.78,1,0,0,0.4177624526526953
1.0,180.0,23.19,1,0,0,0.31949397434940496
1.0,69.9,15.25,1,0,0,0.3755714939884943
1.0,79.9,28.96,1,1,0,0.3429662050327034
1.0,63.99,9.2,1,0,0,0.4028045217583342
1.0,149.0,18.29,1,0,0,0.33635309825530874
1.0,139.0,27.29,1,0,0,0.3230585208262897
1.0,65.52,23.26,1,0,0,0.36022107740439735
1.0,14.03,8.47,1,0,0,0.4794697622388698
1.0,79.9,23.36,1,0,0,0.35160786548375267
1.0,129.5,16.67,1,0,0,0.34582901651110365
1.0,79.99,12.06,1,0,0,0.3802887424539048
1.0,59.0,37.1,1,0,0,0.3461064495940555
1.0,179.0,45.71,1,0,0,0.294893502217308
1.0,56.9,8.27,1,1,0,0.4132446297511792
1.0,205.0,18.14,1,0,0,0.324396996070827
1.0,22.9,98.02,1,0,0,0.35310288512330534
1.0,98.0,12.08,1,0,0,0.3714976669468358
2.0,113.98,28.3,1,0,1,0.517410780258211
1.0,119.9,15.59,1,0,0,0.35181946946770615
1.0,84.9,13.61,1,0,0,0.37224410172816724
1.0,290.99,17.8,1,0,0,0.31225327733705677
3.0,299.25,70.71000000000001,1,0,0,0.4386838065045566
1.0,149.9,18.3,1,0,0,0.33609359766760194
1.0,29.49,15.1,1,0,0,0.4153655011207351
1.0,120.0,96.71,1,0,0,0.2856789161476403
1.0,299.0,23.8,1,0,0,0.30000036230882354
1.0,57.39,9.34,1,0,0,0.40700504870118737
1.0,72.9,16.27,1,0,0,0.37088620988884363
1.0,26.0,16.11,1,1,0,0.4183855234356693
1.0,149.9,45.4,1,0,0,0.30162576327693047
1.0,99.9,27.65,1,0,0,0.33562936058256304
1.0,370.99,20.84,1,0,0,0.2975461171899077
1.0,101.77,19.68,1,0,0,0.3486483149336834
1.0,35.0,15.1,1,0,0,0.4072988283241071
1.0,117.3,25.66,1,0,0,0.33212482810403715
1.0,35.99,21.15,1,0,0,0.3909659949714846
1.0,139.99,26.47,1,0,0,0.3239626722646246
1.0,19.95,8.29,1,0,0,0.46308131465559726
1.0,36.9,9.74,1,0,0,0.42546035922461384
1.0,229.9,16.36,1,0,0,0.3243234964306131
1.0,77.0,16.98,1,0,0,0.36666273958807216
1.0,215.0,20.48,1,0,0,0.3177347421988013
1.0,199.9,34.57,1,0,0,0.300640025180988
1.0,95.0,16.43,1,0,0,0.35918375374393796
1.0,59.0,14.16,1,1,0,0.386372134883279
1.0,79.9,26.86,1,0,0,0.34595301112148
1.0,56.99,15.84,1,0,0,0.3828764783729539
1.0,16.0,14.1,1,0,0,0.44818742385148924
1.0,169.9,15.94,1,0,0,0.3369585224049122
1.0,89.49,18.73,1,0,0,0.35607291941446195
1.0,45.9,22.85,1,0,0,0.3765985112280188
2.0,298.0,16.6,1,0,0,0.4999643766622353
1.0,24.99,8.72,1,0,0,0.44954952382057406
1.0,84.9,17.84,1,0,0,0.360367925721472
1.0,199.9,19.7,1,1,0,0.3220094915891918
1.0,32.0,8.29,1,0,0,0.4400906994908475
1.0,62.99,18.32,1,0,0,0.37206224241015756
1.0,118.9,18.4,1,0,0,0.3451124765078964
1.0,49.9,17.6,1,0,0,0.38414305322384035
1.0,95.99,25.16,1,0,0,0.34099399643726946
1.0,16.9,8.11,1,0,0,0.47237622339005775
1.0,58.99,11.73,1,1,0,0.3950202191651169
1.0,69.9,12.48,1,0,0,0.3846162805584951
1.0,49.0,13.0,6,1,1,0.9999999999999591
1.0,25.9,7.78,1,0,0,0.45344244505929215
1.0,49.9,14.1,1,1,0,0.3940955107542911
1.0,24.9,18.27,1,0,0,0.4147305815717216
1.0,139.99,19.03,1,0,0,0.33717383062831324
1.0,149.94,25.56,1,0,0,0.3226670900433037
1.0,25.0,17.92,1,0,0,0.41541216061706904
1.0,69.5,13.07,1,0,0,0.38276066711868423
1.0,44.9,18.23,1,0,0,0.38735745338450406
1.0,59.0,15.16,1,0,0,0.38329722934879235
1.0,99.8,19.89,1,0,0,0.3490100506955335
3.0,299.70000000000005,50.86,1,0,0,0.4513516648285031
1.0,89.9,12.97,1,0,0,0.3719591198612732
1.0,269.0,46.34,1,0,0,0.28015107753960333
1.0,65.0,14.2,1,0,0,0.3819516475053404
1.0,45.0,11.85,1,0,0,0.40686634802980814
1.0,28.38,12.69,1,0,0,0.425303168350214
1.0,120.0,17.28,1,0,0,0.3473861084450297
1.0,38.0,11.85,1,1,0,0.41472145980593145
1.0,49.9,12.93,1,0,0,0.3980725586436661
2.0,60.0,46.68,1,0,1,0.5257230393683078
1.0,140.0,23.56,1,0,0,0.3285268639490011
1.0,654.99,78.54,1,0,0,0.23665592931596557
1.0,119.9,20.08,1,0,0,0.34114029427953463
1.0,14.49,18.23,1,0,0,0.4411126078316861
1.0,165.4,34.02,1,0,0,0.30818605133614835
1.0,197.43,27.68,1,0,0,0.3092516051852655
1.0,54.0,7.64,1,0,0,0.41949024401164653
1.0,75.0,27.51,1,0,0,0.34764494998845674
1.0,300.0,26.94,1,0,0,0.29527057182081073
2.0,21.98,28.2,1,0,1,0.5943875405236411
1.0,19.9,7.78,1,0,0,0.4663592854216036
1.0,30.0,18.31,1,0,0,0.4057998438668906
1.0,69.9,18.6,1,0,0,0.36688377870139094
1.0,28.9,9.51,1,0,0,0.4382693727104473
1.0,69.99,14.24,1,0,0,0.3785771067261895
1.0,219.99,14.9,1,0,0,0.3298704578892571
1.0,37.9,34.15,1,0,0,0.3686885752750553
1.0,119.0,57.09,1,0,0,0.30251737825507063
3.0,293.97,56.37,1,0,0,0.4480960911453276
1.0,39.9,9.34,1,0,0,0.42380487725861815
1.0,84.9,16.35,1,0,0,0.364138678542706
1.0,146.99,20.52,1,0,0,0.33216648467422083
1.0,290.0,16.79,1,0,0,0.31472562122916137
1.0,69.9,0.0,1,0,1,0.5556933290254915
1.0,89.0,13.64,1,0,0,0.37012895706586735
1.0,119.0,12.17,1,0,0,0.3630227041958208
1.0,1240.0,102.63,1,0,0,0.21280542128638688
1.0,1164.9,114.2,1,0,0,0.2118370171560118
1.0,19.99,20.8,1,0,0,0.41946688781879293
1.0,95.2,16.86,1,0,0,0.357980353319164
1.0,55.9,14.7,12,1,1,0.9999999999999583
4.0,93.92,60.4,1,1,0,0.495074793149446
1.0,527.9,63.98,1,0,0,0.24867653027671408
1.0,65.0,21.25,1,0,0,0.3643478558294209
1.0,116.0,50.0,1,0,0,0.3079695783891101
1.0,199.9,16.15,1,0,0,0.33013886281555993
1.0,59.9,23.57,1,0,0,0.3635481650680788
1.0,399.9,119.35,1,0,0,0.24003692194613716
1.0,29.5,14.52,1,0,0,0.41715893668235643
1.0,35.0,12.43,1,0,0,0.4163311042047252
2.0,119.8,35.34,1,0,1,0.5055979941849877
1.0,158.0,21.6,1,0,0,0.32728903775261947
3.0,105.0,49.32000000000001,1,0,0,0.49805698244511554
1.0,89.9,12.77,1,1,0,0.3726594584185568
1.0,139.9,58.06,1,0,0,0.29591739765365827
1.0,39.9,14.52,1,0,0,0.4029987538022088
1.0,99.0,16.94,1,0,0,0.35614325298614563
1.0,99.9,29.1,1,0,0,0.3336344020931717
1.0,55.9,17.3,1,0,0,0.3798284318229856
1.0,144.9,14.03,1,0,0,0.3487160333084093
1.0,28.9,15.3,1,0,0,0.4157185228198976
1.0,173.0,14.23,1,0,0,0.3410776196085763
1.0,89.9,14.38,1,0,0,0.36734902972484124
1.0,28.99,14.11,1,0,0,0.4193176679447952
2.0,219.8,40.02,1,0,0,0.4738157189247994
1.0,109.9,19.05,1,0,0,0.3468588599007406
1.0,52.9,23.52,1,0,0,0.36907423522180877
1.0,24.9,7.71,1,0,0,0.4558094680106656
1.0,57.0,15.15,1,0,0,0.38486174820332414
1.0,16.9,7.87,1,0,0,0.47387209326500246
1.0,25.0,16.11,1,0,0,0.42026210969139655
1.0,87.9,42.65,1,0,0,0.3244453432831861
1.0,199.0,16.14,1,0,0,0.3303368010092796
1.0,59.9,29.45,1,0,0,0.35447170653873694
2.0,97.9,37.38,1,0,1,0.5123275524401333
1.0,79.9,7.82,1,0,0,0.4006756734610201
1.0,169.99,15.18,1,0,0,0.33900510879864054
2.0,79.7,15.88,3,1,1,0.9999999999999594
1.0,69.0,18.06,1,0,0,0.3687156683278907
1.0,19.9,16.79,1,0,0,0.42937203698751164
1.0,79.9,14.14,1,0,0,0.37314369068221426
2.0,256.0,29.98,1,0,0,0.47961444612450316
1.0,117.8,17.56,1,0,0,0.3474574032210993
1.0,59.99,20.87,1,0,0,0.36859944715453885
2.0,167.6,30.94,1,0,0,0.49644802710611363
1.0,39.99,7.39,1,0,0,0.4351345013670677
1.0,395.9,36.31,1,0,0,0.2754008453238063
1.0,89.9,11.83,1,0,0,0.3761278256734027
1.0,29.9,16.11,1,1,0,0.41174297254943565
1.0,60.5,14.51,1,0,0,0.3841522893322672
1.0,119.9,34.38,1,0,0,0.32006648034463997
1.0,10.0,7.39,1,0,1,0.503170863590211
1.0,79.99,16.53,1,0,0,0.36620075545734854
1.0,113.8,15.56,1,0,0,0.35404219160032596
1.0,68.0,8.72,1,0,0,0.4026346736158579
,,,1,1,0,0.3610559326759919
1.0,229.99,24.15,1,0,0,0.30883051554163843
1.0,49.8,15.23,1,0,0,0.3906878795598254
1.0,81.9,8.73,1,0,0,0.39432862007260866
1.0,349.0,21.93,1,0,0,0.29771070384762993
1.0,149.9,19.59,1,0,0,0.3332894326670425
1.0,66.99,18.0,1,0,0,0.3701424134861895
1.0,29.9,7.47,1,0,0,0.4484963751725127
1.0,76.99,14.29,1,0,0,0.37427400517375614
1.0,149.99,18.93,1,0,0,0.3346723423992539
1.0,549.0,18.6,1,0,0,0.28873219275859197
1.0,84.9,23.52,1,0,0,0.3487886975645966
2.0,99.8,41.98,1,0,1,0.5066136335867926
1.0,179.9,38.17,1,0,0,0.3009547333540163
1.0,189.0,32.35,1,0,0,0.30508493081844285
2.0,150.0,43.22,1,0,0,0.48719928812280877
1.0,7.99,12.79,1,0,0,0.4872865357041608
1.0,55.0,7.78,1,0,0,0.4177624526526953
1.0,70.9,14.25,1,0,0,0.3779810883824226
1.0,45.0,12.48,1,0,0,0.40444526021425914
1.0,89.9,16.26,1,0,0,0.36195552973508976
1.0,199.0,32.14,1,0,0,0.30343588358441964
1.0,129.0,18.15,1,0,0,0.3423993637199527
1.0,78.0,15.4,1,0,0,0.3703883902365589
1.0,41.9,16.79,1,0,0,0.39416479564229745
1.0,48.9,19.59,1,0,0,0.3803639763011992
2.0,57.99,30.2,1,0,1,0.54554074222102
1.0,320.0,21.58,1,0,0,0.301341144431551
1.0,299.0,47.39,1,1,0,0.27585654737173093
1.0,48.9,19.53,1,0,0,0.3804971129307521
1.0,299.99,14.53,1,0,0,0.3194154918577007
1.0,454.99,24.81,1,0,0,0.28418399142190665
1.0,99.9,16.46,1,1,0,0.3570038273652561
1.0,87.0,12.74,1,0,0,0.3741694701599464
1.0,857.77,18.13,1,0,0,0.27553834600365135
1.0,19.9,15.1,1,0,0,0.4342819700939666
1.0,186.5,43.51,1,0,0,0.29509318429212666
1.0,15.0,18.23,1,0,0,0.4394121889248052
1.0,1199.9,60.75,1,0,0,0.22710052699771052
1.0,121.0,14.58,1,0,0,0.3543492124608625
1.0,402.9,17.57,1,0,0,0.3013197081405382
2.0,102.8,22.71,1,0,1,0.5318252370452368
1.0,99.9,13.25,1,0,0,0.3665283724047352
1.0,349.97,37.8,1,0,0,0.2781007669043902
1.0,39.99,19.04,1,0,0,0.39071992303152303
1.0,49.99,11.73,1,0,0,0.4025178905171371
1.0,24.5,15.1,1,0,0,0.42421799285144646
1.0,38.9,15.79,1,0,0,0.4003505392459541
1.0,99.9,57.37,1,0,0,0.3090500642899365
1.0,49.0,18.44,1,0,0,0.3829104862854151
1.0,154.89,23.58,1,0,0,0.3245719066204086
1.0,59.9,11.92,1,0,0,0.3935875850024601
1.0,69.0,11.73,1,0,0,0.3880374713301237
1.0,35.0,16.11,1,1,0,0.40434709874923264
1.0,49.9,12.35,1,0,0,0.4001987468878149
1.0,39.9,7.78,1,0,0,0.43271134172083686
1.0,69.0,15.23,1,0,0,0.3761952553949376
1.0,109.9,18.0,1,0,0,0.34924362580997925
1.0,150.0,18.63,1,0,0,0.33532830977405886
1.0,289.0,116.24,1,0,0,0.2506745619862185
1.0,67.49,22.97,1,0,0,0.35946929233525615
,,,1,0,0,0.3610559326759919
1.0,117.99,21.32,1,0,0,0.3393267037285289
1.0,53.9,21.35,1,0,0,0.37233509454978375
1.0,106.0,18.62,1,0,0,0.34929669942617625
1.0,114.9,21.6,1,0,0,0.3398622248675949
1.0,27.9,18.23,1,0,0,0.4094210012174294
2.0,113.98,30.3,1,0,1,0.5144346141877573
1.0,56.99,15.15,1,0,0,0.38486957180892645
1.0,69.9,11.99,4,1,1,0.9999999999999492
1.0,166.6,13.72,1,1,0,0.3441321113979684
2.0,100.8,30.2,1,0,1,0.5201173900695425
1.0,75.0,18.63,1,0,0,0.3637861397577631
1.0,8.5,17.63,1,0,0,0.469026996409703
1.0,154.91,16.18,1,0,0,0.3399504530624808
1.0,16.9,7.78,1,1,0,0.47444553698396047
1.0,82.49,8.74,1,0,0,0.39395906088082155
1.0,11.55,14.1,1,0,0,0.4643218513571507
1.0,646.2,28.83,1,0,0,0.26769803496346223
1.0,268.9,39.91,1,0,0,0.28515679546123096
1.0,129.9,44.06,1,0,0,0.3080409052057436
1.0,69.77,7.78,1,0,0,0.40696357467315225
1.0,450.0,20.95,1,0,0,0.2908047433529236
1.0,117.5,12.28,1,0,0,0.3631453811959041
1.0,69.9,11.1,1,0,0,0.3900226665552846
1.0,34.99,36.75,1,0,0,0.3693834584646287
1.0,599.9,17.08,6,1,1,0.9999999999999332
1.0,59.9,19.66,1,0,0,0.3712174093096113
1.0,59.9,16.18,1,0,0,0.3797225687387746
1.0,32.99,18.33,1,0,0,0.4012989635842967
1.0,89.9,20.95,1,0,0,0.3511748844144332
1.0,34.05,14.1,1,0,0,0.41174354830597226
2.0,385.98,69.24,1,0,0,0.4288023830751708
1.0,89.9,16.88,1,0,0,0.36033409852887116
1.0,28.9,11.85,1,0,0,0.42767973449031127
1.0,23.99,15.23,1,0,0,0.42483268341473185
1.0,19.9,18.23,1,0,0,0.42561372543217413
1.0,265.0,16.96,1,0,0,0.3175955089029774
1.0,809.0,17.16,1,0,0,0.27940377259687194
1.0,199.0,21.71,1,0,0,0.31831203417832316
1.0,39.97,16.11,1,0,0,0.39819034435800305
1.0,50.0,8.9,1,0,0,0.41563213772004554
1.0,55.0,13.05,1,0,0,0.3932416170685765
1.0,120.0,16.6,1,0,0,0.34909305789695433
1.0,44.9,18.08,1,0,0,0.38772184207215654
1.0,35.0,12.79,1,0,0,0.4149912382538113
1.0,389.0,37.7,1,0,0,0.274711347981486
1.0,429.9,25.59,1,0,0,0.2849338266467514
1.0,205.0,28.81,1,0,0,0.3063744818364739
1.0,98.99,21.18,1,0,0,0.34673624269504816
1.0,199.99,14.42,1,0,0,0.33488735709702255
1.0,129.0,16.01,1,0,0,0.3477063293154899
1.0,109.99,11.97,1,0,0,0.36704702328547195
1.0,67.0,18.35,1,0,0,0.3693021856380356
1.0,38.0,15.1,1,0,0,0.4034678518183915
1.0,40.0,28.75,1,1,0,0.37320664234154705
1.0,51.9,15.8,1,0,0,0.38717398037055456
1.0,35.0,17.26,1,0,0,0.4012345257418633
1.0,54.9,15.13,1,0,0,0.38659830422756536
1.0,104.2,13.17,1,0,0,0.365027511729157
1.0,85.0,18.47,1,0,0,0.35883314518663834
1.0,279.9,16.13,1,0,0,0.31764149980785145
1.0,157.0,14.49,1,0,0,0.3441238329162872
1.0,243.9,43.74,1,0,0,0.2854297096858089
1.0,59.9,13.44,1,0,0,0.3880689520143738
1.0,199.0,8.58,1,0,0,0.3580208901983683
1.0,39.0,13.85,1,0,0,0.4062300644708245
1.0,44.0,11.85,1,0,0,0.40790349632061373
1.0,49.9,19.04,1,0,0,0.3806953387948461
1.0,75.0,17.81,1,0,0,0.3657233638973617
1.0,72.0,26.82,1,0,0,0.3503813015776973
1.0,178.9,9.37,1,0,0,0.35824157240913157
1.0,205.0,22.27,1,1,0,0.31620249688080615
1.0,99.0,19.93,1,0,0,0.34925810352372627
1.0,34.2,22.93,1,0,0,0.3898285714646334
1.0,117.3,14.43,1,0,0,0.3560749458264711
1.0,24.9,12.79,1,0,0,0.4312153691505591
1.0,69.9,19.26,1,0,0,0.365387640406118
1.0,105.0,27.04,1,0,0,0.3344960152878121
1.0,49.9,22.85,1,0,0,0.37287177069022515
1.0,86.9,21.1,1,0,0,0.3522941148647638
1.0,67.99,19.67,1,0,0,0.3656830904674945
1.0,58.99,19.65,1,0,0,0.371910774683071
1.0,120.0,8.26,1,0,0,0.3804888961198346
1.0,489.9,21.53,1,1,0,0.2869653566554967
2.0,76.8,30.2,1,0,1,0.5325257293572148
2.0,43.98,30.5,1,0,1,0.5580921203416775
1.0,149.9,23.37,1,0,0,0.3261901212190885
1.0,1437.0,42.51,1,0,0,0.23250331381218356
1.0,147.9,23.62,1,0,0,0.3262898834783479
1.0,14.85,7.39,1,0,0,0.48344561442147793
1.0,74.9,12.65,1,0,0,0.38097093620506584
1.0,19.0,25.63,1,0,0,0.41276864663906143
1.0,79.0,26.63,1,0,0,0.34676982732296946
1.0,35.0,16.11,1,1,0,0.40434709874923264
1.0,55.0,12.83,1,0,0,0.3940237824570393
2.0,239.8,33.2,1,1,0,0.47798618070958526
1.0,26.0,16.11,1,1,0,0.4183855234356693
1.0,266.78,74.24,1,0,0,0.26574744306500625
1.0,57.6,28.8,1,0,0,0.3570521206201514
1.0,39.9,15.79,1,0,0,0.39917832530076025
1.0,28.99,37.04,1,0,0,0.3776373827994678
1.0,23.49,16.05,1,0,0,0.4234253239605641
1.0,67.91,19.72,1,0,0,0.3656256106166879
1.0,79.0,13.57,1,0,0,0.3754775926803514
1.0,370.47,33.34,1,0,0,0.2805011314999952
1.0,34.9,15.11,1,0,0,0.40740229120616367
1.0,35.9,17.93,1,0,0,0.398351035169149
2.0,78.0,30.2,1,0,1,0.5318129989756719
1.0,79.0,36.06,1,1,0,0.33498083328808487
1.0,192.0,18.08,1,0,0,0.3270147920223607
1.0,24.5,11.85,1,0,0,0.43562771347604595
1.0,107.0,12.25,1,0,0,0.36716016333248325
1.0,365.99,16.17,1,0,0,0.3079538848010349
1.0,17.99,15.1,1,0,0,0.43920886564832373
1.0,124.9,17.06,1,0,0,0.34630773026837836
1.0,46.9,14.1,1,0,0,0.39691551503962763
1.0,79.0,12.05,1,0,0,0.38086779474679533
1.0,149.9,18.93,1,0,0,0.3346958902536451
1.0,299.9,10.47,1,0,0,0.3333697914061372
1.0,57.89,11.15,1,0,0,0.3982327715886683
1.0,149.0,30.08,1,0,0,0.31668071164500605
1.0,23.9,7.43,1,0,0,0.4596509576839611
1.0,79.9,18.45,1,0,0,0.36150113234985376
1.0,270.0,57.61,1,0,0,0.2730483089734594
1.0,59.99,16.69,1,0,0,0.3782832491286388
1.0,129.9,14.68,1,0,0,0.35115939284590236
2.0,70.0,32.88,1,0,1,0.5331474477566365
1.0,21.5,7.78,1,0,0,0.46255105539329855
1.0,53.0,12.81,1,0,0,0.3957683932463309
1.0,31.9,21.15,1,0,0,0.39655208501733896
1.0,118.9,38.38,1,1,0,0.31635363177545284
1.0,35.0,42.38,1,1,0,0.3638422242491629
1.0,39.99,18.23,1,0,0,0.3926386465007287
1.0,79.9,16.81,1,0,0,0.3655175281332839
1.0,119.99,16.47,1,0,0,0.3494321036957659
2.0,199.8,26.56,1,0,0,0.4955009544012371
2.0,52.0,20.32,1,0,1,0.5680765633345038
1.0,139.9,20.52,1,0,0,0.33410787862915364
2.0,150.0,26.16,1,0,1,0.5086651198854378
1.0,129.99,17.16,1,0,0,0.34445023500011174
1.0,78.0,7.8,1,0,0,0.4018649356884224
1.0,99.9,13.72,1,1,0,0.364976113123363
1.0,55.0,8.88,1,0,0,0.41136456942633837
1.0,49.5,16.11,1,0,0,0.388436403958722
1.0,1199.99,33.43,1,0,0,0.2447135268816803
2.0,138.0,41.94,1,0,0,0.49212199583800786
1.0,29.99,22.14,1,0,0,0.39744096510837884
1.0,27.9,7.46,1,0,0,0.4519122902925883
1.0,134.49,27.67,4,1,1,0.9999999999999332
1.0,69.99,18.59,1,0,0,0.36685136381733957
,,,1,0,0,0.3610559326759919
1.0,69.9,16.93,1,0,0,0.3709643947166658
1.0,22.32,22.09,2,1,1,0.9999999999989659
1.0,139.0,20.16,1,0,0,0.335084521371394
2.0,29.8,30.2,1,0,1,0.5769772509839947
1.0,688.0,22.7,1,0,0,0.27415011099537134
1.0,149.0,23.84,1,0,0,0.32563692573737474
1.0,168.9,16.06,1,0,0,0.33687288335286475
1.0,48.5,13.37,1,0,0,0.3978254170287926
1.0,85.0,12.09,1,0,0,0.3775467866529481
1.0,16.5,7.39,1,0,0,0.47820376018720223
1.0,40.0,15.79,1,0,0,0.3990628737611104
1.0,99.9,17.61,1,0,0,0.3541068205353464
1.0,119.9,29.24,1,0,0,0.3261772132584532
1.0,143.8,31.76,1,0,0,0.3160012806353452
1.0,44.5,7.78,1,0,0,0.4275828238539706
1.0,55.0,11.89,1,0,0,0.3975461629157361
1.0,420.0,21.04,1,0,0,0.29295874537377564
1.0,122.99,20.05,1,0,0,0.34017935137419103
1.0,89.9,13.18,1,0,0,0.371236955634258
1.0,53.9,13.46,1,0,0,0.392732923141944
1.0,169.9,17.44,1,0,0,0.33319828487627967
1.0,145.0,57.68,1,0,0,0.2948144507397163
1.0,69.9,16.25,1,0,0,0.37276242766936796
1.0,79.9,15.31,1,0,0,0.36961266597182507
1.0,49.9,17.6,1,0,0,0.38414305322384035
1.0,119.9,18.41,1,0,0,0.344750690140216
2.0,199.8,34.28,1,0,0,0.4844217056511081
1.0,85.0,16.84,1,0,0,0.3628059133038932
2.0,159.98,38.28,1,0,0,0.4894128320517983
1.0,81.25,12.07,1,0,0,0.3795728698542263
1.0,79.99,15.31,1,0,0,0.36956433970144487
1.0,179.99,14.86,1,0,0,0.3376816606947075
1.0,70.9,13.86,1,0,0,0.3792291334473672
1.0,17.37,8.88,1,0,0,0.4665185472077527
1.0,43.0,12.96,1,0,0,0.4047850240334769
10.0,1138.3,18.98,1,0,0,0.4411410298444005
2.0,31.98,23.46,1,0,1,0.5845016987976484
1.0,22.5,15.1,1,0,0,0.4283234303735502
2.0,358.98,30.02,1,0,0,0.4654825201802658
2.0,130.0,45.31,1,0,0,0.49159584142561735
1.0,52.88,17.5,1,0,0,0.38179609747734555
1.0,81.0,18.67,1,0,0,0.36041356958901155
1.0,99.99,13.14,1,0,0,0.3668628721670764
1.0,139.9,17.42,1,0,0,0.34087872035718864
1.0,36.0,8.11,1,0,0,0.4355454915045272
1.0,466.0,64.17,1,0,0,0.2523539188087123
1.0,69.99,17.74,1,0,0,0.36887352542235713
1.0,21.99,16.05,1,0,0,0.42660787671096817
1.0,139.9,18.23,1,0,0,0.3389796671564916
1.0,130.0,11.53,1,0,0,0.36179942150452177
1.0,24.9,16.79,1,0,0,0.4185618539383187
3.0,150.0,41.13,1,0,0,0.48957309444603797
1.0,19.9,8.4,1,0,0,0.46255178453073426
1.0,56.99,12.74,1,0,0,0.3927486423640211
1.0,31.9,15.79,1,0,0,0.40960526862750835
2.0,77.4,27.14,1,0,1,0.5368214363825661
1.0,65.0,14.2,1,0,0,0.3819516475053404
1.0,45.0,19.32,1,0,0,0.3847094234054273
1.0,109.0,21.4,1,0,0,0.34237499772526203
1.0,49.0,18.23,1,0,0,0.3834128968595062
1.0,102.0,13.15,1,0,0,0.3659912139782684
1.0,82.8,7.44,1,0,0,0.4014951370985398
1.0,219.9,17.24,1,0,0,0.3238364150646315
3.0,103.5,41.13,1,0,1,0.5061381367795087
1.0,49.59,20.84,1,0,0,0.37706831221432735
1.0,11.55,15.79,1,0,0,0.45897727586741704
1.0,39.92,15.1,1,0,0,0.4011852274979461
1.0,116.9,0.0,1,0,1,0.5323932563845394
1.0,85.0,15.67,1,0,0,0.3659449042559482
1.0,62.9,8.88,1,0,0,0.40526950483806196
1.0,109.0,13.78,1,0,0,0.36113647100496915
1.0,49.99,7.39,1,0,0,0.42468122053579577
1.0,59.9,16.18,1,1,0,0.3797225687387746
1.0,148.99,15.79,1,0,0,0.3425264147108178
2.0,225.98,49.8,1,0,0,0.46371123348788956
1.0,165.99,28.54,1,0,0,0.31456657710656116
1.0,122.99,25.21,1,0,0,0.3309428554032346
1.0,269.99,26.34,1,0,0,0.2998004291695167
1.0,79.0,24.68,1,0,0,0.34983838677166895
1.0,79.9,19.53,1,0,0,0.35907792243455283
1.0,89.9,16.33,1,0,0,0.3617688869023
1.0,47.49,9.94,1,0,0,0.4127029770871281
1.0,34.99,12.69,1,0,0,0.41537255835235587
2.0,254.0,27.82,1,0,0,0.4832100757816184
2.0,139.8,26.16,1,0,1,0.5117736969141601
2.0,55.8,28.88,1,0,1,0.5492673682011089
1.0,98.9,14.09,1,0,0,0.3642193162717883
1.0,94.0,18.54,1,0,0,0.354450024397339
1.0,109.9,30.18,1,0,0,0.32840853009411286
1.0,1589.0,59.64,1,0,0,0.22037550857264712
1.0,52.2,17.62,1,0,0,0.38207351885326535
1.0,108.9,18.56,1,0,0,0.34832593217865904
1.0,139.0,14.31,1,0,0,0.34952941051984115
1.0,49.99,11.73,1,0,0,0.4025178905171371
1.0,49.99,34.15,1,0,0,0.3564426364508674
1.0,69.99,15.25,1,0,0,0.3755154007308257
1.0,198.0,17.15,1,0,0,0.3280128511770272
1.0,49.9,22.28,1,0,0,0.3739405786627816
1.0,495.0,28.31,1,0,0,0.2767285556696961
1.0,193.0,15.08,1,0,0,0.3343597512679465
1.0,79.9,27.1,1,0,0,0.34559778233203964
1.0,167.0,14.92,1,0,0,0.34043591994838945
1.0,39.9,15.56,1,0,0,0.39984351427456927
1.0,64.98,9.58,1,1,0,0.40019046222759785
1.0,108.0,16.52,1,0,0,0.3536161080263324
1.0,35.0,26.89,1,0,0,0.38202632774165873
1.0,44.99,27.08,1,0,0,0.37039931361395484
1.0,54.99,23.19,1,0,0,0.36796197565859756
1.0,105.0,23.6,1,0,0,0.33991298165491185
1.0,127.99,20.98,1,0,0,0.3367283697138495
1.0,1199.9,23.16,1,0,0,0.2568335811987561
1.0,209.9,18.72,1,0,0,0.32223117016567915
1.0,12.0,7.39,1,0,0,0.4940747923646597
1.0,105.0,23.6,1,0,0,0.33991298165491185
1.0,42.0,12.95,1,0,0,0.40590795508515315
1.0,18.95,24.84,1,0,0,0.41424820481327246
1.0,32.9,9.34,1,0,0,0.43293614632609534
1.0,129.99,17.35,1,0,0,0.34398560686906215
1.0,199.9,50.98,1,0,0,0.2873017203582313
1.0,198.95,26.89,1,0,0,0.31005969830196556
1.0,49.9,18.23,1,0,0,0.3825957468085743
1.0,198.9,19.49,1,0,0,0.322629391868525
1.0,44.99,7.39,1,0,0,0.4295923471745409
1.0,49.0,10.96,1,0,0,0.40662365567330966
1.0,285.0,23.7,1,0,0,0.3018493679142787
1.0,99.0,98.06,1,0,0,0.292395457529084
1.0,39.99,11.74,1,0,0,0.4127769097188558
1.0,299.9,24.97,1,0,0,0.2980945294207252
2.0,155.8,27.78,1,0,1,0.5043452495426809
1.0,69.0,12.61,1,0,0,0.38471260135454904
1.0,83.9,12.72,1,1,0,0.375800197603454
1.0,110.32,18.87,1,0,0,0.3471007559391686
1.0,135.0,17.51,1,0,0,0.3420840673778003
1.0,86.99,13.63,1,0,0,0.37113709191343924
1.0,299.0,13.59,1,0,0,0.3223220297556661
1.0,47.49,13.71,1,0,0,0.3976305739613373
1.0,59.9,15.17,1,0,0,0.38259566891030244
1.0,326.16,33.03,1,0,0,0.2850955646069135
1.0,146.99,20.52,1,0,0,0.33216648467422083
1.0,258.99,20.05,1,0,0,0.3117374584155993
1.0,29.9,7.47,1,0,0,0.4484963751725127
1.0,45.49,8.27,1,0,0,0.4235731704991338
1.0,449.0,69.51,1,0,0,0.2511715856777633
1.0,139.54,18.23,1,0,0,0.33908192571515566
1.0,223.0,19.44,1,0,0,0.31845412386270294
1.0,299.99,15.12,1,0,0,0.3177727754877298
1.0,1670.0,59.98,1,0,0,0.21897717204305467
1.0,99.0,17.94,1,0,0,0.3536915838642762
1.0,99.0,18.0,1,0,0,0.3535496029621885
1.0,399.93,18.24,1,0,0,0.3001092358615909
1.0,56.97,12.74,1,0,0,0.39276440996141504
1.0,119.9,18.12,1,0,0,0.3454169738531351
1.0,56.97,12.74,1,0,0,0.39276440996141504
1.0,134.9,10.25,1,0,0,0.36560736039946684
1.0,40.0,17.63,1,0,0,0.39411331553848167
1.0,319.0,17.99,1,0,0,0.3085458465977954
1.0,99.9,16.46,1,0,0,0.3570038273652561
1.0,119.9,27.39,1,0,0,0.3287012193410838
1.0,79.98,17.37,1,0,0,0.36405378438323827
1.0,64.9,15.89,1,0,0,0.37699288577883067
1.0,37.9,15.23,1,0,0,0.40319890640275924
1.0,47.49,9.94,1,0,0,0.4127029770871281
1.0,69.99,19.68,1,0,0,0.3644110916994675
1.0,119.9,55.64,1,0,0,0.3030905433824338
2.0,59.98,30.46,1,0,1,0.5435988076635757
1.0,30.0,15.1,1,0,0,0.41455296189424473
1.0,67.9,12.61,1,0,0,0.38542098958886895
1.0,399.85,18.5,1,0,0,0.29956476129840826
1.0,169.9,16.82,1,0,0,0.3347045866968076
1.0,145.0,18.89,1,0,0,0.3360899348285862
1.0,125.9,13.9,1,0,0,0.35481240157602634
1.0,49.9,17.09,1,0,0,0.385443481621547
1.0,49.0,7.78,1,0,0,0.4230943201432321
1.0,69.9,12.43,1,0,0,0.3848000946915866
1.0,369.9,29.45,1,0,0,0.28490045199267267
1.0,139.99,17.37,1,0,0,0.3409737457078772
2.0,159.98,17.5,1,0,1,0.5241126746855198
1.0,55.9,17.3,1,0,0,0.3798284318229856
1.0,48.0,11.85,1,0,0,0.4038999244902387
1.0,89.9,23.18,1,0,0,0.3470059710624495
1.0,66.99,27.75,1,0,0,0.352068668643807
1.0,173.9,16.32,1,0,0,0.3350628999765493
1.0,169.0,19.06,1,0,0,0.32974825702071847
1.0,56.99,8.72,1,0,0,0.4106168107434582
1.0,116.9,14.16,1,0,0,0.3570425016394066
1.0,49.99,20.8,1,0,0,0.37679243524920936
1.0,36.9,15.36,1,0,0,0.40405353281928297
1.0,29.99,15.1,1,0,0,0.41456875034417173
1.0,19.97,15.23,1,0,0,0.43371165831110137
1.0,86.99,29.01,1,0,0,0.33938765903046714
1.0,89.18,9.44,1,0,0,0.3869198442282269
2.0,315.0,25.2,1,0,0,0.478557442226725
1.0,19.9,18.24,1,0,0,0.42558882792019387
2.0,43.2,32.22,1,0,1,0.5565979662471784
1.0,68.9,15.23,1,1,0,0.3762585859429182
1.0,129.9,13.93,1,1,0,0.35344285930787284
1.0,19.5,11.85,1,0,0,0.44674767522405373
1.0,159.0,14.86,1,0,0,0.34254108447921905
1.0,129.0,31.55,1,0,0,0.3204307028585631
1.0,82.8,12.71,1,0,0,0.3764047741533528
1.0,179.9,10.07,1,0,0,0.35475623616277896
1.0,348.9,118.06,1,0,0,0.24443068718448824
1.0,116.6,33.08,1,0,0,0.32259493072938533
1.0,27.99,15.1,1,0,0,0.41784609428066566
1.0,99.9,27.47,1,1,0,0.33588573731212346
1.0,78.25,17.8,1,0,0,0.3639312790680551
2.0,119.8,32.84,1,0,1,0.5087290642001479
1.0,99.0,44.27,1,0,0,0.3183788093599052
1.0,88.9,14.7,1,0,0,0.3668500923704883
1.0,30.0,14.1,1,0,0,0.41772313755722923
1.0,134.9,13.07,1,0,0,0.3547045346626191
1.0,16.5,15.1,1,0,0,0.44344954350208504
1.0,199.99,30.33,1,0,0,0.3053770054998513
1.0,89.9,14.8,1,0,0,0.3660758666194116
1.0,72.0,19.74,1,0,0,0.3630645696057727
1.0,159.9,18.03,1,0,0,0.3341796506298155
1.0,36.49,15.1,1,0,0,0.40535324032700276
1.0,49.9,11.85,1,0,0,0.4021243766796013
2.0,49.0,23.7,1,0,1,0.5639871661538906
1.0,45.9,15.1,1,0,0,0.39477805578051167
1.0,56.99,14.15,1,0,0,0.3879514848140964
1.0,86.9,29.01,1,0,0,0.3394301755254294
1.0,99.99,23.5,1,0,0,0.3420742758777449
1.0,60.5,22.24,1,0,0,0.3655431652806531
1.0,99.99,16.67,1,0,0,0.3564200017901548
1.0,79.9,17.81,1,0,0,0.36301693110662725
1.0,55.0,13.65,1,0,0,0.39118251275156274
1.0,287.1,27.29,1,0,0,0.2963292655046562
1.0,104.0,22.44,1,0,0,0.34234515632003726
1.0,61.6,20.88,1,0,0,0.36742363449637633
1.0,159.9,20.0,1,0,0,0.32992934143812036
1.0,159.9,20.61,1,0,0,0.3287130698607372
1.0,465.52,18.33,1,1,0,0.29476176625784545
1.0,79.99,8.91,1,0,0,0.3943976854447045
2.0,97.6,21.92,1,1,1,0.5357640615098612
1.0,329.99,106.39,1,0,0,0.24887150601735006
1.0,44.99,15.1,1,1,0,0.3956919414152815
2.0,97.98,38.64,1,0,1,0.5108989584097943
1.0,34.9,16.11,1,0,0,0.40448057852771296
1.0,269.99,39.41,1,0,0,0.2854468270194583
1.0,47.9,16.11,1,0,0,0.3899217155274748
1.0,79.99,26.18,1,0,0,0.3469334144836925
1.0,15.0,18.23,1,0,0,0.4394121889248052
1.0,559.0,37.27,1,0,0,0.2635740220493015
1.0,19.95,15.1,1,0,0,0.43415977721941884
1.0,198.5,32.14,1,0,0,0.30352762317258847
1.0,450.0,18.91,1,0,0,0.29470215147814244
1.0,33.85,11.85,1,0,0,0.42016115681250904
1.0,259.99,22.09,1,0,0,0.30781807637586095
1.0,59.9,17.67,1,0,0,0.3758428703844311
1.0,43.5,7.57,1,0,0,0.42998902359766933
1.0,39.9,7.78,1,0,0,0.43271134172083686
1.0,99.0,17.94,1,0,0,0.3536915838642762
1.0,61.99,15.31,1,0,0,0.3806667352504865
1.0,269.0,16.79,1,0,0,0.3174570320980993
2.0,159.8,30.62,1,0,0,0.4989839245609646
1.0,205.0,26.27,1,0,0,0.30983826515538276
1.0,21.9,15.1,1,1,0,0.4296311972594255
1.0,30.0,17.6,1,0,0,0.40757536697431734
1.0,45.0,13.9,1,0,0,0.3994611845378704
1.0,79.9,23.43,1,0,0,0.3514851102088226
1.0,132.8,25.28,1,0,0,0.3278119928304984
1.0,145.0,9.21,1,0,0,0.36754265936725417
1.0,79.9,20.64,1,0,0,0.3567462205613344
1.0,189.0,14.53,1,0,0,0.3367427546544068
1.0,85.0,22.46,1,0,0,0.3506313815420999
1.0,299.0,18.57,1,0,0,0.30959386164030606
1.0,129.99,9.1,1,0,0,0.37261532317108104
1.0,169.0,14.33,1,0,0,0.3416948142116254
1.0,85.4,14.33,1,0,0,0.3696916467527769
1.0,49.9,13.37,1,0,0,0.39653054581094427
1.0,127.9,12.4,1,0,0,0.3592122016815602
1.0,250.0,10.5,1,0,0,0.34008669707828154
1.0,24.99,34.15,1,0,0,0.3877698225920824
1.0,169.9,12.39,1,0,0,0.3478003076769552
1.0,66.99,17.21,1,0,0,0.37209588764115564
1.0,282.0,29.33,1,0,0,0.2943244347424171
1.0,110.0,18.0,1,0,0,0.34920637773749696
2.0,177.8,129.7,1,0,0,0.4385967444232334
1.0,205.0,61.34,1,0,0,0.28047007514873784
2.0,35.8,30.46,1,0,1,0.5678882358647511
1.0,99.9,17.95,1,0,0,0.3532925326036303
1.0,9.9,14.52,1,0,0,0.47058410599087613
1.0,19.9,8.72,1,0,0,0.4607024323206163
1.0,1048.0,24.59,1,0,0,0.25867661444128054
1.0,122.99,30.11,1,0,0,0.32405769847212335
1.0,29.99,7.39,1,1,0,0.44888509837695273
1.0,56.5,9.54,1,0,0,0.4067040634722376
1.0,59.9,14.15,1,0,0,0.38573007143211835
1.0,195.0,18.21,1,0,0,0.3261325749662185
2.0,151.0,27.1,1,0,1,0.5068121659793556
1.0,39.99,26.43,1,0,0,0.3766884196941263
1.0,499.99,26.37,1,0,0,0.27891503714408067
1.0,36.9,13.71,1,0,0,0.4092778484968576
1.0,20.9,37.04,1,0,0,0.3928819755241328
1.0,99.9,16.77,1,0,0,0.35620012845936383
1.0,75.0,27.59,1,0,0,0.3475290434585253
1.0,819.0,29.93,1,0,0,0.25926090329745255
1.0,89.9,17.88,1,0,0,0.35786012266933126
1.0,119.99,17.03,1,0,0,0.3480077510000629
1.0,49.0,7.6,1,0,0,0.42423814635257023
1.0,129.99,13.49,1,0,0,0.3548215795291644
1.0,120.0,13.75,1,0,0,0.3572559456610105
1.0,199.0,19.19,1,0,0,0.3232358542364891
1.0,180.0,12.76,1,0,0,0.3442372729578178
1.0,1312.0,111.21,1,0,0,0.2095030876874322
1.0,59.99,19.66,1,0,0,0.3711516146878643
1.0,85.0,21.43,1,0,0,0.3525737235051634
1.0,89.0,15.37,1,0,0,0.36483952025497685
1.0,39.0,17.92,1,0,0,0.39455108427341556
1.0,345.99,31.46,1,0,0,0.2848107984116032
1.0,43.99,13.71,1,0,0,0.4011356864722953
1.0,199.99,16.28,1,0,0,0.32978801289941984
1.0,179.0,104.42,1,0,0,0.2693240783756912
1.0,49.9,41.33,1,0,0,0.3491888061466622
1.0,67.7,19.66,1,0,0,0.3658895020549039
2.0,56.9,36.6,1,0,1,0.5382518831649238
4.0,67.6,136.6,1,0,0,0.4804183069903212
1.0,199.9,118.23,1,0,0,0.26217117084021324
1.0,49.9,17.6,1,0,0,0.38414305322384035
1.0,28.9,22.06,1,0,0,0.39933118339773604
1.0,79.49,18.44,1,0,0,0.36174320478153305
2.0,225.9,24.790000000000003,1,0,0,0.49329739642570175
2.0,179.8,38.44,1,0,0,0.4841439529930498
1.0,99.0,21.09,1,0,0,0.3469080072585057
1.0,45.9,17.26,1,0,0,0.3887778933298473
1.0,12.9,16.79,1,0,0,0.4506388787207754
1.0,129.99,34.32,1,0,0,0.31699927214008744
1.0,79.0,60.61,1,0,0,0.3164257188241131
1.0,64.89,12.79,1,0,0,0.38677702934792246
1.0,196.8,13.68,1,0,0,0.33775465641450525
1.0,29.99,7.78,1,0,0,0.44633880107319707
1.0,25.0,18.89,1,0,0,0.4130392459502309
1.0,29.99,14.1,1,0,0,0.41773896059385945
1.0,12.88,18.23,1,0,0,0.4469167692786979
5.0,199.5,90.4,1,0,0,0.44663100704422715
1.0,99.0,31.0,1,1,0,0.33155768329058233
1.0,34.89,44.34,1,0,0,0.3622618164149659
1.0,21.99,7.41,1,0,0,0.4638694336801623
1.0,72.0,16.94,1,1,0,0.36965671935978667
1.0,855.0,66.27,1,0,0,0.23383649330513476
1.0,28.9,12.86,1,0,0,0.4238084002139534
1.0,37.0,10.96,1,0,0,0.41967400051669346
1.0,117.0,18.92,1,0,0,0.3445989145106272
1.0,13.9,11.85,1,0,0,0.4634581800861056
1.0,44.9,35.84,1,1,0,0.3592549823796802
1.0,44.9,16.11,1,0,0,0.39285983479375525
1.0,119.9,21.68,1,0,0,0.3379998152483936
1.0,189.9,49.85,1,0,0,0.2898621459655008
2.0,289.8,18.0,1,0,0,0.4973493559988319
1.0,34.99,11.85,1,0,0,0.4185977801855452
1.0,54.9,18.48,1,0,0,0.3777397326246091
1.0,59.9,17.67,1,0,0,0.3758428703844311
1.0,39.9,14.1,1,0,0,0.4043469903964696
1.0,104.9,16.98,1,0,0,0.35364099557670853
1.0,79.0,19.46,1,0,0,0.3597109249246165
1.0,19.83,18.23,1,0,0,0.4257844935759784
1.0,41.9,12.48,1,0,0,0.4077406487799587
1.0,73.35,11.9,1,1,0,0.38468302907110574
1.0,140.0,16.95,1,0,0,0.3420004381487303
1.0,79.9,23.36,1,0,0,0.35160786548375267
1.0,74.9,16.15,1,1,0,0.3700421162722418
4.0,1736.0,206.6,1,0,0,0.3384223354962694
2.0,39.1,28.2,1,1,1,0.5670130739948722
1.0,13.69,22.06,1,0,0,0.43528550426591495
1.0,18.9,12.48,1,0,0,0.4457985314368986
1.0,27.99,20.8,1,1,0,0.403407321376624
1.0,148.9,15.92,1,0,0,0.3422019878584463
1.0,279.9,19.84,1,1,0,0.30934940326383675
1.0,47.49,19.32,1,0,0,0.3822806730160627
1.0,98.0,20.99,1,0,0,0.34752247653906926
1.0,144.0,59.09,1,0,0,0.2942800933506232
1.0,34.9,11.85,1,0,0,0.4187191872215739
1.0,38.99,15.1,1,0,0,0.4022755462548642
1.0,86.9,53.16,1,0,0,0.3171140774632192
1.0,17.9,15.23,1,0,0,0.4390539750249197
1.0,139.4,38.19,5,1,1,0.9999999999999372
1.0,44.9,15.1,1,0,0,0.3957834264450578
1.0,89.9,15.38,1,0,0,0.36438480986459926
1.0,19.86,15.23,1,0,0,0.4339805679991004
1.0,108.9,21.25,1,0,0,0.3427008210766737
1.0,115.0,0.0,8,1,1,0.9999999999999767
1.0,99.0,47.67,1,0,0,0.3157642483790469
2.0,69.8,29.04,1,0,1,0.5386287444927901
1.0,165.0,34.69,1,0,0,0.3075676084265594
1.0,85.5,17.85,3,1,1,0.9999999999999081
1.0,115.0,21.3,1,0,0,0.3403985229284014
1.0,1699.99,25.65,1,0,0,0.24374828427663445
1.0,79.9,16.32,1,0,0,0.3668069504019955
1.0,1009.0,22.69,1,0,0,0.26257021253814977
1.0,19.9,10.96,1,0,0,0.4495167114359218
1.0,82.5,19.55,1,0,0,0.3576793587766624
1.0,109.9,15.52,1,0,0,0.35559044171500137
1.0,13.9,12.48,1,0,0,0.46096205135752794
1.0,55.0,7.94,1,0,0,0.4167728649729512
1.0,113.85,19.77,1,0,0,0.34387601915108906
1.0,1250.0,40.79,1,0,0,0.23745455708367233
1.0,52.0,17.94,1,0,0,0.3814538392723203
1.0,89.18,12.01,1,1,0,0.3757846523608225
1.0,34.9,16.79,1,0,0,0.4026102039223865
1.0,39.9,13.86,1,0,0,0.4051381210931747
1.0,11.9,15.1,1,1,0,0.45959717966707087
1.0,123.9,23.45,1,0,0,0.3335253215323375
1.0,34.99,18.23,1,0,0,0.39880277382198415
1.0,6.0,10.96,1,0,1,0.5088686519819029
1.0,48.0,11.85,1,0,0,0.4038999244902387
1.0,89.9,26.93,1,0,0,0.34096970139805644
1.0,119.9,13.86,1,1,0,0.3569398774431695
1.0,25.0,15.65,1,0,0,0.42159453144501446
1.0,37.99,16.11,7,1,1,0.99999999999996
1.0,18.5,8.29,1,0,0,0.46680580777068975
1.0,399.9,63.54,1,0,0,0.2573641009340906
2.0,286.0,30.34,1,0,0,0.47443881417535233
1.0,128.9,23.19,1,0,0,0.33240354723047444
1.0,64.8,19.64,1,0,0,0.36783010900112767
1.0,96.0,34.47,1,0,0,0.32876381415929196
1.0,12.88,7.87,1,0,0,0.487394531692141
1.0,389.0,9.98,1,0,0,0.3259404114382125
1.0,79.9,16.19,1,0,0,0.36715661272454164
1.0,59.9,12.67,1,0,0,0.3907705119542112
1.0,98.99,15.8,1,0,0,0.3591574892393848
1.0,19.99,14.52,1,0,0,0.435892511443767
1.0,54.0,18.26,1,0,0,0.3789967436232572
1.0,275.0,74.69,1,0,0,0.26457337720040924
1.0,119.0,25.31,1,0,0,0.3320946352950402
1.0,80.0,19.75,1,0,0,0.35855058539102597
2.0,79.8,32.22,1,0,1,0.5279756516461747
1.0,1299.0,27.79,1,0,0,0.24847051213788987
,,,1,0,0,0.3610559326759919
1.0,69.9,14.24,1,0,0,0.37863338003547603
1.0,19.99,14.1,1,0,0,0.43727019157756175
1.0,149.0,15.79,1,0,0,0.3425237504209826
1.0,39.9,9.34,1,1,0,0.42380487725861815
1.0,25.9,19.32,1,1,0,0.4103491207081946
1.0,108.0,17.33,1,0,0,0.3515690113651949
1.0,69.9,8.64,1,0,0,0.4018424711668278
1.0,85.99,11.62,1,0,0,0.37885919730180134
1.0,31.99,13.7,1,0,0,0.41602017887911225
1.0,348.9,20.32,1,0,0,0.30063649128759756
1.0,399.9,86.66,1,0,0,0.2485052616761608
1.0,139.65,51.48,1,0,0,0.2999782026550199
1.0,49.9,13.37,1,0,0,0.39653054581094427
1.0,99.9,17.54,1,0,0,0.35427675592418695
1.0,12.0,7.39,1,0,0,0.4940747923646597
1.0,69.9,26.79,1,0,0,0.3516786957174996
1.0,79.9,17.81,1,0,0,0.36301693110662725
1.0,16.99,7.39,1,0,0,0.47675033850151566
1.0,1672.0,25.45,1,0,0,0.24445172296127482
1.0,129.0,19.0,1,0,0,0.3404922609339671
,,,1,0,0,0.3610559326759919
1.0,399.9,24.67,1,0,0,0.2886806549255138
1.0,149.9,15.55,1,0,0,0.34293667548965767
1.0,59.9,16.86,1,0,0,0.37790264828435266
1.0,32.9,25.63,1,0,0,0.38687894942793105
1.0,54.9,11.88,1,0,0,0.3976675963828077
1.0,199.0,83.25,1,0,0,0.27220882726774603
1.0,95.5,53.27,1,0,0,0.31332338824499856
1.0,162.9,19.24,1,0,0,0.3307863623865222
1.0,79.99,14.31,1,0,0,0.3725616288233934
1.0,340.0,17.13,1,0,0,0.30823820899505217
1.0,23.99,14.1,1,0,0,0.4284220544532675
1.0,59.8,23.22,1,0,0,0.36424403900592806
1.0,289.9,17.73,2,1,1,0.9999999999984095
1.0,199.9,9.51,1,0,0,0.3531645757995275
1.0,86.9,17.86,1,0,0,0.3593364784941285
1.0,1561.0,39.51,1,0,0,0.23249854452959692
2.0,278.0,34.44,1,0,0,0.4701911861656827
1.0,149.9,27.48,1,0,0,0.31988241983858884
1.0,115.0,16.51,1,0,0,0.35106208226866964
1.0,88.0,15.37,1,0,0,0.36531874813264564
1.0,150.0,15.8,1,0,0,0.3422314273363547
1.0,527.9,21.8,1,0,0,0.28405876866841995
1.0,244.0,17.96,1,0,0,0.31830758768901174
1.0,30.0,7.78,1,0,0,0.4463227251227178
1.0,67.5,15.22,1,0,0,0.3771853425705637
1.0,399.99,11.61,1,0,0,0.3184732119517148
1.0,124.9,14.27,1,0,0,0.3539892971402651
1.0,24.9,21.18,1,0,0,0.4081451439196739
1.0,13.65,15.1,1,0,0,0.4528006881897807
1.0,89.99,9.93,1,0,0,0.38416097176082825
1.0,94.99,17.1,1,0,0,0.35746455414812706
1.0,79.9,26.86,1,0,0,0.34595301112148
1.0,11.9,15.1,1,0,0,0.45959717966707087
1.0,179.0,9.2,1,0,0,0.35905326038100416
1.0,166.99,19.06,1,0,0,0.33021041819001057
1.0,54.9,17.09,1,0,0,0.38116961826217877
1.0,39.0,12.69,1,0,0,0.4102932967091403
1.0,139.99,21.06,1,0,0,0.3330273286836168
1.0,35.2,22.53,1,0,0,0.38925670317028277
1.0,25.99,15.11,1,0,0,0.42135502992313806
1.0,9.9,7.78,1,1,1,0.5010971751584751
1.0,99.0,43.06,1,0,0,0.31936875873762677
2.0,459.8,30.72,1,0,0,0.45445098555250085
1.0,199.0,27.86,1,0,0,0.30871646189824664
1.0,179.99,45.72,1,0,0,0.29468674402521056
1.0,149.9,16.68,1,0,0,0.33996490327850204
1.0,99.49,16.78,1,0,0,0.35634563597011504
1.0,45.0,11.85,1,0,0,0.40686634802980814
1.0,560.0,19.22,1,0,0,0.2868417001404846
1.0,44.99,12.98,1,0,0,0.4026302423470674
1.0,100.0,7.57,1,0,0,0.39241395774861343
1.0,18.0,19.04,1,0,0,0.42851685059162387
1.0,137.77,66.82,1,0,0,0.29194743286929703
1.0,68.9,22.41,1,0,0,0.3596097356500237
1.0,64.0,16.21,1,0,0,0.37672328291826274
1.0,45.0,11.85,1,0,0,0.40686634802980814
1.0,349.0,54.8,1,0,0,0.26617183554158447
4.0,220.0,136.76,1,0,0,0.4281140574508234
1.0,49.77,14.1,1,0,0,0.3942138049959847
1.0,49.99,15.45,1,0,0,0.38986938705875374
1.0,55.0,15.15,1,1,0,0.38645742606028377
1.0,26.9,7.45,1,0,0,0.45375074064977955
1.0,139.99,22.91,1,0,0,0.3296423520124334
1.0,79.99,34.32,1,0,0,0.33634305190688546
1.0,29.9,14.08,1,0,0,0.4179476168664418
1.0,49.9,10.96,1,0,0,0.4057895936027965
1.0,149.9,19.15,1,0,0,0.3342207061714185
1.0,199.9,16.61,1,0,0,0.328971993192371
1.0,89.0,15.38,1,0,0,0.3648109797188801
1.0,175.0,29.63,1,0,0,0.3111758497265514
1.0,104.9,18.66,1,0,0,0.349634961821115
1.0,85.0,16.19,1,0,0,0.3645172510539563
1.0,388.9,42.06,1,0,0,0.2710975457142632
1.0,56.9,22.33,1,0,0,0.3680520908306219
1.0,19.99,18.23,1,0,0,0.4253950985610521
1.0,105.0,18.54,1,0,0,0.34986762818495065
1.0,139.9,12.37,1,0,0,0.3556603699510137
2.0,27.8,29.04,1,0,1,0.5819497777807813
1.0,19.9,11.85,1,0,0,0.445752818457975
1.0,69.9,7.39,1,1,0,0.40936768349444913
1.0,65.0,35.77,1,0,0,0.3434014332368433
2.0,118.0,36.58,1,0,1,0.5048159432897019
2.0,69.8,34.52,1,0,1,0.531207429280338
1.0,125.57,13.9,1,0,0,0.3549196391506147
1.0,32.9,19.81,1,0,0,0.39798481689436205
1.0,298.0,49.76,1,0,0,0.27439387709011354
1.0,89.7,18.51,1,0,0,0.35647663405457736
1.0,19.99,24.84,1,0,0,0.4116792687772959
1.0,31.9,16.11,1,0,0,0.40869049717550493
1.0,49.9,17.06,1,0,0,0.38552137407341963
2.0,89.8,27.85,1,0,1,0.528894290059072
1.0,24.99,15.1,1,0,0,0.4232666726178202
1.0,229.9,9.95,1,0,0,0.34568283589684423
1.0,55.0,15.14,1,0,0,0.38648712151323655
1.0,139.9,29.77,1,0,0,0.3194866895457067
1.0,28.9,11.85,1,0,0,0.42767973449031127
2.0,260.49,33.82,1,0,0,0.4736969843225811
1.0,41.29,9.34,1,0,0,0.42219886996127864
1.0,34.9,10.96,1,0,0,0.42242879017124163
1.0,59.85,15.63,1,0,0,0.3812975504052463
1.0,79.99,19.75,1,0,0,0.3585558822998688
,,,1,1,0,0.3610559326759919
1.0,67.99,14.52,1,0,0,0.3789725580994193
2.0,94.04,32.64,1,0,1,0.5199158834806193
1.0,47.65,22.06,1,0,0,0.3764187656900005
1.0,59.9,17.67,1,0,0,0.3758428703844311
1.0,78.0,15.65,1,0,0,0.3696782940319999
1.0,59.9,19.66,1,0,0,0.3712174093096113
1.0,839.99,56.38,1,0,0,0.23887796585778964
1.0,58.99,17.66,1,0,0,0.37654249447639415
1.0,149.9,13.34,1,0,0,0.34955279128427663
1.0,95.03,13.69,1,0,0,0.3671813732697327
1.0,95.9,7.93,1,0,0,0.3920114809670402
1.0,45.9,9.34,1,0,0,0.4172647592386058
1.0,179.0,37.94,1,0,0,0.3013518688448736
1.0,89.9,53.23,1,1,0,0.31572538491724744
1.0,119.9,13.86,1,0,0,0.3569398774431695
1.0,119.9,18.73,1,0,0,0.3440296750276391
1.0,110.0,21.26,1,0,0,0.3422735396413299
1.0,334.9,16.43,1,0,0,0.3104447134104999
1.0,62.0,15.18,1,0,0,0.38104073541117867
1.0,19.99,14.52,1,1,0,0.435892511443767
2.0,195.8,59.24,1,0,0,0.4629744491901702
1.0,92.9,16.28,1,0,0,0.36051936440178245
1.0,1175.0,17.04,1,0,0,0.2683601600511466
1.0,45.99,7.78,1,0,0,0.42604402739269476
1.0,42.0,8.45,1,0,0,0.4262571252079393
2.0,220.64,31.74,1,1,0,0.48346303138985364
1.0,34.9,15.1,3,1,1,0.999999999999925
1.0,232.75,24.43,1,0,0,0.3079563367720757
1.0,29.9,11.15,1,0,0,0.42895770782176607
1.0,14.35,14.58,1,0,0,0.45197823667624076
1.0,84.9,23.17,1,0,0,0.3494019951051749
1.0,131.99,18.0,1,0,0,0.341828653771537
1.0,199.0,15.14,1,0,0,0.3330167112133901
1.0,18.9,12.48,1,1,0,0.4457985314368986
1.0,29.0,11.85,1,0,0,0.42751449725792356
1.0,39.0,8.88,1,0,0,0.4273262770999703
1.0,107.0,25.59,1,0,0,0.3359120618144453
1.0,37.99,19.46,1,0,0,0.3921145845004659
1.0,89.99,44.43,1,0,0,0.32203336783199105
1.0,13.6,7.78,1,0,0,0.4852559807754908
1.0,14.9,15.23,1,0,0,0.4480700679742973
1.0,39.99,17.63,1,0,0,0.3941247972633101
1.0,23.99,7.43,1,0,0,0.4594670710896902
,,,1,0,0,0.3610559326759919
1.0,49.9,17.63,1,0,0,0.38406792238046233
1.0,12.99,7.39,1,0,0,0.4901181571238441
2.0,541.8,96.86,1,1,0,0.40335906473622846
1.0,19.99,10.96,1,0,0,0.44929541056352246
1.0,115.0,21.3,1,0,0,0.3403985229284014
1.0,59.9,25.29,1,1,0,0.36063683952527414
1.0,180.0,20.23,1,0,0,0.32491508541355896
1.0,320.0,29.49,1,0,0,0.2897597488442069
1.0,159.0,16.82,1,0,0,0.33729326463897297
1.0,59.9,7.71,1,0,0,0.4142982366323786
1.0,69.9,23.29,1,0,0,0.3573942145463089
1.0,85.0,15.47,1,0,0,0.3665087164288724
1.0,120.0,27.14,1,0,0,0.32902500262143686
1.0,124.67,16.63,1,0,0,0.3474664091040726
1.0,238.64,30.07,1,0,0,0.29930909351145135
1.0,105.19,13.4,1,1,0,0.3638604939960792
1.0,129.0,32.23,1,0,0,0.31963072627149447
1.0,120.0,18.09,1,0,0,0.345452855994811
1.0,249.0,19.84,1,0,0,0.31358450403308447
1.0,48.9,15.56,1,0,0,0.39054663357554376
1.0,229.99,66.42,1,0,0,0.27405143629868045
1.0,74.99,20.6,1,0,0,0.35951967255292466
1.0,639.0,17.81,1,0,0,0.28545822767243223
1.0,92.9,16.33,1,0,0,0.3603863649490533
1.0,195.5,24.24,1,0,0,0.3146720511071997
1.0,13.65,7.39,1,0,0,0.48764563951258233
1.0,65.0,15.2,1,0,0,0.378899399499778
1.0,49.9,14.52,1,0,0,0.39275891741774815
1.0,279.0,16.7,1,0,0,0.31634515921675044
1.0,22.0,11.85,1,0,0,0.4408530610153344
1.0,105.99,25.58,1,0,0,0.33630979870234556
1.0,128.89,18.15,1,0,0,0.34243358322392026
1.0,299.0,24.96,1,0,0,0.2982146319680618
1.0,70.97,13.52,1,0,0,0.3803073166603726
2.0,58.0,30.46,1,0,1,0.5451636245688655
1.0,35.9,16.11,1,0,0,0.4031641390849585
1.0,308.0,15.91,1,0,0,0.3147378183581528
1.0,45.9,16.11,1,0,0,0.3918570742726627
2.0,260.0,36.1,1,1,0,0.4710103729050007
1.0,64.99,60.51,1,0,0,0.324370541346248
1.0,19.99,15.1,1,0,0,0.4340622554278978
1.0,189.9,45.79,1,0,0,0.2927064168901364
1.0,26.9,16.05,1,0,0,0.4169325662044209
1.0,113.1,18.89,1,0,0,0.3460419210455536
1.0,899.0,185.71,1,0,0,0.20748943186293767
2.0,117.8,34.24,1,0,1,0.507697473649643
1.0,238.0,36.99,1,0,0,0.29201733178660055
1.0,599.0,22.07,1,0,0,0.2795372310163076
1.0,299.99,51.97,1,0,0,0.27278573440387577
1.0,19.9,15.1,1,0,0,0.4342819700939666
4.0,548.7,65.51,1,0,0,0.41731847807930056
1.0,31.89,16.79,1,0,0,0.40682867453659005
1.0,34.68,8.11,1,0,0,0.4373240559370711
1.0,129.89,16.67,1,0,0,0.3457078854954509
1.0,59.0,17.54,1,0,0,0.37683356920778177
2.0,163.98,16.64,1,0,1,0.5253858499736104
1.0,849.0,40.79,1,0,0,0.24824019680296502
1.0,52.99,14.45,1,0,0,0.3902653204442046
1.0,19.99,7.78,1,0,0,0.4661367140656194
2.0,43.98,30.2,1,0,1,0.5585153511344396
2.0,169.98,30.7,1,0,0,0.4961696584543285
1.0,76.6,12.04,1,0,0,0.3822495471986901
1.0,69.9,24.98,1,0,0,0.35451573090512384
1.0,99.99,9.69,1,0,0,0.38076933618703723
1.0,64.8,23.03,1,0,0,0.36110989270911115
3.0,668.9,87.0,1,0,0,0.3994196732779523
1.0,44.99,42.6,1,0,0,0.3525415029472765
1.0,144.0,13.45,1,0,0,0.35080616516744656
,,,1,0,0,0.3610559326759919
1.0,49.99,15.79,1,0,0,0.38889099764556667
2.0,387.1,34.23,1,0,0,0.45678485152553333
1.0,64.9,22.16,1,0,0,0.36265115329917275
1.0,136.9,15.05,1,0,0,0.3479630315935259
1.0,135.9,21.88,1,0,0,0.3326508430972494
1.0,49.99,20.4,1,1,0,0.37762703397469716
2.0,70.0,27.42,1,0,1,0.5409980877395315
2.0,43.98,30.2,1,0,1,0.5585153511344396
1.0,44.9,13.5,1,0,0,0.4009065563523725
1.0,49.9,17.6,1,0,0,0.38414305322384035
1.0,1599.0,125.04,1,0,0,0.20205528920338114
1.0,150.0,65.5,1,0,0,0.2894813673099366
1.0,680.0,158.38,1,0,0,0.21823429613133524
1.0,129.9,23.49,1,0,0,0.33158511497797394
1.0,169.99,21.23,1,0,0,0.32516640677761255
1.0,85.71,12.3,1,0,0,0.3764045579591099
1.0,80.0,7.43,1,0,0,0.40308213854698016
1.0,117.9,14.58,1,0,0,0.35541362239077157
1.0,119.9,15.72,1,0,0,0.35146166067360024
1.0,13.99,7.87,1,0,0,0.4832720666153164
1.0,44.9,12.79,1,0,0,0.40340637694010023
1.0,149.98,23.76,1,0,0,0.32551578106366247
1.0,39.9,13.86,1,0,0,0.4051381210931747
1.0,189.99,11.95,1,0,0,0.34498872825347526
1.0,19.9,14.1,1,0,0,0.4374902747878757
1.0,25.0,17.92,1,0,0,0.41541216061706904
1.0,299.99,12.71,1,0,0,0.325021343069475
2.0,797.8,41.78,1,0,0,0.42018873098719967
1.0,149.9,18.3,1,0,0,0.33609359766760194
1.0,129.0,8.16,1,0,0,0.378019963059257
1.0,16.99,14.52,1,0,0,0.44384976044782726
1.0,29.9,12.79,1,0,0,0.42244372599017566
1.0,12.9,15.1,1,0,0,0.45559783522056213
2.0,50.0,52.96,1,0,1,0.5292326438655923
1.0,89.9,43.04,1,0,0,0.3232155021317873
1.0,99.99,17.95,1,0,0,0.3532552067806012
2.0,76.0,25.86,1,0,1,0.5397845060090907
1.0,89.9,9.44,1,0,0,0.3865711798536529
1.0,28.13,19.05,1,0,0,0.40706396102489084
1.0,29.99,7.78,1,0,0,0.44633880107319707
1.0,849.99,60.21,1,0,0,0.23667552374074058
1.0,250.0,54.11,1,0,0,0.27762257980478405
1.0,79.99,13.9,1,0,0,0.3738611225523636
1.0,32.0,18.32,1,0,0,0.40274714146465
1.0,113.0,17.53,1,0,0,0.3492256760758184
1.0,58.99,14.72,1,0,0,0.3846281122526158
1.0,204.0,24.01,1,0,0,0.3134590319668322
1.0,44.9,8.29,1,0,0,0.42406442758981516
1.0,84.9,18.02,1,1,0,0.3599374236777811
1.0,19.89,15.79,1,0,0,0.43222980628840013
1.0,174.99,31.43,1,0,0,0.3089891128124382
1.0,370.0,45.0,1,0,0,0.27051670949464024
1.0,249.9,12.77,1,0,0,0.33160287740230443
1.0,44.88,41.11,1,0,0,0.35399493390832515
1.0,49.0,7.78,1,0,0,0.4230943201432321
6.0,450.0,53.28,1,0,0,0.4330246042249675
1.0,54.9,13.04,1,0,0,0.3933588196591339
1.0,89.9,25.12,1,0,0,0.3437490099145342
1.0,229.0,34.66,1,0,0,0.2956685601353703
1.0,45.75,15.23,1,0,0,0.39453890182309476
,,,1,0,0,0.3610559326759919
1.0,97.5,23.48,1,0,0,0.34314009368478054
1.0,15.75,10.96,1,0,0,0.46104695874229124
1.0,499.9,28.78,1,0,0,0.2758354540571971
1.0,148.0,15.92,1,0,0,0.34244265185228623
1.0,79.0,22.37,1,0,0,0.35386938189559464
1.0,139.9,16.61,1,0,0,0.34288456908955406
1.0,179.99,45.72,1,0,0,0.29468674402521056
1.0,79.99,27.1,1,0,0,0.3455508748088699
1.0,14.9,15.1,1,0,0,0.4484721506831355
1.0,36.2,12.76,1,0,0,0.4135183748285509
1.0,84.99,12.09,1,0,0,0.3775518596476748
2.0,194.9,22.47,1,0,1,0.5040526539250559
1.0,22.9,18.26,1,0,0,0.41876474239715655
1.0,27.93,14.1,1,0,0,0.4211257391388307
1.0,58.0,18.29,1,0,0,0.375759122889039
1.0,96.35,13.69,1,0,0,0.3665982642821566
1.0,149.0,19.31,1,0,0,0.3341152321464237
2.0,237.8,20.08,1,0,1,0.5006479145194151
1.0,69.2,20.97,1,0,0,0.36220775773401676
1.0,30.0,18.23,1,0,0,0.4059958980063856
4.0,480.0,255.96,1,0,0,0.37752047045660453
1.0,49.91,20.99,1,0,0,0.3764739439754868
1.0,35.0,21.15,1,0,0,0.39225211365367935
1.0,22.32,15.26,1,0,0,0.42822237933106017
1.0,1199.0,163.37,1,0,0,0.20310174571390505
2.0,199.8,35.9,1,1,0,0.4824613733424443
1.0,122.9,14.22,1,0,0,0.35480248260650593
1.0,19.9,16.79,1,0,0,0.42937203698751164
1.0,79.0,23.42,1,0,0,0.3519787185690842
1.0,99.9,12.65,1,0,0,0.36860451468240557
1.0,99.9,15.45,1,0,0,0.35975008336107744
1.0,83.9,12.72,1,0,0,0.375800197603454
1.0,49.0,15.44,1,0,0,0.3908028693334855
1.0,64.99,12.89,1,1,0,0.3863525965469674
1.0,139.9,26.26,1,0,0,0.3242966316458798
1.0,37.0,15.23,1,0,0,0.4043154864171336
1.0,27.99,17.06,1,0,0,0.4122619711066269
1.0,156.99,56.38,1,1,0,0.2926576276502599
1.0,55.9,26.47,1,0,0,0.36176931774342885
1.0,109.9,14.37,1,0,0,0.3589485289932903
1.0,29.0,15.23,1,0,0,0.41576562942940504
1.0,35.0,15.1,1,0,0,0.4072988283241071
1.0,22.5,7.78,1,0,0,0.46031874762068115
1.0,25.0,17.92,1,0,0,0.41541216061706904
1.0,69.9,0.0,1,0,1,0.5556933290254915
1.0,99.9,17.14,1,0,0,0.3552632970756105
1.0,179.99,11.88,1,0,0,0.347369772867859
2.0,127.8,30.4,1,0,1,0.5091731563252918
1.0,145.5,9.83,1,0,0,0.36441286934271916
1.0,37.9,16.32,1,0,0,0.4000618206360796
1.0,149.49,12.55,1,0,0,0.35234282257196176
1.0,13.65,15.1,1,0,0,0.4528006881897807
1.0,549.99,24.65,1,0,0,0.27826155551871384
1.0,21.9,11.85,1,1,0,0.4410749800699189
1.0,23.0,18.26,1,0,0,0.4185555143184999
1.0,149.0,29.97,1,0,0,0.3168185881857363
1.0,19.9,7.78,1,0,0,0.4663592854216036
1.0,205.0,26.27,1,0,0,0.30983826515538276
1.0,113.0,13.81,1,0,0,0.3595445095369897
1.0,19.9,12.48,1,0,0,0.44327326623148017
1.0,55.0,14.14,1,0,0,0.3895761195346394
1.0,15.0,15.1,1,0,0,0.4481422001180598
1.0,83.0,7.84,1,0,0,0.39887238979545525
1.0,29.9,15.1,1,0,0,0.4147111026348986
1.0,179.49,15.01,1,0,0,0.33736318407414234
1.0,184.9,14.41,1,0,0,0.3379457989513851
1.0,81.0,15.33,1,1,0,0.36896855349331364
1.0,119.94,38.36,1,0,0,0.31603521976124266
1.0,139.9,17.42,1,0,0,0.34087872035718864
1.0,29.9,12.79,1,0,0,0.42244372599017566
1.0,99.0,8.85,1,0,0,0.3854405912010556
6.0,390.0,82.80000000000001,1,0,0,0.42212662354937774
1.0,63.9,8.88,1,0,0,0.40455845642151655
1.0,34.9,7.78,1,0,0,0.4390659421481199
1.0,79.99,8.91,1,0,0,0.3943976854447045
1.0,138.0,15.72,1,0,0,0.3457730617764476
1.0,77.68,16.3,1,0,0,0.3680684301941698
1.0,79.9,34.36,1,0,0,0.33634500867879474
1.0,29.99,10.96,1,0,0,0.4296371435427471
1.0,126.0,89.55,1,0,0,0.2861830253631489
1.0,113.9,12.3,1,0,0,0.364365504399613
1.0,497.0,84.3,1,0,0,0.2427325075781722
1.0,40.99,11.31,1,0,0,0.4133883419408834
,,,1,0,0,0.3610559326759919
1.0,55.9,11.73,1,0,0,0.39744342269759103
1.0,99.99,23.5,1,0,0,0.3420742758777449
1.0,186.9,19.41,1,0,0,0.3251516448592056
1.0,250.0,80.52,1,0,0,0.2655134470052158
1.0,89.99,50.5,1,0,0,0.3175097251716374
1.0,24.98,12.84,1,0,0,0.4308760510675699
1.0,56.99,12.74,1,0,0,0.3927486423640211
1.0,19.99,14.1,1,0,0,0.43727019157756175
1.0,22.99,8.29,1,0,0,0.4561153344634465
1.0,110.32,15.65,1,0,0,0.35507170504391405
4.0,140.0,35.52,1,0,0,0.49877470072556995
1.0,64.9,13.79,1,0,0,0.38334325221134347
,,,1,0,0,0.3610559326759919
1.0,17.99,7.78,1,0,0,0.4713468879743072
1.0,58.9,14.5,1,0,0,0.3853749292823319
1.0,59.9,11.03,1,0,0,0.39720253078154966
1.0,119.99,18.82,1,0,0,0.3437991863323952
1.0,159.99,14.14,1,0,0,0.3444297616346451
1.0,23.99,14.1,1,1,0,0.4284220544532675
1.0,78.9,16.99,1,1,0,0.3655930920953747
1.0,29.5,20.84,1,0,0,0.400853197217114
1.0,325.0,10.47,1,0,0,0.33039977204948096
,,,12,1,1,0.9999999999999534
1.0,116.99,17.26,1,0,0,0.34846824204368215
2.0,118.0,25.5,1,0,1,0.520451353073331
1.0,105.99,13.4,1,0,0,0.3635436194061739
1.0,11.99,15.1,1,0,0,0.45922350805378226
2.0,384.9,35.15,1,0,0,0.45589613889410147
1.0,245.99,16.83,1,0,0,0.32064633403078713
1.0,150.0,15.8,1,0,0,0.3422314273363547
1.0,118.8,53.18,1,0,0,0.30496024224478663
1.0,325.0,23.07,1,1,0,0.2982620409045903
1.0,199.99,17.16,1,0,0,0.3276087075119002
1.0,159.9,22.59,1,0,0,0.3250421946388794
3.0,89.69999999999999,45.3,1,0,1,0.5086670312663192
1.0,18.95,13.47,1,1,0,0.4420377926896739
1.0,9.5,15.1,1,0,0,0.4707759505729145
1.0,22.9,15.26,1,0,0,0.4269829252717043
2.0,175.6,30.72,1,0,0,0.49472380601101557
1.0,169.9,19.47,1,1,0,0.32867640098225664
1.0,49.9,16.79,1,0,0,0.38622962332862837
1.0,2999.9,76.23,1,0,0,0.19910663058298045
1.0,89.9,17.88,1,0,0,0.35786012266933126
1.0,99.49,15.58,1,0,0,0.3595568866562673
1.0,139.9,20.89,1,0,0,0.33338133669849934
3.0,39.79,45.29,1,0,1,0.5466883896039318
2.0,312.6,43.16,1,0,0,0.45590410324590197
1.0,89.9,13.65,1,0,0,0.36966744691065534
2.0,93.6,30.2,1,0,1,0.5234789573348437
1.0,598.8,19.04,1,0,0,0.28502487942909577
1.0,99.99,15.46,1,0,0,0.359684250945217
1.0,125.0,27.42,1,0,0,0.32701725124405695
2.0,29.8,30.2,1,1,1,0.5769772509839947
1.0,95.2,11.29,1,0,0,0.37581107384740065
1.0,38.79,12.93,1,0,0,0.40967046579846916
1.0,47.9,16.11,1,0,0,0.3899217155274748
1.0,28.99,16.39,1,0,0,0.41241961976350117
7.0,263.62,51.92,1,0,0,0.4558767437696986
1.0,19.5,12.48,1,0,0,0.44426702487563824
1.0,268.0,14.01,1,0,0,0.3250693907262863
1.0,59.9,17.67,1,1,0,0.3758428703844311
1.0,110.0,23.99,1,0,0,0.3373732726571539
1.0,74.99,15.63,1,0,0,0.37143089868003265
1.0,115.0,0.0,1,0,1,0.5331255372575736
1.0,179.9,63.51,1,0,0,0.28395166083108436
1.0,199.99,27.94,1,0,0,0.3084263646452267
1.0,89.57,18.0,1,0,0,0.35772859053611583
1.0,118.5,14.7,1,0,0,0.35484788187798727
1.0,69.0,18.76,1,0,0,0.36707520381301023
1.0,38.0,9.06,1,0,0,0.427576580804975
1.0,124.9,7.74,1,0,0,0.3818644971690023
1.0,11.99,15.1,1,0,0,0.45922350805378226
1.0,29.99,10.96,1,0,0,0.4296371435427471
1.0,90.0,15.38,1,0,0,0.36433775246225664
1.0,259.9,66.63,1,1,0,0.26984463853263746
1.0,149.0,16.67,1,0,0,0.34022834600654583
1.0,199.0,23.98,1,0,0,0.3144284358331091
1.0,81.5,13.93,1,0,0,0.37295895254640193
2.0,194.76,45.99,1,0,0,0.4732851646116106
1.0,117.3,14.43,1,0,0,0.3560749458264711
1.0,19.9,16.79,1,0,0,0.42937203698751164
1.0,59.49,15.18,1,0,0,0.38287087917481005
3.0,38.7,23.34,1,0,1,0.5760505862395956
1.0,42.9,16.79,1,0,0,0.3930856667809308
1.0,30.0,15.1,1,0,0,0.41455296189424473
1.0,33.99,9.26,1,0,0,0.4318014157764552
1.0,98.79,13.03,1,0,0,0.3677482617486157
1.0,78.9,21.19,1,0,0,0.35617715255104043
1.0,49.9,19.32,1,0,0,0.3800602190256103
1.0,39.0,13.85,1,0,0,0.4062300644708245
1.0,139.9,39.97,1,0,0,0.3086704553765752
2.0,79.8,14.78,1,0,1,0.5630218898294946
1.0,15.0,12.79,1,0,0,0.4560125066130675
1.0,129.9,40.1,1,0,0,0.31137167474669164
1.0,219.9,55.62,1,0,0,0.281143364308628
1.0,299.99,63.68,1,0,0,0.2664840993817986
1.0,87.5,40.57,1,0,0,0.3264473925735323
1.0,329.0,19.43,1,0,0,0.3044252472581144
1.0,79.9,9.37,1,0,0,0.3920661435404092
1.0,48.9,19.59,1,0,0,0.3803639763011992
1.0,189.96,18.04,1,0,0,0.32751239014235106
1.0,84.99,9.41,1,0,0,0.38916261339236236
1.0,66.0,7.39,1,0,0,0.41195553470326857
1.0,33.89,50.96,1,0,0,0.35835523856017065
1.0,122.99,15.61,1,0,0,0.3507267612462076
1.0,56.97,16.16,1,0,0,0.3820014878037472
1.0,11.9,7.39,4,1,1,0.9999999999999674
1.0,58.9,11.73,1,0,0,0.3950888023692971
1.0,49.9,8.64,1,0,0,0.4171564756674479
1.0,84.99,19.13,1,0,0,0.3573447780952872
1.0,30.9,17.92,1,0,0,0.40537501633789985
1.0,51.4,24.85,1,0,0,0.36804820537656974
1.0,49.49,7.61,1,0,0,0.42371204936729273
1.0,219.99,69.96,1,0,0,0.2739802401816196
2.0,50.0,26.68,1,0,1,0.5578427423674471
1.0,18.9,22.28,1,0,0,0.41912988138054663
1.0,990.0,102.74,1,0,0,0.21852155991447322
1.0,35.95,14.43,1,0,0,0.40813167323804117
2.0,42.89,35.17,1,0,1,0.5532378159622883
1.0,70.0,15.37,1,0,0,0.3751610173927664
1.0,89.0,23.42,1,0,0,0.3470025239393263
1.0,24.99,37.04,1,0,0,0.38450295349978403
1.0,199.0,12.89,1,0,0,0.33988676504067283
1.0,289.0,16.77,1,0,0,0.3148987297213127
6.0,273.4,90.6,1,0,0,0.43332045732012253
1.0,99.9,14.87,1,0,0,0.3614232530869162
1.0,108.33,14.63,1,0,0,0.35875927391042634
1.0,120.0,9.35,1,0,0,0.374700428695069
1.0,159.94,30.96,1,1,0,0.3129147856206104
1.0,24.9,15.1,1,0,0,0.4234399014588768
1.0,100.0,16.58,1,0,0,0.3566489884671355
7.0,210.93,87.86,1,0,0,0.4452938938976431
1.0,295.7,13.09,1,0,0,0.3243042299269122
1.0,76.0,8.3,1,0,0,0.40003731587920516
1.0,173.9,23.15,1,0,0,0.3208676848517131
1.0,88.9,13.98,1,0,0,0.3690782480245666
1.0,188.0,13.98,1,0,0,0.33859567003422414
1.0,129.0,17.83,1,0,0,0.3431447773771442
1.0,42.9,11.85,1,0,0,0.40907451910938797
2.0,139.8,24.86,1,0,1,0.5140391299210372
1.0,279.9,15.07,1,0,0,0.32043369027648977
1.0,104.9,9.55,1,0,0,0.3794011108248242
1.0,34.3,15.1,1,0,0,0.4082441911082684
1.0,12.77,7.39,1,0,0,0.49097057710567105
1.0,14.87,12.79,1,0,0,0.45644319263483946
1.0,27.49,7.78,1,0,0,0.4505479782494967
1.0,64.02,14.2,1,0,0,0.3826220494510197
1.0,85.71,11.8,1,0,0,0.37829643875330604
1.0,140.9,14.11,1,0,0,0.3495938487066326
1.0,96.0,16.43,1,0,0,0.35874520822229733
1.0,99.0,13.03,1,0,0,0.36765862587695713
1.0,49.99,11.85,1,0,0,0.40204211906666487
1.0,89.99,23.43,1,0,0,0.34652699821356403
1.0,124.99,17.31,1,0,0,0.34566299973633496
1.0,157.99,12.61,1,0,0,0.3499168955288175
1.0,24.9,11.85,1,0,0,0.4348444995472962
1.0,17.9,19.04,1,0,0,0.4287880377162241
1.0,10.0,7.78,1,0,1,0.5005963390268923
1.0,28.9,15.1,1,0,0,0.41632462134165654
1.0,85.0,15.34,1,0,0,0.3668797465691227
1.0,90.0,38.18,1,0,0,0.3275460824519087
2.0,107.8,0.0,1,0,1,0.7160055483241267
1.0,27.9,14.52,1,0,0,0.41981222322196304
1.0,49.89,18.23,1,0,0,0.38260473659672517
1.0,120.0,16.6,1,0,0,0.34909305789695433
1.0,55.9,17.96,1,0,0,0.37818533635024953
1.0,209.0,35.22,1,0,0,0.2983672734740414
1.0,48.9,16.11,1,0,0,0.3889871148120914
1.0,184.9,16.4,1,0,0,0.3324871691849765
1.0,38.9,17.2,1,0,0,0.3964982881581906
1.0,42.99,17.6,1,0,0,0.39089006921426417
1.0,34.99,15.1,1,0,0,0.4073121883851335
1.0,104.9,16.49,7,1,1,0.9999999999999514
1.0,66.41,7.89,1,0,0,0.4085052494074723
1.0,22.0,15.23,1,0,0,0.42901232599062816
1.0,388.0,23.21,1,0,0,0.2919545093272278
3.0,627.71,39.85,1,0,0,0.43159012052227197
1.0,21.9,11.85,1,1,0,0.4410749800699189
1.0,40.0,25.63,1,0,0,0.37795824874789974
1.0,173.9,19.32,1,0,0,0.32809570787530146
2.0,59.98,40.52,1,0,1,0.5315419220539448
1.0,109.9,15.52,1,1,0,0.35559044171500137
1.0,79.9,8.42,1,0,0,0.3971375875013627
1.0,45.9,16.11,1,0,0,0.3918570742726627
1.0,42.79,7.71,1,0,0,0.4298623327955019
1.0,23.9,7.43,1,0,0,0.4596509576839611
1.0,79.9,13.68,1,0,0,0.3746253108154976
1.0,122.99,15.61,1,0,0,0.3507267612462076
1.0,238.0,16.52,1,0,0,0.3226319968777158
1.0,89.9,11.24,1,1,0,0.3784689944080609
1.0,27.9,7.78,1,0,0,0.44983040220961795
1.0,52.9,9.09,1,0,0,0.4120230976632905
1.0,69.9,16.25,1,0,0,0.37276242766936796
1.0,256.9,27.94,1,0,0,0.2993785493115128
1.0,22.99,8.88,1,0,0,0.4527234040082124
1.0,299.0,23.8,1,0,0,0.30000036230882354
1.0,40.99,13.87,1,0,0,0.40385713253930955
1.0,240.0,14.12,1,0,0,0.3288524647483429
1.0,22.5,9.34,1,0,0,0.4512960958467911
1.0,49.8,7.39,1,0,0,0.4248579004463215
1.0,38.0,19.32,1,0,0,0.39241977973829273
1.0,174.44,17.66,1,0,0,0.3316587353800135
1.0,220.0,16.75,1,0,0,0.32500273581945555
1.0,179.0,19.13,1,0,0,0.32738894172285743
1.0,94.9,16.42,1,0,0,0.35925423755164276
1.0,99.99,16.95,1,0,0,0.35570394456271076
1.0,99.9,17.95,1,1,0,0.3532925326036303
1.0,42.99,13.88,1,0,0,0.401626138145889
1.0,99.0,33.08,1,0,0,0.329082637510107
1.0,40.0,36.55,1,0,0,0.36360131930288625
1.0,76.96,16.17,1,0,0,0.3688192784791411
1.0,29.99,19.04,1,0,0,0.4040709897219028
1.0,58.0,17.66,1,0,0,0.3772899358476168
1.0,242.0,59.31,1,0,0,0.2758282293235859
1.0,82.91,23.16,1,0,0,0.3504104710581081
1.0,55.0,7.39,1,0,0,0.4202694731650176
1.0,25.0,17.92,1,0,0,0.41541216061706904
1.0,29.9,19.84,1,0,0,0.40238695639440475
1.0,159.99,33.57,1,0,0,0.30991574867968014
1.0,52.9,11.87,1,0,0,0.3993880660557177
6.0,83.94,109.38,1,0,0,0.4781283446593301
1.0,329.9,83.4,1,0,0,0.2555467232998261
1.0,19.9,8.3,1,0,0,0.4631452204800733
1.0,469.9,24.76,1,0,0,0.2831982773925966
1.0,93.9,13.32,1,0,0,0.3689113036942259
1.0,34.9,10.96,1,0,0,0.42242879017124163
1.0,54.0,16.82,1,1,0,0.3826106839752516
2.0,99.8,32.22,1,1,1,0.5177735238994545
1.0,79.9,13.0,1,0,0,0.37692364042832616
1.0,127.9,17.34,1,0,0,0.34466183401517414
1.0,29.99,8.9,1,0,0,0.4397238115043183
1.0,139.9,11.59,1,0,0,0.35856323051451294
1.0,49.9,21.15,1,0,0,0.37615772789096374
1.0,37.0,42.54,1,0,0,0.3612147928723518
1.0,144.9,23.59,1,1,0,0.3271357612971923
1.0,9.9,15.1,1,0,0,0.4687292211177814
1.0,79.99,18.66,1,0,0,0.36096928437165454
1.0,99.9,11.31,1,0,0,0.3736780956009586
1.0,39.9,12.69,1,0,0,0.40923136386249453
1.0,39.99,18.38,1,0,0,0.39227595271827664
2.0,49.8,23.700000000000003,1,0,1,0.5632303679245163
1.0,53.99,21.18,1,0,0,0.37260188670060573
1.0,64.6,8.19,1,0,0,0.40795119173572447
1.0,84.9,14.32,1,0,0,0.3699737444330998
1.0,45.95,13.15,1,0,0,0.4010590292812422
2.0,105.4,36.52,1,0,1,0.5099661847660939
2.0,211.8,34.489999999999995,1,0,0,0.481655591499163
1.0,29.99,7.39,1,0,0,0.44888509837695273
1.0,250.0,37.77,1,0,0,0.28956956507530074
1.0,169.99,16.3,1,0,0,0.33599858204322314
1.0,13.65,7.39,1,0,0,0.48764563951258233
1.0,49.9,13.37,1,0,0,0.39653054581094427
2.0,44.99,24.96,1,0,1,0.5657068821638501
1.0,269.9,96.7,1,0,0,0.25781974016948483
1.0,118.8,9.34,1,0,0,0.37517202047495196
1.0,89.0,15.38,1,0,0,0.3648109797188801
1.0,59.99,25.7,1,1,0,0.35991245642951314
1.0,37.8,22.93,1,0,0,0.38523443370571087
1.0,19.0,21.43,1,0,0,0.42059518901268667
1.0,38.0,15.23,1,0,0,0.4030766296200853
1.0,15.0,15.1,1,0,0,0.4481422001180598
2.0,24.5,14.78,1,0,1,0.6175077571476838
1.0,249.9,60.3,1,0,0,0.2742245057496711
2.0,102.0,38.52,1,0,1,0.509206263051782
1.0,350.0,13.06,1,1,0,0.31828849997180747
1.0,119.9,15.59,1,0,0,0.35181946946770615
1.0,107.99,12.26,1,0,0,0.3667372926708921
1.0,84.0,14.76,1,0,0,0.36908634533764295
1.0,126.99,25.73,1,0,0,0.32887643282426493
1.0,54.9,17.63,1,0,0,0.3797998853536411
1.0,77.87,12.68,1,0,0,0.3791698373302066
1.0,45.0,25.38,1,0,0,0.3730729559470731
1.0,109.9,27.31,1,0,0,0.33227696467126283
1.0,65.0,18.33,1,0,0,0.37066751531659614
1.0,59.89,9.17,1,0,0,0.4059487319957298
1.0,119.9,13.86,1,0,0,0.3569398774431695
1.0,492.04,18.65,1,0,0,0.2922447468928687
1.0,69.9,26.81,1,0,0,0.3516486321953271
1.0,57.99,17.66,1,0,0,0.3772975577700569
2.0,76.8,32.22,1,0,1,0.5297372522795327
1.0,64.5,15.21,1,0,0,0.37920962485117343
1.0,125.0,18.98,1,0,0,0.34179866197037295
1.0,250.0,37.61,1,0,0,0.2897164735916214
1.0,27.5,12.6,1,0,0,0.42714730693191344
1.0,39.99,15.23,1,0,0,0.40071381600716055
1.0,29.9,7.55,1,0,0,0.4479685911167226
1.0,112.5,18.68,1,0,0,0.34672690758890407
1.0,16.9,15.1,1,0,0,0.44227299282113913
1.0,38.48,7.39,1,1,0,0.4369566647393096
1.0,34.99,16.11,1,0,0,0.40436042804359973
1.0,29.99,15.31,1,0,0,0.41393336457394697
1.0,215.0,18.42,1,0,0,0.3219850980255175
2.0,207.94,90.38,1,0,0,0.4445506270572588
1.0,159.77,16.88,1,0,0,0.3369547551460911
1.0,90.0,13.07,1,0,0,0.3715661283160646
1.0,223.0,19.44,1,0,0,0.31845412386270294
1.0,119.9,9.58,1,1,0,0.373609923284126
1.0,50.0,15.1,1,0,0,0.39089373350504514
1.0,69.9,15.24,1,1,0,0.37560065168488793
1.0,195.65,19.25,1,0,0,0.3237511043336296
1.0,27.9,15.1,1,0,0,0.41799945513962844
2.0,39.8,25.58,1,0,1,0.5704001659244952
1.0,149.0,45.12,1,0,0,0.3020626432123499
1.0,31.0,12.88,1,0,0,0.4203962334786226
1.0,14.5,25.63,1,0,0,0.42586879397112004
1.0,50.0,12.69,1,0,0,0.398847841666596
1.0,35.0,21.43,1,0,0,0.3916810364259768
1.0,899.9,40.0,1,0,0,0.2471796586646192
1.0,17.9,11.85,1,0,0,0.45095297320642175
2.0,355.94,35.0,1,0,0,0.45926936660805756
1.0,23.99,7.78,1,0,0,0.45717901542871275
1.0,75.9,19.5,1,0,0,0.36132773982067173
1.0,24.5,25.63,1,0,0,0.4006419470847022
1.0,146.0,34.82,1,0,0,0.31202853854620705
1.0,129.0,16.01,1,0,0,0.3477063293154899
1.0,118.75,21.32,1,0,0,0.33906873571168744
1.0,117.6,18.92,1,0,0,0.34439172640153676
1.0,369.0,17.46,1,0,0,0.3046097957114412
1.0,129.99,13.93,1,0,0,0.35341467955580735
1.0,109.0,19.95,1,0,0,0.3452698744281891
1.0,99.0,25.18,1,0,0,0.33970237228554945
1.0,49.0,17.67,1,0,0,0.38478623269646794
1.0,119.0,39.43,1,0,0,0.31534477756726714
1.0,50.9,16.12,1,0,0,0.3871517826865973
1.0,69.9,16.25,1,0,0,0.37276242766936796
1.0,200.0,8.66,1,0,0,0.3573980500962272
1.0,19.0,14.1,1,0,0,0.43975056424719106
1.0,399.0,17.55,1,0,0,0.30169923747975175
1.0,55.5,8.29,1,0,0,0.41426695896925064
1.0,54.88,37.29,1,0,0,0.34900325339439114
1.0,81.35,9.32,1,0,0,0.3915293722347232
1.0,99.9,11.31,1,0,0,0.3736780956009586
1.0,24.8,12.48,1,0,0,0.4325725718365604
1.0,129.8,39.84,1,0,0,0.31163365972028634
2.0,180.0,14.99,1,0,1,0.5262481350956558
2.0,65.98,25.38,1,0,1,0.5471263110868624
1.0,169.9,19.36,1,0,0,0.328906853710366
1.0,99.0,8.46,1,0,0,0.3875661754201692
1.0,118.9,14.56,1,0,0,0.35512673000779765
3.0,23.52,66.17999999999999,1,0,1,0.5571375911056413
1.0,129.0,22.83,1,0,0,0.3329993816345288
4.0,95.96,60.4,1,0,0,0.4940967755835542
1.0,189.9,18.58,1,0,0,0.32631972200917414
1.0,53.5,19.56,1,0,0,0.37642092754729667
1.0,29.0,17.63,1,1,0,0.4090980646316566
1.0,109.0,14.34,1,0,0,0.35938145498129676
1.0,15.49,7.87,1,0,0,0.47820042015019293
1.0,69.0,14.79,1,0,0,0.37750230243092897
1.0,17.0,22.06,1,0,0,0.42470470178230685
1.0,148.0,14.64,1,0,0,0.34602828888451387
1.0,35.9,14.1,1,0,0,0.40926387351997334
1.0,238.0,16.42,1,0,0,0.32288140687662675
1.0,49.9,22.28,1,0,0,0.3739405786627816
1.0,492.04,18.65,1,0,0,0.2922447468928687
1.0,219.99,22.38,1,0,0,0.3133970925717279
1.0,65.0,14.62,1,0,0,0.38064047956842467
1.0,20.3,8.11,1,0,0,0.4633133730035963
1.0,19.9,14.1,1,0,0,0.4374902747878757
1.0,72.9,18.08,1,0,0,0.36629425060307114
1.0,12.0,15.23,1,0,0,0.4587784671554188
1.0,349.9,21.42,1,0,0,0.29851666368141017
1.0,39.9,12.48,1,0,0,0.4100112095114891
1.0,20.9,20.8,1,0,0,0.41732141927586747
1.0,148.0,43.07,1,0,0,0.30392609135310344
3.0,104.7,43.63,1,1,1,0.5031795231053565
1.0,69.9,12.43,1,0,0,0.3848000946915866
1.0,15.0,11.85,1,0,0,0.45968166820733114
2.0,159.98,39.06,1,0,0,0.48856832789895116
1.0,459.0,17.97,1,1,0,0.2960033327187082
1.0,299.99,28.18,1,0,0,0.2936262270700156
1.0,89.99,15.39,1,0,0,0.3643139521676712
1.0,108.9,16.54,1,0,0,0.3532221000828504
1.0,35.0,16.79,1,0,0,0.4024769242237772
1.0,45.0,15.42,1,0,0,0.39473184689620056
1.0,32.9,12.89,1,0,0,0.41754257208858936
1.0,839.99,65.94,1,0,0,0.23446354842282946
1.0,39.9,15.1,1,0,0,0.4012083821585167
1.0,119.0,40.9,1,0,0,0.314029749732116
1.0,159.0,31.86,1,0,0,0.31207323431106415
1.0,139.0,16.73,1,0,0,0.3428377619330025
1.0,199.99,16.15,1,0,0,0.33012169798954316
1.0,47.0,7.55,1,1,0,0.4264999076711249
1.0,188.0,20.01,1,0,0,0.32370125012832607
1.0,199.0,32.79,1,0,0,0.3027086980141254
1.0,25.0,7.78,1,1,0,0.45516550647704584
1.0,44.99,15.11,1,0,0,0.39566190699033665
1.0,29.0,7.78,1,0,0,0.44795927739046315
1.0,49.99,7.61,1,0,0,0.4232459369668044
2.0,139.8,24.86,1,0,1,0.5140391299210372
1.0,74.9,22.45,1,0,0,0.3559753790874503
1.0,179.0,22.75,1,0,0,0.32045668195351235
5.0,269.5,72.35000000000001,1,1,0,0.4421605081054706
1.0,24.99,7.39,1,0,0,0.45774005876077
1.0,305.0,14.57,1,0,0,0.31870059059825423
1.0,110.32,8.03,1,0,0,0.38539034268234384
1.0,94.9,19.63,1,0,0,0.3516435071178667
1.0,199.0,12.88,1,0,0,0.3399203409472787
2.0,55.8,36.6,7,1,1,0.9999999999999771
1.0,186.0,14.91,1,0,0,0.33626514371658844
1.0,53.99,7.78,1,0,0,0.41861418638039694
3.0,59.7,22.200000000000003,1,0,1,0.5580226051456704
5.0,335.44,63.71,1,0,0,0.4379506941618237
1.0,45.0,7.78,1,0,0,0.4270602932792189
3.0,145.85000000000002,45.29,1,0,0,0.48684301966100546
1.0,119.99,12.04,1,0,0,0.36316117204911474
1.0,24.99,14.1,1,0,0,0.4264549447712418
1.0,109.9,15.87,1,0,0,0.3546255118440737
1.0,119.9,9.21,1,0,0,0.37543573057310425
1.0,39.99,11.85,1,0,0,0.4123375378186495
1.0,110.32,18.65,1,0,0,0.34759280183127467
1.0,39.99,16.95,1,0,0,0.39588149939974754
1.0,149.99,15.8,1,0,0,0.34223407147455615
1.0,149.9,21.97,1,0,0,0.32864872633121145
1.0,25.0,18.23,1,0,0,0.4146380407054259
1.0,199.0,12.0,1,0,0,0.34299905807786196
1.0,188.0,28.27,1,0,0,0.31026905503629476
1.0,79.99,10.94,1,0,0,0.3847743158230659
1.0,13.9,37.04,1,0,0,0.412392166056054
1.0,79.99,17.37,1,0,0,0.3640484516386983
1.0,47.99,11.15,1,0,0,0.4067688926749203
1.0,39.99,12.48,1,0,0,0.4099063927802859
1.0,29.9,44.43,1,0,0,0.369145777820307
1.0,150.0,15.8,1,0,0,0.3422314273363547
1.0,24.89,15.79,1,0,0,0.42139577928179817
1.0,94.99,17.23,1,0,0,0.3571392599941504
1.0,108.64,21.25,1,0,0,0.3427979321291692
1.0,59.99,20.82,1,0,0,0.36870143504123076
1.0,159.9,19.42,1,0,0,0.33112734507222985
1.0,29.9,21.15,1,0,0,0.39957516328703024
1.0,69.9,16.12,1,0,0,0.37311611566776604
1.0,14.6,17.06,1,0,0,0.44379131669480176
1.0,189.99,14.67,1,0,0,0.3361331893236614
2.0,212.69,41.95,1,0,0,0.4732708346594652
1.0,55.0,8.55,1,0,0,0.41318899092816636
1.0,56.99,11.9,1,0,0,0.3959030931197526
1.0,39.9,15.79,1,0,0,0.39917832530076025
1.0,120.0,9.04,1,0,0,0.3762672022993477
1.0,78.99,11.76,1,0,0,0.3819897059365208
1.0,27.1,8.72,1,0,0,0.44561457816153716
1.0,147.9,27.36,1,0,0,0.3205656360968837
1.0,69.9,13.51,1,0,0,0.38100627137265786
1.0,16.0,7.78,1,0,0,0.4771635335445196
1.0,88.0,17.87,1,0,0,0.3587824014486757
1.0,16.0,7.78,1,0,0,0.4771635335445196
1.0,56.99,11.9,1,0,0,0.3959030931197526
1.0,199.9,16.61,1,0,0,0.328971993192371
1.0,54.9,19.87,1,0,0,0.3745980831561811
1.0,169.9,18.48,1,0,0,0.3308082051606479
1.0,29.99,18.23,1,0,0,0.40601158657025216
1.0,100.0,7.96,1,0,0,0.3900206450349417
1.0,69.9,14.66,1,0,0,0.3773306401208352
1.0,87.85,17.86,1,0,0,0.35887822379902995
1.0,180.0,27.34,1,0,0,0.31314956088204554
1.0,23.99,11.73,1,0,0,0.4371330623677146
1.0,119.0,15.59,1,0,0,0.35212732369919475
1.0,80.99,22.8,1,0,0,0.35203644795594063
4.0,849.5999999999999,90.12,1,0,0,0.38930888569000677
1.0,69.9,25.04,1,0,0,0.35441781452197024
2.0,66.0,30.2,1,0,1,0.5395238085138726
1.0,150.0,18.3,1,0,0,0.33606738030364647
1.0,47.9,8.5,1,0,0,0.4198402239359861
2.0,156.0,16.32,1,0,1,0.5284760447825916
1.0,107.9,18.56,1,0,0,0.34870376676921555
1.0,16.97,15.1,1,0,0,0.44207008584480945
1.0,52.9,12.62,1,0,0,0.39654400920632116
1.0,144.49,18.26,1,0,0,0.3376330738894662
1.0,49.9,18.45,14,1,1,0.9999999999999574
1.0,112.0,32.11,1,0,0,0.32529914808785865
2.0,150.0,20.0,1,0,1,0.5207694058636381
1.0,119.99,14.93,1,0,0,0.35366055505935445
1.0,179.9,11.87,1,0,0,0.34742657238946467
1.0,19.9,14.1,1,0,0,0.4374902747878757
1.0,85.99,22.88,1,0,0,0.34938649266335864
1.0,122.99,30.11,1,0,0,0.32405769847212335
1.0,209.99,12.08,1,0,0,0.3406270959641283
1.0,50.2,13.69,1,0,0,0.39517289604183387
1.0,34.99,14.1,1,1,0,0.4104658142727005
1.0,99.9,13.53,1,0,0,0.36559614239288274
1.0,18.99,24.84,1,0,0,0.41414665766344455
1.0,46.99,18.23,1,0,0,0.38529926711254353
1.0,93.0,14.26,1,0,0,0.3662829454033486
1.0,325.0,10.47,1,0,0,0.33039977204948096
1.0,126.99,30.73,1,1,0,0.32203433386183483
1.0,59.0,18.29,1,0,0,0.3750054211750048
5.0,525.0,54.0,1,0,0,0.4264198115153976
1.0,35.0,8.72,1,1,0,0.43333514753667474
1.0,83.0,8.78,1,0,0,0.39347198168115116
1.0,179.0,26.87,1,0,0,0.3140165013128973
1.0,529.9,25.42,1,0,0,0.2783529104984416
1.0,29.6,7.87,1,0,0,0.4464018216314806
1.0,59.9,15.17,1,0,0,0.38259566891030244
1.0,25.0,15.1,1,0,0,0.4232474661690556
1.0,399.99,23.64,1,0,0,0.29024505547449475
1.0,89.9,17.91,1,0,0,0.3577884209538134
1.0,9.9,18.23,1,0,0,0.45993240618416276
1.0,65.9,24.95,1,0,0,0.35708057129845894
1.0,39.99,14.1,1,0,0,0.4042426295457632
1.0,180.0,24.06,1,1,0,0.3180564338327073
1.0,99.0,15.54,1,0,0,0.3598752706188962
1.0,169.99,23.99,1,0,0,0.32033572289517254
2.0,91.8,15.16,1,0,1,0.5555013276819247
1.0,12.5,7.78,1,0,0,0.4894634715891238
,,,1,0,0,0.3610559326759919
1.0,39.9,17.92,1,0,0,0.3935027076959598
1.0,23.99,7.78,1,0,0,0.45717901542871275
1.0,34.87,11.74,1,0,0,0.41920106516909605
1.0,577.99,36.5,1,0,0,0.26322693414213605
1.0,59.49,13.08,1,0,0,0.38961616000815286
1.0,119.9,155.82,1,0,0,0.27238896699639265
3.0,86.85,50.07,1,0,1,0.5060835253467874
1.0,178.0,74.2,1,0,0,0.2795079592497201
1.0,59.9,15.17,1,0,0,0.38259566891030244
1.0,197.5,21.65,1,0,0,0.31870460883176194
2.0,59.8,27.58,1,0,1,0.548041816653284
1.0,46.0,16.11,1,0,0,0.39175812106907193
1.0,16.99,15.1,1,0,0,0.4420122728691099
1.0,31.9,14.1,1,0,0,0.4148157311633416
1.0,22.0,15.1,1,0,0,0.42941061239062683
1.0,79.9,8.75,1,1,0,0.3953074281191196
1.0,29.0,7.39,1,0,0,0.45050729707324066
1.0,79.9,21.05,1,0,0,0.35592206016754596
1.0,118.9,21.32,1,0,0,0.339018041351918
1.0,16.49,15.23,1,0,0,0.44307813439359944
1.0,318.0,16.98,1,0,0,0.31096329949013957
2.0,40.6,51.26,1,0,1,0.540427712633447
1.0,99.0,19.66,1,0,0,0.3498283250971593
1.0,149.0,51.33,1,0,0,0.2976769347250797
2.0,119.9,29.48,1,0,1,0.5133577867420189
1.0,169.99,44.29,1,0,0,0.29784716339998824
1.0,179.98,82.55,1,0,0,0.27591874343240574
1.0,48.9,26.89,1,0,0,0.36699183899621624
1.0,59.99,16.18,1,1,0,0.37965617685653863
1.0,59.9,13.44,1,0,0,0.3880689520143738
1.0,489.06,26.22,1,0,0,0.2798338356638545
1.0,48.9,7.87,1,0,0,0.42262780569045993
1.0,149.9,15.5,1,0,0,0.3430739662572138
1.0,189.9,69.01,1,0,0,0.2794658978917275
1.0,169.9,27.69,1,0,0,0.31483381852530057
1.0,49.9,8.72,1,0,0,0.41671089628804286
1.0,44.9,22.24,2,1,1,0.9999999999988138
1.0,169.0,16.36,1,0,0,0.33607190436049567
1.0,39.9,18.23,1,0,0,0.39274198650101744
1.0,668.0,21.93,1,0,0,0.27631943636157524
1.0,73.0,13.85,1,0,0,0.3779874640558842
1.0,13.99,7.78,1,0,0,0.4838464244794147
1.0,59.0,15.16,1,0,0,0.38329722934879235
1.0,98.8,21.01,1,0,0,0.34714833274845763
1.0,219.9,29.94,1,0,0,0.3024034095082864
1.0,99.9,27.0,1,0,0,0.336564756693483
1.0,19.99,7.78,1,0,0,0.4661367140656194
1.0,249.9,42.73,1,0,0,0.28537347229422527
1.0,55.99,15.27,1,0,0,0.38530536886334604
2.0,179.8,30.76,1,0,0,0.4936395264518621
1.0,58.99,13.49,1,0,0,0.3885826853118521
1.0,27.9,9.08,1,0,0,0.4422247596119932
1.0,169.9,22.9,1,0,0,0.32218022583863776
1.0,17.99,15.1,1,0,0,0.43920886564832373
1.0,119.6,11.45,1,0,0,0.36555922359591936
1.0,57.9,12.85,1,0,0,0.3916423068629385
2.0,26.0,29.04,1,0,1,0.585139412138219
1.0,25.0,16.6,1,0,0,0.41888975025147607
1.0,79.9,17.81,1,0,0,0.36301693110662725
1.0,19.9,13.47,1,0,0,0.43964612623345345
1.0,189.9,14.93,1,0,0,0.3354064766005926
1.0,299.99,81.33,1,0,0,0.25928579696541826
1.0,131.0,58.78,1,0,0,0.2979491234525834
1.0,39.0,15.1,1,0,0,0.4022636719278618
1.0,28.5,16.11,1,0,0,0.41401405676966646
1.0,55.0,17.64,1,0,0,0.3796940643989193
1.0,24.99,17.06,1,0,0,0.4176620807197381
1.0,115.0,18.69,1,0,0,0.3458100801583619
1.0,59.9,20.87,1,0,0,0.3686650545866762
2.0,207.98,74.48,1,0,0,0.451652622660135
1.0,99.73,38.25,1,0,0,0.3233745614895663
1.0,109.9,16.53,1,0,0,0.3528716825027831
1.0,58.99,28.81,1,0,0,0.3560092680726641
1.0,44.99,17.6,1,0,0,0.38882096790096055
1.0,120.0,14.27,1,0,0,0.35562758469609757
1.0,13.65,14.1,1,0,0,0.4560355176824037
1.0,349.9,21.33,1,0,0,0.298677245962513
2.0,539.8,34.2,1,0,0,0.4435096798843597
1.0,21.99,7.39,1,0,0,0.4640041682856572
1.0,23.8,15.79,1,0,0,0.42354668222926223
1.0,40.0,15.38,1,0,0,0.4002564486545276
1.0,140.0,15.29,1,0,0,0.3463836199803656
1.0,115.99,27.11,1,0,0,0.3304148940767298
2.0,548.0,161.74,1,0,0,0.3859776376588125
1.0,51.9,17.2,1,0,0,0.3833957173266923
1.0,23.63,13.71,1,0,0,0.4304672565925589
1.0,129.94,70.96,1,1,0,0.29219585549831345
1.0,56.1,19.58,1,0,0,0.37427605518716217
1.0,28.99,15.23,1,0,0,0.4157820015214712
1.0,19.9,17.92,1,0,0,0.4263934102446931
1.0,133.0,16.56,1,0,0,0.3450372148889797
1.0,29.0,14.1,3,1,1,0.9999999999999285
1.0,118.0,18.71,1,1,0,0.34472058323169
1.0,1350.0,294.76,1,0,0,0.18865124884396753
1.0,89.99,15.39,1,0,0,0.3643139521676712
1.0,84.99,13.15,1,0,0,0.3737434681098215
1.0,40.0,15.1,1,0,0,0.40109273543838614
2.0,229.98,31.82,1,0,0,0.48158557930908774
1.0,89.9,13.65,1,0,0,0.36966744691065534
1.0,9.9,15.1,1,0,0,0.4687292211177814
1.0,69.9,15.7,1,0,0,0.3742818010876977
1.0,49.0,15.1,1,0,0,0.39180794088939863
1.0,54.0,19.35,1,0,0,0.3764750375311291
1.0,149.99,16.68,1,0,0,0.3399411741323339
1.0,52.99,9.26,1,0,0,0.41105587369549934
1.0,99.0,13.42,1,0,0,0.36634088942017234
1.0,147.9,21.49,1,0,0,0.3300583638117396
1.0,73.9,13.64,1,0,0,0.37814192436699595
1.0,27.9,15.1,1,0,0,0.41799945513962844
1.0,99.0,14.44,1,0,0,0.3630930492786729
1.0,19.83,12.8,1,0,0,0.44223895902491744
1.0,169.0,18.47,1,0,0,0.33103575036310157
1.0,39.99,12.94,1,0,0,0.40821708316738226
1.0,27.18,8.94,1,0,0,0.4442494005490757
1.0,48.9,10.96,1,0,0,0.40671736343270043
1.0,59.0,17.66,1,0,0,0.3765350157159409
1.0,66.99,21.1,1,0,0,0.36334431746366175
1.0,210.0,17.1,1,0,0,0.3259036171417789
,,,1,0,0,0.3610559326759919
1.0,29.9,22.14,1,0,0,0.39758143025968185
1.0,298.0,19.97,1,0,0,0.30685411025620907
1.0,29.9,16.11,2,1,1,0.9999999999989668
1.0,13.99,22.85,3,1,1,0.9999999999999323
1.0,18.9,22.06,1,0,0,0.41956782263355824
1.0,279.99,15.55,1,0,0,0.31912980664217816
1.0,48.9,12.79,1,0,0,0.3994981007918102
1.0,29.99,15.1,1,1,0,0.41456875034417173
1.0,504.72,35.81,1,0,0,0.26807847698018256
1.0,48.99,21.15,1,0,0,0.37697863553926336
1.0,39.9,7.78,1,0,0,0.43271134172083686
1.0,99.9,18.53,1,0,0,0.3519443722015501
1.0,29.0,8.36,1,0,0,0.4444117982366895
1.0,28.9,18.23,1,0,0,0.4077564579953787
1.0,45.5,16.79,1,1,0,0.390404367026932
1.0,69.9,16.25,1,0,0,0.37276242766936796
1.0,52.9,22.3,1,0,0,0.37131550505914174
1.0,29.9,18.23,1,0,0,0.4061530390540158
1.0,19.9,15.1,1,0,0,0.4342819700939666
1.0,85.0,17.84,1,0,0,0.36031814114409966
1.0,1375.0,34.12,1,0,0,0.24034561382358152
1.0,64.99,14.62,1,0,0,0.3806472547399764
4.0,133.64,67.16,1,0,0,0.47511857225255694
1.0,39.99,11.74,1,0,0,0.4127769097188558
1.0,104.9,21.22,1,0,0,0.34428267687297803
1.0,48.09,13.71,1,0,0,0.3970582238479971
1.0,109.9,13.21,1,0,0,0.3626667574325123
1.0,569.9,119.29,1,0,0,0.22978711564535936
1.0,220.0,18.79,1,0,0,0.32032304168979375
1.0,399.0,13.42,1,0,0,0.31251025470716415
1.0,102.9,17.97,1,0,0,0.3520210162894735
1.0,58.0,17.66,1,0,0,0.3772899358476168
1.0,93.49,11.86,1,0,0,0.37433697614853795
1.0,330.0,17.19,1,0,0,0.3091545085512319
1.0,19.9,7.4,1,0,0,0.4688555583978764
1.0,1054.0,64.05,1,0,0,0.22909031351447245
1.0,87.9,25.9,1,0,0,0.34345025830399145
1.0,72.0,12.75,1,0,0,0.3823388827489995
1.0,179.0,19.13,1,0,0,0.32738894172285743
1.0,262.0,24.15,1,0,0,0.3041285888161705
1.0,179.99,8.51,1,0,0,0.3624032378284778
1.0,99.0,15.45,1,0,0,0.36012847271558207
1.0,95.9,14.98,1,0,0,0.3628148259358821
2.0,239.8,24.46,1,0,0,0.49135207924055535
1.0,69.9,18.06,1,0,0,0.36815485160611106
1.0,74.99,14.69,1,0,0,0.37418151594064886
1.0,92.5,12.78,1,0,0,0.37140797906058554
1.0,127.42,17.33,1,0,0,0.34483760350166476
1.0,99.0,17.94,1,0,0,0.3536915838642762
1.0,199.0,26.67,1,0,0,0.3103610572510542
1.0,26.9,19.32,1,0,0,0.40855166070772764
2.0,53.8,17.76,1,0,1,0.5725964787747146
1.0,75.6,16.72,1,0,0,0.36812314939895346
1.0,59.9,17.67,1,0,0,0.3758428703844311
1.0,55.0,19.08,1,0,0,0.37627024914473084
2.0,398.0,29.02,1,0,0,0.46273781776387524
1.0,169.9,17.63,1,0,0,0.3327492708686354
1.0,99.8,33.97,1,1,0,0.3277582958398356
1.0,54.91,16.82,1,1,0,0.3818653334016602
1.0,35.0,8.72,1,0,0,0.43333514753667474
1.0,131.0,25.23,1,0,0,0.32842482619823316
1.0,748.0,23.78,1,0,0,0.26990760644566053
1.0,1155.0,87.54,1,0,0,0.21850660965487687
1.0,229.0,16.7,1,0,0,0.32362383082253376
3.0,74.69999999999999,80.67,1,0,0,0.49454323843966924
1.0,148.99,21.09,1,0,0,0.3305291840377807
1.0,49.9,13.65,1,0,0,0.39557903071113437
1.0,195.0,16.12,1,0,0,0.3311644221705104
1.0,55.9,21.19,1,0,0,0.37104885455701164
1.0,59.99,15.17,1,0,0,0.38252908448367834
1.0,203.0,18.67,1,0,0,0.32359659708693733
1.0,200.0,28.78,1,0,0,0.30731800630640566
2.0,199.8,46.56,1,0,0,0.4716855705383098
2.0,289.8,46.6,1,0,0,0.4559279325495166
1.0,145.99,15.9,1,0,0,0.3430395983907212
1.0,72.9,23.5,16,1,1,0.9999999999999523
1.0,108.0,15.52,1,0,0,0.3563113714113479
1.0,99.99,12.03,1,0,0,0.37083366970058607
1.0,62.9,27.72,1,0,0,0.354801297444454
1.0,154.91,16.18,1,0,0,0.3399504530624808
1.0,52.0,17.61,1,0,0,0.38227018017112163
1.0,26.0,9.44,1,1,0,0.4437364957693275
1.0,44.9,16.11,1,0,0,0.39285983479375525
2.0,218.0,31.02,1,0,0,0.4849680588054742
2.0,59.89,14.93,1,0,1,0.5756421144328685
1.0,127.9,18.78,1,0,0,0.3413190688057501
1.0,99.0,22.16,1,0,0,0.3448719984703305
1.0,66.9,17.72,1,0,0,0.3708816271806905
2.0,524.0,38.8,1,0,0,0.43942017040054054
1.0,157.77,15.85,1,0,0,0.3401011278663669
1.0,29.99,7.71,1,0,0,0.44678567645866235
1.0,54.9,13.04,1,0,0,0.3933588196591339
1.0,107.0,21.24,1,0,0,0.34343592508053966
1.0,62.9,17.35,1,0,0,0.3744946791690897
1.0,169.9,31.99,4,1,1,0.9999999999999285
1.0,150.0,14.16,1,1,0,0.34693194561024115
,,,1,0,0,0.3610559326759919
1.0,35.0,31.0,1,0,0,0.3761722405887593
1.0,87.9,8.91,1,0,0,0.3902691051993397
2.0,1265.89,37.61,1,0,0,0.407429500612312
1.0,35.64,11.15,1,0,0,0.4206190907542474
2.0,97.8,32.22,1,0,1,0.5186912200673958
1.0,287.0,61.02,1,0,0,0.26923853618149113
1.0,28.9,18.23,1,0,0,0.4077564579953787
1.0,29.9,15.1,1,0,0,0.4147111026348986
1.0,54.0,14.13,1,0,0,0.3904327584608814
1.0,55.0,22.89,1,0,0,0.3685002564589118
1.0,39.67,15.38,1,0,0,0.40063902470541285
1.0,149.9,16.49,1,0,0,0.34044778136734816
1.0,88.9,9.44,1,0,0,0.3870562809461736
1.0,19.9,7.56,8,1,1,0.9999999999999698
1.0,40.9,17.92,1,0,0,0.3923678102580436
1.0,210.0,46.31,1,0,0,0.2887488687863476
1.0,69.9,16.18,1,0,0,0.37295246552725997
1.0,117.3,18.0,1,0,0,0.3465856648772952
2.0,69.10000000000001,37.79,1,0,1,0.5278578455149904
1.0,199.9,20.89,1,0,0,0.319666775300515
3.0,282.0,55.62,1,0,0,0.4503450437688742
1.0,899.5,41.62,1,0,0,0.24596660481898402
1.0,99.0,11.66,1,0,0,0.3726732087862436
1.0,199.98,25.0,1,0,0,0.3126423051489827
1.0,103.97,37.13,1,0,0,0.3228178915528866
1.0,571.2,31.38,1,0,0,0.2686357202718577
1.0,149.99,23.37,1,0,0,0.3261668784138422
1.0,149.9,23.63,1,0,0,0.3257528869024265
1.0,149.9,14.8,1,0,0,0.34505213550082525
1.0,299.99,13.55,1,0,0,0.3223248393961912
1.0,86.0,18.7,1,0,0,0.3578126818372625
1.0,149.9,17.7,1,0,0,0.3374785917196664
1.0,166.99,23.49,1,0,0,0.32183841438908667
1.0,14.9,15.1,1,0,0,0.4484721506831355
1.0,36.9,16.11,1,0,0,0.401887046693367
1.0,34.9,7.5,1,0,0,0.4408738218759847
1.0,24.9,20.8,1,0,0,0.40894361670966184
1.0,144.99,47.45,1,0,0,0.30134775372544464
1.0,269.0,10.7,1,0,0,0.3364863434733627
1.0,19.99,20.4,1,0,0,0.42033225742843433
2.0,179.8,41.9,1,0,0,0.48055861118895243
1.0,109.9,25.26,1,0,0,0.33535154101639414
1.0,105.0,23.66,1,0,0,0.33981059275488784
1.0,89.0,14.2,1,0,0,0.3683357865146717
1.0,59.9,18.96,1,0,0,0.37277950857104164
1.0,43.5,23.11,1,0,0,0.378530929213835
2.0,117.98,38.0,1,0,1,0.5032196325760193
1.0,205.0,15.04,1,0,0,0.3321596906234123
1.0,16.9,15.1,1,0,0,0.44227299282113913
1.0,79.99,15.31,1,0,0,0.36956433970144487
1.0,59.9,17.67,1,0,0,0.3758428703844311
1.0,149.9,14.52,1,0,0,0.345874162394917
1.0,24.99,7.78,1,0,0,0.4551850182188862
1.0,56.9,11.42,1,0,0,0.39789214932454353
1.0,39.9,11.85,1,0,0,0.41244254170582745
1.0,259.77,10.01,1,0,0,0.340739747060111
1.0,57.0,16.37,1,0,0,0.381404637975456
1.0,153.17,59.15,1,0,0,0.2919917380493072
3.0,209.7,39.24,1,0,0,0.4769724948562036
1.0,90.0,7.89,1,0,0,0.39501607283909157
1.0,170.0,13.63,1,0,0,0.34362051094515217
1.0,59.9,17.67,1,0,0,0.3758428703844311
1.0,26.99,14.52,1,0,0,0.4213953187813737
1.0,249.9,34.83,1,0,0,0.29241177867608253
1.0,116.9,19.73,1,0,0,0.3428895377629794
1.0,79.0,19.52,1,0,0,0.35958031500777216
1.0,74.9,25.04,1,0,0,0.351491336567171
1.0,99.0,21.99,1,0,0,0.34518759673104327
2.0,152.5,33.94,1,0,0,0.4966078137091186
2.0,115.98,28.42,1,0,1,0.516445297396684
1.0,44.9,15.1,1,0,0,0.3957834264450578
3.0,299.70000000000005,87.30000000000001,1,0,0,0.43087054517320444
1.0,67.8,11.97,1,1,0,0.3878785050743724
,,,1,0,0,0.3610559326759919
1.0,879.99,32.7,1,0,0,0.25423015044236624
1.0,67.0,14.05,1,0,0,0.3810960642544752
1.0,139.0,17.22,1,0,0,0.34162073005540766
1.0,64.99,22.95,1,0,0,0.36112852972444764
1.0,115.0,21.3,1,0,0,0.3403985229284014
1.0,19.9,11.85,5,1,1,0.9999999999999649
1.0,110.0,0.0,1,0,1,0.5351155728881285
1.0,79.99,7.81,1,0,0,0.4006873130200005
1.0,28.99,7.78,1,1,0,0.44797594514898004
3.0,569.8199999999999,137.37,1,0,0,0.39001735236240276
2.0,59.98,30.2,1,0,1,0.5439680897972587
2.0,195.3,30.86,1,0,0,0.4899176942340187
1.0,69.99,20.89,1,0,0,0.36188140837168487
1.0,23.7,8.72,1,0,0,0.4521327635920316
1.0,79.0,13.91,1,0,0,0.37436636789272176
1.0,107.0,18.63,1,0,0,0.3488887443448306
1.0,129.99,13.93,1,0,0,0.35341467955580735
1.0,78.0,34.35,1,0,0,0.33734744699694263
1.0,59.9,11.73,1,1,0,0.3943331797348695
1.0,149.9,34.85,1,0,0,0.31099996288761717
,,,1,0,0,0.3610559326759919
1.0,45.0,11.85,1,0,0,0.40686634802980814
1.0,109.9,14.86,1,0,0,0.35748086137758495
1.0,329.9,105.7,1,0,0,0.24905310906764974
2.0,76.8,32.22,1,0,1,0.5297372522795327
1.0,149.9,12.75,1,0,0,0.3515362150605605
1.0,79.9,12.7,1,0,0,0.37798176452395116
1.0,131.9,17.66,1,0,0,0.34265532710234187
1.0,359.99,48.82,1,0,0,0.26879572988224165
1.0,94.68,22.37,1,0,0,0.3463203607304606
1.0,50.0,24.48,1,0,0,0.369892127287433
1.0,58.99,13.07,1,0,0,0.390028406750901
1.0,124.9,17.31,1,0,0,0.34569209079942537
1.0,56.99,14.15,1,0,0,0.3879514848140964
1.0,63.72,26.53,1,0,0,0.35601934520010314
1.0,135.0,27.03,1,0,0,0.3245621431653532
1.0,102.5,76.51,1,0,0,0.2986916798855755
1.0,179.0,26.87,1,0,0,0.3140165013128973
1.0,34.95,16.08,1,0,0,0.4044983779989473
1.0,34.99,24.84,1,0,0,0.3853693145857358
1.0,19.99,16.79,1,0,0,0.42915292197795624
1.0,29.0,7.78,1,0,0,0.44795927739046315
1.0,12.6,15.1,1,0,0,0.4567635329354425
1.0,379.99,17.87,1,0,0,0.30267532786409007
1.0,19.9,16.79,1,0,0,0.42937203698751164
1.0,259.0,17.25,1,0,0,0.3177463901801817
1.0,335.0,18.79,1,0,0,0.30510068713657307
1.0,79.0,17.98,1,0,0,0.3630908725278587
1.0,84.99,9.41,1,0,0,0.38916261339236236
1.0,205.0,22.27,1,0,0,0.31620249688080615
1.0,59.9,15.17,1,0,0,0.38259566891030244
1.0,620.1,24.97,1,0,0,0.27399633307053045
1.0,220.0,22.03,1,0,0,0.3140103591830697
1.0,699.0,20.33,1,0,0,0.27766300228401924
1.0,229.99,43.89,1,0,0,0.2873576726241586
1.0,89.9,15.38,1,0,0,0.36438480986459926
1.0,59.99,12.76,1,1,0,0.39037814035621554
1.0,110.0,13.67,1,0,0,0.3611110083754666
1.0,129.49,27.21,1,0,0,0.32593141964743577
1.0,39.9,13.62,1,0,0,0.40594499128059164
1.0,39.9,7.54,1,0,0,0.4342515322074188
1.0,39.9,17.63,1,0,0,0.3942282745229646
1.0,148.0,8.29,1,0,0,0.37157452975930444
1.0,122.99,18.74,1,0,0,0.3429807155109525
1.0,21.99,25.63,1,0,0,0.4057710066044237
3.0,209.7,57.57000000000001,1,0,0,0.46147855703685586
1.0,108.9,15.07,1,0,0,0.35724723254618124
1.0,55.0,18.49,1,0,0,0.3776354109400737
1.0,20.49,9.27,1,0,0,0.45625180859113806
1.0,29.0,7.78,1,0,0,0.44795927739046315
1.0,48.9,15.1,1,0,0,0.3919004893422093
1.0,104.9,12.46,1,0,0,0.3672277525765908
1.0,107.0,12.25,1,0,0,0.36716016333248325
1.0,48.0,15.56,1,0,0,0.39138802260499717
1.0,1437.0,42.51,1,0,0,0.23250331381218356
1.0,29.5,13.08,1,0,0,0.422030875658985
1.0,139.96,21.29,1,0,0,0.33259602699387775
1.0,16.0,7.78,1,0,0,0.4771635335445196
1.0,35.9,14.55,1,0,0,0.40781550863866445
1.0,69.9,15.7,1,0,0,0.3742818010876977
1.0,38.99,13.85,1,0,0,0.4062419763072341
1.0,82.99,17.83,1,0,0,0.36135570752025165
1.0,39.0,17.63,1,0,0,0.3952773243143741
1.0,60.0,27.5,1,0,0,0.3571513074806551
1.0,132.9,14.51,1,0,0,0.35073938268395405
1.0,45.0,18.23,5,1,1,0.9999999999999551
1.0,45.0,10.09,1,0,0,0.4144788666223772
1.0,649.0,19.3,1,0,0,0.2819353478097333
1.0,214.0,28.23,1,0,0,0.3055631890610967
2.0,74.89,27.96,1,0,1,0.5370338671645798
1.0,55.9,17.96,1,0,0,0.37818533635024953
1.0,848.9,13.2,1,0,0,0.288011597445602
1.0,35.99,11.85,1,0,0,0.4172711331021823
1.0,91.9,9.46,1,0,0,0.38551953415340756
1.0,59.9,9.34,1,0,0,0.4050640435463477
3.0,398.7000000000001,75.03,1,0,0,0.42484034122377073
1.0,149.99,9.42,1,0,0,0.3651209544052045
2.0,139.8,35.48,1,0,0,0.4985562516154582
1.0,79.99,8.91,1,0,0,0.3943976854447045
1.0,29.9,13.47,1,0,0,0.42001299804313713
1.0,34.9,14.52,1,1,0,0.40923178049802084
1.0,49.0,9.27,1,0,0,0.41460274536932334
1.0,121.9,13.87,1,0,0,0.35622887999634856
1.0,299.0,22.14,1,0,0,0.3027468131190745
1.0,29.9,8.72,1,0,0,0.44086880166918
1.0,79.99,38.11,1,0,0,0.3323975948307114
1.0,19.9,22.06,1,0,0,0.4170793210526311
1.0,12.99,18.23,1,0,0,0.44649705607913526
1.0,115.0,13.25,1,0,0,0.36064839156604483
1.0,19.9,8.3,1,0,0,0.4631452204800733
1.0,41.8,16.79,1,0,0,0.39427425908060354
1.0,53.0,16.13,1,1,0,0.3853086210403019
1.0,169.0,16.06,1,0,0,0.3368497932052099
1.0,95.4,14.98,1,0,0,0.36303477697491593
1.0,66.99,27.53,1,0,0,0.352388182139673
1.0,79.9,17.69,1,0,0,0.36330823581797916
1.0,61.4,13.77,1,0,0,0.38586449372406406
1.0,59.9,13.08,1,0,0,0.3893094497413694
2.0,219.4,32.94,1,0,0,0.4821096624530926
1.0,325.0,38.96,1,0,0,0.2795468654637308
2.0,9.98,23.7,1,0,1,0.6388157646995721
1.0,29.99,18.23,1,0,0,0.40601158657025216
1.0,35.9,7.78,1,0,0,0.43771967595581085
1.0,189.99,16.09,1,0,0,0.33224001254364566
1.0,59.9,9.94,1,0,0,0.4021037089564786
1.0,86.36,17.85,1,0,0,0.35962348198298194
1.0,79.9,15.44,1,0,0,0.36923967883247183
1.0,149.9,50.71,1,0,0,0.29786290339147986
1.0,64.89,12.89,1,0,0,0.3864207942054214
1.0,75.0,14.28,1,0,0,0.3754398291763378
1.0,49.9,7.39,1,0,0,0.424764819750523
1.0,172.2,8.95,1,0,0,0.3618675443065814
1.0,103.97,45.19,1,1,0,0.31572684924574174
1.0,233.91,35.44,1,0,0,0.2941295124188128
1.0,39.0,22.06,1,0,0,0.385465136980972
1.0,14.9,15.1,1,0,0,0.4484721506831355
1.0,59.9,13.44,1,1,0,0.3880689520143738
1.0,65.0,22.95,1,0,0,0.36112189940309325
1.0,59.99,22.35,1,0,0,0.3657044450564459
1.0,104.0,17.98,1,0,0,0.3515585755261958
1.0,69.9,16.12,1,0,0,0.37311611566776604
1.0,1899.0,123.02,1,0,0,0.19841329096873062
1.0,49.99,16.79,1,0,0,0.3861485171392474
2.0,29.8,30.46,1,0,1,0.5766138940985924
1.0,129.99,19.15,1,0,0,0.3398606324368885
1.0,39.9,16.08,1,0,0,0.3983552974471415
1.0,129.9,71.34,1,0,0,0.292039177007153
1.0,54.99,15.13,1,0,0,0.38652497864640506
1.0,28.3,16.11,1,0,0,0.41434829645074306
1.0,101.0,25.06,1,0,0,0.3390797784730456
1.0,129.34,16.54,1,0,0,0.3462114680670841
2.0,448.0,172.68,1,0,0,0.39162627693891444
2.0,95.8,41.79,1,0,1,0.5086590358461914
1.0,47.8,16.79,1,0,0,0.38816926873591306
1.0,9.9,8.27,1,0,0,0.4980475558434137
1.0,34.9,10.96,1,0,0,0.42242879017124163
1.0,19.9,7.87,1,0,0,0.46578695317615376
1.0,149.65,19.15,1,0,0,0.33428615468605505
1.0,359.99,14.02,1,0,0,0.3143407695204442
1.0,80.99,13.93,1,0,0,0.37322916823798397
1.0,21.99,9.27,1,0,0,0.4527867477088744
1.0,1325.9,27.38,1,0,0,0.24838968957642427
1.0,169.99,36.51,1,0,0,0.3046192828197784
1.0,69.9,16.25,1,0,0,0.37276242766936796
2.0,299.8,55.18,1,0,0,0.4477961213540813
1.0,299.99,28.18,1,0,0,0.2936262270700156
1.0,219.99,16.29,1,0,0,0.32615313549018504
1.0,39.9,10.96,1,0,0,0.4161363463609676
1.0,176.99,15.23,1,0,0,0.33729150338810315
1.0,98.0,14.29,1,0,0,0.3639804937365579
1.0,5.31,9.34,1,0,1,0.5226504651382594
1.0,58.9,19.6,1,0,0,0.3720873721824402
1.0,49.8,25.63,1,0,0,0.36816308516956764
1.0,35.9,8.41,1,0,0,0.4338976277900338
1.0,41.9,15.1,1,0,0,0.39895360586698975
1.0,69.0,19.17,1,0,0,0.3661472667483251
1.0,159.9,15.43,1,0,0,0.3407126156305753
1.0,648.0,26.82,1,0,0,0.27010948865769546
1.0,119.0,7.64,1,0,0,0.384525402684606
1.0,149.9,43.08,1,0,0,0.30344251271463113
1.0,27.9,18.3,1,0,0,0.40924894943414997
1.0,180.0,21.75,1,0,0,0.3220211740813401
1.0,199.0,20.63,1,0,0,0.3203342415819163
1.0,379.99,18.91,1,0,0,0.3004647742012031
1.0,69.0,18.58,1,0,0,0.3674901185236181
1.0,58.99,28.81,1,0,0,0.3560092680726641
1.0,307.58,44.38,1,0,0,0.2770538588606381
1.0,201.34,25.96,1,0,0,0.31095296492865176
1.0,15.9,12.48,1,0,0,0.4543073633443368
1.0,49.9,37.9,1,0,0,0.3524831646433996
3.0,105.0,40.56,1,0,1,0.5060671795756002
1.0,75.0,23.46,1,0,0,0.35410071200364757
1.0,118.9,15.59,1,0,0,0.3521616913371214
1.0,55.0,67.31,1,0,0,0.32763306188977154
1.0,229.0,16.35,1,0,0,0.32449539684483547
1.0,329.99,9.57,1,0,0,0.3337658761325815
2.0,39.8,24.7,1,0,1,0.5719285774487338
1.0,7.9,7.87,1,0,1,0.5117329413802185
1.0,96.9,17.93,1,0,0,0.3546062827382878
1.0,102.5,13.74,1,0,0,0.3638327700062318
1.0,129.89,9.26,1,0,0,0.37184017335163644
1.0,500.0,20.75,1,0,0,0.287671589679414
1.0,49.95,18.45,1,0,0,0.38202510905782183
1.0,89.99,15.38,1,0,0,0.3643424555696821
1.0,11.55,7.78,1,0,0,0.4934083654892824
1.0,115.7,8.97,1,0,0,0.37816674346181156
1.0,79.9,15.32,1,0,0,0.36958384466593963
1.0,579.0,20.3,1,0,0,0.2837101317284013
2.0,296.0,28.98,1,0,0,0.4749950303477377
1.0,89.9,21.43,1,0,0,0.35023450012498614
1.0,254.0,54.16,1,0,0,0.2770541446054728
1.0,105.9,21.58,1,0,0,0.34320487348167333
1.0,139.9,17.91,1,0,0,0.3397178069990783
1.0,59.9,17.67,1,0,0,0.3758428703844311
1.0,659.0,42.13,1,0,0,0.2546494963386401
1.0,24.9,9.27,1,0,0,0.44672328690700713
1.0,28.9,18.23,1,0,0,0.4077564579953787
1.0,10.9,18.23,1,0,0,0.4551685974454323
1.0,13.31,8.72,1,0,0,0.480650008685251
1.0,199.99,65.56,1,0,0,0.27925047466020014
1.0,14.9,15.1,1,0,0,0.4484721506831355
1.0,24.99,7.78,1,0,0,0.4551850182188862
1.0,179.9,39.53,1,0,0,0.2997229610110127
1.0,219.9,39.56,1,0,0,0.29247816471075117
1.0,85.9,15.9,1,0,0,0.3648589764316238
1.0,49.9,18.45,1,0,0,0.38207000464266344
4.0,199.64,64.44,1,0,0,0.4592144168086004
1.0,27.9,16.11,1,0,0,0.4150244785441168
1.0,99.99,16.95,1,0,0,0.35570394456271076
1.0,289.99,28.33,1,0,0,0.29461104765986723
1.0,86.99,29.01,1,0,0,0.33938765903046714
1.0,29.5,22.22,1,0,0,0.398054686211443
1.0,1989.0,77.34,1,0,0,0.20818321168403603
1.0,179.49,16.01,1,0,0,0.33464078551530235
1.0,94.9,18.23,1,0,0,0.3547687866107442
1.0,24.5,8.72,1,0,0,0.4505137722146331
1.0,49.0,13.71,1,0,0,0.3962049592507134
1.0,32.5,11.85,1,0,0,0.4220878330428755
1.0,56.99,11.9,1,0,0,0.3959030931197526
1.0,629.9,21.66,1,0,0,0.2786230599762796
1.0,59.9,17.67,1,0,0,0.3758428703844311
1.0,62.21,13.78,1,0,0,0.3852497373872877
1.0,85.71,11.8,1,0,0,0.37829643875330604
1.0,199.9,21.89,1,1,0,0.31781792856048735
1.0,69.9,14.58,1,0,0,0.37757544220608114
1.0,129.9,15.66,1,0,0,0.34837207389695235
1.0,5.9,18.23,1,0,0,0.48540583748942945
1.0,189.9,46.92,1,0,0,0.29188467032284454
1.0,72.9,18.09,1,0,0,0.36627039085871904
2.0,178.6,30.76,1,0,0,0.49393055334784397
1.0,11.53,7.39,1,0,0,0.4960691421045889
1.0,120.0,21.28,1,0,0,0.3387251046065621
1.0,69.9,15.7,1,0,0,0.3742818010876977
1.0,29.9,7.78,1,0,0,0.4464837425345098
1.0,179.96,33.54,1,0,0,0.3055737856516995
1.0,24.9,9.09,1,0,0,0.44768396849855757
1.0,1300.0,38.51,1,0,0,0.23813497318119511
1.0,59.89,17.67,1,0,0,0.37585022435667176
2.0,107.8,42.7,1,0,1,0.50242320760685
1.0,252.0,18.47,1,0,0,0.315996096460749
1.0,428.0,49.71,1,0,0,0.26269947014802647
1.0,17.33,11.85,1,0,0,0.45254674221324964
1.0,99.99,28.89,1,0,0,0.33387952229183226
1.0,49.9,14.1,1,0,0,0.3940955107542911
1.0,22.0,15.23,1,0,0,0.42901232599062816
1.0,105.0,15.53,1,0,0,0.35745119761537014
1.0,419.0,22.84,1,0,0,0.2899620066707239
1.0,12.5,15.1,1,0,0,0.45715839484492177
1.0,338.9,24.3,1,0,0,0.2948659399921779
1.0,51.92,12.7,1,0,0,0.39709925237436683
1.0,58.0,19.65,1,0,0,0.372654517506256
1.0,369.9,14.89,1,0,0,0.3109138789639232
1.0,8.49,16.11,1,0,0,0.47329593922916113
1.0,156.0,13.22,1,0,0,0.3483531925782908
1.0,199.9,19.29,1,0,0,0.32285593529115075
1.0,59.9,16.99,1,0,0,0.37756441528621176
1.0,109.9,27.5,1,0,0,0.33200606677755
1.0,32.99,10.96,1,0,0,0.42509462748801424
2.0,112.0,28.28,1,0,1,0.5182286766928303
1.0,82.99,11.19,1,1,0,0.38212853576614414
1.0,113.9,18.05,1,0,0,0.3476657107274105
1.0,35.19,18.35,1,0,0,0.39824624853576435
1.0,89.9,12.13,1,0,0,0.37498773258280577
1.0,139.9,19.52,1,0,0,0.3361519160102463
1.0,113.0,19.38,1,0,0,0.3450086260315909
1.0,428.0,19.91,1,0,0,0.29441862113862566
1.0,49.9,14.44,1,0,0,0.39301006729166227
1.0,209.0,61.28,1,0,0,0.2798305992272592
1.0,74.9,16.28,1,0,0,0.3696903488199481
2.0,224.0,31.06,2,1,1,0.9999999999992284
1.0,27.99,15.1,1,0,0,0.41784609428066566
1.0,64.9,7.78,1,0,0,0.41022204922855604
1.0,27.99,7.39,1,0,0,0.45222416970552737
1.0,135.0,19.92,1,0,0,0.33673025566335296
1.0,29.5,16.11,1,0,0,0.41237994393199146
1.0,199.0,43.62,1,1,0,0.2926790416570256
1.0,48.9,19.32,1,0,0,0.38096687808055496
1.0,110.32,7.64,1,0,0,0.3877509957363656
1.0,69.9,20.06,1,0,0,0.3636527377097847
1.0,35.0,15.1,1,0,0,0.4072988283241071
2.0,59.98,36.62,1,0,1,0.5357641075857715
1.0,19.9,17.63,1,0,0,0.4271369120350378
1.0,51.5,14.53,1,0,0,0.3913006349533579
1.0,91.0,47.17,1,0,0,0.31946048362651086
1.0,69.0,14.65,1,0,0,0.37792760867656666
1.0,56.85,15.15,1,0,0,0.38497926194089344
1.0,29.99,18.23,1,0,0,0.40601158657025216
1.0,38.62,19.46,1,0,0,0.391359155849185
2.0,29.8,17.64,1,0,1,0.6004356111812765
1.0,219.9,14.56,1,0,0,0.33085740918513445
1.0,14.99,7.78,1,1,0,0.48040715792534916
1.0,579.0,19.15,1,0,0,0.2858953333405654
1.0,22.0,7.94,1,0,0,0.4604103652456037
1.0,94.9,21.46,1,0,0,0.3479330364235855
1.0,115.52,18.38,5,1,1,0.9999999999999467
1.0,78.0,16.99,1,0,0,0.36608409848833695
4.0,880.0,154.72,1,0,0,0.3702455910245362
1.0,18.9,16.79,1,0,0,0.4318795429127589
,,,1,0,0,0.3610559326759919
1.0,109.99,18.02,1,0,0,0.34916316362869776
1.0,235.9,26.93,1,0,0,0.30379307315947823
1.0,59.9,14.15,1,0,0,0.38573007143211835
1.0,79.9,23.14,1,0,0,0.3519965253233522
4.0,115.96,60.92,1,0,0,0.48521236052287486
1.0,63.99,19.64,1,0,0,0.36837694354797085
1.0,2120.39,48.21,1,0,0,0.219023543515577
1.0,190.0,16.43,1,0,0,0.33136547323558757
1.0,9.6,15.11,1,0,0,0.47022507692241095
1.0,99.9,12.83,1,1,0,0.36797001061385526
1.0,79.99,7.42,1,0,0,0.4031526288074174
1.0,166.99,23.49,1,0,0,0.32183841438908667
1.0,54.87,11.77,1,0,0,0.39812545333437416
1.0,155.06,25.74,1,0,0,0.32110511545952586
1.0,39.9,16.32,1,0,0,0.3976869737854356
1.0,52.58,19.56,1,0,0,0.3771915270241771
1.0,100.0,18.58,1,0,0,0.3517890849575438
1.0,180.0,19.06,1,0,0,0.3273247633075954
1.0,79.0,12.89,1,0,0,0.3777990372330603
1.0,39.9,12.48,1,1,0,0.4100112095114891
1.0,13.98,7.78,1,0,0,0.48388206642401094
1.0,219.9,28.27,1,0,0,0.3045224788401469
1.0,13.98,7.71,1,0,0,0.484333648499539
1.0,29.99,7.39,1,0,0,0.44888509837695273
1.0,34.9,14.43,1,0,0,0.40951829618852464
1.0,104.9,24.86,1,0,0,0.337864014496783
1.0,99.89,14.87,1,0,0,0.3614274448604344
1.0,64.0,13.47,1,0,0,0.385025880334538
1.0,29.0,11.85,1,1,0,0.42751449725792356
1.0,69.9,19.46,1,0,0,0.3649460918714223
1.0,40.8,14.44,1,0,0,0.40222078436256
1.0,110.32,8.03,1,0,0,0.38539034268234384
1.0,29.95,15.1,1,0,0,0.41463196102201416
1.0,34.9,18.34,1,0,0,0.3986546024254598
3.0,207.0,36.69,1,0,0,0.4803457511117996
1.0,99.99,21.5,1,0,0,0.3457051172959791
1.0,59.9,16.86,1,1,0,0.37790264828435266
2.0,25.8,25.58,1,0,1,0.5909241838901225
1.0,90.0,14.05,1,0,0,0.36833260032764414
1.0,52.9,16.07,1,0,0,0.3855595818227611
4.0,639.96,75.32,1,0,0,0.4062603347934907
1.0,178.5,9.44,1,0,0,0.35799252497870615
1.0,79.9,48.0,7,1,1,0.9999999999999443
,,,1,0,0,0.3610559326759919
1.0,199.9,43.43,1,0,0,0.2926666317898881
1.0,159.9,23.7,1,0,0,0.3231483650374805
1.0,146.99,16.66,1,0,0,0.34079152328976936
1.0,44.9,15.1,1,0,0,0.3957834264450578
1.0,19.9,15.1,1,0,0,0.4342819700939666
1.0,33.9,15.11,1,0,0,0.4087634978379749
1.0,166.99,21.66,1,0,0,0.32504796526606083
1.0,29.99,22.93,1,0,0,0.39592338567811325
1.0,28.99,18.3,1,0,0,0.4074378953412499
1.0,72.0,19.19,1,0,0,0.36426943840112147
1.0,49.9,18.63,1,0,0,0.3816452492360629
1.0,78.0,15.3,1,0,0,0.3706761755967754
1.0,27.9,20.4,1,0,0,0.4044144698813507
1.0,79.99,25.84,1,0,0,0.34745907894573386
1.0,329.9,67.4,1,0,0,0.2617064446393154
1.0,68.5,14.06,1,0,0,0.38009168251476994
1.0,23.4,14.1,1,0,0,0.4296240989643196
6.0,499.02,82.23,1,0,0,0.4126531075494128
1.0,24.9,9.09,1,0,0,0.44768396849855757
1.0,49.9,20.84,1,0,0,0.3767903511886577
1.0,510.0,68.38,1,0,0,0.2477965742480828
,,,1,0,0,0.3610559326759919
1.0,94.9,14.83,1,0,0,0.3636984108953474
1.0,21.99,12.69,1,0,0,0.43760753147032133
1.0,89.99,50.5,1,0,0,0.3175097251716374
1.0,169.0,29.46,1,0,0,0.31269701290454793
1.0,69.0,11.73,1,0,0,0.3880374713301237
1.0,159.9,19.4,1,0,0,0.33116940977009335
1.0,109.9,18.02,1,0,0,0.34919668652121977
1.0,79.99,13.67,1,0,0,0.37460955925769707
1.0,252.0,10.58,1,0,0,0.33944965204072114
1.0,249.9,15.7,1,0,0,0.32291716804912834
1.0,23.99,16.79,1,0,0,0.4203463444744092
1.0,208.1,43.49,1,0,0,0.2911888828824284
1.0,153.0,16.7,1,0,0,0.339106311872255
1.0,58.9,14.13,1,0,0,0.3865438037241413
1.0,39.9,14.52,1,0,0,0.4029987538022088
1.0,19.99,7.78,1,0,0,0.4661367140656194
1.0,32.0,7.39,1,0,0,0.4457603887398601
1.0,239.99,22.17,1,0,0,0.3105767381779392
1.0,1300.0,51.51,1,0,0,0.22959098541026995
1.0,43.38,16.11,1,0,0,0.3944319863191335
1.0,43.0,19.49,1,0,0,0.38638707385540566
1.0,127.9,8.66,1,0,0,0.3755960652058832
1.0,399.0,87.58,1,1,0,0.24828400059906722
1.0,200.0,15.01,1,0,0,0.33318820472974015
3.0,56.7,15.09,1,0,1,0.5779795281925966
1.0,75.0,16.72,1,0,0,0.36846608019154325
1.0,89.99,14.8,1,0,0,0.3660334289579858
1.0,24.5,15.1,1,0,0,0.42421799285144646
1.0,89.9,18.91,1,0,0,0.35547583540586997
1.0,119.99,22.77,1,0,0,0.33598393089955525
1.0,30.9,12.48,7,1,1,0.9999999999999634
1.0,36.2,12.79,1,0,0,0.41340847505626493
1.0,77.9,23.35,1,1,0,0.3526919375275081
2.0,179.98,20.08,1,0,1,0.5126238810795576
1.0,19.99,11.73,1,0,0,0.44602071928701437
1.0,240.0,19.85,1,0,0,0.31491176102705853
1.0,99.9,12.4,1,0,0,0.3695031276195461
1.0,527.9,21.8,1,0,0,0.28405876866841995
1.0,97.77,12.18,1,0,0,0.3712241380773664
1.0,19.9,18.23,1,0,0,0.42561372543217413
1.0,69.9,0.0,1,0,1,0.5556933290254915
1.0,67.0,18.27,1,0,0,0.3694911083000643
1.0,59.99,15.17,1,0,0,0.38252908448367834
2.0,278.79,31.46,1,0,0,0.47394270483128864
1.0,13.65,12.79,1,0,0,0.46068451109074493
1.0,23.9,11.86,1,0,0,0.43678809011993563
1.0,81.99,16.14,1,0,0,0.36618802520460964
1.0,539.9,18.53,1,0,0,0.28942381760719277
1.0,122.9,16.62,1,0,0,0.3480715463191781
1.0,22.99,7.42,1,0,0,0.46161936369757633
1.0,82.0,8.73,1,0,0,0.3942750162147712
1.0,125.0,38.42,1,0,0,0.31438368541651635
1.0,179.9,23.19,1,0,0,0.31951497484233976
1.0,56.9,19.37,1,0,0,0.37411641710870003
1.0,1299.0,24.79,1,0,0,0.25226964347792963
1.0,99.9,21.19,1,0,0,0.3463406738926236
1.0,795.0,63.65,1,0,0,0.2369792413452517
1.0,299.9,35.27,1,0,0,0.2856637229443317
1.0,45.99,22.85,1,0,0,0.3765107637002527
1.0,76.89,15.98,1,0,0,0.36937708074428655
1.0,199.9,13.84,1,0,0,0.3366540673749183
,,,1,0,0,0.3610559326759919
1.0,183.9,15.46,1,0,0,0.3351725276900826
1.0,325.0,10.47,1,0,0,0.33039977204948096
1.0,69.9,15.54,1,0,0,0.374735404340022
1.0,21.9,12.69,1,0,0,0.43780698538372553
2.0,42.66,16.54,1,0,1,0.5865997389822742
1.0,199.9,32.05,1,0,0,0.30337347581169727
1.0,98.0,17.94,1,0,0,0.3541131732013754
1.0,12.65,18.23,1,0,0,0.4478063409635191
1.0,199.0,22.69,1,0,0,0.31657843181679085
2.0,74.8,54.4,1,0,1,0.5093161279684135
1.0,79.9,16.32,1,0,0,0.3668069504019955
1.0,10.5,8.11,1,0,0,0.49608872399851156
1.0,110.0,18.02,1,0,0,0.3491594407689102
1.0,35.0,17.93,1,0,0,0.3995293260918079
1.0,89.9,13.65,1,0,0,0.36966744691065534
1.0,39.9,17.63,1,0,0,0.3942282745229646
1.0,129.9,19.5,1,0,0,0.33913930578781604
1.0,35.94,13.59,1,0,0,0.41091814081798217
1.0,179.0,20.29,1,0,0,0.3250084324352792
1.0,200.0,18.98,1,0,0,0.3234913721267674
1.0,103.99,22.03,1,0,0,0.34310165387131586
1.0,55.0,7.78,1,0,0,0.4177624526526953
1.0,34.9,17.17,1,0,0,0.4016025615755729
1.0,32.5,7.87,1,0,0,0.44190638365273627
1.0,99.0,8.85,15,1,1,0.999999999999958
1.0,79.9,15.31,1,0,0,0.36961266597182507
1.0,44.9,19.32,1,0,0,0.38481003729049323
1.0,2399.0,68.33,1,0,0,0.20687062285777003
1.0,99.9,23.57,1,0,0,0.3419906727470835
1.0,139.0,17.22,1,0,0,0.34162073005540766
1.0,82.99,19.82,1,0,0,0.3568498921814408
1.0,114.9,19.08,1,1,0,0.3449818846543423
1.0,59.9,18.04,1,0,0,0.3749382162763422
1.0,299.0,37.0,1,0,0,0.28411482540233823
1.0,39.0,15.37,1,0,0,0.40145617474479484
2.0,91.98,24.86,1,0,1,0.5328136315868174
1.0,1299.9,41.55,1,0,0,0.23584689653187285
1.0,65.0,15.2,1,1,0,0.378899399499778
1.0,229.9,11.02,1,0,0,0.34116145529935393
1.0,125.0,18.65,1,0,0,0.3425291023740537
1.0,69.9,0.0,1,0,1,0.5556933290254915
1.0,219.0,16.28,1,0,0,0.326348287185462
1.0,155.0,9.51,1,0,0,0.3633465840187826
1.0,55.3,7.71,1,0,0,0.4179525523234866
2.0,30.0,32.22,1,0,1,0.5739227504115699
1.0,350.0,14.89,15,1,1,0.999999999999942
1.0,679.0,16.25,1,0,0,0.28701524943256584
1.0,199.9,18.59,1,0,0,0.3243516584478192
1.0,99.9,11.72,1,0,0,0.37205598918164423
1.0,160.0,19.22,1,1,0,0.33152602424324157
1.0,229.7,13.95,1,0,0,0.3310163633157501
1.0,59.9,17.67,1,0,0,0.3758428703844311
1.0,119.9,13.86,1,0,0,0.3569398774431695
1.0,116.9,0.0,1,0,1,0.5323932563845394
1.0,106.9,18.0,1,0,0,0.35037915269809883
1.0,149.87,36.37,1,0,0,0.30945786210153486
1.0,82.49,18.68,1,0,0,0.35961810801352884
1.0,12.99,15.1,1,0,0,0.4552535157425083
1.0,109.0,22.58,1,0,0,0.34018565901706166
,,,1,0,0,0.3610559326759919
2.0,80.0,29.04,1,0,1,0.5323497807959545
1.0,219.0,16.28,1,0,0,0.326348287185462
1.0,99.9,17.14,1,0,0,0.3552632970756105
1.0,437.0,61.14,1,0,0,0.25574929231045923
1.0,45.95,15.1,1,0,0,0.3947284200849459
1.0,52.0,10.97,1,0,0,0.40386294870162737
1.0,49.0,19.66,1,0,0,0.3801177372428074
1.0,139.9,23.85,1,0,0,0.32807008771835633
1.0,226.95,18.32,1,0,0,0.320187318016516
1.0,299.9,24.03,1,0,0,0.29953262717247486
1.0,37.5,17.6,1,0,0,0.3971620525135635
2.0,28.8,23.7,1,0,1,0.5890105716904928
1.0,999.9,21.17,1,0,0,0.26528270374339763
1.0,99.0,14.44,1,0,0,0.3630930492786729
1.0,77.9,12.8,1,0,0,0.3787252085040509
1.0,30.9,16.79,1,0,0,0.4083113322659558
1.0,65.0,13.47,1,0,0,0.384340065416819
1.0,52.0,22.94,1,0,0,0.370879907152772
1.0,89.0,41.01,1,0,0,0.32537016004823666
1.0,64.99,14.62,1,0,0,0.3806472547399764
1.0,24.9,15.1,1,0,0,0.4234399014588768
1.0,75.9,23.33,1,0,0,0.35382487164745763
1.0,29.9,14.08,1,0,0,0.4179476168664418
1.0,367.9,59.33,1,0,0,0.2620475788558768
1.0,96.9,19.92,1,0,0,0.3501649212136201
1.0,54.9,14.55,1,0,0,0.38836180863867914
1.0,142.99,18.43,1,0,0,0.3376609421011206
1.0,34.99,17.78,1,0,0,0.3999179033248258
1.0,86.3,23.18,1,0,0,0.3487028221770522
1.0,169.9,30.31,1,0,0,0.31143533844867216
1.0,45.0,18.42,1,0,0,0.3868000440268858
1.0,54.99,11.73,1,1,0,0.3981852600484443
1.0,12.9,7.78,1,0,0,0.48789174904307975
1.0,199.9,13.83,1,0,0,0.3366849748010371
1.0,30.0,14.1,1,0,0,0.41772313755722923
1.0,59.9,16.18,1,0,0,0.3797225687387746
1.0,29.9,12.79,1,0,0,0.42244372599017566
2.0,55.98,68.3,1,1,1,0.5139751913443799
1.0,379.99,26.52,1,0,0,0.28775866394486965
1.0,89.6,18.51,1,0,0,0.3565234123744825
1.0,29.7,16.32,1,0,0,0.41146974720744617
2.0,260.0,16.5,1,0,1,0.5059816217721277
1.0,39.9,8.72,1,0,0,0.42713594646093733
1.0,250.0,62.49,1,0,0,0.2731059623256424
2.0,138.0,94.48,1,0,0,0.46068359776090695
1.0,398.0,18.49,1,0,0,0.2997449137845555
1.0,64.8,23.03,1,0,0,0.36110989270911115
1.0,5.2,15.1,1,0,1,0.5003603237372735
1.0,129.9,27.16,1,0,0,0.32587900242874274
1.0,90.0,12.97,1,0,0,0.3719116566398686
1.0,199.0,0.0,1,0,1,0.5090351701658364
1.0,107.99,18.86,1,0,0,0.3479957203344287
1.0,49.0,15.44,1,0,0,0.3908028693334855
2.0,499.8,35.18,1,0,0,0.44536593410376335
1.0,41.29,9.34,1,0,0,0.42219886996127864
2.0,69.98,51.26,1,0,1,0.5147743531932396
1.0,43.0,13.37,1,0,0,0.40334191487266496
1.0,39.99,15.1,1,1,0,0.40110428588692054
1.0,169.9,18.44,1,0,0,0.33089716475496705
1.0,108.9,20.0,1,0,0,0.34520336580151556
1.0,57.99,16.66,1,0,0,0.37986270546343326
,,,1,0,0,0.3610559326759919
1.0,56.99,14.57,1,0,0,0.3866275369651579
1.0,109.9,11.11,1,0,0,0.370461697319118
1.0,29.99,8.72,1,0,0,0.44072423164061264
1.0,69.5,14.58,1,0,0,0.37782624837226775
1.0,33.89,17.17,1,0,0,0.40297133573449256
1.0,97.9,11.89,1,0,0,0.3722598397891866
1.0,249.99,10.56,1,0,0,0.33983730795283396
1.0,168.99,9.75,1,0,0,0.35871837492318626
1.0,29.0,24.35,1,0,0,0.394908749577239
1.0,89.99,17.37,1,0,0,0.35905895873798166
1.0,122.0,16.06,1,0,0,0.34983479642704896
1.0,19.9,11.85,1,0,0,0.445752818457975
1.0,89.9,23.43,1,0,0,0.34656841063360333
1.0,35.0,15.1,1,0,0,0.4072988283241071
1.0,34.9,14.52,1,0,0,0.40923178049802084
1.0,120.0,20.0,1,0,0,0.3412714762223137
1.0,84.9,19.56,1,0,0,0.3564486278384834
1.0,13.65,8.72,1,0,0,0.4793930662654775
1.0,39.0,15.1,1,1,0,0.4022636719278618
1.0,49.9,13.56,1,0,0,0.39588243093352865
1.0,99.9,19.99,1,0,0,0.3487594914819587
1.0,269.0,28.14,1,0,0,0.29748903538793814
1.0,139.0,54.72,1,0,0,0.29811057298449
1.0,46.99,23.13,1,0,0,0.37503329432792615
1.0,19.9,15.1,1,0,0,0.4342819700939666
2.0,262.0,33.36,1,0,0,0.474037685656563
1.0,64.9,18.33,1,1,0,0.3707346059926845
1.0,1299.65,23.04,1,0,0,0.2547417989785124
1.0,99.99,29.1,1,0,0,0.3335980818240522
1.0,191.0,10.08,1,0,0,0.3523384446088617
1.0,69.9,21.13,1,0,0,0.361455337309868
1.0,29.99,7.78,1,0,0,0.44633880107319707
1.0,49.0,15.1,1,0,0,0.39180794088939863
2.0,59.8,15.42,1,0,1,0.5742145466129828
1.0,350.0,36.53,1,0,0,0.27925584252494956
1.0,55.9,15.14,1,0,0,0.38576124176943244
1.0,249.0,49.18,1,0,0,0.2808401894273305
1.0,67.7,35.79,1,0,0,0.3416703710290522
2.0,119.98,33.34,1,0,1,0.5080142876986264
2.0,197.8,19.02,1,1,1,0.5110338275630809
1.0,349.9,36.25,1,0,0,0.27952727528076754
1.0,129.8,49.44,1,0,0,0.3040871115328635
1.0,32.99,17.6,1,0,0,0.40311690732538197
2.0,75.8,62.2,1,0,1,0.5034372435979859
1.0,89.9,11.83,1,0,0,0.3761278256734027
1.0,24.5,11.85,3,1,1,0.9999999999999332
1.0,48.89,15.1,1,0,0,0.3919097556407941
1.0,89.99,7.88,1,0,0,0.39508151052059276
1.0,259.9,47.9,1,0,0,0.2802372928372961
1.0,108.0,9.77,1,0,0,0.37710612866387994
1.0,57.0,11.01,1,0,0,0.3995242519209405
1.0,22.5,13.43,1,0,0,0.4338106623948144
1.0,179.9,16.36,1,0,0,0.3336465426041968
1.0,59.9,17.85,1,0,0,0.37540004101749835
1.0,24.9,12.79,1,0,0,0.4312153691505591
1.0,318.0,13.73,1,0,0,0.31965394708356815
1.0,49.9,34.15,1,0,0,0.35652112704963834
1.0,149.9,12.14,1,0,0,0.3537012613683453
1.0,15.0,18.23,1,0,0,0.4394121889248052
1.0,139.49,15.29,1,0,0,0.3465299681250352
1.0,149.0,34.8,1,0,0,0.3112798013410446
1.0,349.9,16.95,1,0,0,0.3076481629407919
1.0,79.9,57.11,1,0,0,0.3179949165194598
1.0,139.99,23.56,12,1,1,0.999999999999946
1.0,239.99,24.55,1,0,0,0.3066595577115011
1.0,149.9,15.28,1,0,0,0.3436842531572655
1.0,48.0,11.85,1,1,0,0.4038999244902387
1.0,19.9,15.1,1,0,0,0.4342819700939666
3.0,68.69999999999999,22.26,1,0,1,0.5514173998665763
1.0,237.0,17.63,1,0,0,0.32013380391091395
2.0,796.0,58.22,1,0,0,0.4072860483518121
1.0,199.0,38.94,1,0,0,0.29659283680195286
4.0,279.6,49.72,1,0,0,0.455142646237565
1.0,167.9,16.81,1,0,0,0.3351900803627586
1.0,35.99,18.94,1,0,0,0.39580167851818154
1.0,415.37,15.25,1,0,0,0.3058984895135603
1.0,139.9,17.42,1,0,0,0.34087872035718864
1.0,92.99,28.01,1,0,0,0.33803365821032805
1.0,18.9,15.1,1,0,0,0.43679620098271676
1.0,199.9,45.2,1,0,0,0.29131147654119605
1.0,49.0,14.65,1,0,0,0.3931788803166885
1.0,159.98,45.11,1,0,0,0.29944144687588775
1.0,109.0,21.7,1,0,0,0.34180503990529487
1.0,14.2,10.96,1,0,0,0.4661848464330598
1.0,599.99,17.8,1,0,0,0.2875130603884437
1.0,99.99,14.43,1,0,0,0.3627060748192302
1.0,69.9,18.29,1,0,0,0.3676081095565188
1.0,579.0,18.14,1,0,0,0.2879487094287446
1.0,34.9,14.52,1,0,0,0.40923178049802084
1.0,39.9,14.1,1,0,0,0.4043469903964696
1.0,23.49,8.27,1,0,0,0.4551824128512386
5.0,99.5,80.55,1,0,0,0.48147405892926237
1.0,59.9,17.67,1,0,0,0.3758428703844311
1.0,129.0,13.92,1,0,0,0.35375728437354237
1.0,120.0,39.77,1,1,0,0.3147120108755108
1.0,34.99,16.6,1,0,0,0.4030038985372806
1.0,54.9,22.09,1,0,0,0.3700792859591404
1.0,49.9,18.15,1,0,0,0.3827887581252865
1.0,36.23,19.32,1,0,0,0.39461780736170327
1.0,35.9,10.96,1,0,0,0.42109524131368803
1.0,79.0,15.3,1,0,0,0.3701281537185772
1.0,129.97,50.94,1,0,0,0.30302093344986347
1.0,146.99,13.58,1,0,0,0.34956028548990614
1.0,99.0,8.11,1,0,0,0.3895676883600588
1.0,16.9,18.23,3,1,1,0.9999999999999325
1.0,85.9,16.36,1,0,0,0.3636149180617845
1.0,99.0,17.94,1,0,0,0.3536915838642762
1.0,49.9,22.28,1,0,0,0.3739405786627816
1.0,55.9,18.27,1,0,0,0.37743764978630967
1.0,24.99,15.28,1,0,0,0.4227182662467633
1.0,118.99,17.96,1,0,0,0.34609877534153544
1.0,83.99,23.17,1,0,0,0.349851786792135
1.0,225.0,14.24,1,0,0,0.3309273769130223
1.0,56.99,14.15,1,0,0,0.3879514848140964
1.0,129.0,23.77,1,0,0,0.33138755028304134
1.0,112.99,14.54,1,0,0,0.35728571653002944
1.0,139.9,15.15,1,0,0,0.3468071851882112
1.0,8.25,10.96,1,0,0,0.4931983996289086
1.0,56.99,15.15,1,0,0,0.38486957180892645
1.0,169.9,21.68,1,0,0,0.3243494933495546
1.0,443.0,18.99,1,0,0,0.2950681573812976
1.0,205.0,15.04,1,0,0,0.3321596906234123
1.0,39.9,13.37,1,0,0,0.4068028397129563
1.0,39.99,17.06,1,0,0,0.39559186392213047
1.0,47.9,16.11,1,0,0,0.3899217155274748
2.0,370.0,109.66,1,0,0,0.4140025135409494
1.0,49.89,18.23,1,0,0,0.38260473659672517
1.0,158.0,28.49,1,0,0,0.31649941808857773
1.0,118.96,9.75,1,0,0,0.373127034672811
1.0,99.9,17.95,1,0,0,0.3532925326036303
1.0,89.0,23.77,1,0,0,0.34639852310790686
1.0,179.99,24.06,1,0,0,0.3180585282533234
1.0,113.9,22.51,1,0,0,0.3385366972756827
1.0,115.9,12.02,1,0,0,0.3646752742364131
1.0,69.9,19.98,1,0,0,0.363822542337135
1.0,11.55,14.1,1,0,0,0.4643218513571507
1.0,55.2,48.92,1,0,0,0.3386493045839478
1.0,39.99,12.94,6,1,1,0.9999999999999607
1.0,99.18,16.88,1,0,0,0.3562200820000769
1.0,26.9,15.1,1,1,0,0.4197401451173216
2.0,57.8,45.7,1,0,1,0.5283355983752319
1.0,599.9,13.61,1,0,0,0.2980247692739013
1.0,109.9,18.02,1,0,0,0.34919668652121977
1.0,381.99,37.66,1,0,0,0.275341338114747
1.0,84.9,16.56,1,0,0,0.3635834824796543
1.0,550.0,21.73,1,0,0,0.28284743477749485
1.0,159.9,16.33,1,0,0,0.3383137631315193
1.0,109.0,13.78,1,1,0,0.36113647100496915
1.0,46.99,12.79,1,0,0,0.4013187762768808
1.0,179.0,20.44,1,1,0,0.3247124469118086
1.0,79.9,23.36,1,0,0,0.35160786548375267
1.0,37.9,13.08,1,0,0,0.41021518053937844
1.0,79.99,11.17,1,0,0,0.3838120030249075
1.0,105.0,67.03,1,0,0,0.30199971769823153
1.0,159.98,29.91,1,0,0,0.3141942770904232
1.0,99.0,20.18,1,0,0,0.3487381875656051
1.0,244.0,20.9,1,0,0,0.31227428443000443
1.0,49.8,14.11,1,0,0,0.39415412316320425
1.0,54.99,18.26,1,0,0,0.3781894870870849
1.0,19.5,15.1,1,0,0,0.4352713312321048
1.0,289.0,19.3,1,0,0,0.3092876104723003
1.0,99.9,15.45,1,0,0,0.35975008336107744
1.0,49.9,13.71,1,0,0,0.39537802817932965
1.0,24.9,15.1,1,0,0,0.4234399014588768
1.0,59.9,15.17,1,0,0,0.38259566891030244
3.0,319.70000000000005,41.29,1,1,0,0.4571169158686526
1.0,57.31,16.16,1,0,0,0.38173698467583056
2.0,119.8,35.34,1,0,1,0.5055979941849877
2.0,89.98,30.46,1,0,1,0.5249031485477592
1.0,167.92,12.68,1,0,0,0.34725030081155406
1.0,177.99,14.4,1,0,0,0.3394573346894289
1.0,169.9,17.63,1,0,0,0.3327492708686354
1.0,34.3,18.23,1,0,0,0.3997284374197176
1.0,589.0,26.44,1,0,0,0.273593823479422
1.0,129.78,17.16,1,0,0,0.34451524235976694
1.0,39.5,15.11,1,0,0,0.40164396988537626
1.0,149.0,13.34,1,0,0,0.3497941294625398
1.0,189.0,18.25,1,0,0,0.3272319792845582
1.0,69.99,8.74,1,0,0,0.40123508899539795
1.0,84.9,17.84,1,0,0,0.360367925721472
1.0,49.9,9.09,6,1,1,0.9999999999999616
1.0,49.9,13.01,1,0,0,0.3977877977388199
1.0,99.99,12.03,1,0,0,0.37083366970058607
1.0,75.0,13.89,1,0,0,0.37668164020558903
1.0,129.9,32.51,1,1,0,0.31903815718518413
1.0,339.9,24.09,1,0,0,0.2950878950027223
1.0,39.99,19.47,1,0,0,0.3897394848214428
1.0,49.95,13.71,1,0,0,0.39533256927456517
2.0,9.98,25.58,1,0,1,0.6356615879025215
1.0,49.9,16.79,1,0,0,0.38622962332862837
1.0,130.0,18.16,1,0,0,0.342066745768274
1.0,59.9,16.61,1,0,0,0.37856168322457284
1.0,58.99,11.15,1,0,0,0.3973847849820311
1.0,33.9,14.1,1,0,0,0.411950978221785
2.0,199.4,34.28,1,0,0,0.48450802509212326
1.0,99.0,15.44,1,0,0,0.3601567120433845
1.0,89.9,13.65,1,0,0,0.36966744691065534
1.0,43.0,26.61,1,0,0,0.3731428724769202
1.0,62.7,16.07,1,0,0,0.37800929031171077
2.0,179.8,22.48,1,1,1,0.5075257755631056
1.0,1688.0,165.75,1,0,0,0.19474338733527544
2.0,64.0,15.56,1,0,1,0.5706830960208195
1.0,119.9,16.6,1,0,0,0.349126983127562
2.0,113.98,15.64,1,0,1,0.5443393331137908
1.0,29.4,22.28,1,0,0,0.3980965246316853
1.0,19.99,7.78,1,0,0,0.4661367140656194
1.0,29.0,14.1,1,0,0,0.41933424502211364
1.0,69.9,21.13,1,0,0,0.361455337309868
1.0,659.99,18.37,1,0,0,0.2832523425812724
2.0,67.8,30.2,1,0,1,0.5382772714107672
2.0,579.8,149.5,1,0,0,0.38633622106359167
1.0,129.9,51.2,1,0,0,0.3028686474672445
1.0,119.99,16.6,1,0,0,0.3490964489871136
2.0,211.2,38.56,1,0,0,0.4770716820060672
1.0,274.99,22.72,1,0,0,0.3047267018574614
1.0,99.99,17.95,1,0,0,0.3532552067806012
1.0,29.99,16.79,1,0,0,0.4097202754135739
1.0,139.0,21.42,1,0,0,0.3326205461119001
1.0,330.0,15.79,1,0,0,0.31257434114470645
1.0,59.99,18.52,1,0,0,0.37373033508965686
1.0,199.0,32.14,1,0,0,0.30343588358441964
1.0,189.0,19.42,1,0,0,0.32470622256296855
2.0,469.9,26.28,1,1,0,0.460369702030027
1.0,249.0,18.99,1,0,0,0.3153243172474864
1.0,35.9,11.73,1,0,0,0.4178701272561322
1.0,60.0,42.7,1,0,0,0.34010945111657415
1.0,24.99,18.28,1,0,0,0.41453369687659675
1.0,109.9,17.21,1,0,0,0.3511482944393048
1.0,249.9,42.04,1,0,0,0.28592233168208403
1.0,109.82,20.01,1,0,0,0.3448399064502278
2.0,166.4,49.36,1,0,0,0.47724506284255874
1.0,199.9,8.98,1,0,0,0.35576383857587707
1.0,33.8,7.78,1,0,0,0.44059555939663614
1.0,129.9,13.93,1,0,0,0.35344285930787284
1.0,29.99,7.47,1,0,0,0.4483513095768064
1.0,17.9,7.87,1,0,0,0.4710222027397794
1.0,110.0,27.5,1,0,0,0.3319697193068119
2.0,31.8,17.64,1,0,1,0.5973945656525388
1.0,169.8,27.27,1,0,0,0.31543683329171546
1.0,109.9,13.47,1,0,0,0.36180145092216753
3.0,179.7,53.010000000000005,1,0,0,0.4713738452143616
1.0,299.99,22.59,1,0,0,0.3018619355146622
1.0,14.6,18.23,1,0,0,0.4407406626434297
1.0,299.0,15.84,1,0,0,0.31598685981971775
1.0,289.9,50.77,1,0,0,0.27466887626962705
1.0,69.9,17.74,1,0,0,0.36892921266983464
1.0,18.9,12.48,1,0,0,0.4457985314368986
2.0,317.98,74.88,1,0,0,0.4337367744696432
1.0,58.5,7.67,1,0,0,0.4156297742714431
1.0,32.97,7.78,1,0,0,0.4417855180469844
1.0,45.9,21.15,1,0,0,0.379897415686766
1.0,59.99,13.54,1,0,0,0.3876641730637953
1.0,21.99,15.1,1,0,0,0.4294326229204268
1.0,193.8,18.52,1,0,0,0.3256787868061764
1.0,200.0,26.24,1,0,0,0.31079200806045626
1.0,49.0,18.23,1,0,0,0.3834128968595062
1.0,39.9,13.37,1,0,0,0.4068028397129563
1.0,49.9,7.78,1,0,0,0.4222505148598961
1.0,45.9,15.1,1,0,0,0.39477805578051167
1.0,699.9,20.87,1,0,0,0.2766617911940557
1.0,35.0,7.94,1,0,0,0.43792744618862856
1.0,30.0,8.72,1,0,0,0.44070819694566254
1.0,1169.0,59.73,1,0,0,0.22825392274757353
1.0,129.97,19.01,1,0,0,0.34017090842935577
2.0,249.8,29.66,1,0,0,0.4811172562051734
1.0,89.9,15.39,1,0,0,0.36435630504838146
1.0,23.99,7.78,1,0,0,0.45717901542871275
2.0,109.98,17.76,1,0,1,0.5400137882216667
1.0,238.99,22.47,1,0,0,0.3102077638321595
1.0,110.0,17.51,1,0,0,0.3503758427508759
1.0,17.99,14.1,1,0,0,0.4424251029376673
1.0,348.88,19.69,1,0,0,0.301855870571412
1.0,118.74,16.98,1,0,0,0.34855854409230497
7.0,1330.0,308.35,1,0,0,0.3362131064713766
1.0,174.99,24.03,1,0,0,0.31917127612947277
1.0,99.0,52.7,1,1,0,0.3122859564966912
2.0,99.8,57.5,1,0,0,0.4939146243434957
1.0,126.0,15.98,1,0,0,0.34873878279085124
1.0,69.0,7.74,1,0,0,0.40771079678590605
2.0,70.0,21.92,1,0,1,0.5509226098119792
1.0,25.5,15.1,1,0,0,0.42229748279887025
1.0,79.9,16.81,1,0,0,0.3655175281332839
1.0,369.0,16.67,1,0,0,0.306448622484738
2.0,75.89,27.94,1,0,1,0.5364550451201155
1.0,148.0,18.29,1,0,0,0.3366181803848553
1.0,249.9,15.65,1,0,0,0.3230489707641512
1.0,42.99,10.96,1,0,0,0.4126620507937126
1.0,99.9,16.46,1,0,0,0.3570038273652561
1.0,55.0,15.27,1,0,0,0.38610283038767074
1.0,115.0,15.57,1,0,0,0.35358346743239527
1.0,149.98,25.89,1,0,0,0.32215885380463877
1.0,97.49,17.93,2,1,1,0.9999999999986824
1.0,34.0,15.11,1,0,0,0.4086254276825655
1.0,119.98,58.92,1,0,0,0.30116209245582204
1.0,29.49,19.32,1,0,0,0.4042123953163099
1.0,36.9,8.27,1,0,0,0.4334152154825135
1.0,28.99,18.3,1,0,0,0.4074378953412499
1.0,69.9,11.99,1,0,0,0.38645480665708365
2.0,65.8,17.44,1,0,1,0.5641502672904579
1.0,115.0,13.83,1,0,0,0.3587549375011085
1.0,47.0,7.71,1,0,0,0.4254733664757991
1.0,10.0,7.78,1,0,1,0.5005963390268923
1.0,319.99,44.52,1,0,0,0.27563287806742137
1.0,45.9,9.34,1,0,0,0.4172647592386058
1.0,167.0,19.05,1,0,0,0.3302295454032677
1.0,18.9,13.47,1,0,0,0.44216713947893355
1.0,29.98,14.1,1,0,0,0.41775478932036836
1.0,69.0,14.23,1,0,0,0.3792321520694239
2.0,59.8,15.56,1,0,1,0.5737963824312386
1.0,87.59,19.58,1,0,0,0.3550950723421634
1.0,18.9,16.79,1,1,0,0.4318795429127589
5.0,114.5,70.55,1,0,0,0.48013051788490907
1.0,59.7,21.22,1,0,0,0.36810510304526206
1.0,119.9,15.94,1,0,0,0.35086393068836796
1.0,24.4,12.79,1,0,0,0.43219458696031693
2.0,162.8,34.15,1,0,0,0.4934765288380262
1.0,11.0,7.87,1,0,0,0.49526821777409674
1.0,135.0,15.83,1,0,0,0.3463574993004389
1.0,30.21,17.6,1,1,0,0.4072468076979325
1.0,187.0,13.75,1,0,0,0.33951441817693256
1.0,89.0,13.64,1,0,0,0.37012895706586735
1.0,90.0,22.95,1,0,0,0.3473674394754934
1.0,69.9,20.98,1,0,0,0.36175539539516155
2.0,68.4,23.46,1,0,1,0.5489503827653457
1.0,349.0,16.2,1,0,0,0.30955232496551716
1.0,75.0,15.28,1,0,0,0.3724263849783716
1.0,23.99,11.85,1,0,0,0.4366462771070626
1.0,99.9,15.91,1,0,0,0.3584741559575961
1.0,21.7,19.34,1,0,0,0.4187640126411665
1.0,659.0,59.09,1,0,0,0.24444510909222808
2.0,63.98,32.64,1,0,1,0.5376305238150625
1.0,149.9,14.07,1,0,0,0.3472346790854269
1.0,109.0,16.07,1,0,0,0.35442427773008556
1.0,57.49,16.16,1,0,0,0.38159765592390377
1.0,442.95,17.27,1,0,0,0.2987556840522564
2.0,319.8,31.74,1,0,0,0.46784383462961077
1.0,180.0,10.01,1,0,0,0.3550035931386588
1.0,112.99,25.14,1,0,0,0.33442863091636366
1.0,390.0,29.39,1,0,0,0.2832066818681581
4.0,199.6,31.24,1,0,0,0.4887785062137325
1.0,79.9,15.44,1,0,0,0.36923967883247183
1.0,102.0,18.59,1,0,0,0.3509481612154416
1.0,89.0,34.99,1,0,0,0.3312538467179
1.0,150.88,18.94,1,0,0,0.3344186055415691
1.0,14.99,7.78,1,0,0,0.48040715792534916
1.0,69.9,11.88,1,0,0,0.3868792656056302
1.0,349.9,31.98,1,0,0,0.28385738085233103
1.0,49.99,21.15,1,0,0,0.37607744078847605
1.0,21.99,7.78,1,0,0,0.46144391665852635
1.0,75.0,15.28,1,0,0,0.3724263849783716
1.0,84.99,15.34,1,0,0,0.3668847607149845
1.0,53.9,14.47,7,1,1,0.999999999999958
1.0,144.0,13.45,6,1,1,0.9999999999999498
1.0,39.0,16.11,1,0,0,0.39932384781162783
1.0,54.85,27.66,1,0,0,0.36080432654577616
1.0,569.9,119.29,1,0,0,0.22978711564535936
2.0,29.8,35.56,1,0,1,0.5701156150077324
1.0,79.9,17.81,1,0,0,0.36301693110662725
2.0,239.98,89.28,1,0,0,0.43894973217289984
1.0,17.9,12.79,1,0,0,0.44729580653325424
1.0,199.9,28.26,1,0,0,0.308016695673696
5.0,374.5,63.25,1,0,0,0.4337577554581522
1.0,78.9,7.9,1,0,0,0.40074452313862824
1.0,67.7,35.53,1,0,0,0.3419485561367622
1.0,39.99,7.78,1,0,0,0.4326049769589234
1.0,290.0,10.38,1,0,0,0.3349972507043682
1.0,43.9,15.79,1,0,0,0.39479119132043033
2.0,59.8,38.64,1,0,1,0.5336569953720643
1.0,34.9,14.1,1,0,0,0.41058652837203025
1.0,83.9,9.07,1,1,0,0.391461277744594
1.0,469.0,18.38,1,0,0,0.294406811239505
1.0,64.8,14.03,1,0,0,0.38263105490622434
1.0,108.0,15.52,1,0,0,0.3563113714113479
1.0,58.9,35.73,1,0,0,0.3476198474175707
1.0,29.9,14.08,1,0,0,0.4179476168664418
1.0,39.99,11.85,1,0,0,0.4123375378186495
1.0,49.0,8.5,1,0,0,0.4187886170786346
1.0,177.99,14.4,1,0,0,0.3394573346894289
1.0,157.0,18.0,1,0,0,0.334963615002237
3.0,450.0,82.77,1,0,0,0.4164615251242412
1.0,19.47,9.27,1,0,0,0.4587635395134728
1.0,139.9,15.74,1,0,0,0.34517091353184876
1.0,29.98,18.23,1,0,0,0.4060272807995922
1.0,99.9,17.41,1,0,0,0.35459446795673366
1.0,34.9,11.85,1,0,0,0.4187191872215739
1.0,108.9,23.34,1,0,0,0.33888340489576135
1.0,9.99,11.73,1,0,0,0.48038101366548946
1.0,310.9,28.73,1,0,0,0.2916906756986379
1.0,42.31,7.56,1,0,0,0.431356747553875
1.0,69.9,9.34,1,0,0,0.39813212788926844
1.0,58.99,17.66,1,1,0,0.37654249447639415
1.0,69.9,35.34,1,0,0,0.3408151263739108
2.0,177.9,34.13,1,0,0,0.4896322687829792
1.0,34.3,15.1,1,0,0,0.4082441911082684
1.0,24.9,16.32,1,0,0,0.419860185311402
1.0,36.9,17.92,1,0,0,0.39710390057802686
1.0,39.9,7.78,1,0,0,0.43271134172083686
1.0,110.0,22.83,1,0,0,0.33937007608743874
1.0,152.75,25.91,1,0,0,0.3214257322497452
1.0,249.0,16.49,11,1,1,0.9999999999999443
1.0,47.9,11.85,1,0,0,0.4039954987070386
2.0,78.0,28.19,1,0,1,0.5348060602409156
1.0,109.9,22.48,1,0,0,0.3400331517193735
1.0,49.0,7.39,1,0,0,0.42560994813339087
1.0,69.9,19.68,1,0,0,0.3644664943098562
1.0,78.0,7.81,1,0,0,0.4018033475613814
1.0,139.0,85.75,1,0,0,0.28392349757114466
1.0,105.0,18.81,1,0,0,0.3492588693663117
1.0,159.9,51.84,1,0,0,0.2947589760019257
1.0,29.0,15.1,1,0,0,0.41616058115434545
1.0,18.9,18.23,1,0,0,0.4281157498497738
4.0,133.6,56.4,1,0,0,0.48191905178054073
1.0,159.99,33.57,1,0,0,0.30991574867968014
1.0,49.95,37.04,1,0,0,0.3533221201531547
1.0,59.9,9.34,1,0,0,0.4050640435463477
1.0,49.9,12.69,1,0,0,0.39893898799935257
1.0,107.0,12.25,1,0,0,0.36716016333248325
1.0,45.9,15.11,1,0,0,0.3947480454104912
1.0,139.65,34.78,1,0,0,0.3137610554872869
1.0,120.0,15.01,1,0,0,0.35342519185938914
1.0,373.4,19.05,1,0,0,0.3007822160643762
1.0,19.9,7.78,1,1,0,0.4663592854216036
3.0,104.2,24.33,1,0,1,0.5284533717158622
1.0,139.88,27.06,1,0,0,0.3231404731146729
1.0,22.9,8.27,1,0,0,0.4564268097752503
1.0,35.0,8.88,1,1,0,0.4324481816861069
1.0,49.9,17.6,1,0,0,0.38414305322384035
1.0,44.9,13.08,1,0,0,0.4023667463521196
1.0,189.99,24.13,1,0,0,0.315915208676432
1.0,118.0,13.95,1,0,0,0.3573126383133515
1.0,422.0,22.92,1,0,0,0.28959305059623125
1.0,169.99,14.79,1,0,0,0.340113481858435
1.0,49.13,15.1,1,0,0,0.39168793817311937
1.0,83.99,15.34,1,0,0,0.36738953162643867
1.0,54.9,16.14,1,0,0,0.38370564201206964
1.0,31.9,15.32,1,0,0,0.41098802219493774
1.0,82.99,21.53,1,0,0,0.35338383425825
1.0,49.0,8.5,1,0,0,0.4187886170786346
1.0,51.98,42.39,1,0,0,0.3464809175777057
1.0,9.9,25.63,1,0,0,0.4445895347268884
2.0,391.8,25.74,1,0,0,0.4686356910782687
1.0,17.99,10.96,1,0,0,0.45447759293192697
1.0,169.9,25.01,1,0,0,0.31873638960321765
1.0,85.9,14.33,1,0,0,0.3694422292727655
1.0,35.99,12.48,1,0,0,0.4148314331570452
1.0,385.0,59.23,1,0,0,0.2606581486083164
1.0,219.9,18.79,1,0,0,0.3203399874952987
1.0,19.9,15.11,1,0,0,0.43425111139196876
2.0,309.76,21.0,1,0,0,0.48746680751363924
1.0,388.0,18.35,1,0,0,0.30091640975049044
1.0,19.9,12.48,1,0,0,0.44327326623148017
1.0,79.0,45.02,1,0,0,0.326800092483714
1.0,169.79,15.95,1,0,0,0.3369573538817134
1.0,109.9,9.58,1,0,0,0.3772784621979628
1.0,99.99,19.94,1,0,0,0.3488268642041181
2.0,91.2,36.46,1,0,1,0.5166030811270673
1.0,99.9,15.45,1,0,0,0.35975008336107744
1.0,129.77,16.88,1,0,0,0.3452142422205108
1.0,178.99,15.0,1,0,0,0.337499905778536
2.0,88.7,28.88,1,0,1,0.5278694510491134
1.0,109.9,8.35,1,0,0,0.3837078412613934
3.0,456.8,50.96,5,1,1,0.9999999999999631
1.0,109.9,36.12,1,0,0,0.32164791442104324
1.0,36.9,14.52,1,0,0,0.40662858565519167
2.0,169.8,53.0,1,0,0,0.4735166020383987
1.0,22.5,22.89,1,0,0,0.40956834612679405
1.0,173.9,13.35,1,0,0,0.34362696228717465
1.0,119.85,23.64,1,0,0,0.3345249632854628
1.0,49.77,11.85,1,0,0,0.40224348098661855
2.0,24.89,55.27,1,0,1,0.5610051933398654
1.0,11.55,7.78,1,0,0,0.4934083654892824
1.0,34.3,18.23,1,0,0,0.3997284374197176
4.0,235.6,60.68,1,0,0,0.45448926931904715
1.0,29.99,15.1,1,0,0,0.41456875034417173
2.0,106.4,27.9,1,0,1,0.5211298361758123
1.0,29.99,15.1,1,0,0,0.41456875034417173
1.0,35.0,8.72,1,0,0,0.43333514753667474
1.0,24.9,20.8,1,0,0,0.40894361670966184
1.0,126.0,34.64,1,0,0,0.31786054711722417
3.0,37.47,54.69,1,0,1,0.5420212851284605
1.0,69.9,22.36,1,0,0,0.35908583775986136
1.0,219.94,17.3,1,1,0,0.3236874271145294
1.0,49.0,16.6,1,0,0,0.3875564099913403
1.0,100.0,12.2,1,0,0,0.37019474007098874
2.0,33.0,36.56,1,0,1,0.5640870805747732
1.0,39.99,7.54,1,0,0,0.43414507858883017
1.0,56.99,8.72,1,0,0,0.4106168107434582
1.0,69.99,20.98,1,0,0,0.36170017035324
1.0,59.9,14.17,1,0,0,0.38566614564611224
1.0,48.9,9.74,1,0,0,0.4123253896837308
1.0,54.28,11.73,1,0,0,0.39877349819077484
1.0,90.9,50.51,1,0,0,0.31710464172332004
1.0,29.99,15.1,1,0,0,0.41456875034417173
,,,1,0,0,0.3610559326759919
1.0,59.0,17.66,1,0,0,0.3765350157159409
1.0,69.99,13.15,1,0,0,0.3821747078523362
1.0,299.9,22.95,1,0,0,0.30127103572913283
1.0,185.99,54.77,1,0,0,0.28751149714696655
1.0,51.45,22.33,1,0,0,0.37248810447164526
1.0,99.9,9.45,12,1,1,0.9999999999999574
1.0,27.5,18.0,1,0,0,0.41067594435389015
1.0,69.99,18.59,1,0,0,0.36685136381733957
1.0,50.0,8.72,1,0,0,0.41661850398053374
1.0,60.09,17.99,1,0,0,0.37491984683203855
1.0,19.99,25.63,1,1,0,0.4103289991252233
1.0,53.9,20.8,1,0,0,0.3734484651002719
1.0,143.8,17.64,1,0,0,0.33926155749889053
1.0,109.0,23.56,1,0,0,0.33846828440749105
1.0,79.9,29.08,1,0,0,0.34280340357546946
1.0,24.9,11.85,1,0,0,0.4348444995472962
1.0,109.9,13.89,1,0,0,0.36044353134752577
1.0,21.99,24.35,1,0,0,0.4079766393225847
1.0,24.99,7.78,1,0,0,0.4551850182188862
1.0,51.5,14.44,1,0,0,0.3915827025954943
1.0,89.9,19.32,1,0,0,0.35456884165113894
1.0,110.9,16.54,1,1,0,0.3524732134464405
1.0,44.99,15.11,1,0,0,0.39566190699033665
1.0,79.0,13.57,1,0,0,0.3754775926803514
1.0,32.7,17.06,1,0,0,0.4049318760280051
1.0,254.9,29.14,1,0,0,0.2981125533578235
1.0,48.9,9.26,1,0,0,0.41474889614595756
1.0,49.0,17.67,1,1,0,0.38478623269646794
1.0,59.9,15.17,1,0,0,0.38259566891030244
1.0,79.9,7.81,1,0,0,0.4007371221217399
1.0,27.99,22.13,1,0,0,0.4006952442194788
1.0,114.0,21.25,1,0,0,0.3408471607889778
1.0,199.9,41.79,1,0,0,0.29398392592646916
2.0,118.0,30.32,1,0,1,0.5128515572094394
1.0,134.9,23.81,1,0,0,0.32956088356451946
1.0,149.0,41.33,1,0,0,0.30511865920428066
1.0,120.0,8.26,1,0,0,0.3804888961198346
1.0,119.99,13.42,1,0,0,0.3583301257324535
1.0,39.0,9.27,1,0,0,0.42524145915065525
2.0,500.0,181.46,1,0,0,0.38588133015975223
1.0,584.9,16.65,1,0,0,0.29090992644995994
1.0,39.9,7.39,1,0,0,0.4352410109861409
1.0,75.9,7.79,1,0,0,0.4031390557036864
1.0,32.9,15.11,1,0,0,0.41016900311307575
2.0,89.8,32.72,1,1,1,0.5219120750487583
1.0,79.9,38.11,1,0,0,0.3324436238332406
1.0,29.9,15.1,1,0,0,0.4147111026348986
1.0,63.9,17.7,1,0,0,0.37293180317162206
1.0,99.0,17.94,1,0,0,0.3536915838642762
2.0,45.98,25.38,1,0,1,0.5639544540495682
1.0,29.9,13.37,1,0,0,0.42036166515626394
2.0,79.8,33.2,1,0,1,0.5266928915536739
1.0,19.9,7.39,1,0,0,0.46892306322588573
1.0,53.44,13.03,1,1,0,0.39461005015418127
1.0,97.06,16.05,1,0,0,0.359299203006074
1.0,99.9,13.25,1,0,0,0.3665283724047352
1.0,79.9,14.73,1,0,0,0.3713226015757927
1.0,166.99,40.16,1,0,0,0.3018982246348784
1.0,101.0,67.02,1,0,0,0.30348886751785736
1.0,65.9,12.8,1,0,0,0.3860575453227826
1.0,27.99,10.96,1,0,0,0.43294551490305816
1.0,64.9,25.29,1,0,0,0.357182068762665
1.0,270.0,18.33,1,0,0,0.31378556500288746
1.0,115.0,33.26,1,0,0,0.3229338535218477
1.0,51.9,16.8,1,0,0,0.384437858375091
1.0,29.9,15.31,1,0,0,0.41407565300484134
1.0,18.9,16.79,1,0,0,0.4318795429127589
1.0,19.9,22.28,1,0,0,0.4166421127721136
1.0,84.9,15.34,1,0,0,0.36692991771157785
1.0,1399.99,23.53,1,0,0,0.2519371562814164
1.0,39.9,15.1,1,0,0,0.4012083821585167
1.0,199.99,19.99,1,0,0,0.3214064070768829
1.0,39.9,12.48,1,0,0,0.4100112095114891
1.0,219.0,14.55,1,1,0,0.33104187239868904
1.0,84.9,23.39,1,0,0,0.34901522194620255
1.0,59.99,15.18,1,0,0,0.38249956830885645
1.0,192.9,23.93,1,0,0,0.3156695019697726
1.0,49.99,15.79,1,0,0,0.38889099764556667
1.0,289.99,46.49,1,0,0,0.27750568037669965
2.0,260.0,30.0,1,0,0,0.4789311159161082
1.0,144.41,17.45,1,0,0,0.3395468340093388
1.0,78.71,22.3,1,0,0,0.354154256855341
1.0,57.9,13.08,1,0,0,0.3908280779984542
1.0,120.0,27.57,1,0,0,0.32841384351835445
1.0,126.9,14.62,1,0,0,0.35228655410797405
2.0,119.8,25.52,1,0,1,0.5197394219398923
2.0,158.0,35.6,1,0,0,0.49301936396019747
1.0,159.5,12.32,1,0,0,0.35056123022962477
1.0,59.9,11.92,1,0,0,0.3935875850024601
1.0,269.0,17.09,1,0,0,0.3167386338838248
1.0,15.75,10.96,1,0,0,0.46104695874229124
1.0,24.9,22.1,1,0,0,0.40627898722756334
1.0,55.0,15.83,1,0,0,0.38448945837478327
1.0,153.0,47.37,1,0,0,0.29941332723727454
1.0,23.9,14.52,1,0,0,0.42723226300138334
1.0,30.99,18.32,1,0,0,0.40424992215849115
1.0,159.9,18.37,1,0,0,0.33340794127992646
1.0,39.0,7.78,1,0,0,0.43378946470091534
,,,1,0,0,0.3610559326759919
1.0,20.3,8.11,1,0,0,0.4633133730035963
1.0,10.35,8.72,1,0,0,0.4931946346737418
1.0,54.9,17.63,1,0,0,0.3797998853536411
1.0,49.9,14.1,1,0,0,0.3940955107542911
1.0,39.0,15.37,1,0,0,0.40145617474479484
1.0,58.9,17.98,1,0,0,0.3758250659476017
1.0,188.16,27.62,1,0,0,0.3111126078811941
1.0,44.9,12.48,1,0,0,0.40454764198183635
1.0,119.99,38.89,1,0,0,0.3155222657978655
1.0,110.0,25.22,1,0,0,0.33537793921872866
1.0,99.99,15.91,1,0,0,0.35843658610992957
1.0,124.9,18.97,1,0,0,0.3418527262948643
1.0,59.9,37.97,1,0,0,0.3445815290375542
1.0,208.0,19.04,1,0,0,0.3218879721774478
1.0,125.4,24.96,1,0,0,0.33056886645751093
1.0,109.9,20.01,1,0,0,0.34481025849914826
1.0,42.0,8.45,6,1,1,0.9999999999999634
2.0,119.8,13.44,1,0,1,0.5492831521615569
2.0,680.0,57.36,1,0,0,0.41379024644044815
1.0,73.9,17.26,1,0,0,0.3677177933557922
1.0,146.0,26.3,1,0,0,0.3225863234653353
1.0,39.5,7.87,1,0,0,0.43262260498667654
1.0,75.0,42.76,1,0,0,0.3307861398477947
1.0,109.0,47.49,1,0,0,0.3121464869528979
1.0,23.99,14.52,1,0,0,0.42705109575691785
1.0,89.99,27.17,1,0,0,0.34057689171801164
1.0,94.5,14.83,1,0,0,0.36387644190837276
1.0,49.9,13.71,1,0,0,0.39537802817932965
1.0,29.0,15.1,1,0,0,0.41616058115434545
1.0,72.0,13.62,1,0,0,0.37934425682302236
1.0,124.9,8.46,1,0,0,0.3776820925846454
2.0,129.8,23.46,1,0,1,0.5199241154186126
1.0,335.9,18.11,1,0,0,0.3064574486957732
3.0,749.97,78.78,1,0,0,0.3986643915930356
2.0,58.98,42.3,1,0,1,0.5305531124358378
2.0,277.53,57.25,1,0,0,0.44955756831529237
1.0,44.0,41.0,1,0,0,0.35496301357134336
1.0,49.95,12.69,1,1,0,0.3988933897839705
1.0,124.99,23.19,1,0,0,0.3336238027793638
1.0,129.9,18.16,1,0,0,0.3420975819468727
1.0,21.0,8.84,1,0,0,0.4573818833408671
1.0,77.9,18.99,1,0,0,0.3613474195649529
1.0,82.99,13.16,1,0,0,0.3747332452006751
3.0,107.97,38.07,1,0,1,0.5074547684375462
1.0,129.99,34.27,1,0,0,0.31705311759068794
1.0,86.25,8.97,1,0,0,0.39077816004309224
1.0,21.99,7.78,1,0,0,0.46144391665852635
1.0,29.9,9.34,1,0,0,0.43751242840286164
1.0,44.49,15.1,1,0,0,0.3962027532272247
1.0,15.32,14.52,1,0,0,0.44894307087674795
2.0,199.98,28.9,1,0,0,0.4917501980460393
1.0,699.99,38.17,1,0,0,0.25597808092227603
1.0,349.9,27.13,1,0,0,0.28972305229494766
1.0,89.9,15.38,1,0,0,0.36438480986459926
1.0,19.69,7.4,1,1,0,0.4693793364209795
1.0,93.99,29.06,1,0,0,0.3361575568319291
1.0,129.9,15.66,1,0,0,0.34837207389695235
1.0,99.9,27.31,1,0,0,0.3361153216993738
1.0,29.9,18.23,1,0,0,0.4061530390540158
2.0,348.9,32.63,1,0,0,0.4630672045101361
1.0,169.99,21.68,1,0,0,0.32432923512576456
1.0,16.97,17.63,1,0,0,0.434895396586765
1.0,899.0,32.37,1,0,0,0.25393906821074486
1.0,58.0,11.91,5,1,1,0.9999999999999567
1.0,169.99,24.18,1,0,0,0.3200278839626944
1.0,56.9,25.68,1,0,0,0.3622386703021797
1.0,89.9,14.93,1,0,0,0.3656902404448492
1.0,109.9,15.52,1,0,0,0.35559044171500137
1.0,104.9,19.7,1,0,0,0.3473618602948252
1.0,69.99,7.78,1,0,0,0.40682232991887607
1.0,59.9,17.67,1,0,0,0.3758428703844311
2.0,106.0,30.24,1,0,1,0.5177872191027768
2.0,49.8,23.7,1,1,1,0.5632303679245163
1.0,199.0,18.1,1,0,0,0.32560984680237487
1.0,82.0,13.87,1,0,0,0.3728890189174299
1.0,25.99,15.1,1,1,0,0.42138565478051926
5.0,44.5,62.400000000000006,1,0,1,0.5286562049431505
1.0,449.99,16.17,1,0,0,0.3008111780579645
1.0,27.99,15.1,1,0,0,0.41784609428066566
1.0,99.8,15.45,1,1,0,0.3597919375088517
1.0,1009.0,144.09,1,0,0,0.21011740062410508
1.0,64.99,14.2,1,0,0,0.3819584316223697
1.0,49.0,16.11,1,0,0,0.38889481436681617
1.0,90.0,8.37,1,0,0,0.3922026890069501
1.0,97.49,12.18,1,0,0,0.37134579771304277
1.0,189.0,13.62,1,0,0,0.3395094616575752
1.0,41.9,15.1,1,0,0,0.39895360586698975
1.0,292.9,16.22,1,0,0,0.31576655808167087
1.0,189.9,14.35,1,1,0,0.337089886182928
1.0,349.99,18.76,1,0,0,0.3036298443417766
1.0,199.99,16.28,1,0,0,0.32978801289941984
1.0,177.99,36.57,1,0,0,0.3028658730961956
1.0,169.9,12.39,1,0,0,0.3478003076769552
1.0,99.9,18.75,1,0,0,0.3514459136151949
1.0,61.49,8.27,1,0,0,0.4097143814524954
1.0,32.5,12.79,1,0,0,0.41848633237759014
1.0,154.0,27.4,1,0,0,0.31896150140126694
1.0,125.0,24.03,1,0,0,0.33220017914922656
2.0,104.0,28.24,1,0,1,0.5216283581171675
1.0,99.0,19.93,1,0,0,0.34925810352372627
1.0,129.99,20.88,1,0,0,0.3363064257939916
1.0,49.8,7.39,1,0,0,0.4248579004463215
1.0,34.9,10.96,1,0,0,0.42242879017124163
1.0,90.0,7.89,1,0,0,0.39501607283909157
1.0,124.9,12.37,1,0,0,0.3602955250809479
1.0,226.95,34.95,1,0,0,0.29569294086029635
1.0,39.5,15.11,5,1,1,0.9999999999999578
1.0,21.99,14.1,1,0,0,0.4326324997428755
1.0,1390.0,109.87,1,0,0,0.20836975003538402
1.0,89.99,18.73,1,0,0,0.3558394372150122
1.0,74.0,12.43,1,0,0,0.38229944577695285
1.0,499.99,25.66,1,0,0,0.2798899887285324
1.0,139.0,19.56,1,0,0,0.3363229183090362
1.0,69.99,17.12,1,0,0,0.3704211896373086
1.0,89.9,19.87,1,0,0,0.35338708640308303
1.0,130.0,23.71,1,0,0,0.3311834582637485
1.0,49.39,12.69,1,0,0,0.3994069756628477
3.0,186.97,62.5,1,0,0,0.4632052014674162
1.0,19.9,12.48,1,0,0,0.44327326623148017
4.0,359.6,61.52,1,0,0,0.4364593079887577
1.0,45.0,7.58,1,0,0,0.4283360776020869
1.0,20.0,14.1,1,0,0,0.43724580239628164
1.0,165.75,10.08,1,0,0,0.35798745051043385
3.0,105.0,48.96,1,0,0,0.49835271210887294
1.0,56.0,15.14,1,0,0,0.3856813865022381
1.0,109.9,25.61,1,0,0,0.33480591886909283
1.0,34.9,9.34,3,1,1,0.9999999999999316
1.0,160.0,21.52,1,0,0,0.3269518929683681
1.0,18.99,15.1,1,0,0,0.43656424858804865
1.0,115.9,12.15,1,0,0,0.36419196921007424
1.0,26.99,7.78,1,0,0,0.4514386173402291
1.0,218.36,13.03,1,0,0,0.33585090598934897
1.0,13.9,14.52,1,0,0,0.45374836784460293
1.0,21.99,7.39,1,0,0,0.4640041682856572
1.0,59.9,16.99,1,0,0,0.37756441528621176
1.0,19.9,18.24,1,0,0,0.42558882792019387
1.0,18.9,12.48,1,0,0,0.4457985314368986
1.0,50.7,7.78,1,0,0,0.42151426698686595
1.0,48.9,15.1,1,0,0,0.3919004893422093
1.0,49.9,7.61,1,0,0,0.42332946153985784
1.0,78.0,23.27,1,0,0,0.3527789698036798
1.0,699.99,26.77,1,0,0,0.2677939256742984
1.0,14.9,25.63,2,1,1,0.9999999999990199
1.0,25.99,25.38,1,0,0,0.39827607198733644
1.0,19.0,7.39,1,0,0,0.4712097111052844
1.0,19.49,17.63,1,0,0,0.42814722218030576
1.0,527.9,17.18,1,0,0,0.2930725366277467
1.0,199.9,51.9,1,0,0,0.28671499028984887
1.0,56.97,13.56,1,0,0,0.3899050676354527
1.0,77.9,13.57,1,0,0,0.37608436022420977
1.0,69.9,14.24,1,1,0,0.37863338003547603
1.0,687.0,42.65,1,0,0,0.25302915576406826
1.0,66.99,27.75,1,0,0,0.352068668643807
2.0,58.0,51.26,1,0,1,0.5235403529632064
1.0,88.99,11.83,1,0,0,0.3765644178196551
1.0,54.99,17.63,1,1,0,0.3797270509857698
1.0,63.0,15.54,1,0,0,0.3792887362701759
1.0,29.9,16.05,1,0,0,0.4119132830186591
1.0,97.9,15.44,1,0,0,0.36062447497968825
1.0,64.99,18.56,1,0,0,0.370134902590947
1.0,39.9,14.1,1,0,0,0.4043469903964696
1.0,256.0,24.59,1,0,0,0.30427357022564805
1.0,19.9,14.1,1,0,0,0.4374902747878757
1.0,56.99,16.16,1,0,0,0.38198588048313586
2.0,71.8,30.64,1,0,1,0.5350029342687855
1.0,40.5,12.79,1,0,0,0.40817174753651714
1.0,99.0,12.08,1,0,0,0.37106727116144844
1.0,232.75,24.43,1,0,0,0.3079563367720757
1.0,330.0,10.47,1,0,0,0.32983921651277814
1.0,18.9,8.29,1,0,0,0.4657488047547904
1.0,149.99,22.98,1,0,0,0.32683372058369764
1.0,195.9,14.39,3,1,1,0.9999999999998979
1.0,99.99,71.78,1,0,0,0.3016615069490928
1.0,79.9,7.81,1,0,0,0.4007371221217399
1.0,23.8,12.48,1,0,0,0.4345625631409937
1.0,160.0,17.37,1,0,0,0.3357034561527574
2.0,79.8,26.16,1,0,1,0.537037937517042
1.0,23.99,7.78,1,0,0,0.45717901542871275
1.0,319.9,44.1,1,0,0,0.27595288963042836
2.0,130.99,33.95,1,0,1,0.5033214257063721
1.0,69.0,7.78,1,0,0,0.40746181849148977
1.0,199.0,18.64,1,0,0,0.3244131670597756
1.0,205.0,18.14,1,0,0,0.324396996070827
4.0,360.0,31.52,1,0,0,0.46359234361444357
1.0,58.55,14.58,1,0,0,0.3853920634683508
1.0,590.0,19.43,1,0,0,0.2847405364383054
2.0,46.96,23.700000000000003,1,0,1,0.5659763983978959
1.0,199.9,20.96,1,0,0,0.31953394745925995
1.0,109.9,89.22,1,0,0,0.2913290325904458
1.0,173.0,13.65,1,0,0,0.34286923907089284
6.0,179.39999999999998,82.14,1,0,0,0.4546792480840848
1.0,99.9,37.61,1,0,0,0.32392757928055377
1.0,69.99,16.74,1,0,0,0.3714023765721794
1.0,169.89,12.92,1,0,0,0.34596968723715693
1.0,54.9,14.13,1,0,0,0.38968996541455103
1.0,239.99,15.43,1,0,0,0.3251405928877337
1.0,179.49,9.61,1,0,0,0.3569611743765084
2.0,275.8,77.62,1,0,0,0.4382632662382707
1.0,27.99,7.46,1,0,0,0.45175614498901423
1.0,299.99,13.3,1,0,0,0.32310654870563416
2.0,224.0,34.44,1,0,0,0.4793223179013787
1.0,130.0,17.16,1,0,0,0.3444471423672959
1.0,199.99,16.16,1,0,0,0.3300959179283968
1.0,179.49,9.45,1,0,0,0.35772339952185545
1.0,539.9,11.03,1,0,0,0.31018505356861353
1.0,34.9,7.78,1,0,0,0.4390659421481199
1.0,650.0,92.47,1,0,0,0.23254310227611516
1.0,7.59,7.78,1,0,1,0.5142862152080746
1.0,539.0,91.28,1,0,0,0.2382242151432
1.0,58.0,18.51,1,0,0,0.37523897094557185
1.0,59.0,21.21,1,0,0,0.3686406696828013
1.0,65.99,10.64,1,0,0,0.3945536443218159
2.0,99.6,32.22,1,0,1,0.517864409272505
1.0,249.9,16.65,1,0,0,0.3205029872819861
1.0,125.9,14.24,1,0,0,0.3537556682776976
1.0,6.3,15.1,1,0,0,0.49104372938551843
1.0,69.9,12.18,1,0,0,0.3857319502154408
2.0,150.0,37.26,1,0,0,0.4933773119247047
1.0,119.9,18.09,1,1,0,0.3454866152338221
2.0,199.8,42.3,1,0,0,0.47561010786749275
1.0,129.9,18.16,1,0,0,0.3420975819468727
1.0,16.9,15.1,1,0,0,0.44227299282113913
1.0,54.86,17.66,1,0,0,0.37975763308956845
1.0,155.55,20.99,1,0,0,0.32904479037562373
1.0,29.9,8.37,1,0,0,0.44287978975665826
1.0,599.98,188.55,1,0,0,0.2177069844022927
1.0,750.0,43.09,1,1,0,0.25013194258692795
1.0,6.99,37.9,1,0,0,0.44492608860893856
1.0,18.99,7.78,1,0,0,0.4686704826575943
1.0,139.99,25.72,1,0,0,0.32508006311164767
1.0,79.0,24.63,1,0,0,0.34992082700288935
1.0,85.0,13.15,1,0,0,0.37373841556159504
1.0,89.9,12.13,1,0,0,0.37498773258280577
1.0,299.0,9.28,1,0,0,0.33879093208788513
1.0,49.9,14.1,1,0,0,0.3940955107542911
1.0,19.49,9.27,1,0,0,0.45871297892271135
1.0,38.99,12.93,1,0,0,0.40943094574068134
1.0,105.0,23.66,1,0,0,0.33981059275488784
2.0,118.0,35.77,1,0,1,0.5057631996914184
1.0,48.9,13.92,1,0,0,0.39560162382385267
1.0,129.94,34.27,1,0,0,0.317067949568628
1.0,59.9,19.66,1,0,0,0.3712174093096113
1.0,169.9,18.99,1,0,0,0.3296935571807745
1.0,78.0,7.81,1,0,0,0.4018033475613814
1.0,25.0,18.0,1,0,0,0.41521092128371695
1.0,69.9,15.24,1,0,0,0.37560065168488793
1.0,45.0,13.71,1,0,0,0.40009368212322616
1.0,195.9,17.13,1,1,0,0.3284668654696238
1.0,379.9,24.53,1,0,0,0.29061901624088415
1.0,35.79,11.73,1,0,0,0.41801452990298293
1.0,59.0,22.12,1,0,0,0.36686502192676074
1.0,19.99,7.78,1,1,0,0.4661367140656194
1.0,47.9,18.23,1,0,0,0.3844344288333615
1.0,68.9,19.72,1,0,0,0.36500090260926354
1.0,15.0,18.23,1,0,0,0.4394121889248052
2.0,92.0,14.78,1,0,1,0.5565933891348027
1.0,149.9,14.17,1,0,0,0.34692801440197885
1.0,35.9,22.06,1,0,0,0.38925851856368654
1.0,48.9,16.11,1,0,0,0.3889871148120914
1.0,93.99,18.9,1,0,0,0.35364022367275594
1.0,890.0,116.87,1,0,0,0.21818563212417727
1.0,29.9,8.11,1,0,0,0.44443325336362116
1.0,108.0,16.52,1,0,0,0.3536161080263324
1.0,132.9,53.29,1,0,0,0.30066465378471924
1.0,22.3,14.52,1,0,0,0.43058009636494904
1.0,799.95,20.67,1,0,0,0.2728705874840041
1.0,29.0,8.4,1,0,0,0.44417696112850336
1.0,254.9,19.06,1,0,0,0.3143217990451153
1.0,47.55,8.49,1,0,0,0.42023745906870746
1.0,119.99,14.59,1,0,0,0.354662719859652
1.0,105.0,29.66,1,0,0,0.330896022734014
1.0,84.0,26.67,1,0,0,0.34415641504028327
1.0,279.49,50.49,1,0,0,0.2760709899323754
1.0,79.9,16.75,1,0,0,0.36567305014535506
1.0,76.89,9.1,1,0,0,0.3951395401975496
1.0,54.9,17.95,1,1,0,0.37901099465156496
1.0,115.0,21.3,1,0,0,0.3403985229284014
1.0,69.9,26.57,1,0,0,0.352011168435162
1.0,127.27,9.19,1,0,0,0.3730401927231618
2.0,380.64,18.16,1,0,0,0.48563679047063496
1.0,107.9,18.86,1,0,0,0.34802985581353546
1.0,54.9,15.13,1,0,0,0.38659830422756536
1.0,363.0,16.71,1,0,0,0.3069267573079569
1.0,150.0,34.59,1,0,0,0.3112480503536144
1.0,39.9,15.23,1,0,0,0.4008178787629184
1.0,34.9,8.72,1,0,0,0.4334712328004833
2.0,27.98,30.2,1,0,1,0.5799808368399052
1.0,149.65,19.15,1,0,0,0.33428615468605505
1.0,29.9,16.79,1,0,0,0.40986212842301634
1.0,269.9,15.36,1,0,0,0.32098033546465415
1.0,49.9,17.63,1,1,0,0.38406792238046233
1.0,169.97,16.07,1,0,0,0.33660042299128556
2.0,21.8,23.7,1,0,1,0.602196882385109
1.0,72.99,23.54,1,0,0,0.3551120112509689
1.0,118.0,9.02,1,0,0,0.377077462586646
1.0,79.0,17.8,1,0,0,0.36352408503321076
1.0,29.9,7.79,1,0,0,0.44642024970772126
1.0,79.0,14.3,1,0,0,0.3731295558384106
1.0,21.0,11.85,1,1,0,0.44312178318042783
2.0,299.0,53.33,1,0,0,0.4492474694302568
1.0,79.9,11.76,1,0,0,0.3814914038292546
1.0,78.9,17.8,1,0,0,0.3635781273452629
4.0,880.0,260.12,1,0,0,0.3549352269995752
1.0,180.0,19.14,5,1,1,0.9999999999999418
1.0,75.0,13.89,1,0,0,0.37668164020558903
1.0,499.9,17.25,1,0,0,0.2947274123467654
1.0,32.9,18.23,1,0,0,0.40167053673533554
1.0,149.99,23.85,1,0,0,0.32536417414813024
1.0,59.9,13.57,1,0,0,0.3876302870649641
1.0,149.9,15.8,1,0,0,0.3422578776818765
1.0,117.87,18.71,1,0,0,0.3447652300599116
1.0,17.0,12.79,1,0,0,0.4498337032905566
1.0,74.5,19.99,1,0,0,0.3610692312434275
1.0,68.9,19.72,1,1,0,0.36500090260926354
1.0,39.9,20.4,1,0,0,0.38780548295913714
1.0,45.0,15.1,1,0,0,0.3956817888103463
2.0,266.0,42.84,1,0,0,0.46293094322867867
3.0,597.69,51.45,1,1,0,0.423260096987527
1.0,23.99,15.27,1,0,0,0.424711213287542
1.0,150.0,34.85,1,1,0,0.31097478610507573
1.0,37.99,14.52,1,0,0,0.40527371535260354
2.0,49.0,23.7,1,0,1,0.5639871661538906
1.0,35.6,26.55,1,0,0,0.3817805534042208
1.0,99.9,16.33,1,0,0,0.3573461362876819
1.0,116.0,25.3,1,0,0,0.33312679387757643
1.0,56.99,25.68,1,0,0,0.36216989848007647
1.0,499.9,16.52,1,0,0,0.29641455747755785
1.0,55.9,44.24,1,0,0,0.34179174075506946
1.0,209.9,32.22,1,0,0,0.30140890588229174
2.0,109.0,45.42,1,0,0,0.4993882215113252
1.0,89.9,67.0,1,0,0,0.30799695635700297
1.0,42.0,13.37,1,0,0,0.4044277312235214
1.0,30.79,17.92,1,0,0,0.40554254527689326
1.0,103.0,8.49,1,0,0,0.3856960836059453
1.0,19.9,25.63,1,0,0,0.41054541522458643
1.0,26.0,18.28,1,0,0,0.41264541258937704
1.0,79.99,20.61,1,0,0,0.35675968199828423
1.0,49.9,7.78,1,0,0,0.4222505148598961
1.0,70.0,9.24,1,0,0,0.3985793246531598
1.0,222.4,18.0,1,0,0,0.32165522520562734
1.0,109.9,18.7,1,0,0,0.34763622650735604
1.0,122.9,28.24,1,0,0,0.32654373068108544
1.0,116.0,16.51,1,0,0,0.3507079698969541
5.0,160.0,38.9,1,0,0,0.4890639694490648
1.0,84.99,8.79,1,0,0,0.3923802436343117
1.0,109.9,18.35,1,0,0,0.34843091246355895
1.0,49.9,16.11,1,0,0,0.38807333433950336
1.0,70.0,25.77,1,0,0,0.353187650793794
1.0,45.0,15.42,1,0,0,0.39473184689620056
1.0,64.9,14.62,1,0,0,0.3807082833686813
2.0,268.99,33.989999999999995,1,0,0,0.4721325099832882
1.0,24.99,7.78,1,0,0,0.4551850182188862
1.0,120.0,21.33,1,0,0,0.33862934600753775
1.0,89.9,17.19,2,1,1,0.9999999999987119
1.0,99.9,0.0,1,0,1,0.5394449364552412
1.0,250.0,37.77,1,0,0,0.28956956507530074
1.0,194.9,39.26,1,0,0,0.2970572414411239
1.0,18.0,11.85,1,0,0,0.45067882805550913
1.0,99.99,17.95,1,0,0,0.3532552067806012
1.0,99.0,7.95,1,0,0,0.3905144380779305
1.0,89.36,15.51,8,1,1,0.9999999999999536
1.0,169.9,19.43,1,0,0,0.3287600229051253
1.0,65.9,11.85,1,0,0,0.38960278737067044
1.0,20.89,16.79,1,1,0,0.4270175261735124
2.0,228.0,95.7,1,0,0,0.43860782702358714
1.0,79.0,27.5,1,0,0,0.3454859892854112
1.0,179.9,21.75,1,0,0,0.32204226207661524
1.0,117.0,12.32,1,0,0,0.36317663550086676
1.0,70.9,19.47,1,0,0,0.3643126697519736
1.0,26.9,7.78,1,0,0,0.4516007916540677
1.0,60.0,16.61,1,0,0,0.37848800918612635
1.0,38.7,15.1,1,0,0,0.4026213552442951
3.0,167.97,54.96,1,0,0,0.4728733449402589
1.0,219.9,14.56,1,0,0,0.33085740918513445
1.0,11.45,9.34,1,0,0,0.484752817454084
1.0,29.99,16.79,1,0,0,0.4097202754135739
1.0,55.0,17.67,1,1,0,0.3796194566501311
1.0,138.0,60.2,1,0,0,0.29524025599366693
1.0,99.9,21.19,1,0,0,0.3463406738926236
1.0,98.9,18.26,1,0,0,0.35298260834001177
1.0,59.9,16.67,1,0,0,0.37840247062131543
1.0,89.9,14.8,1,0,0,0.3660758666194116
1.0,69.9,20.98,1,0,0,0.36175539539516155
1.0,85.5,12.1,1,0,0,0.377256305391815
1.0,30.1,15.1,1,0,0,0.41439538916747637
1.0,39.9,8.72,1,0,0,0.42713594646093733
2.0,179.0,45.12,1,0,0,0.477711121987725
1.0,44.9,7.78,1,0,0,0.4271642937076438
1.0,199.9,26.24,1,0,0,0.310810481031222
1.0,125.9,27.2,1,0,0,0.32704785266136716
1.0,49.89,7.61,1,0,0,0.4233387521724962
1.0,113.0,13.37,1,0,0,0.3609759805774016
1.0,39.9,8.27,1,0,0,0.4297194356768264
1.0,59.99,18.3,1,0,0,0.37424933252095816
1.0,118.0,13.27,1,0,0,0.35951665489621015
1.0,12.99,15.1,1,1,0,0.4552535157425083
1.0,99.9,17.13,1,0,0,0.3552883048690059
1.0,31.49,9.27,1,0,0,0.4353948098931009
1.0,34.54,7.78,1,0,0,0.4395607755758153
1.0,59.99,12.23,1,0,0,0.3923322801081174
1.0,29.9,15.1,1,0,0,0.4147111026348986
,,,3,1,1,0.9999999999999085
1.0,47.49,9.94,1,0,0,0.4127029770871281
1.0,129.9,57.16,1,0,0,0.29918402561382784
2.0,107.8,0.0,1,0,1,0.7160055483241267
1.0,1035.09,23.69,1,0,0,0.26032165768992505
1.0,16.9,10.96,1,0,0,0.4575613285200931
1.0,199.0,12.0,1,1,0,0.34299905807786196
2.0,238.0,29.66,1,0,0,0.4831694178728192
1.0,158.0,21.6,1,0,0,0.32728903775261947
1.0,54.9,29.91,1,0,0,0.3576153380920388
1.0,149.0,28.42,1,0,0,0.31882880249124784
1.0,34.9,16.6,1,0,0,0.40312391874413056
1.0,189.0,45.4,1,0,0,0.29316621917422125
2.0,199.8,18.52,1,0,1,0.5118320920784037
1.0,389.9,11.54,1,0,0,0.31963727630448047
1.0,99.49,9.43,1,0,0,0.3822524101774048
2.0,108.6,20.51,1,0,1,0.5339690970042736
1.0,38.89,17.6,1,0,0,0.3954832808867196
1.0,71.0,8.66,1,0,0,0.4010348452909988
1.0,52.88,18.47,1,0,0,0.37943025421694715
1.0,56.99,11.9,1,0,0,0.3959030931197526
1.0,54.0,13.74,1,0,0,0.3917080287722902
1.0,59.0,13.07,1,0,0,0.3900208277003177
1.0,157.0,37.79,1,0,0,0.3063396491216951
1.0,274.95,14.23,1,0,0,0.3234719980680767
1.0,55.0,15.49,1,0,0,0.3854609960926047
1.0,44.05,18.11,1,0,0,0.3885163484985406
1.0,59.99,9.34,2,1,1,0.9999999999989375
4.0,54.0,60.44,1,0,1,0.520723972838909
1.0,79.9,8.3,1,0,0,0.397822697669329
1.0,59.9,15.63,1,0,0,0.38126056059880775
1.0,30.0,17.6,1,0,0,0.40757536697431734
1.0,19.0,18.23,1,0,0,0.4278593268618054
1.0,74.9,16.28,1,0,0,0.3696903488199481
1.0,689.0,17.84,1,1,0,0.2829872958475255
1.0,39.9,15.1,1,0,0,0.4012083821585167
1.0,13.99,7.78,1,0,0,0.4838464244794147
1.0,979.0,78.2,1,0,0,0.225719441862244
4.0,319.96,84.84,1,0,0,0.4292330522531789
1.0,14.9,15.23,1,0,0,0.4480700679742973
1.0,220.89,27.87,1,0,0,0.3048896067926267
1.0,49.75,20.8,1,0,0,0.37700705235738274
1.0,169.0,18.47,1,0,0,0.33103575036310157
2.0,271.8,72.54,1,0,0,0.441384109137858
1.0,122.99,8.63,1,0,0,0.3773984559553272
1.0,149.9,18.18,1,0,0,0.3363662714321123
1.0,150.0,12.55,1,0,0,0.3522058886505054
1.0,299.99,24.97,1,0,0,0.2980840346717724
1.0,72.0,26.74,1,0,0,0.3505014657840191
1.0,79.0,17.8,1,0,0,0.36352408503321076
2.0,158.0,30.6,1,1,0,0.4995090778354109
1.0,35.99,13.37,1,0,0,0.4116116595138702
1.0,206.0,49.97,1,0,0,0.2869005657752327
2.0,78.0,68.3,1,0,0,0.49850647155360134
2.0,32.98,15.74,1,0,1,0.6008300778795753
1.0,35.0,21.43,1,0,0,0.3916810364259768
1.0,114.9,25.64,1,0,0,0.3329792474033728
2.0,379.9,65.7,1,0,0,0.43141487010586943
4.0,479.6,80.32,1,0,0,0.41505063846912577
1.0,44.9,16.11,1,0,0,0.39285983479375525
1.0,29.99,15.1,1,0,0,0.41456875034417173
3.0,208.47,28.32,1,0,0,0.4911743236206658
1.0,259.9,19.39,1,0,0,0.31293260376494136
1.0,128.0,14.99,1,0,0,0.35085242930631066
1.0,149.0,12.95,1,0,0,0.35109395922196657
1.0,514.99,18.58,1,0,0,0.2908770461306235
3.0,414.7000000000001,42.150000000000006,1,0,0,0.4456628669127295
1.0,139.79,23.78,1,0,0,0.3282171484807644
1.0,85.4,19.84,1,0,0,0.35560211000090874
1.0,169.9,40.18,1,0,0,0.30124515308509975
1.0,149.98,36.28,1,0,0,0.30951978561252474
1.0,47.9,9.09,1,0,0,0.4165955324452421
1.0,29.99,18.31,1,0,0,0.40581553003059073
1.0,219.9,12.87,1,0,0,0.3361136563761192
1.0,195.0,14.49,1,0,0,0.3356535950171612
1.0,129.0,13.92,1,0,0,0.35375728437354237
3.0,129.7,32.29,3,1,1,0.9999999999999496
1.0,53.99,7.78,1,0,0,0.41861418638039694
1.0,129.99,19.01,13,1,1,0.9999999999999489
1.0,34.97,7.51,1,0,0,0.44071236062133373
1.0,450.0,20.95,1,0,0,0.2908047433529236
1.0,189.0,21.86,1,0,0,0.3199765326081735
1.0,679.99,41.72,1,0,0,0.25402316148747817
1.0,309.99,22.49,1,1,0,0.30087824979266947
1.0,159.0,91.32,1,1,0,0.2772756016973458
1.0,58.9,14.13,1,0,0,0.3865438037241413
1.0,39.99,14.52,1,0,0,0.40289450555962375
1.0,102.0,17.15,1,0,0,0.35437492632815004
1.0,79.99,12.06,1,1,0,0.3802887424539048
1.0,19.99,14.52,1,0,0,0.435892511443767
1.0,139.0,27.51,1,0,0,0.3227492907852005
1.0,75.37,18.11,1,0,0,0.36479175079673737
1.0,64.99,27.51,1,0,0,0.3537092408660493
1.0,39.9,16.11,1,0,0,0.398271131634533
2.0,153.9,17.939999999999998,1,0,1,0.524655453141568
1.0,168.0,27.44,1,0,0,0.3156023107003718
2.0,79.98,30.76,1,0,1,0.5298678131139177
1.0,39.99,25.63,1,1,0,0.37796955342908195
1.0,120.0,16.6,1,0,0,0.34909305789695433
1.0,40.0,18.59,1,0,0,0.3917624509549926
1.0,35.0,7.51,1,0,0,0.44067142558604594
1.0,119.9,13.86,1,1,0,0.3569398774431695
1.0,40.0,16.6,1,0,0,0.3968061874855312
1.0,79.9,7.42,1,0,0,0.40320253819099194
1.0,106.6,44.55,1,0,0,0.31525616652758043
1.0,610.0,65.01,1,0,0,0.24395100283474214
1.0,348.0,29.42,1,0,0,0.286991002202783
1.0,145.0,51.74,1,0,0,0.2984147463700399
1.0,64.99,17.88,1,0,0,0.3717526244317501
2.0,68.0,36.68,1,0,1,0.5298538162349677
1.0,69.0,23.28,1,0,0,0.3579656998884812
1.0,24.97,15.1,1,0,0,0.4233051101889322
1.0,59.9,17.67,1,0,0,0.3758428703844311
1.0,86.5,23.19,1,0,0,0.3485888328036801
1.0,199.0,10.21,1,0,0,0.35014842539530733
1.0,59.9,13.44,1,0,0,0.3880689520143738
1.0,139.77,9.14,1,0,0,0.36940641749600367
1.0,249.9,17.38,1,0,0,0.3187558343320944
1.0,44.5,15.1,1,0,0,0.3961924753836373
1.0,179.0,16.13,1,0,0,0.3344333232196647
1.0,49.9,14.1,1,0,0,0.3940955107542911
1.0,62.0,16.62,1,0,0,0.3770159447440728
1.0,17.8,12.69,1,0,0,0.4479457885391877
1.0,124.9,23.67,1,0,0,0.33283330551824264
2.0,238.0,42.64,1,0,0,0.4678120435208867
1.0,128.7,17.38,1,0,0,0.3443137097104555
6.0,479.91,217.32,1,0,0,0.382305329224859
3.0,539.7,160.82999999999998,1,0,0,0.3870415157857432
1.0,98.0,16.84,1,0,0,0.356820732836377
1.0,49.9,19.32,1,0,0,0.3800602190256103
1.0,109.9,18.02,1,0,0,0.34919668652121977
1.0,49.5,17.6,1,0,0,0.3845047562706596
1.0,229.0,23.89,1,0,0,0.3094023077872714
1.0,179.49,9.02,1,0,0,0.3598458942126657
1.0,34.99,14.52,1,0,0,0.40911118823954945
1.0,89.0,29.41,1,0,0,0.3379157745886517
1.0,19.9,14.1,1,0,0,0.4374902747878757
1.0,59.0,18.29,1,0,0,0.3750054211750048
1.0,78.0,29.96,1,0,0,0.34263245634286876
1.0,158.0,18.36,1,0,0,0.3338966303735653
1.0,39.0,8.27,1,0,0,0.43079576506384715
1.0,20.0,7.4,1,0,0,0.46860816014702067
1.0,26.0,16.11,1,1,0,0.4183855234356693
1.0,192.0,16.09,1,0,0,0.33183613332663414
1.0,49.99,18.28,1,0,0,0.3823948052204083
1.0,49.0,14.1,1,0,0,0.3949215114989168
1.0,99.99,19.4,1,0,0,0.34997530140146665
1.0,84.99,16.35,1,0,0,0.3640936674952011
1.0,379.0,36.96,1,0,0,0.27623013955250675
1.0,59.9,23.0,1,0,0,0.36456883702254805
1.0,169.9,19.36,1,0,0,0.328906853710366
1.0,53.3,37.28,1,0,0,0.3502687378022517
1.0,107.0,17.46,1,0,0,0.3516336079501038
1.0,27.49,18.29,1,0,0,0.40997457161095524
1.0,29.9,16.6,1,0,0,0.41037873992178925
1.0,83.23,15.33,1,0,0,0.3678063892986881
1.0,99.99,38.25,1,0,0,0.3232712087570857
1.0,59.9,12.86,1,0,0,0.39008684570804925
1.0,46.99,12.99,1,0,0,0.4006001943995444
1.0,149.0,25.88,1,0,0,0.32242617306900817
2.0,731.86,81.58,1,0,0,0.39801534822157547
1.0,82.99,14.33,1,0,0,0.37091714456479696
2.0,538.0,50.06,1,0,0,0.42810741161021965
1.0,279.0,45.82,1,0,0,0.2792839573774083
1.0,29.9,16.79,1,0,0,0.40986212842301634
1.0,119.9,13.31,3,1,1,0.9999999999999076
1.0,140.0,12.71,1,0,0,0.3544311008518588
1.0,294.0,28.2,1,0,0,0.294300700718095
1.0,59.9,25.26,1,0,0,0.3606855882903152
1.0,69.0,16.24,1,0,0,0.37335322277424793
1.0,4.9,10.96,1,0,1,0.518650164103804
1.0,29.99,25.63,1,0,0,0.39116464957437913
1.0,24.0,15.1,1,0,0,0.425209916426328
1.0,179.0,45.71,1,0,0,0.294893502217308
1.0,1609.9,47.67,1,0,0,0.2262369400338437
1.0,76.0,18.63,1,0,0,0.3632193461904812
1.0,24.89,7.43,1,0,0,0.45766723446351976
1.0,19.9,7.78,1,0,0,0.4663592854216036
1.0,245.4,33.51,1,0,0,0.2944179534697488
1.0,28.9,15.23,1,0,0,0.4159296248437418
1.0,219.0,20.5,1,0,0,0.3170116383594412
1.0,79.9,14.65,1,0,0,0.371564550860157
1.0,199.9,20.64,1,0,0,0.3201455294563453
1.0,389.9,35.5,1,0,0,0.27666421103634253
1.0,63.99,28.85,1,0,0,0.3524649534723245
1.0,29.9,15.1,1,0,0,0.4147111026348986
1.0,89.99,16.39,1,1,0,0.36156743217274595
1.0,55.0,19.58,1,0,0,0.375151361148393
1.0,268.9,19.98,1,0,0,0.31051639877216053
1.0,69.99,27.06,1,0,0,0.35122057096873577
1.0,31.9,14.1,1,0,0,0.4148157311633416
1.0,35.0,15.11,1,0,0,0.40726850664065845
1.0,29.9,8.11,1,0,0,0.44443325336362116
1.0,200.0,48.84,1,0,0,0.2887005138442386
1.0,45.0,12.69,1,0,0,0.40366875780839073
1.0,149.9,20.02,1,0,0,0.3324029627969573
1.0,25.0,8.34,1,0,0,0.451725874482382
2.0,40.0,19.88,1,1,1,0.5812984866139334
1.0,24.9,15.1,1,0,0,0.4234399014588768
1.0,69.9,24.62,1,0,0,0.3551091519106015
1.0,171.9,48.64,1,0,0,0.2942599284217762
1.0,46.99,7.39,1,0,0,0.4275599645234396
1.0,84.99,16.35,1,0,0,0.3640936674952011
2.0,217.8,29.68,1,0,0,0.4869226684749352
1.0,499.0,142.31,1,0,0,0.22925417693992187
1.0,29.0,15.11,1,0,0,0.41613006293420585
1.0,219.99,18.0,1,0,0,0.3220621692339038
1.0,70.0,9.74,1,0,0,0.39608388885860574
1.0,269.99,30.29,1,0,0,0.2946809719481999
1.0,59.9,14.5,1,0,0,0.3846260720904728
1.0,689.0,22.07,1,0,0,0.2751197594217347
1.0,74.9,22.23,1,0,0,0.35638427277356316
1.0,159.9,15.87,1,1,0,0.33951993622081716
1.0,29.9,16.95,1,0,0,0.40943226613227746
1.0,98.0,13.03,1,0,0,0.36808738191828055
2.0,109.99,44.63,1,1,0,0.49969880865280647
1.0,38.4,12.69,1,0,0,0.4110161816758732
1.0,191.0,27.66,1,0,0,0.3105024923876851
1.0,99.9,19.89,1,0,0,0.3489687671200503
1.0,325.0,13.77,1,0,0,0.3187460987973913
1.0,39.9,14.52,1,1,0,0.4029987538022088
1.0,56.1,8.83,1,0,0,0.41073170401565867
1.0,19.99,17.63,1,0,0,0.42691808428455275
1.0,84.99,15.35,1,0,0,0.3668560905881338
1.0,84.9,17.84,1,0,0,0.360367925721472
2.0,154.0,37.28,1,0,0,0.4921969114492511
1.0,39.9,7.78,1,0,0,0.43271134172083686
1.0,29.9,15.1,1,0,0,0.4147111026348986
1.0,99.9,14.43,1,0,0,0.36274383915213443
1.0,147.9,18.33,1,0,0,0.3365542489429894
1.0,129.0,15.07,1,0,0,0.3503066685377581
1.0,99.9,0.0,1,0,1,0.5394449364552412
1.0,30.49,8.29,1,0,0,0.4424117019796989
1.0,129.99,15.66,1,0,0,0.3483440806165888
1.0,45.0,17.06,1,0,0,0.39019533592227945
1.0,18.99,14.52,1,0,0,0.43839688213732547
1.0,319.9,22.28,1,0,0,0.3001336311516861
2.0,110.0,29.14,1,0,1,0.5177298734844039
2.0,54.6,30.2,1,1,1,0.5483543535541181
1.0,119.0,19.71,1,0,0,0.34221260210450327
1.0,4.9,16.05,1,0,1,0.5003297405823119
1.0,209.0,28.0,1,0,0,0.30673050349949016
1.0,120.1,16.6,1,0,0,0.34905916448809693
1.0,129.8,24.47,1,0,0,0.32999239022718213
3.0,47.97,23.34,1,0,1,0.5659774974881258
1.0,53.99,14.13,1,0,0,0.39044108823796514
1.0,59.49,8.58,1,0,0,0.4094421017151869
1.0,58.9,23.79,1,0,0,0.3638937737434165
1.0,18.17,11.85,1,0,0,0.45021640968933246
1.0,499.99,21.38,1,0,0,0.28655536464301823
1.0,200.0,16.28,1,0,0,0.32978610721581364
1.0,65.9,17.3,1,0,0,0.37258311778365255
1.0,118.99,27.13,1,0,0,0.3293737054495198
1.0,89.9,7.49,1,0,0,0.39755564608681854
2.0,98.0,30.2,1,1,1,0.5213934085275689
1.0,122.99,9.06,1,0,0,0.37513156580750723
1.0,170.0,21.46,1,0,0,0.32473365298883844
1.0,149.9,20.24,1,0,0,0.3319581073527433
2.0,138.0,16.94,1,0,1,0.5321216519671194
1.0,599.9,16.64,1,0,0,0.2901060331703271
1.0,34.0,7.78,1,0,0,0.4403135077163078
1.0,95.0,14.76,1,0,0,0.36386224830494474
2.0,278.99,42.42,1,0,0,0.4613392700773986
1.0,139.97,19.86,1,0,0,0.33542354161745286
1.0,49.9,11.85,1,0,0,0.4021243766796013
1.0,19.9,14.1,1,0,0,0.4374902747878757
1.0,27.18,8.72,1,0,0,0.4454718582307381
1.0,161.42,38.6,1,0,0,0.3045512471340592
1.0,92.9,20.97,1,0,0,0.34977104012633725
1.0,130.0,16.67,1,0,0,0.345673794479036
1.0,50.0,23.5,1,0,0,0.3716018417510395
1.0,58.9,22.73,1,0,0,0.36579620020194176
1.0,105.9,16.5,1,0,0,0.3544789934983778
1.0,389.9,119.5,1,0,0,0.24076159233637454
1.0,25.99,7.44,1,0,0,0.4554916945198947
1.0,30.21,11.85,1,0,0,0.4255622938532849
1.0,222.7,14.26,1,0,0,0.3312570833205167
1.0,159.99,14.06,1,0,0,0.34467463104588253
1.0,45.33,17.92,1,0,0,0.38768214194138567
1.0,149.99,20.02,1,0,0,0.33237949566922453
1.0,102.9,8.88,1,0,0,0.38362366617494487
1.0,75.0,7.78,1,0,0,0.40373189663607206
1.0,76.0,25.81,1,0,0,0.3496501518148789
1.0,185.0,45.75,1,0,0,0.293674707431364
1.0,199.08,24.11,1,0,0,0.314204548567105
1.0,97.9,16.94,1,0,0,0.35660870850704934
1.0,46.9,15.1,1,0,0,0.39379645503225297
1.0,1380.0,57.1,1,0,0,0.22515596236531069
1.0,77.0,15.29,1,0,0,0.3712610043814209
1.0,32.0,15.23,1,0,0,0.41111090958605295
1.0,169.9,25.01,1,0,0,0.31873638960321765
1.0,129.77,19.88,1,0,0,0.33838381577444987
2.0,125.8,24.96,1,1,1,0.518545108526681
1.0,28.9,8.88,1,0,0,0.44161603901049035
1.0,35.0,11.85,1,0,0,0.41858431138513186
1.0,109.9,67.69,1,0,0,0.2999512021847589
1.0,186.6,17.5,1,0,0,0.32944306105216636
1.0,110.99,44.63,1,0,0,0.3136238731043319
1.0,107.0,12.25,1,0,0,0.36716016333248325
1.0,364.0,25.7,1,0,0,0.29035559139645634
1.0,867.77,19.19,1,0,0,0.2730885310416489
1.0,450.0,51.88,1,0,0,0.259805013000254
1.0,278.0,20.19,1,0,0,0.3089081773757043
1.0,199.9,27.72,1,0,0,0.3087393839763578
1.0,432.49,36.83,1,0,0,0.27205833522687617
1.0,59.9,28.82,1,0,0,0.3553363199737851
1.0,39.9,10.96,1,0,0,0.4161363463609676
2.0,49.0,33.58,1,0,1,0.5489018883153756
1.0,149.0,44.84,1,0,0,0.30227753964556964
1.0,40.8,27.2,1,0,0,0.3745944996388972
1.0,99.99,23.5,1,0,0,0.3420742758777449
1.0,103.0,13.16,1,0,0,0.365547397860372
2.0,239.8,37.88,1,0,0,0.472404299659301
1.0,137.9,14.31,1,0,0,0.3498496179154053
1.0,89.9,13.65,1,0,0,0.36966744691065534
1.0,28.99,11.85,1,0,0,0.4275309934417273
1.0,29.99,7.39,1,0,0,0.44888509837695273
1.0,817.0,63.8,1,0,0,0.2361509866599974
1.0,39.9,16.11,1,0,0,0.398271131634533
1.0,69.99,16.74,1,0,0,0.3714023765721794
1.0,18.8,18.23,1,0,0,0.42837360851319223
1.0,99.0,23.62,1,0,0,0.342274606284729
1.0,230.0,24.11,1,0,0,0.30889235516930386
1.0,111.99,44.36,1,0,0,0.31349050734587836
1.0,89.9,17.07,1,0,0,0.3598510731053059
3.0,114.0,19.98,1,0,1,0.5333139550249355
1.0,51.9,11.75,1,0,0,0.40072930991992856
1.0,25.0,17.35,1,0,0,0.4168765514399638
1.0,49.95,8.27,1,0,0,0.4192311788414933
1.0,987.0,18.81,1,0,0,0.269924754988515
1.0,69.9,18.64,1,0,0,0.36679134581211165
1.0,117.3,48.26,1,0,0,0.30876291546221174
1.0,229.99,18.86,1,0,0,0.31852360395820584
1.0,158.0,16.74,1,0,0,0.33774070937002443
1.0,39.99,16.79,1,0,0,0.3963066818917717
1.0,120.0,18.64,1,0,0,0.34419728397749927
1.0,189.9,17.09,1,1,0,0.3297510129270977
1.0,74.99,18.63,1,0,0,0.36379185025549354
1.0,289.0,82.19,1,0,0,0.26018641797161773
1.0,110.99,14.17,1,0,0,0.3591550145977341
2.0,248.4,16.24,1,0,1,0.5086596916315297
1.0,49.95,11.85,1,0,0,0.40207865793292974
1.0,126.64,16.65,1,0,0,0.3467811090418821
2.0,229.8,27.64,1,0,0,0.4877462026241941
1.0,27.99,24.35,1,0,0,0.3965666538246374
1.0,169.99,19.89,1,0,0,0.3277901216162624
2.0,439.8,30.58,1,0,0,0.45643378492711384
1.0,29.4,12.69,1,0,0,0.4236171131505168
1.0,330.0,10.07,1,0,0,0.33153444052550335
1.0,55.3,8.11,1,0,0,0.4154954382649641
1.0,65.9,18.61,1,1,0,0.3694137361580351
2.0,171.8,55.16,1,0,0,0.4714238382533348
1.0,129.99,18.16,1,0,0,0.34206982818084214
1.0,32.99,7.78,1,0,0,0.44175646829391296
1.0,249.0,24.24,1,0,0,0.30581303183392133
1.0,189.9,16.09,1,0,0,0.3322582098379015
1.0,44.9,22.93,1,0,0,0.3774382307970135
1.0,49.9,17.09,1,0,0,0.385443481621547
2.0,145.8,25.28,1,1,1,0.5114362899600975
1.0,34.2,20.52,1,0,0,0.39463986223566166
1.0,28.0,15.1,1,0,0,0.41782908694124493
1.0,64.89,17.7,1,0,0,0.3722600979670704
1.0,249.9,16.5,1,0,0,0.3208732127890467
1.0,429.99,43.99,1,0,0,0.2664231596351001
1.0,159.0,20.6,1,0,0,0.32895115266830205
1.0,15.0,8.29,1,0,0,0.47720963377517295
1.0,69.9,18.06,1,0,0,0.36815485160611106
1.0,99.9,18.58,1,0,0,0.35183047749935725
1.0,120.0,15.72,1,0,0,0.35142763107011504
1.0,179.99,13.81,1,0,0,0.3408156175500355
1.0,189.0,17.51,1,0,0,0.3289305846869224
1.0,189.9,8.51,1,0,0,0.36025781700786214
1.0,29.9,19.4,1,0,0,0.40338006916727254
1.0,179.9,21.75,1,0,0,0.32204226207661524
1.0,89.0,17.87,1,0,0,0.35830690733830733
1.0,369.9,33.34,1,0,0,0.28055223863912343
1.0,139.99,9.73,1,0,0,0.3664637960505648
1.0,146.0,19.12,1,0,0,0.3353205602473104
1.0,79.9,17.0,1,0,0,0.3650292758803211
1.0,314.9,29.15,1,0,0,0.29072738530877945
1.0,94.8,57.33,1,0,0,0.31111114550672514
1.0,79.99,17.37,1,0,0,0.3640484516386983
3.0,41.97,42.3,1,0,1,0.5469320827155523
1.0,30.9,19.41,1,0,0,0.40181426772854417
1.0,55.99,14.48,1,0,0,0.3876991902560378
1.0,57.9,8.57,1,0,0,0.41073036676342944
1.0,2700.0,34.66,1,0,0,0.22256295523039002
1.0,69.9,41.47,1,0,0,0.334811185607594
1.0,525.99,43.45,1,0,0,0.2605116282439048
1.0,89.0,7.88,8,1,1,0.9999999999999594
1.0,65.0,14.62,1,0,0,0.38064047956842467
1.0,19.8,12.69,1,0,0,0.44272397027758936
1.0,724.0,19.82,1,0,0,0.2774974761256307
1.0,39.99,15.1,1,0,0,0.40110428588692054
1.0,209.99,27.91,1,0,0,0.30667809250405564
1.0,180.0,22.1,1,0,0,0.3213889013068241
1.0,129.0,13.94,1,0,0,0.35369448294604316
1.0,75.0,23.68,16,1,1,0.9999999999999518
1.0,148.0,23.62,1,0,0,0.32626367994572086
1.0,12.25,7.78,1,0,0,0.4904716907667358
1.0,119.9,15.59,1,0,0,0.35181946946770615
1.0,139.9,16.61,1,0,0,0.34288456908955406
1.0,2130.0,60.4,1,0,0,0.21284232221080912
1.0,333.0,14.67,1,1,0,0.3152548553239359
1.0,239.99,34.13,1,0,0,0.2945538795881108
1.0,79.9,19.75,1,0,0,0.3586035878732971
1.0,29.99,8.37,1,0,0,0.4427350824493899
1.0,78.0,12.05,1,0,0,0.3814220888542147
1.0,69.9,15.93,1,0,0,0.3736390373579076
1.0,59.9,18.73,1,0,0,0.3733075419172803
1.0,499.99,69.17,1,0,0,0.2480621089114466
1.0,219.9,33.33,1,0,0,0.2985115748884886
1.0,295.0,26.82,1,0,0,0.2960201939538381
1.0,138.94,17.88,1,0,0,0.340061473717294
1.0,39.0,7.78,1,0,0,0.43378946470091534
4.0,153.6,60.44,1,0,0,0.4730547752299535
1.0,28.0,15.1,1,0,0,0.41782908694124493
2.0,139.98,68.58,1,0,0,0.47194058966374103
1.0,31.9,12.48,1,0,0,0.42052306715968873
1.0,99.0,16.45,1,0,0,0.35740717213907663
1.0,78.0,16.99,1,0,0,0.36608409848833695
2.0,115.0,23.91,1,0,1,0.524474479304575
1.0,99.49,13.82,1,0,0,0.3648266516899474
1.0,23.0,15.23,1,0,0,0.4268638549605197
1.0,39.9,8.72,1,0,0,0.42713594646093733
1.0,59.89,9.17,1,0,0,0.4059487319957298
1.0,104.99,47.26,1,0,0,0.3137711701947066
1.0,149.9,27.59,1,0,0,0.3197294472441886
1.0,68.65,41.46,1,0,0,0.3355680430002375
1.0,579.0,21.3,1,0,0,0.28192781288461316
,,,1,0,0,0.3610559326759919
3.0,89.69999999999999,39.69,1,0,1,0.514124709689822
1.0,28.9,16.79,1,0,0,0.4114700443337622
1.0,107.54,13.41,1,0,0,0.3629041003434221
1.0,34.9,21.15,1,0,0,0.3923842309097049
1.0,37.0,13.47,1,0,0,0.4099706808577891
1.0,84.99,16.35,1,0,0,0.3640936674952011
1.0,99.99,16.46,1,0,0,0.3569663258701749
1.0,57.99,15.16,1,0,0,0.384065029871856
1.0,169.0,59.33,1,0,0,0.2883431729358282
1.0,27.9,9.13,1,0,0,0.441956188124314
5.0,599.9499999999999,41.25,1,0,0,0.4319381841459683
1.0,39.9,11.85,2,1,1,0.9999999999989699
1.0,349.9,16.18,1,0,0,0.3095111087259836
1.0,69.9,18.59,1,0,0,0.3669069232613375
1.0,24.9,15.1,1,0,0,0.4234399014588768
1.0,493.0,25.77,1,0,0,0.2801929056656074
1.0,319.0,18.42,1,0,0,0.30761054974808266
2.0,107.8,50.42,1,0,0,0.49565421019337763
1.0,129.0,18.15,1,0,0,0.3423993637199527
1.0,13.99,15.23,1,0,0,0.45118156618491373
1.0,224.9,26.09,1,1,0,0.3067098790833441
1.0,69.5,14.66,1,0,0,0.37758138232077537
1.0,89.99,23.21,1,0,0,0.3469117347075134
1.0,25.99,14.11,1,0,0,0.4245370894589702
1.0,71.99,15.25,1,1,0,0.3742891819229976
1.0,114.9,21.04,4,1,1,0.999999999999938
1.0,48.8,10.96,2,1,1,0.9999999999989455
1.0,43.2,11.85,1,0,0,0.40875192667399796
1.0,69.9,16.25,1,0,0,0.37276242766936796
1.0,117.9,9.2,1,0,0,0.3761933160358134
1.0,54.47,26.92,1,1,0,0.36221056369943616
2.0,98.9,25.42,1,0,1,0.5285363124257928
1.0,70.0,19.46,1,0,0,0.36488450383069887
1.0,39.99,19.47,1,0,0,0.3897394848214428
3.0,119.7,48.33,1,0,0,0.4929820778481729
3.0,134.7,46.68000000000001,1,0,0,0.4891290978543026
1.0,49.9,19.59,1,0,0,0.37945787255103464
1.0,129.99,9.1,1,0,0,0.37261532317108104
1.0,129.0,13.34,1,0,0,0.35562531026923627
1.0,69.9,15.59,1,0,0,0.3745930750057263
1.0,149.99,14.63,1,0,0,0.3455251254708592
1.0,149.9,27.35,1,0,0,0.3200641578931331
1.0,13.98,15.65,1,0,0,0.44994220438912125
1.0,70.9,16.94,1,0,0,0.37032289670213314
1.0,69.0,33.84,1,0,0,0.3430200244704756
1.0,67.0,25.5,1,0,0,0.3554814742992913
1.0,149.9,25.4,1,0,0,0.3229215938015575
1.0,134.9,18.19,1,0,0,0.34051886605934734
1.0,29.9,8.11,1,1,0,0.44443325336362116
1.0,21.99,17.63,1,0,0,0.4223077902736855
1.0,65.99,11.96,1,1,0,0.3891155287965146
1.0,99.06,14.78,1,0,0,0.3620435307286787
1.0,230.0,35.41,1,0,0,0.294756478654581
1.0,115.0,16.44,1,0,0,0.35124400338648243
2.0,128.89,24.34,1,0,1,0.5185872009549832
1.0,79.8,17.0,1,1,0,0.3650827624131784
1.0,110.32,7.64,1,0,0,0.3877509957363656
1.0,51.45,41.34,1,0,0,0.34786205425419425
1.0,94.9,16.42,1,0,0,0.35925423755164276
1.0,27.9,7.87,1,0,0,0.44926127740582267
1.0,175.0,37.92,1,0,0,0.3021992499043165
1.0,109.9,13.79,1,0,0,0.3607625075636302
1.0,128.0,18.15,1,0,0,0.34271166831248195
2.0,59.98,16.58,1,0,1,0.5707293300063415
1.0,157.0,21.59,1,0,0,0.32755303613922065
1.0,199.99,51.27,1,0,0,0.28709949373029275
1.0,56.8,15.28,1,0,0,0.38463504239622065
1.0,9.9,7.39,1,0,1,0.5036716777087845
1.0,89.0,18.0,1,0,0,0.3579968477623647
1.0,237.9,40.82,1,0,0,0.2886334651725056
1.0,329.99,10.5,1,0,0,0.3297161814078563
1.0,54.9,7.96,1,0,0,0.4167341859745646
1.0,19.99,18.23,1,0,0,0.4253950985610521
1.0,59.99,9.34,1,0,0,0.40499611386070056
1.0,21.89,19.04,1,0,0,0.4190469940760212
6.0,452.0,92.4,1,0,0,0.4123641556845938
1.0,60.0,23.22,1,0,0,0.36409887536566676
1.0,27.99,13.08,1,0,0,0.42453854508397687
1.0,23.99,15.1,1,0,0,0.42522997928022427
1.0,86.9,19.95,1,0,0,0.35463850349447157
2.0,95.3,14.78,1,0,1,0.5550076763271988
1.0,49.0,17.67,3,1,1,0.9999999999999174
1.0,49.9,47.4,1,0,0,0.3440952121276779
1.0,34.9,14.44,1,0,0,0.40948636074785444
1.0,79.9,17.81,1,0,0,0.36301693110662725
2.0,148.9,23.69,1,0,1,0.5134124103939888
1.0,39.0,12.69,1,0,0,0.4102932967091403
2.0,119.8,33.72,1,0,1,0.5075967171624919
1.0,49.99,8.64,1,0,0,0.41707328817106354
1.0,105.9,23.32,1,0,0,0.3400486598777601
2.0,100.2,25.38,1,0,1,0.5280155913980276
1.0,79.99,23.14,1,0,0,0.3519492163983437
1.0,197.0,18.63,1,0,0,0.3248171163497513
1.0,51.49,8.88,1,0,0,0.4143882515911802
1.0,18.69,17.6,1,0,0,0.4302627023242988
1.0,181.01,16.02,1,0,0,0.33428835781231697
1.0,279.9,15.71,1,0,0,0.3187212336752638
1.0,290.0,12.64,1,0,0,0.32650072097991845
1.0,154.9,19.18,1,0,0,0.33287292638670707
1.0,24.95,8.29,1,0,0,0.4521203113053231
1.0,132.45,18.18,1,0,0,0.34127354065002813
1.0,33.9,23.28,1,0,0,0.3895854847999483
1.0,52.0,10.12,1,0,0,0.4076789169361811
1.0,199.99,17.65,1,0,0,0.32645161034151393
1.0,149.0,8.3,1,0,0,0.3712412209801658
1.0,205.0,15.04,1,0,0,0.3321596906234123
1.0,159.9,18.37,1,0,0,0.33340794127992646
1.0,519.0,37.69,1,0,0,0.26551355191441
2.0,113.89,32.94,1,0,1,0.5108670908425045
1.0,119.9,22.31,1,0,0,0.33683791320261536
1.0,105.0,9.49,1,0,0,0.3796539660481162
1.0,49.9,17.6,1,0,0,0.38414305322384035
1.0,120.0,23.38,1,0,0,0.33491801214735073
2.0,139.67000000000002,27.02,1,0,1,0.5103851834862555
1.0,49.9,13.01,1,0,0,0.3977877977388199
1.0,130.0,8.65,1,0,0,0.3749697550187382
1.0,129.9,12.61,1,0,0,0.35782964093150893
1.0,165.0,19.03,1,0,0,0.33073864945289827
1.0,24.5,11.85,1,0,0,0.43562771347604595
1.0,18.9,12.48,1,0,0,0.4457985314368986
1.0,289.0,26.33,1,0,0,0.2974191578787448
1.0,89.0,19.81,1,0,0,0.3539346578123519
1.0,89.9,15.38,1,0,0,0.36438480986459926
1.0,74.5,14.69,1,0,0,0.374465677257163
1.0,169.99,29.24,1,0,0,0.3127588946650517
1.0,104.49,15.48,1,0,0,0.35779361538382315
1.0,40.0,19.47,1,0,0,0.3897280486730396
1.0,59.9,27.27,1,0,0,0.3575630174202445
2.0,66.2,30.2,1,0,1,0.5393835519619684
1.0,79.99,13.92,1,0,0,0.3737967146461805
1.0,54.9,16.14,1,0,0,0.38370564201206964
2.0,98.0,58.76,1,0,0,0.49388879089121707
1.0,199.0,21.88,1,0,0,0.3180046768114832
1.0,69.0,14.06,8,1,1,0.9999999999999567
1.0,49.9,10.96,1,0,0,0.4057895936027965
2.0,59.8,30.62,1,0,1,0.5435133368869701
1.0,139.9,14.0,1,0,0,0.35022102426422397
1.0,259.9,48.53,1,0,0,0.27981064930521415
1.0,116.99,18.7,1,0,0,0.34509129242419
1.0,29.99,12.79,1,0,0,0.42230063455094935
1.0,91.8,7.51,1,0,0,0.3965133128596181
2.0,138.89,20.73,1,0,1,0.5225230906841316
1.0,899.0,21.17,1,0,0,0.2684597825905971
2.0,97.8,32.21,1,0,1,0.518704560128795
1.0,215.56,19.75,1,0,0,0.31908340969812726
1.0,159.9,34.92,1,0,0,0.30849999131460826
2.0,118.0,36.58,1,0,1,0.5048159432897019
1.0,170.9,8.94,1,0,0,0.3622241116524819
1.0,49.9,13.37,1,0,0,0.39653054581094427
1.0,40.0,17.78,1,0,0,0.3937363506308213
1.0,65.0,19.42,1,0,0,0.36817875320355725
1.0,48.9,19.32,1,0,0,0.38096687808055496
1.0,135.0,14.54,1,0,0,0.35001586262886647
1.0,41.9,16.11,1,0,0,0.3960219452134128
1.0,112.99,30.04,1,0,0,0.32748643691440116
1.0,298.0,20.19,9,1,1,0.99999999999994
1.0,133.9,15.79,1,0,0,0.3467947337095377
2.0,79.8,33.58,1,0,1,0.526207031106524
1.0,166.0,8.51,1,0,0,0.36566899442491363
1.0,108.9,33.0,1,0,0,0.32537756738387996
1.0,18.9,14.52,1,0,0,0.4386290502169375
1.0,57.49,16.16,1,0,0,0.38159765592390377
1.0,35.0,18.35,1,0,0,0.39849751024473756
1.0,279.0,26.69,1,0,0,0.29815283195766085
1.0,35.0,21.15,1,0,0,0.39225211365367935
1.0,75.0,14.7,1,0,0,0.3741454165677414
1.0,59.99,11.92,1,0,0,0.3935203068953904
2.0,99.8,29.04,1,0,1,0.5222717023023459
2.0,214.0,34.38,1,0,0,0.48134879111354567
1.0,143.8,18.9,1,0,0,0.3363957823246557
1.0,899.0,132.15,1,0,0,0.21503565264031738
1.0,172.04,13.64,1,0,0,0.34311955041823744
1.0,24.89,18.27,1,0,0,0.414749759200132
1.0,73.9,51.02,1,0,0,0.3250539098428141
1.0,19.99,17.06,1,0,0,0.4284209032762433
1.0,119.99,22.55,1,0,0,0.33637550669217287
1.0,43.9,9.06,1,0,0,0.4208052725067511
1.0,66.99,17.21,1,1,0,0.37209588764115564
1.0,44.9,20.8,1,0,0,0.38160728666192145
1.0,61.9,16.19,1,0,0,0.3782453117609855
1.0,45.9,15.56,1,0,0,0.39342069058453794
1.0,56.99,11.9,1,0,0,0.3959030931197526
1.0,132.9,21.42,1,0,0,0.3343907988102602
1.0,59.9,23.0,1,0,0,0.36456883702254805
1.0,25.99,10.96,1,0,0,0.43651707368657255
1.0,212.0,16.23,1,0,0,0.32770154366328935
1.0,22.9,29.55,1,0,0,0.3978249360288253
1.0,189.0,13.98,1,0,0,0.3383899211622907
1.0,24.99,19.59,1,0,0,0.4114315392161671
1.0,50.0,7.78,1,0,0,0.4221577832578069
1.0,29.0,9.27,1,0,0,0.4393487109512405
2.0,199.8,22.62,1,0,1,0.5026804216702496
1.0,18.17,11.85,1,0,0,0.45021640968933246
1.0,249.9,41.53,1,0,0,0.28633514726888476
1.0,68.9,18.63,1,0,0,0.36743711459048495
2.0,199.8,27.44,1,0,0,0.4940627279946003
1.0,219.9,18.79,1,0,0,0.3203399874952987
1.0,113.1,15.89,1,0,0,0.3533895472385794
1.0,59.9,16.12,1,0,0,0.3798873898233891
1.0,18.9,12.48,1,0,0,0.4457985314368986
1.0,9.99,15.1,1,0,0,0.4682800347607494
1.0,349.9,17.0,1,0,0,0.3075306771457652
1.0,150.0,28.03,1,0,0,0.31909928318475655
1.0,89.54,17.47,1,0,0,0.35902316609206025
1.0,18.9,16.79,1,0,0,0.4318795429127589
1.0,99.9,18.13,1,0,0,0.352868728499066
1.0,18.99,15.23,1,0,0,0.43616439901927145
1.0,148.0,15.13,1,0,0,0.34461394891091834
1.0,110.32,18.87,1,0,0,0.3471007559391686
1.0,14.9,7.39,1,0,0,0.48327819096867725
2.0,72.0,32.22,1,0,1,0.5327127619696256
1.0,29.0,15.1,1,0,0,0.41616058115434545
1.0,89.9,16.82,1,0,0,0.36048795262764183
1.0,109.8,45.23,1,0,0,0.3135711955089757
1.0,49.99,11.73,1,0,0,0.4025178905171371
1.0,99.9,10.88,1,0,0,0.37545258184655383
1.0,59.9,11.92,1,0,0,0.3935875850024601
1.0,59.9,13.44,1,0,0,0.3880689520143738
1.0,39.99,6.78,1,0,0,0.43939061765942505
1.0,64.99,27.51,1,0,0,0.3537092408660493
1.0,23.99,11.85,1,0,0,0.4366462771070626
1.0,173.0,19.09,1,0,0,0.3287826941668704
1.0,77.63,13.56,1,0,0,0.37626794455843243
1.0,430.0,20.89,1,0,0,0.29243664253495016
1.0,149.94,49.79,1,0,0,0.2984695518129681
1.0,65.9,11.85,1,0,0,0.38960278737067044
1.0,38.9,15.1,1,0,0,0.40238256503160563
1.0,58.9,21.25,1,0,0,0.3686349527073348
3.0,89.4,35.55,1,0,1,0.5189069426805498
1.0,119.9,16.6,1,0,0,0.349126983127562
1.0,19.99,7.78,1,0,0,0.4661367140656194
1.0,155.0,43.83,1,0,0,0.30160082064313454
2.0,59.8,25.94,1,0,1,0.5507241240530169
1.0,46.9,13.54,1,0,0,0.3987747059994987
1.0,230.0,16.36,1,0,0,0.32430723736090245
2.0,119.8,35.34,1,0,1,0.5055979941849877
2.0,493.24,56.54,1,0,0,0.4267635368280722
1.0,69.9,0.0,1,0,1,0.5556933290254915
2.0,207.94,90.38,1,0,0,0.4445506270572588
1.0,199.99,35.56,1,0,0,0.29961537883335276
1.0,119.99,16.28,1,0,0,0.34992829086373395
1.0,49.0,24.84,1,0,0,0.3701786401269213
1.0,49.99,9.34,1,0,0,0.4133194881439532
1.0,305.9,21.11,1,0,0,0.30377180127011505
1.0,39.9,15.11,1,0,0,0.4011782069874495
1.0,199.0,32.99,1,0,0,0.3024884608196991
1.0,34.99,14.1,1,1,0,0.4104658142727005
1.0,129.99,11.09,1,0,0,0.3635572482843539
1.0,29.9,16.79,1,0,0,0.40986212842301634
1.0,169.79,57.96,1,0,0,0.2889290418683526
1.0,173.25,15.96,1,0,0,0.336145226121236
1.0,219.9,82.63,1,0,0,0.26904012069473043
1.0,49.0,11.85,1,0,0,0.4029560139925979
1.0,420.0,85.27,1,0,0,0.24745780613640922
1.0,16.9,34.15,1,0,0,0.4063051218650532
1.0,55.0,11.89,1,0,0,0.3975461629157361
1.0,110.0,14.52,1,0,0,0.3584554666090592
1.0,56.99,21.2,1,0,0,0.3701798434930271
2.0,27.4,30.2,1,0,1,0.5809797635520463
1.0,21.9,15.1,4,1,1,0.9999999999999574
1.0,120.0,15.72,1,0,0,0.35142763107011504
1.0,177.9,16.0,1,0,0,0.33501164769198416
1.0,348.0,18.69,1,0,0,0.3039754654418485
1.0,119.99,63.09,1,0,0,0.2989184726090834
1.0,18.75,17.06,1,0,0,0.43153439005883887
1.0,13.77,15.1,3,1,1,0.9999999999999374
1.0,78.5,17.85,1,1,0,0.3636741774313975
2.0,379.8,38.42,1,0,0,0.4527153781308587
1.0,14.99,12.79,1,0,0,0.45604549946174067
1.0,58.9,14.13,1,0,0,0.3865438037241413
1.0,388.9,22.77,1,0,0,0.29259013789200794
1.0,64.9,15.2,1,0,0,0.3789670829251757
1.0,59.9,13.78,1,0,0,0.38693172365658857
1.0,29.99,11.85,1,0,0,0.4259109188587888
1.0,229.9,16.36,1,0,0,0.3243234964306131
1.0,149.9,12.55,2,1,1,0.9999999999986702
1.0,56.99,17.97,1,0,0,0.37730551472068435
1.0,31.99,24.84,1,0,0,0.38949870424466404
1.0,67.9,15.24,1,1,0,0.37686834834959604
1.0,58.99,11.73,1,0,0,0.3950202191651169
1.0,589.0,107.63,1,0,0,0.23142663895355203
1.0,79.99,12.95,1,0,0,0.3770493248870695
1.0,78.99,38.6,1,0,0,0.3324365611966716
1.0,79.99,18.66,1,0,0,0.36096928437165454
1.0,209.0,17.9,1,0,0,0.3242114960900366
1.0,31.0,11.85,1,0,0,0.42433255005197323
1.0,181.01,26.3,1,0,0,0.3144155696122121
1.0,199.9,24.39,1,0,0,0.31360645567937806
1.0,18.99,15.1,1,0,0,0.43656424858804865
1.0,269.0,17.59,1,0,0,0.3155738784836064
1.0,119.9,21.33,1,1,0,0.33866278343703093
1.0,27.9,25.63,1,0,0,0.39453219953363555
1.0,19.95,11.85,1,0,0,0.44562994045886734
3.0,119.91,55.14,1,0,0,0.4876255102933004
1.0,649.9,18.14,1,0,0,0.28422008143977645
4.0,95.96,108.32,1,0,0,0.4723717347525059
4.0,41.1,44.93,1,1,1,0.5454723496420304
1.0,179.99,92.51,1,0,0,0.27258323564490766
1.0,22.99,11.85,1,0,0,0.43871197640709475
1.0,55.0,18.49,1,1,0,0.3776354109400737
1.0,69.9,16.25,1,0,0,0.37276242766936796
1.0,197.8,19.26,1,0,0,0.32331716770370816
1.0,32.99,7.39,1,0,0,0.4442976019120858
1.0,99.0,12.4,1,0,0,0.36988584886627257
1.0,14.5,7.39,1,0,0,0.48463391057987304
1.0,146.99,16.66,1,0,0,0.34079152328976936
1.0,59.9,23.0,1,0,0,0.36456883702254805
1.0,79.0,19.14,1,0,0,0.3604155915590034
2.0,134.0,35.43,1,0,1,0.5004950617572731
1.0,231.7,17.38,1,0,0,0.3215541768152458
1.0,78.0,15.85,1,0,0,0.36911961752456246
1.0,58.5,18.29,1,0,0,0.37538048485550246
1.0,43.8,17.06,1,0,0,0.3914256180514395
2.0,344.99,19.42,1,0,0,0.48658226118614667
1.0,44.49,9.54,1,0,0,0.41769470905991757
1.0,190.0,16.44,1,0,0,0.33134013313115623
1.0,13.9,10.96,1,0,0,0.46724554083925046
1.0,6.0,18.23,1,0,0,0.48458787438364914
1.0,99.9,27.25,1,0,0,0.3362018312130453
1.0,145.0,17.19,1,0,0,0.34001447718817646
1.0,110.0,20.85,1,0,0,0.34307383339837005
1.0,29.0,15.1,1,1,0,0.41616058115434545
1.0,49.99,15.51,1,0,0,0.3896949393831758
1.0,219.0,16.74,1,0,0,0.3251984647618338
1.0,81.6,27.3,1,0,0,0.34442882454580165
1.0,38.67,12.93,1,0,0,0.40981482406276704
1.0,24.9,18.23,1,0,0,0.4148293770299645
1.0,97.9,20.0,1,0,0,0.3495730098508966
1.0,149.99,40.38,1,0,0,0.30569073041467903
1.0,285.0,20.3,1,0,0,0.3078047544746566
1.0,29.99,7.78,1,0,0,0.44633880107319707
1.0,107.0,12.25,1,1,0,0.36716016333248325
1.0,58.9,35.76,1,0,0,0.3475875808986877
1.0,34.9,19.32,1,0,0,0.39634811129410685
2.0,159.98,42.42,1,0,0,0.4851409882529325
1.0,69.99,23.21,1,0,0,0.3574816230224726
1.0,49.0,14.1,1,0,0,0.3949215114989168
1.0,89.49,8.37,1,0,0,0.3924503366061527
1.0,239.99,18.59,1,0,0,0.3175301943304623
1.0,18.99,24.84,1,0,0,0.41414665766344455
1.0,47.99,14.52,1,0,0,0.3945298726683695
1.0,325.0,10.47,1,0,0,0.33039977204948096
1.0,51.9,16.8,1,0,0,0.384437858375091
1.0,27.99,37.04,1,0,0,0.37925235882776076
1.0,15.0,12.79,1,0,0,0.4560125066130675
1.0,88.99,19.68,1,0,0,0.35421631352811533
2.0,128.0,32.89,1,0,1,0.5057071225915386
1.0,120.0,18.72,1,0,0,0.3440182937163413
1.0,139.0,23.83,1,0,0,0.32835535782811365
1.0,49.9,17.6,1,0,0,0.38414305322384035
1.0,294.99,31.1,1,0,0,0.29065500984441384
1.0,99.0,22.62,1,0,0,0.34403222650596443
2.0,120.0,37.04,1,0,1,0.5035357972728236
1.0,64.4,17.7,1,0,0,0.3725911227858475
1.0,284.9,22.07,1,0,0,0.3045792845028793
1.0,74.9,16.96,1,0,0,0.367902041701137
1.0,49.0,14.1,1,0,0,0.3949215114989168
1.0,104.9,16.43,1,0,0,0.3550544318364009
1.0,139.99,38.53,1,0,0,0.30995656935395216
1.0,109.9,13.79,1,0,0,0.3607625075636302
1.0,349.99,18.7,1,0,0,0.3037552443012682
1.0,29.9,14.52,1,0,0,0.41651981592196397
1.0,99.9,0.0,1,0,1,0.5394449364552412
1.0,32.99,9.09,1,0,0,0.4341259805315203
1.0,12.0,22.06,1,0,0,0.44176339856490177
1.0,13.99,8.72,1,0,0,0.47816752144692637
1.0,94.9,15.54,1,0,0,0.36164869565513486
1.0,259.0,78.83,1,0,0,0.26496380372052997
1.0,134.0,13.64,1,0,0,0.3531008486747784
1.0,99.0,38.24,1,0,0,0.32367599194140967
2.0,29.8,31.12,1,0,1,0.575706868556418
1.0,448.47,90.0,1,0,0,0.24401279469825404
1.0,14.9,7.39,1,0,0,0.48327819096867725
1.0,138.0,17.22,1,0,0,0.341908585809036
4.0,155.96,50.0,1,0,0,0.47988949286292115
1.0,96.0,14.84,1,0,0,0.3631834879267306
1.0,139.0,20.21,1,0,0,0.33498329736746585
1.0,24.99,18.23,1,0,0,0.414657137352748
1.0,94.9,16.42,1,0,0,0.35925423755164276
1.0,29.22,19.32,1,0,0,0.40464511595345465
1.0,20.39,11.85,1,0,0,0.44456237438077273
1.0,18.99,15.1,1,0,0,0.43656424858804865
1.0,47.65,19.04,1,0,0,0.38276588112699134
1.0,599.0,20.44,1,0,0,0.28236199063439643
1.0,380.0,39.06,1,0,0,0.2742918553628777
1.0,219.99,18.17,1,0,0,0.32168075133802676
1.0,149.99,15.8,1,0,0,0.34223407147455615
1.0,139.9,34.78,1,0,0,0.31369285586307466
1.0,99.0,15.44,1,1,0,0.3601567120433845
1.0,66.9,17.72,1,0,0,0.3708816271806905
1.0,139.9,18.53,1,0,0,0.33830140529894226
1.0,124.99,14.62,1,0,0,0.35290433732349236
1.0,27.9,7.46,1,0,0,0.4519122902925883
1.0,27.9,12.94,1,0,0,0.4251991456036585
1.0,148.0,15.13,1,0,0,0.34461394891091834
1.0,24.9,7.43,1,0,0,0.4576476241610068
1.0,50.0,19.32,1,0,0,0.3799706592569581
1.0,119.0,61.22,1,0,0,0.3002117603995471
1.0,736.0,20.91,1,0,0,0.27502390728579224
2.0,238.0,114.18,1,0,0,0.4306208321302341
1.0,458.0,17.97,1,0,0,0.2960768369040903
1.0,99.9,11.9,1,0,0,0.37136410778733675
2.0,226.0,27.62,1,0,0,0.48848933493079516
1.0,122.99,25.21,1,0,0,0.3309428554032346
1.0,119.9,17.55,1,0,0,0.3467638875735554
1.0,52.8,15.12,1,0,0,0.3883777355368977
1.0,109.9,28.15,1,0,0,0.33109600394155037
1.0,19.83,12.8,13,1,1,0.9999999999999667
1.0,18.9,13.47,1,0,0,0.44216713947893355
1.0,169.99,17.64,1,0,0,0.3327052730527437
1.0,18.9,15.1,1,0,0,0.43679620098271676
1.0,128.7,21.39,1,0,0,0.33572089913552866
1.0,249.9,20.85,1,0,0,0.3114980712858394
1.0,16.97,7.78,1,0,0,0.47424042054330023
1.0,109.99,57.03,1,0,0,0.3055460885334477
1.0,13.65,15.79,1,0,0,0.4507060718402771
1.0,120.0,14.2,1,0,0,0.35584275201866095
2.0,116.0,136.26,1,0,0,0.4555844532254798
1.0,167.99,17.91,1,0,0,0.3325359415791676
1.0,49.99,7.78,1,0,0,0.42216704732247834
1.0,76.25,16.97,1,0,0,0.36710845197166064
1.0,33.0,12.89,1,0,0,0.4173992009647531
1.0,41.9,16.79,1,0,0,0.39416479564229745
1.0,45.0,11.85,1,0,0,0.40686634802980814
2.0,290.0,90.94,1,0,0,0.43043317976403117
1.0,649.9,77.27,1,0,0,0.23731958658950916
1.0,92.5,34.19,1,0,0,0.3305663590576818
1.0,59.9,17.67,1,0,0,0.3758428703844311
1.0,176.99,27.56,1,0,0,0.3134769018378787
1.0,135.0,27.03,1,0,0,0.3245621431653532
1.0,249.0,9.33,1,0,0,0.3454869050672899
1.0,17.9,16.05,1,1,0,0.4366141861438877
1.0,29.9,19.4,1,0,0,0.40338006916727254
1.0,80.0,16.81,1,0,0,0.36546408602512576
1.0,68.0,16.45,1,0,0,0.3734236376461889
1.0,112.0,39.07,1,0,0,0.31803241495032564
1.0,185.9,20.49,1,0,0,0.32317618925334757
2.0,198.0,31.14,1,0,0,0.4889346160135317
1.0,33.6,17.6,1,0,0,0.40226128193437627
1.0,35.9,11.74,1,0,0,0.4178298136194717
1.0,27.9,12.69,1,0,0,0.426119262701481
1.0,25.9,16.79,1,0,0,0.4166797294029156
1.0,89.9,22.34,1,0,0,0.3485182424492893
1.0,49.9,15.1,1,0,0,0.39098424435258994
1.0,15.9,7.78,1,0,0,0.477475187559539
1.0,92.9,21.14,1,0,0,0.34943607969277457
1.0,69.9,23.11,1,0,0,0.357715321114576
1.0,219.9,18.79,1,0,0,0.3203399874952987
1.0,188.0,17.97,1,0,0,0.3280674779392811
1.0,68.8,19.45,1,0,0,0.3656520889454379
1.0,21.99,8.27,1,0,0,0.45841388231873514
1.0,43.9,13.37,1,0,0,0.40238803020859604
1.0,580.27,22.76,1,0,0,0.27942943243690604
1.0,1199.0,134.25,1,0,0,0.20740566015714113
1.0,54.99,19.35,1,0,0,0.3756699029358232
3.0,118.5,23.34,1,0,1,0.5245397326479235
1.0,46.9,7.39,1,0,0,0.42764938798230767
1.0,139.9,18.86,1,0,0,0.33757012786978563
1.0,342.0,40.42,1,0,0,0.27661728001143554
1.0,157.0,21.59,1,0,0,0.32755303613922065
1.0,54.85,22.88,1,0,0,0.3686385968044102
1.0,17.89,14.52,1,0,0,0.4413170594085172
1.0,90.0,13.07,1,0,0,0.3715661283160646
1.0,159.9,18.37,1,0,0,0.33340794127992646
1.0,39.0,7.53,1,0,0,0.4353958939061188
1.0,10.99,18.23,1,0,0,0.45476162146491406
1.0,56.99,16.1,1,0,0,0.38215130648989293
1.0,89.9,11.24,1,0,0,0.3784689944080609
1.0,45.0,16.6,1,0,0,0.3914152753291491
1.0,307.3,20.4,1,0,0,0.30493445709948536
1.0,89.9,9.62,1,0,0,0.3856860970966934
1.0,146.3,16.99,1,0,0,0.3401522860817212
1.0,47.0,16.6,1,0,0,0.38944064826926633
1.0,7.0,17.06,1,0,0,0.480132930688992
1.0,29.0,7.46,1,0,0,0.4500395893907435
1.0,49.9,15.1,1,0,0,0.39098424435258994
1.0,29.5,13.08,1,0,0,0.422030875658985
1.0,79.0,16.8,1,0,0,0.36602778573987177
1.0,93.8,19.85,1,0,0,0.35166033776871697
1.0,159.99,19.81,1,0,0,0.33029537668420733
1.0,179.9,45.11,1,0,0,0.29516140855766315
1.0,64.99,22.95,1,0,0,0.36112852972444764
2.0,219.98,18.24,1,1,1,0.5084070337751593
1.0,89.99,25.12,1,0,0,0.3437077571827367
1.0,699.99,13.71,1,0,0,0.2926795513842576
1.0,650.0,128.47,1,0,0,0.22433385339642373
1.0,97.9,29.09,1,0,0,0.334464564238518
1.0,14.9,20.8,1,1,0,0.4337636208121733
1.0,27.9,18.23,1,0,0,0.4094210012174294
1.0,121.0,37.54,1,0,0,0.3164796820781348
1.0,189.0,36.31,1,0,0,0.3009246085070171
1.0,34.5,17.17,10,1,1,0.9999999999999607
,,,1,0,0,0.3610559326759919
1.0,699.0,33.68,1,0,0,0.26008034852642375
1.0,104.9,42.76,1,0,0,0.3173430373441294
1.0,72.0,34.3,1,0,0,0.3407221983801817
1.0,39.99,7.78,1,0,0,0.4326049769589234
1.0,155.44,14.84,1,0,0,0.34349473195455626
1.0,139.99,21.06,1,0,0,0.3330273286836168
1.0,52.0,11.86,1,1,0,0.400206891596085
1.0,56.99,14.15,1,0,0,0.3879514848140964
1.0,75.0,15.28,1,0,0,0.3724263849783716
1.0,595.0,85.26,1,0,0,0.23719038216493463
1.0,40.99,15.1,1,0,0,0.3999646001394078
1.0,89.9,38.18,1,0,0,0.32759083683136275
1.0,16.9,12.79,1,0,0,0.4501242976333995
1.0,199.0,17.15,1,0,0,0.3278212944975104
1.0,90.0,17.07,1,0,0,0.35980426976581914
1.0,113.9,18.05,1,0,0,0.3476657107274105
1.0,914.65,24.28,1,0,0,0.2631102893591962
1.0,136.99,37.05,1,0,0,0.31219065354202336
2.0,69.99000000000001,51.26,1,1,1,0.5147677187899343
1.0,299.9,27.38,1,0,0,0.2946879495668699
1.0,67.9,16.92,1,1,0,0.372251637428201
1.0,85.4,19.84,1,0,0,0.35560211000090874
1.0,54.9,14.47,1,0,0,0.3886113749585369
1.0,129.9,13.48,1,0,0,0.35488240004209326
1.0,49.9,7.39,1,0,0,0.424764819750523
1.0,159.9,23.7,1,0,0,0.3231483650374805
1.0,255.91,11.21,1,0,0,0.3363338353460432
1.0,199.0,16.14,1,0,0,0.3303368010092796
1.0,42.99,23.45,2,1,1,0.9999999999988123
1.0,41.99,7.55,1,0,0,0.4317789041432681
1.0,47.49,9.94,1,0,0,0.4127029770871281
1.0,530.0,43.78,1,0,0,0.26003814628734734
2.0,127.8,50.58,1,0,0,0.4878977787582852
1.0,33.99,16.6,1,0,0,0.40435671616758534
1.0,114.9,12.51,1,0,0,0.36324373419248074
1.0,105.99,24.12,1,0,0,0.33865577068808633
1.0,987.0,32.99,1,0,0,0.2506336258046063
2.0,231.0,48.5,1,0,0,0.4638406813842937
1.0,89.8,45.09,1,0,0,0.32159040644636405
1.0,79.99,12.69,1,0,0,0.3779687594067285
1.0,55.0,7.78,1,0,0,0.4177624526526953
1.0,14.99,15.23,1,0,0,0.44777306006839995
1.0,53.9,0.0,1,0,1,0.5676894153564821
1.0,39.0,18.07,1,0,0,0.3941807604464468
1.0,412.0,27.72,1,0,0,0.28346609372423515
1.0,66.99,27.75,1,0,0,0.352068668643807
1.0,110.0,20.65,1,0,0,0.3434710126998174
1.0,594.21,42.0,1,0,0,0.25785919583764755
1.0,69.0,9.27,1,0,0,0.3990669603205684
1.0,49.9,25.63,1,0,0,0.3680744764172601
1.0,39.9,28.75,1,0,0,0.37331926052653364
1.0,110.32,8.03,1,0,0,0.38539034268234384
1.0,155.0,17.53,1,0,0,0.33656520645037336
2.0,138.0,100.56,1,0,0,0.45844757090192106
1.0,205.09,52.99,1,0,0,0.28513522984636097
1.0,189.9,244.34,1,0,0,0.24579659579957255
1.0,85.0,8.95,1,0,0,0.39152124806255734
1.0,84.9,15.34,1,0,0,0.36692991771157785
1.0,35.0,15.23,1,0,0,0.4069064252956397
1.0,279.9,19.09,1,0,0,0.31086845778791
1.0,239.9,9.26,1,0,0,0.347255947913418
1.0,129.0,34.26,1,0,0,0.31735879148153084
1.0,229.9,14.05,1,0,0,0.3306810659768151
1.0,29.9,7.55,1,0,0,0.4479685911167226
1.0,189.0,14.15,1,0,0,0.337872847859546
1.0,623.0,20.84,1,0,0,0.28038938677004216
1.0,62.9,16.63,1,0,0,0.3763557655663922
1.0,799.0,20.35,1,0,0,0.27347418063132606
1.0,53.9,8.11,1,0,0,0.4166719933254935
1.0,89.9,12.76,1,0,0,0.37269480434719265
1.0,107.6,18.63,1,0,0,0.34865947534874764
,,,2,1,1,0.9999999999987204
1.0,64.49,16.21,1,0,0,0.37638858556601584
1.0,74.9,37.21,1,0,0,0.33599334803741576
1.0,29.99,7.78,1,0,0,0.44633880107319707
1.0,53.9,22.96,1,0,0,0.36926036410853613
1.0,49.99,14.1,1,0,0,0.3940138131502646
1.0,59.9,13.9,1,0,0,0.38653799037209563
1.0,129.9,15.67,1,0,0,0.34834468860666246
1.0,89.9,17.88,1,1,0,0.35786012266933126
1.0,179.9,8.12,1,0,0,0.3645870740322573
1.0,399.0,29.52,1,0,0,0.28229348715237873
1.0,524.9,17.76,1,0,0,0.29197858823421285
1.0,30.0,9.34,1,1,0,0.43735208998369673
1.0,99.9,18.27,1,0,0,0.3525425028159859
1.0,38.95,7.53,1,0,0,0.4354566271706865
1.0,78.0,7.41,1,0,0,0.40433599967073136
1.0,119.99,12.04,1,0,0,0.36316117204911474
1.0,36.9,19.59,1,0,0,0.3931619489340671
1.0,79.0,15.3,1,0,0,0.3701281537185772
2.0,59.8,21.92,1,0,1,0.558191122374608
1.0,19.9,15.1,1,0,0,0.4342819700939666
1.0,39.9,34.15,1,0,0,0.3663862295824505
3.0,152.7,48.36,1,0,0,0.48215736934707487
1.0,69.9,16.93,1,0,0,0.3709643947166658
1.0,34.99,8.29,1,0,0,0.4358227797025273
1.0,110.0,18.57,1,0,0,0.3478921540770939
1.0,24.9,7.55,1,0,0,0.4568510005354621
1.0,146.99,20.52,1,0,0,0.33216648467422083
1.0,64.89,13.47,1,0,0,0.3844149309773578
1.0,239.99,22.17,1,0,0,0.3105767381779392
1.0,89.99,14.72,1,0,0,0.3662726787908206
1.0,655.0,187.43,1,0,0,0.21548851230336186
1.0,24.9,15.23,1,0,0,0.42304304709344714
1.0,58.9,34.17,1,0,0,0.3493439746996469
1.0,298.0,23.17,11,1,1,0.9999999999999387
1.0,179.9,50.74,1,0,0,0.29120953083236534
1.0,19.33,8.27,1,0,0,0.4647579823551196
1.0,35.0,22.06,1,0,0,0.3904273674463952
1.0,47.9,12.48,1,0,0,0.40157992794511255
1.0,84.99,15.35,1,0,0,0.3668560905881338
1.0,13.65,14.1,1,0,0,0.4560355176824037
1.0,189.9,19.63,1,0,0,0.3240917966716422
1.0,59.9,28.82,1,0,0,0.3553363199737851
1.0,129.0,13.5,1,1,0,0.3551007550355423
1.0,23.2,15.1,1,0,0,0.4268437845923922
1.0,30.99,22.15,1,0,0,0.39589080105534213
1.0,99.99,17.95,1,0,0,0.3532552067806012
1.0,349.9,17.21,1,0,0,0.3070416791264062
1.0,39.9,12.48,1,0,0,0.4100112095114891
1.0,79.99,18.66,1,0,0,0.36096928437165454
1.0,105.9,17.99,1,1,0,0.35078919000223024
1.0,24.9,18.23,1,0,0,0.4148293770299645
1.0,14.9,16.79,1,0,0,0.44352756552180395
1.0,36.9,9.94,1,0,0,0.4244806321440076
4.0,205.47,73.83,1,0,0,0.45282459803579767
1.0,54.4,9.34,1,0,0,0.40944261502334345
1.0,35.99,11.85,1,0,0,0.4172711331021823
1.0,156.97,16.8,1,0,0,0.3378474469020222
1.0,245.9,14.74,1,0,0,0.32613931475280294
1.0,69.9,25.33,1,0,0,0.35394844794168867
1.0,121.9,18.1,1,0,0,0.3447941835914964
1.0,39.0,16.11,1,0,0,0.39932384781162783
4.0,91.6,37.36,1,0,1,0.5157052469721553
1.0,25.0,8.72,1,1,0,0.4495300543276205
1.0,329.99,12.7,1,0,0,0.32158173064785645
1.0,66.0,11.96,1,0,0,0.38910880775093565
2.0,114.0,39.28,1,0,1,0.5033718724209604
1.0,119.9,13.86,1,0,0,0.3569398774431695
2.0,216.0,31.04,1,0,0,0.4853347122674674
1.0,34.99,14.1,3,1,1,0.9999999999999258
1.0,18.9,7.78,1,0,0,0.46890529703760747
1.0,330.0,19.53,1,0,0,0.30411842284665574
1.0,98.44,13.81,1,0,0,0.3653052693001661
1.0,129.99,9.26,1,0,0,0.3718081686963187
1.0,239.9,16.89,1,0,0,0.32142933328426654
1.0,40.14,9.34,1,1,0,0.4235232879602732
1.0,259.77,15.57,1,0,0,0.32182807613019615
1.0,109.0,9.58,1,0,0,0.3776267739433147
2.0,249.8,35.56,1,0,0,0.4733353582908487
1.0,85.9,15.35,1,0,0,0.36640249745984954
1.0,16.37,8.27,1,0,0,0.4729858633266627
1.0,38.9,11.29,1,0,0,0.4159151109250778
1.0,84.0,17.03,1,0,0,0.3628222018716618
1.0,120.0,8.1,1,0,0,0.3814092804022844
1.0,230.0,46.08,1,0,0,0.2857264161420037
2.0,419.8,34.2,1,0,0,0.4535366962196341
1.0,79.99,13.92,1,0,0,0.3737967146461805
1.0,149.99,23.85,1,0,0,0.32536417414813024
1.0,399.99,36.6,1,0,0,0.2747975271475831
2.0,118.0,26.86,1,0,1,0.5181520586301781
1.0,199.0,43.8,1,0,0,0.2925388728634863
1.0,59.9,19.95,1,0,0,0.3705892188596519
1.0,199.9,24.12,1,0,0,0.31403579739297083
1.0,29.99,7.78,1,1,0,0.44633880107319707
1.0,119.99,12.04,1,0,0,0.36316117204911474
1.0,99.0,13.25,1,1,0,0.3669098055299018
1.0,55.0,12.83,1,0,0,0.3940237824570393
2.0,129.8,23.59,1,0,1,0.519676054753401
1.0,99.99,9.51,1,0,0,0.38164327853859575
1.0,122.99,9.06,1,0,0,0.37513156580750723
1.0,179.49,15.01,1,0,0,0.33736318407414234
1.0,29.9,8.64,1,0,0,0.441320668250909
1.0,169.0,9.54,1,0,0,0.35970596466320426
1.0,99.9,26.78,1,0,0,0.3368874722123764
1.0,89.9,25.47,1,0,0,0.3431933079171058
1.0,169.9,20.43,1,0,0,0.3267285567170217
1.0,129.9,14.66,1,0,0,0.35121851350099464
1.0,39.9,20.99,1,0,0,0.38656850551549604
1.0,12.9,14.1,1,0,0,0.4588358916212021
4.0,140.0,74.97999999999999,1,0,0,0.46888560983122474
1.0,81.5,15.42,1,0,0,0.3684469238904117
1.0,79.9,23.49,1,0,0,0.35138023703780186
1.0,370.47,43.57,1,0,0,0.2715225378865676
1.0,13.99,7.78,1,0,0,0.4838464244794147
1.0,11.55,7.39,7,1,1,0.9999999999999729
1.0,49.9,21.15,1,1,0,0.37615772789096374
1.0,89.9,12.13,1,0,0,0.37498773258280577
1.0,118.0,12.33,1,0,0,0.3627873707382839
1.0,29.98,7.39,1,1,0,0.44890119740750056
1.0,490.0,22.62,1,0,0,0.2851295326820109
1.0,38.9,17.6,1,0,0,0.39547144240660104
1.0,149.9,20.24,1,0,0,0.3319581073527433
1.0,29.99,7.78,1,0,0,0.44633880107319707
1.0,139.9,18.55,1,0,0,0.33825664916930837
1.0,31.9,11.85,1,0,0,0.42297204527367155
1.0,177.99,27.79,1,0,0,0.31295155649816836
1.0,19.9,15.1,1,0,0,0.4342819700939666
1.0,49.9,20.99,1,0,0,0.37648287573659356
1.0,25.99,7.78,1,0,0,0.45327363565658146
1.0,32.0,14.11,1,0,0,0.41463504595717593
1.0,22.9,15.1,1,0,0,0.42747201983155675
1.0,24.9,37.08,1,0,0,0.3846278214097958
1.0,250.0,111.2,1,0,0,0.25648004736147995
1.0,9.56,15.1,1,0,0,0.47046355437878384
1.0,215.99,63.31,1,0,0,0.2776766540349839
2.0,127.0,42.5,1,0,0,0.4952657155080287
1.0,89.9,11.24,1,1,0,0.3784689944080609
1.0,13.9,16.05,1,1,0,0.44904697232094515
1.0,75.0,21.17,1,0,0,0.3583669405516192
1.0,269.0,84.58,1,0,0,0.26169225902652904
2.0,239.8,180.14,1,0,0,0.415267364297162
1.0,489.0,10.29,1,0,0,0.31652921399119055
1.0,79.0,9.37,1,0,0,0.3925639252474473
1.0,200.4,38.95,1,0,0,0.29633171072319486
1.0,85.8,12.1,1,0,0,0.3771054166689052
1.0,139.0,14.7,1,0,0,0.34836542410324317
1.0,56.99,22.98,1,0,0,0.3667775878372171
1.0,99.0,33.08,1,0,0,0.329082637510107
1.0,19.99,18.23,1,0,0,0.4253950985610521
2.0,338.89,16.89,1,0,0,0.4938029795099737
1.0,149.99,43.11,1,0,0,0.3033959137887949
1.0,49.9,7.78,1,0,0,0.4222505148598961
1.0,27.99,15.1,1,0,0,0.41784609428066566
1.0,249.9,37.1,1,0,0,0.2902038560930146
1.0,14.9,11.85,1,0,0,0.46001303276149236
1.0,30.0,12.69,1,1,0,0.4226544393273625
1.0,59.9,19.01,1,0,0,0.3726657088198067
1.0,119.0,23.41,1,0,0,0.33520056735494463
1.0,100.0,12.61,1,0,0,0.3687046695515264
1.0,12.97,8.72,1,0,0,0.481939912337714
1.0,219.0,61.81,1,0,0,0.27794831034419604
1.0,149.0,21.88,1,0,0,0.3290473996928063
1.0,42.99,10.24,1,0,0,0.4158961833991871
1.0,40.0,9.74,1,0,0,0.42166451439457364
1.0,238.9,18.92,1,0,0,0.3169924683059293
,,,1,0,0,0.3610559326759919
1.0,120.0,74.79,1,0,0,0.293488904035488
1.0,319.9,15.99,1,0,0,0.31317396575092366
1.0,132.0,42.95,1,0,0,0.3083277074156842
1.0,49.0,15.28,1,0,0,0.391272641613128
3.0,170.91,48.48,1,0,0,0.4771303861488991
1.0,89.49,13.1,1,0,0,0.3717056211018522
1.0,99.99,16.46,1,0,0,0.3569663258701749
1.0,209.99,25.62,1,0,0,0.3099048199830109
2.0,19.6,28.2,1,0,1,0.5998450918919326
3.0,201.0,46.71,1,0,0,0.4716228667863969
3.0,105.0,40.56,1,0,1,0.5060671795756002
1.0,39.99,11.85,1,0,0,0.4123375378186495
1.0,159.9,43.18,1,0,0,0.30096820271913083
1.0,28.99,7.46,1,0,0,0.45005627144906113
1.0,80.0,14.14,1,0,0,0.37308978921188424
1.0,509.0,91.13,1,0,0,0.2399350845118831
1.0,276.9,21.18,1,0,0,0.30718440151133775
1.0,210.0,23.18,1,0,0,0.3137472610246905
1.0,58.7,8.72,1,0,0,0.4092711213423619
1.0,117.99,16.46,1,0,0,0.35014307017093493
1.0,99.9,15.91,1,0,0,0.3584741559575961
1.0,83.0,23.73,1,0,0,0.34937005811633265
1.0,72.8,12.01,2,1,1,0.9999999999988429
1.0,105.0,28.11,1,0,0,0.33297728383550207
1.0,205.0,26.27,1,0,0,0.30983826515538276
1.0,62.8,11.05,1,0,0,0.3949975511441144
1.0,48.0,12.79,1,0,0,0.40034610660290176
1.0,49.99,12.79,1,0,0,0.39849371998223393
1.0,85.9,11.47,1,0,0,0.37950007195188623
1.0,184.0,15.6,1,0,0,0.3347716454264962
1.0,59.9,16.18,1,0,0,0.3797225687387746
1.0,79.9,19.1,1,0,0,0.36002342272639787
1.0,155.97,8.35,1,0,0,0.3690864590177733
1.0,120.9,15.6,1,0,0,0.35145280919868055
1.0,159.99,22.0,1,0,0,0.3260729613212778
1.0,45.0,8.29,1,0,0,0.42396062330540396
1.0,1149.65,22.8,1,0,0,0.25860233979808966
1.0,99.99,16.46,1,0,0,0.3569663258701749
1.0,459.0,59.98,1,0,0,0.25480519953789477
1.0,229.04,19.32,1,0,0,0.3177113917931852
1.0,104.99,17.98,1,0,0,0.35116806438142195
1.0,198.0,19.27,1,0,0,0.3232580630996308
1.0,135.0,16.58,1,0,0,0.3443870693898861
1.0,25.0,29.55,1,0,0,0.39369190184561426
2.0,179.98,35.76,1,1,0,0.48714428121078207
2.0,70.0,38.64,1,0,1,0.5263273674289991
1.0,31.9,19.32,1,0,0,0.4005303150766238
1.0,53.9,22.96,1,0,0,0.36926036410853613
1.0,199.99,27.48,1,0,0,0.3090494795498491
1.0,139.0,29.9,1,0,0,0.31957035788558263
1.0,40.0,13.37,1,0,0,0.40668667564320965
1.0,78.0,27.53,1,0,0,0.34597413433214835
1.0,92.0,65.45,1,0,0,0.307866110590918
1.0,59.9,28.77,1,0,0,0.35540590347927503
1.0,79.0,18.78,1,0,0,0.36122505822654055
2.0,158.9,29.68,1,0,1,0.50058630127891
1.0,65.0,20.94,1,0,0,0.3649689007032906
1.0,399.0,120.91,1,0,0,0.23977416976932062
1.0,109.0,23.3,1,0,0,0.3389155157182672
1.0,49.99,11.85,1,0,0,0.40204211906666487
1.0,34.99,10.96,1,0,0,0.4223070889723918
1.0,48.3,25.63,1,0,0,0.36951641183539985
1.0,177.9,17.96,1,0,0,0.3302070538436412
2.0,337.49,17.84,1,0,0,0.491419486339778
1.0,114.99,16.77,1,0,0,0.3503977442112323
1.0,29.0,12.69,1,0,0,0.42427070788933546
1.0,1599.99,53.61,1,0,0,0.22310604929071257
1.0,12.9,16.79,1,0,0,0.4506388787207754
1.0,144.99,17.26,1,0,0,0.3398467294937216
1.0,79.98,14.89,1,0,0,0.3708002048718986
1.0,20.89,16.79,1,1,0,0.4270175261735124
1.0,14.46,7.78,1,0,0,0.4821998187231029
1.0,96.99,13.02,1,0,0,0.3685598348083498
1.0,229.04,19.32,1,0,0,0.3177113917931852
1.0,19.99,16.05,1,0,0,0.431230072327912
1.0,117.7,18.7,1,0,0,0.34484606084365516
1.0,110.0,20.01,1,0,0,0.3447732327515623
1.0,34.9,12.96,1,0,0,0.41450771236691836
1.0,125.9,23.75,1,0,0,0.33238275593123934
1.0,170.0,10.32,1,0,0,0.3559095725902689
1.0,78.0,13.1,1,0,0,0.3776195732368684
1.0,388.0,23.21,1,0,0,0.2919545093272278
1.0,56.99,15.15,1,0,0,0.38486957180892645
1.0,39.58,16.79,1,0,0,0.3967810640981153
1.0,31.9,16.79,1,0,0,0.4068139538768292
1.0,53.9,13.46,1,0,0,0.392732923141944
1.0,209.99,13.37,1,0,0,0.33624126192488946
1.0,31.9,8.29,1,0,0,0.44024074735191043
1.0,160.0,23.92,1,0,0,0.32276163732963
3.0,186.0,54.03,1,0,0,0.4691272683892752
1.0,125.0,16.63,1,0,0,0.3473593896012392
1.0,229.0,38.74,1,0,0,0.29176923539921523
1.0,85.0,20.08,1,0,0,0.35529342515016443
1.0,59.0,18.51,1,0,0,0.3744856866604377
2.0,269.98,47.5,1,0,0,0.4581108333641405
1.0,129.9,25.75,1,0,0,0.32795550571200094
1.0,117.0,58.9,1,0,0,0.30212296743330247
1.0,13.65,15.1,1,0,0,0.4528006881897807
1.0,89.0,13.64,1,0,0,0.37012895706586735
1.0,46.99,13.71,1,0,0,0.3981136295142893
1.0,169.99,56.84,1,0,0,0.2895187149036438
1.0,35.9,13.59,1,0,0,0.4109702776205188
1.0,49.99,15.1,1,0,0,0.3909027756153556
2.0,291.8,87.2,1,0,0,0.4316884414455594
1.0,199.9,13.83,5,1,1,0.9999999999999443
1.0,46.4,15.23,1,0,0,0.3938961530857901
1.0,99.0,17.62,1,0,0,0.3544583371260379
1.0,124.8,13.45,1,0,0,0.35661728115417074
1.0,199.99,28.13,1,0,0,0.3081725947159801
1.0,45.87,19.95,1,0,0,0.38244847517434083
1.0,179.9,21.75,1,1,0,0.32204226207661524
1.0,179.0,10.07,1,0,0,0.3549558444921163
1.0,29.99,15.1,1,0,0,0.41456875034417173
1.0,349.0,30.84,1,0,0,0.28522071307921953
1.0,139.99,17.23,9,1,1,0.9999999999999489
1.0,24.99,8.72,1,0,0,0.44954952382057406
2.0,303.0,33.98,1,0,0,0.467168843555456
1.0,139.0,45.43,1,0,0,0.3044200579345964
2.0,270.0,128.74,1,0,0,0.42131514424235916
1.0,65.0,15.2,1,0,0,0.378899399499778
2.0,159.98,36.9,1,0,0,0.49095675098604596
1.0,59.9,20.91,1,0,0,0.3685836646911568
1.0,126.98,21.38,1,1,0,0.33627498530564903
1.0,154.99,14.83,1,1,0,0.34363853845238024
1.0,79.9,8.32,1,0,0,0.3977077621743496
1.0,14.9,12.48,1,0,0,0.4575196368443762
1.0,10.0,7.78,1,0,1,0.5005963390268923
1.0,149.9,12.43,1,0,0,0.3526567463474321
1.0,49.99,44.15,1,0,0,0.346640046290475
1.0,40.0,13.62,1,0,0,0.4058289045848995
3.0,272.70000000000005,49.2,1,0,0,0.45660267190257975
1.0,129.99,17.35,1,0,0,0.34398560686906215
1.0,79.0,38.1,1,0,0,0.33291694616984774
1.0,79.9,26.64,1,0,0,0.34628197932618726
2.0,40.98,15.56,1,0,1,0.5912526011340383
1.0,144.9,19.11,1,0,0,0.3356398171508669
1.0,134.9,21.43,1,0,0,0.33378152904426167
1.0,129.0,15.21,1,0,0,0.34990757889409363
1.0,74.5,16.77,1,0,0,0.36862383789881886
1.0,139.0,29.37,1,0,0,0.32024826660027395
2.0,25.8,34.12,1,0,1,0.5787345078917092
1.0,18.17,11.85,1,0,0,0.45021640968933246
1.0,115.0,18.69,1,0,0,0.3458100801583619
1.0,159.49,27.59,1,0,0,0.31736308986005407
1.0,38.9,8.72,1,0,0,0.42833173033859495
2.0,139.98,32.62,1,0,1,0.502087397696052
1.0,64.99,27.74,1,0,0,0.35337443103516075
1.0,898.0,146.03,1,0,0,0.21278220651292187
1.0,10.0,7.78,1,0,1,0.5005963390268923
1.0,67.99,24.61,1,0,0,0.3563072307385522
1.0,30.0,18.31,1,0,0,0.4057998438668906
1.0,99.9,13.25,1,1,0,0.3665283724047352
1.0,145.0,15.76,1,0,0,0.3436868913334612
1.0,24.9,11.85,1,0,0,0.4348444995472962
1.0,119.9,25.39,1,0,0,0.3316707653813575
1.0,69.99,14.07,1,0,0,0.37911699386080006
1.0,78.45,12.05,1,0,0,0.3811716850395395
1.0,72.9,25.79,1,1,0,0.3514366872391956
1.0,135.99,16.71,1,0,0,0.3437635099185414
1.0,670.0,31.24,1,0,0,0.26386433842867607
1.0,289.9,18.87,1,0,0,0.31006583424581785
2.0,118.0,23.6,2,1,1,0.9999999999993427
1.0,29.99,7.47,1,0,0,0.4483513095768064
2.0,70.0,30.36,1,0,1,0.5365719338092579
1.0,47.9,19.53,1,0,0,0.3814240488770064
1.0,33.9,14.4,1,0,0,0.41097772562262835
1.0,249.0,16.49,1,0,0,0.3210313638412222
1.0,68.34,7.74,1,0,0,0.40814283771613363
1.0,99.99,24.83,1,0,0,0.33985738348738026
1.0,329.0,21.18,1,0,0,0.3010882480402717
1.0,139.0,18.22,1,0,0,0.33925871744654645
1.0,59.9,29.62,1,0,0,0.354242171940234
1.0,119.99,22.31,1,0,0,0.3368078976767643
1.0,299.0,21.58,1,0,0,0.30372966746048774
,,,1,0,0,0.3610559326759919
5.0,1895.0,56.95,1,0,0,0.377511121127578
1.0,599.0,82.42,1,0,0,0.2379066231434999
1.0,79.0,23.99,1,0,0,0.3509939547062942
1.0,39.0,13.71,1,0,0,0.4066995641412321
1.0,119.0,58.69,1,0,0,0.3016006531424648
1.0,29.9,11.74,1,0,0,0.42649771174079243
2.0,139.8,34.84,1,0,0,0.4993296385581016
1.0,115.0,15.56,1,0,0,0.3536112377363405
1.0,279.9,17.72,1,0,0,0.3138359434058305
1.0,215.0,22.59,1,0,0,0.3138796442224071
1.0,339.99,12.99,1,0,0,0.31955557505746857
1.0,205.9,65.02,1,0,0,0.2784982973175947
1.0,107.9,23.56,8,1,1,0.9999999999999483
1.0,139.99,15.73,1,0,0,0.34517230502122803
1.0,139.77,9.14,1,0,0,0.36940641749600367
1.0,280.0,40.23,1,0,0,0.2835005641183746
1.0,79.0,13.57,1,0,0,0.3754775926803514
1.0,16.99,20.8,1,0,0,0.42735144424453836
1.0,189.0,19.2,1,0,0,0.3251671422003554
1.0,34.9,17.6,1,0,0,0.4004928830617012
1.0,23.99,15.11,1,0,0,0.42519928034417265
1.0,138.9,19.07,1,0,0,0.3373966163542306
1.0,87.0,11.63,1,0,0,0.3783163752079491
1.0,329.0,60.31,1,0,0,0.26513457938744284
1.0,149.9,23.37,1,0,0,0.3261901212190885
1.0,35.9,15.2,1,0,0,0.4058112089901926
1.0,79.98,22.87,1,0,0,0.3524374639381751
1.0,49.0,8.72,1,0,0,0.4175516320614715
2.0,119.8,35.34,1,0,1,0.5055979941849877
1.0,51.67,14.11,1,0,0,0.3924855224086188
1.0,43.0,8.04,1,0,0,0.4275806815878156
1.0,79.9,7.82,1,0,0,0.4006756734610201
2.0,297.8,72.8,1,0,0,0.4374732952706466
2.0,143.64,76.1,1,0,0,0.4668707997707704
5.0,249.5,87.97999999999999,1,0,0,0.4381775962384506
1.0,99.99,17.95,1,0,0,0.3532552067806012
1.0,248.99,15.49,1,0,0,0.3236094712854591
1.0,199.0,23.68,1,0,0,0.3149158541024217
1.0,49.9,12.93,1,0,0,0.3980725586436661
2.0,77.8,74.08,1,0,0,0.49553528938587466
1.0,169.9,23.12,1,0,0,0.32180374428575576
1.0,59.9,18.52,1,0,0,0.3737963151184347
1.0,143.28,13.66,1,0,0,0.35033110969593156
1.0,93.9,14.26,1,0,0,0.3658755521553115
1.0,99.9,17.83,1,0,0,0.35357784796989317
1.0,129.99,17.16,1,0,0,0.34445023500011174
1.0,119.9,21.92,1,0,0,0.33755251103980455
1.0,26.9,12.85,1,0,0,0.4272770926791684
1.0,63.99,18.03,1,0,0,0.37206645433251606
1.0,22.99,7.42,15,1,1,0.9999999999999694
1.0,39.9,8.72,1,0,0,0.42713594646093733
1.0,34.3,7.87,1,0,0,0.439327159984595
1.0,49.0,7.6,1,0,0,0.42423814635257023
1.0,259.99,26.66,1,0,0,0.30068973032832685
1.0,89.99,45.09,1,0,0,0.3215061334886136
1.0,58.0,13.75,1,0,0,0.38846903028653496
1.0,32.9,8.72,1,0,0,0.43628464280458257
1.0,97.07,61.42,1,1,0,0.30788344823293196
1.0,159.9,19.42,1,0,0,0.33112734507222985
1.0,97.0,27.41,1,0,0,0.3371662971311417
1.0,32.0,13.8,1,0,0,0.4156669261889681
1.0,12.98,14.1,1,0,0,0.458529366082873
1.0,119.5,22.77,1,0,0,0.3361474601006024
1.0,399.99,28.08,1,0,0,0.28398694001516217
1.0,109.9,34.57,1,0,0,0.3232752428167091
1.0,77.0,23.12,1,0,0,0.35358938459853745
1.0,79.08,17.8,1,0,0,0.3634809062115515
1.0,76.9,16.98,1,0,0,0.36671848566161075
1.0,24.07,15.23,1,0,0,0.4246724690137104
1.0,135.0,18.2,1,0,0,0.3404663940715563
1.0,999.9,27.61,1,0,0,0.2561118381014938
1.0,18.0,50.85,1,0,0,0.38751962182948846
1.0,59.0,14.16,1,0,0,0.386372134883279
1.0,79.9,17.0,1,0,0,0.3650292758803211
1.0,53.9,17.63,1,0,0,0.3806181616057507
1.0,87.67,14.4,1,0,0,0.3683558596624575
1.0,26.69,26.89,1,0,0,0.39457620346776795
1.0,154.0,32.88,1,0,0,0.31211418297283766
1.0,50.9,26.62,1,0,0,0.365638945124896
1.0,326.8,11.1,1,0,0,0.3276704860038131
1.0,179.9,51.98,1,0,0,0.29041105829218483
1.0,39.99,13.71,1,0,0,0.4055360671468334
1.0,95.0,18.55,1,0,0,0.3539862752680557
1.0,129.9,15.22,1,0,0,0.34959763782565845
1.0,144.0,19.98,1,0,0,0.3340588797235558
1.0,62.9,13.46,1,0,0,0.3858279053525709
1.0,23.9,14.52,1,0,0,0.42723226300138334
1.0,45.0,11.85,1,0,0,0.40686634802980814
1.0,699.9,13.01,1,0,0,0.2947727271680763
1.0,49.49,7.61,1,0,0,0.42371204936729273
1.0,25.89,25.63,1,0,0,0.39803961683057365
1.0,169.9,8.44,1,0,0,0.36510961294838784
2.0,240.0,31.18,1,0,0,0.48064810702214117
1.0,117.0,15.57,1,0,0,0.35287635212948154
1.0,139.94,40.31,1,0,0,0.30835860226392015
1.0,13.65,11.85,1,0,0,0.464359175335931
1.0,124.9,21.36,1,0,0,0.33697121363058885
1.0,89.99,14.38,1,0,0,0.3673065299885303
1.0,550.0,13.26,1,0,0,0.30197266621610996
1.0,159.99,14.87,1,0,0,0.34226717637797194
1.0,149.65,15.8,1,0,0,0.34232409083039006
1.0,239.99,32.33,1,0,0,0.2964869456407643
1.0,39.9,17.6,1,0,0,0.3943041205386816
1.0,44.95,14.1,1,0,0,0.39885688183322454
1.0,34.9,14.1,1,0,0,0.41058652837203025
1.0,28.9,15.1,1,0,0,0.41632462134165654
1.0,49.99,13.71,1,0,0,0.39529623816033505
1.0,27.99,7.78,1,0,0,0.4496743860684089
1.0,18.9,12.48,1,0,0,0.4457985314368986
3.0,134.7,43.56,1,0,0,0.4919582798729551
1.0,113.3,15.1,1,0,0,0.35552465806857186
1.0,350.0,20.33,1,0,0,0.30050821819018525
1.0,349.99,44.86,1,0,0,0.2724299162316873
1.0,56.99,16.16,1,0,0,0.38198588048313586
1.0,69.9,47.78,1,0,0,0.32965857084406963
1.0,221.6,75.5,1,0,0,0.27144125172032074
2.0,313.98,31.96,1,0,0,0.4683084744988923
1.0,159.0,12.61,1,0,0,0.34966258582814813
1.0,355.9,26.98,1,0,0,0.28934698858299296
1.0,39.9,12.48,1,0,0,0.4100112095114891
1.0,239.9,32.55,1,0,0,0.2962570447595892
1.0,11.87,12.79,1,1,0,0.4676237222882279
1.0,59.99,7.78,1,0,0,0.41379116768627217
1.0,189.9,18.17,1,0,0,0.32723054616814634
1.0,109.9,12.27,1,0,0,0.36596673783016764
1.0,56.9,8.72,1,0,0,0.41068885865137394
1.0,22.22,9.54,1,0,0,0.4508706285479339
1.0,99.0,18.93,1,0,0,0.35141742991348474
1.0,149.0,21.86,11,1,1,0.9999999999999463
1.0,74.99,23.1,1,0,0,0.3547435712760966
1.0,70.89,21.3,1,0,0,0.3605156022474515
1.0,109.9,13.11,1,0,0,0.36300480037418353
1.0,25.0,18.23,1,0,0,0.4146380407054259
3.0,176.17,48.63,1,0,0,0.475687908638275
1.0,84.99,9.41,1,0,0,0.38916261339236236
1.0,182.0,17.52,1,0,0,0.3303533087912851
1.0,58.5,29.11,1,0,0,0.3559536543320564
1.0,120.49,14.59,1,0,0,0.35449232576128653
,,,1,0,0,0.3610559326759919
1.0,139.99,21.47,1,0,0,0.3322473892232403
1.0,57.0,27.47,1,0,0,0.3594131443087443
1.0,119.99,36.5,1,0,0,0.31783080213597603
1.0,60.0,9.94,1,0,0,0.402028417285608
1.0,135.0,23.53,1,0,0,0.3300016302467566
1.0,39.9,21.15,1,0,0,0.38624004295571895
1.0,63.92,9.34,1,0,0,0.4021343914441105
2.0,299.8,24.0,1,0,0,0.4827946850353803
1.0,360.0,15.43,1,0,0,0.3104234807099583
1.0,10.99,8.72,1,0,0,0.49020252334105396
2.0,99.89,34.68,1,0,1,0.5145866578183065
1.0,29.9,11.85,1,0,0,0.4260543314122988
2.0,178.48,31.76,1,0,0,0.49257719005291073
1.0,77.98,16.52,1,0,0,0.36731701684636037
1.0,47.9,13.71,1,0,0,0.3972386157855902
2.0,119.8,14.78,1,0,1,0.5447826679402445
1.0,205.0,9.79,1,0,0,0.3508672411880235
1.0,126.5,9.64,1,0,0,0.3710832792314724
1.0,349.0,25.59,1,0,0,0.2919454318096231
1.0,275.9,17.69,1,0,0,0.3144254580636359
1.0,269.9,35.65,1,0,0,0.28891353292197786
1.0,106.9,0.0,1,0,1,0.5363980964867372
1.0,129.0,18.15,1,0,0,0.3423993637199527
1.0,74.9,12.23,1,0,0,0.3825126423767055
1.0,99.99,17.14,1,0,0,0.355225877407198
1.0,106.0,22.67,1,0,0,0.34115560859026206
1.0,41.99,13.37,1,0,0,0.404438731580451
1.0,349.0,11.26,1,0,0,0.3246636889616221
1.0,86.0,22.53,1,0,0,0.35001504850963855
1.0,39.9,11.85,1,0,0,0.41244254170582745
1.0,53.9,13.4,1,0,0,0.3929375636852875
1.0,55.0,7.65,1,0,0,0.41858280444603746
2.0,139.98,41.88,1,0,0,0.4915503820166005
1.0,99.0,16.45,1,0,0,0.35740717213907663
1.0,215.0,18.42,1,0,0,0.3219850980255175
1.0,144.99,18.59,2,1,1,0.9999999999985758
1.0,59.9,15.17,1,0,0,0.38259566891030244
1.0,25.9,15.1,1,0,0,0.42155174518167154
1.0,24.99,8.34,1,0,0,0.451745361031618
1.0,109.9,19.74,1,0,0,0.3453745074642547
1.0,1054.0,95.83,1,0,0,0.21860945241828544
2.0,37.98,14.78,1,0,1,0.5971322163942597
1.0,95.2,9.02,1,0,0,0.38623162708362907
1.0,7.79,7.39,1,0,1,0.5155735394560448
1.0,11.55,7.39,1,0,0,0.4959826368196252
1.0,89.0,25.46,1,0,0,0.34362385117331523
1.0,32.9,16.05,1,0,0,0.4074108222295624
1.0,164.9,21.64,1,0,0,0.32556821841650674
1.0,890.0,28.16,1,0,0,0.25884876953513775
1.0,239.99,17.93,1,0,0,0.31898656278020426
2.0,109.9,26.1,1,0,1,0.5226103291545036
1.0,129.9,38.46,1,0,0,0.31287029123516685
2.0,119.8,26.88,1,0,1,0.5174418764795025
1.0,20.0,9.94,1,0,0,0.454021653542383
1.0,29.9,42.38,1,0,0,0.37095862418427894
2.0,334.0,86.9,1,0,0,0.42629884196960194
1.0,229.9,14.6,1,0,0,0.32906153001747573
1.0,143.8,19.93,1,0,0,0.3342159282712525
1.0,112.8,21.28,1,0,0,0.3412169889210772
1.0,69.99,19.46,1,0,0,0.3648906582148881
2.0,134.0,44.36,1,0,0,0.49111627008919356
1.0,259.99,19.39,1,0,0,0.312920021901182
1.0,76.25,12.66,1,0,0,0.3801561603385949
1.0,52.11,7.78,1,0,0,0.42024694530080386
1.0,149.9,29.45,1,0,0,0.31724881264326077
1.0,54.9,14.13,1,0,0,0.38968996541455103
1.0,139.0,9.79,1,0,0,0.3664739661351341
2.0,163.98,15.84,1,0,1,0.5276978729886418
1.0,16.0,7.78,1,0,0,0.4771635335445196
,,,1,0,0,0.3610559326759919
6.0,535.26,124.02,1,0,0,0.39574846695952054
1.0,99.0,17.94,1,0,0,0.3536915838642762
1.0,209.0,20.65,1,0,0,0.31846060101960605
1.0,78.0,21.85,1,0,0,0.3553831792940761
1.0,45.0,16.11,1,0,0,0.39275845991064945
2.0,70.0,15.56,1,0,1,0.5665852592548246
2.0,35.8,34.12,1,0,1,0.5630894053530701
1.0,79.9,9.3,1,0,0,0.39242002576519963
1.0,45.9,16.11,1,1,0,0.3918570742726627
1.0,128.89,15.65,1,0,0,0.34871514475366866
1.0,52.99,16.34,1,0,0,0.3847405611723904
1.0,89.0,41.01,1,0,0,0.32537016004823666
1.0,23.9,8.33,1,0,0,0.4539796368582543
1.0,55.9,18.27,1,0,0,0.37743764978630967
1.0,49.9,18.23,1,0,0,0.3825957468085743
3.0,795.0,95.82,1,0,0,0.3896222371514677
1.0,178.99,19.35,1,0,0,0.32692664730356125
1.0,84.9,14.32,1,0,0,0.3699737444330998
1.0,119.9,18.72,1,0,0,0.34405198645297563
2.0,19.8,36.46,1,0,1,0.5886909863256965
1.0,293.0,18.49,1,0,0,0.31049066458563035
1.0,149.97,17.02,1,0,0,0.3390982807484388
1.0,13.69,7.71,1,0,0,0.4853787341070721
1.0,29.0,16.11,1,0,0,0.4131894006578239
1.0,78.0,19.24,1,0,0,0.3607356432569839
1.0,350.0,18.7,1,0,0,0.30375424623300395
1.0,27.9,7.87,1,0,0,0.44926127740582267
1.0,75.0,14.7,1,0,0,0.3741454165677414
1.0,299.0,14.53,1,0,0,0.31953564104549104
1.0,166.99,21.66,1,0,0,0.32504796526606083
1.0,199.0,13.83,1,0,0,0.33685880337977037
1.0,49.0,16.79,1,0,0,0.3870496691163404
1.0,1099.0,251.5,1,0,0,0.19641708013528483
1.0,119.99,19.56,1,0,0,0.3421950398841634
1.0,45.0,15.1,1,0,0,0.3956817888103463
1.0,79.9,14.14,1,0,0,0.37314369068221426
1.0,55.0,18.27,1,0,0,0.37815750974282064
1.0,219.0,14.55,1,0,0,0.33104187239868904
1.0,799.0,19.32,1,0,0,0.27537535928367035
5.0,30.75,36.95,1,0,1,0.5673466381921138
2.0,49.8,17.44,1,0,1,0.5770027895458841
1.0,129.99,17.16,1,0,0,0.34445023500011174
1.0,27.9,10.96,1,0,0,0.4331002946991565
1.0,849.0,126.44,1,0,0,0.21755626249938706
2.0,39.8,30.2,1,0,1,0.5632337171846918
2.0,111.8,45.94,1,0,0,0.49778110315867785
1.0,187.2,24.11,1,1,0,0.31650136657182726
1.0,99.0,9.05,1,0,0,0.38439035011132544
1.0,29.9,7.79,1,0,0,0.44642024970772126
2.0,98.0,30.2,1,0,1,0.5213934085275689
1.0,164.89,20.06,1,0,0,0.3286191618839795
1.0,69.0,19.45,1,0,0,0.3655268132721928
1.0,105.9,13.08,1,0,0,0.36465537789186153
4.0,303.6,57.12,1,1,0,0.44625138659700964
1.0,89.8,15.38,1,0,0,0.36443192586031153
1.0,187.0,13.75,1,0,0,0.33951441817693256
1.0,29.9,15.11,1,0,0,0.41468061521195904
1.0,79.9,21.05,1,0,0,0.35592206016754596
1.0,78.8,12.05,1,0,0,0.38097802749233384
1.0,59.99,17.67,1,0,0,0.37577674588940707
1.0,229.9,19.49,1,0,0,0.31722292453572204
2.0,29.4,14.78,1,0,1,0.609029321313233
1.0,29.99,11.85,1,1,0,0.4259109188587888
1.0,44.99,18.23,1,0,0,0.3872666676801695
1.0,159.0,15.86,1,0,0,0.33976865057155575
1.0,217.91,17.29,1,0,0,0.32405882526530666
1.0,34.3,8.11,1,0,0,0.4378495871042761
2.0,60.0,17.64,1,0,1,0.567870677755929
1.0,135.0,16.05,1,0,0,0.34576836926068716
1.0,20.9,12.81,1,0,0,0.4396357341329056
1.0,39.0,14.1,1,0,0,0.4054049463470442
1.0,101.0,33.16,1,0,0,0.3281906985911904
1.0,60.0,8.88,1,0,0,0.4074039912590701
1.0,89.9,13.65,1,0,0,0.36966744691065534
1.0,230.0,26.45,1,0,0,0.3053809938867334
2.0,424.9,51.28,1,0,0,0.43649337227467194
1.0,359.9,62.26,1,0,0,0.2612933637177452
2.0,159.8,23.52,1,0,1,0.5106323422610384
1.0,39.9,17.41,1,0,0,0.39478797685914446
1.0,299.9,23.84,1,0,0,0.29983155448560717
1.0,51.92,16.12,1,0,0,0.38625985072932506
1.0,119.94,35.21,1,0,0,0.319170504073372
,,,1,0,0,0.3610559326759919
1.0,122.99,8.63,1,0,0,0.3773984559553272
1.0,39.99,7.78,1,0,0,0.4326049769589234
1.0,43.9,15.1,1,0,0,0.3968136724608993
1.0,49.9,31.0,1,0,0,0.3603464328782506
1.0,28.99,12.86,1,0,0,0.4236600088919113
1.0,129.0,17.38,4,1,1,0.9999999999999389
1.0,56.99,25.68,1,0,0,0.36216989848007647
1.0,165.2,14.18,1,0,0,0.3430420029700366
2.0,170.75,142.92,7,1,1,0.9999999999999656
1.0,599.99,30.93,1,0,0,0.26759535822839214
2.0,106.9,17.44,1,0,1,0.54212807713589
7.0,172.14,55.52,1,0,0,0.47140963237715294
6.0,411.0,39.0,1,0,0,0.4492221463447371
1.0,109.0,21.16,1,0,0,0.3428378268479189
1.0,23.99,7.78,1,1,0,0.45717901542871275
2.0,138.0,33.84,1,1,1,0.5011453354935284
1.0,125.0,13.21,1,0,0,0.3573459436087679
1.0,29.99,22.06,1,0,0,0.3975981612103946
1.0,74.9,16.28,1,0,0,0.3696903488199481
1.0,79.0,13.46,1,0,0,0.37584396511851076
1.0,31.9,17.06,1,0,0,0.4060929325689788
1.0,19.9,14.11,1,0,0,0.43745693405545827
1.0,11.97,15.1,1,0,0,0.4593062998729161
1.0,152.0,27.79,1,0,0,0.3189207952541442
1.0,175.5,16.99,1,1,0,0.3330280923395417
1.0,79.9,29.6,1,0,0,0.3421071048784889
1.0,42.93,19.21,1,0,0,0.38709390184467674
1.0,19.99,50.86,1,0,0,0.3825841355814089
1.0,22.8,14.1,1,0,0,0.43088006624716185
1.0,72.0,21.58,1,0,0,0.35930350802420036
1.0,14.0,14.52,1,0,0,0.4533937565594846
1.0,144.9,16.11,1,0,0,0.3427803977374926
1.0,84.99,15.35,1,0,0,0.3668560905881338
1.0,30.9,9.74,1,0,0,0.43389703435490745
2.0,49.8,15.56,1,0,1,0.5822254457446195
1.0,179.9,33.63,1,0,0,0.30548879758995373
1.0,199.9,17.84,1,0,0,0.3260301681476778
1.0,129.9,17.65,1,0,0,0.3432918215322505
1.0,68.9,18.58,1,0,0,0.36755284707511815
2.0,149.98,26.85,1,0,1,0.5075195103904097
1.0,49.9,15.1,1,0,0,0.39098424435258994
3.0,689.7,33.06,1,0,0,0.43571470967191905
2.0,278.0,30.28,1,0,0,0.4757128988991298
1.0,19.6,18.23,1,0,0,0.42635011441610693
1.0,129.99,12.11,1,0,0,0.3596029007292042
1.0,59.9,14.51,1,0,0,0.3845949800430265
1.0,122.99,15.31,1,0,0,0.3515635193861071
1.0,11.49,8.82,1,0,0,0.48741689060233606
1.0,314.9,14.86,1,0,0,0.31673317549905156
1.0,74.9,12.65,1,1,0,0.38097093620506584
1.0,81.99,7.92,1,0,0,0.39892550421434075
1.0,149.9,23.63,1,0,0,0.3257528869024265
1.0,59.9,14.59,1,0,0,0.38434712637936236
1.0,175.0,19.31,1,0,0,0.3278746250285267
1.0,10.99,11.85,1,0,0,0.47513902649258577
1.0,110.0,67.14,1,0,0,0.30017976898399784
1.0,19.9,11.85,1,0,0,0.445752818457975
1.0,8.99,15.1,1,0,0,0.4735128384394194
1.0,124.9,21.36,1,0,0,0.33697121363058885
1.0,35.0,15.1,1,0,0,0.4072988283241071
1.0,56.99,14.15,4,1,1,0.9999999999999494
1.0,9.9,8.27,1,0,0,0.4980475558434137
1.0,24.9,11.85,1,0,0,0.4348444995472962
1.0,79.08,17.8,1,0,0,0.3634809062115515
1.0,45.95,11.85,1,0,0,0.40590413139805714
1.0,89.9,17.37,1,0,0,0.35910104581238855
1.0,159.9,15.87,1,0,0,0.33951993622081716
3.0,332.70000000000005,44.58,8,1,1,0.9999999999999678
1.0,378.98,31.58,1,0,0,0.28163165396565965
1.0,149.99,23.85,1,0,0,0.32536417414813024
1.0,99.99,9.51,1,0,0,0.38164327853859575
2.0,39.8,15.56,1,0,1,0.5926090706101382
1.0,39.0,17.63,1,0,0,0.3952773243143741
1.0,79.0,26.85,1,0,0,0.34644050118493785
1.0,59.99,14.17,1,0,0,0.385599360591509
1.0,80.38,8.72,1,0,0,0.3952068944951086
1.0,14.5,19.04,1,0,0,0.43909436999657026
1.0,35.0,7.78,1,0,0,0.43892946128575994
1.0,69.77,11.99,1,0,0,0.38653686825747435
1.0,60.0,17.67,1,0,0,0.3757694055207585
1.0,22.5,15.1,1,0,0,0.4283234303735502
1.0,24.5,11.85,1,0,0,0.43562771347604595
1.0,399.0,46.64,1,0,0,0.26693690822385785
1.0,59.0,17.66,1,0,0,0.3765350157159409
2.0,179.8,77.76,1,0,0,0.4562844440623497
1.0,73.99,16.71,1,0,0,0.36907645213055235
1.0,299.0,23.8,1,0,0,0.30000036230882354
1.0,299.0,30.86,1,0,0,0.29046584466442565
1.0,50.0,16.6,1,0,0,0.38664581621029237
1.0,199.0,13.73,1,1,0,0.33716939387367395
1.0,47.4,11.85,1,0,0,0.40447667114403174
1.0,89.99,18.51,1,0,0,0.35634130698772154
1.0,249.9,17.38,1,0,0,0.3187558343320944
1.0,59.5,24.62,1,0,0,0.3620327853466214
1.0,209.9,35.99,1,0,0,0.297445516922082
1.0,679.0,19.5,1,0,0,0.28011743883833284
1.0,149.0,18.29,1,0,0,0.33635309825530874
1.0,117.9,9.2,1,0,0,0.3761933160358134
1.0,45.0,17.25,1,0,0,0.38970249910629434
1.0,49.0,7.78,1,0,0,0.4230943201432321
,,,1,0,0,0.3610559326759919
1.0,149.0,23.84,1,0,0,0.32563692573737474
1.0,50.0,16.11,1,0,0,0.38798306805911326
1.0,28.7,16.79,1,0,0,0.4117988345227222
1.0,199.9,14.42,1,0,0,0.33490464583209634
1.0,49.9,24.7,1,0,0,0.3696079717990036
1.0,89.9,15.38,1,0,0,0.36438480986459926
1.0,54.9,26.92,1,0,0,0.3618676139048025
1.0,19.9,8.27,1,0,0,0.4633247423687449
1.0,199.99,21.85,1,0,0,0.31787310062133667
1.0,89.9,13.65,1,0,0,0.36966744691065534
1.0,67.9,11.98,1,0,0,0.3877748398293938
1.0,89.99,12.13,1,0,0,0.3749448728589535
1.0,185.0,18.23,1,0,0,0.32809356324329436
1.0,79.98,19.73,1,0,0,0.35860404178787914
1.0,69.99,14.24,1,0,0,0.3785771067261895
1.0,726.36,20.29,1,0,0,0.27653416922458374
1.0,119.8,27.16,1,0,0,0.3290622698513506
1.0,106.94,18.46,1,0,0,0.34929781595531606
1.0,134.2,18.52,1,0,0,0.33997732145612153
1.0,147.9,14.16,1,0,0,0.34749525345621995
1.0,98.0,16.45,1,0,0,0.3578307382859429
1.0,47.9,22.27,1,0,0,0.3757820553545862
1.0,99.9,16.46,1,0,0,0.3570038273652561
3.0,209.7,37.29,1,0,0,0.47910687687686354
1.0,32.3,10.96,1,0,0,0.426098862813224
1.0,100.0,20.65,1,1,0,0.34736741417169426
1.0,59.9,11.92,1,0,0,0.3935875850024601
1.0,18.55,16.32,1,0,0,0.4340998886571614
1.0,283.2,19.26,1,0,0,0.3100965870875302
1.0,29.9,12.87,1,0,0,0.4221502895997364
1.0,49.9,15.1,1,0,0,0.39098424435258994
1.0,85.0,29.79,1,0,0,0.3393013322593723
1.0,39.99,14.1,1,0,0,0.4042426295457632
1.0,72.0,17.75,1,0,0,0.36762582555823575
1.0,67.7,37.61,1,0,0,0.3397887560157547
1.0,59.9,16.86,1,0,0,0.37790264828435266
1.0,34.99,15.1,1,0,0,0.4073121883851335
1.0,205.0,22.27,1,1,0,0.31620249688080615
1.0,9.9,11.85,1,1,0,0.4803373907136833
1.0,49.9,7.39,1,0,0,0.424764819750523
1.0,52.0,16.61,1,0,0,0.38485666283278763
1.0,15.9,15.1,1,0,0,0.4452712601013628
1.0,27.9,15.79,1,0,0,0.4159434546040172
1.0,134.9,19.91,1,0,0,0.33678024846638505
1.0,79.99,7.82,1,0,0,0.40062586689093466
1.0,295.0,15.67,1,0,0,0.31691504122795516
1.0,19.9,15.1,1,0,0,0.4342819700939666
1.0,7.8,10.96,1,0,0,0.49597634905794236
1.0,114.9,18.05,1,1,0,0.34730955766629323
1.0,185.81,17.06,1,0,0,0.33065803408452155
2.0,98.0,50.76,1,0,0,0.49969841510473145
1.0,199.0,0.0,1,0,1,0.5090351701658364
1.0,35.99,8.72,1,0,0,0.4320100777289449
1.0,78.55,17.8,1,1,0,0.3637678801380316
3.0,216.0,50.25,1,0,0,0.4655982176830025
1.0,34.9,33.24,1,0,0,0.37348640123311194
1.0,55.0,18.49,1,0,0,0.3776354109400737
1.0,59.9,11.92,1,0,0,0.3935875850024601
1.0,119.9,19.38,1,0,0,0.3426088290359885
2.0,119.8,22.06,1,0,1,0.5262683683781133
1.0,16.99,14.1,1,0,0,0.445232740384069
2.0,238.0,101.8,1,0,0,0.4346186064508762
2.0,259.8,155.86,1,0,0,0.41659476691884545
1.0,890.0,18.67,1,0,0,0.27332562296011875
1.0,79.0,23.09,1,0,0,0.3525619268886835
2.0,119.98,18.68,4,1,1,0.999999999999972
1.0,69.9,20.98,1,0,0,0.36175539539516155
1.0,89.7,18.51,1,0,0,0.35647663405457736
1.0,69.9,17.74,1,0,0,0.36892921266983464
1.0,790.0,20.29,1,0,0,0.27393040648335193
1.0,19.0,8.11,1,0,0,0.46657798928623867
1.0,89.99,15.38,1,0,0,0.3643424555696821
1.0,144.99,15.76,1,0,0,0.3436896390664745
1.0,79.11,35.9,1,0,0,0.33509147009756746
1.0,31.25,18.32,1,0,0,0.40385804179963763
1.0,91.5,57.5,1,0,0,0.31239709210341465
2.0,118.0,25.5,1,0,1,0.520451353073331
1.0,50.0,19.54,1,0,0,0.3794791694036607
1.0,41.9,14.52,1,0,0,0.40074064955211713
1.0,30.97,10.96,1,0,0,0.4281014459004627
1.0,129.9,11.93,11,1,1,0.9999999999999531
1.0,59.99,26.97,1,0,0,0.35794660817710866
1.0,69.0,18.72,1,0,0,0.36716700342781455
1.0,18.0,7.39,1,0,0,0.4738861984271906
1.0,144.99,14.76,1,0,0,0.34649758358432686
1.0,99.99,17.14,1,0,0,0.355225877407198
1.0,139.9,38.82,1,1,0,0.3097122773728403
1.0,299.99,17.21,1,0,0,0.31250944686042836
1.0,27.9,7.71,1,0,0,0.4502779303536608
1.0,239.99,14.02,1,0,0,0.329153940105616
1.0,169.99,36.85,1,0,0,0.30428778542086415
1.0,299.0,48.39,1,0,0,0.2751807775628299
1.0,59.99,17.67,1,0,0,0.37577674588940707
1.0,129.99,9.25,1,0,0,0.37185815847765713
1.0,45.0,7.87,1,0,0,0.4264976443503231
1.0,235.92,19.22,1,0,0,0.3168258873413182
1.0,80.0,19.53,1,0,0,0.359024889087677
1.0,220.13,68.41,1,0,0,0.2746401901063176
1.0,29.0,16.11,1,0,0,0.4131894006578239
1.0,1999.99,82.37,1,0,0,0.20650715706060507
1.0,54.9,18.48,1,0,0,0.3777397326246091
1.0,42.0,7.87,1,0,0,0.42973097880095584
1.0,9.99,7.78,1,0,1,0.5006462007748973
1.0,14.9,7.39,1,0,0,0.48327819096867725
1.0,97.9,34.49,1,0,0,0.3279561777761994
1.0,89.9,15.39,1,0,0,0.36435630504838146
1.0,23.49,24.66,1,0,0,0.40428987330224
1.0,24.99,18.23,1,0,0,0.414657137352748
1.0,59.99,7.87,1,0,0,0.4132333918399953
1.0,117.3,24.64,1,0,0,0.3337304761095063
2.0,236.8,31.86,1,0,0,0.48028821979851233
1.0,169.9,38.15,1,0,0,0.30307328431460234
1.0,170.0,15.64,1,0,0,0.3377375170615556
1.0,64.99,22.95,1,0,0,0.36112852972444764
1.0,70.0,15.37,1,0,0,0.3751610173927664
1.0,52.9,15.12,1,0,0,0.3882926879567535
1.0,169.9,17.34,1,1,0,0.333436930977006
2.0,91.98,17.76,1,0,1,0.5480534868824183
1.0,125.0,21.36,1,0,0,0.33693928718840876
1.0,649.0,15.15,1,0,0,0.29119564123542546
1.0,65.63,12.48,1,0,0,0.3873991986706142
1.0,149.9,27.38,1,0,0,0.32002212627195314
1.0,129.9,20.47,4,1,1,0.9999999999999369
1.0,69.9,18.0,1,0,0,0.36829881835108347
2.0,57.8,16.8,1,0,1,0.5718279107631924
1.0,43.0,8.82,1,0,0,0.42307232614483714
2.0,49.98,27.52,1,0,1,0.5565121424916578
1.0,47.49,9.94,1,0,0,0.4127029770871281
3.0,239.7,45.93,1,0,0,0.4647994653517818
1.0,67.9,22.41,1,0,0,0.3602367723548432
1.0,47.9,19.32,1,0,0,0.3818942529596102
1.0,56.99,8.72,1,0,0,0.4106168107434582
1.0,49.0,7.39,1,0,0,0.42560994813339087
1.0,29.9,15.1,1,0,0,0.4147111026348986
1.0,99.9,20.19,1,0,0,0.34834462235824665
1.0,119.99,19.99,1,0,0,0.34129547828960766
3.0,713.97,49.260000000000005,1,0,0,0.4181523761306684
1.0,49.9,8.27,1,0,0,0.4192774803019537
1.0,53.6,23.25,1,0,0,0.36897915554077954
1.0,99.0,53.54,1,0,0,0.31174453882145187
1.0,59.9,37.97,1,0,0,0.3445815290375542
1.0,89.0,34.99,1,0,0,0.3312538467179
1.0,29.99,15.1,1,0,0,0.41456875034417173
1.0,67.77,16.23,1,0,0,0.37416414157987504
1.0,89.19,13.28,1,0,0,0.371235987939647
2.0,119.8,26.88,1,0,1,0.5174418764795025
1.0,45.0,15.1,1,0,0,0.3956817888103463
1.0,749.0,133.87,1,0,0,0.21952873219292526
1.0,26.9,8.29,1,0,0,0.4484624234753029
1.0,42.0,14.1,1,0,0,0.4019765039814516
1.0,950.0,62.91,1,0,0,0.23238719143845118
1.0,278.0,38.64,1,0,0,0.28511648393085015
1.0,99.9,12.4,1,1,0,0.3695031276195461
1.0,99.99,15.45,1,0,0,0.35971245477056074
1.0,10.9,7.39,1,0,0,0.4988733131935542
1.0,34.9,15.1,1,0,0,0.4074326160034307
1.0,27.9,14.1,1,0,0,0.4211770260279675
1.0,232.32,19.87,1,0,0,0.3160676925697011
1.0,30.9,12.88,1,0,0,0.42054963679023
1.0,39.9,15.1,1,0,0,0.4012083821585167
1.0,60.0,37.11,1,0,0,0.34538202287364794
1.0,148.91,18.61,1,0,0,0.33565920917599357
1.0,52.0,11.86,1,1,0,0.400206891596085
1.0,9.0,14.1,1,0,0,0.47671155744586813
1.0,57.99,11.73,1,0,0,0.3957888129732705
1.0,79.9,18.44,1,1,0,0.3615243408707702
3.0,59.7,42.24,1,0,1,0.5303686566098146
1.0,49.0,7.78,1,0,0,0.4230943201432321
1.0,59.0,28.81,7,1,1,0.9999999999999516
1.0,86.0,15.7,1,0,0,0.36536352454855897
2.0,139.8,46.14,1,0,0,0.4876301131834557
1.0,27.9,8.36,1,0,0,0.4462800842412848
1.0,169.99,45.65,6,1,1,0.9999999999999356
2.0,207.98,48.24,1,0,0,0.4685306244711634
1.0,5.99,16.79,1,0,0,0.48850537865537647
1.0,91.9,52.99,1,0,0,0.31501338181286404
1.0,129.99,25.46,1,0,0,0.32837230406847173
1.0,87.67,34.69,1,0,0,0.332189478016107
1.0,127.0,12.15,1,0,0,0.36041096943886086
1.0,18.9,15.23,1,0,0,0.43639630351327685
2.0,79.8,30.2,1,0,1,0.5307653217426818
1.0,508.72,18.31,1,0,0,0.2918430562346975
1.0,19.99,15.1,1,0,0,0.4340622554278978
1.0,66.99,19.38,1,0,0,0.3669590007476526
1.0,35.49,15.1,1,0,0,0.4066492198473998
1.0,220.0,22.03,1,0,0,0.3140103591830697
1.0,99.99,15.91,1,0,0,0.35843658610992957
1.0,699.99,19.8,1,1,0,0.27859208524792556
1.0,659.0,76.24,1,0,0,0.23728878935070133
1.0,34.0,9.55,1,0,0,0.43029102712680234
1.0,84.99,51.09,1,0,0,0.3193766943988779
1.0,75.9,12.03,1,0,0,0.382688393581916
1.0,59.9,34.22,5,1,1,0.9999999999999472
1.0,37.99,15.23,1,0,0,0.4030888414966416
1.0,59.99,16.67,1,0,0,0.3783361687673165
1.0,99.49,27.76,1,0,0,0.3356400500949258
1.0,269.0,21.37,1,0,0,0.30787581101440614
1.0,94.5,9.41,1,0,0,0.38456339883671
1.0,90.0,18.78,3,1,1,0.9999999999999065
,,,1,0,0,0.3610559326759919
2.0,119.8,35.34,1,0,1,0.5055979941849877
1.0,59.9,18.7,1,0,0,0.373376973882517
1.0,89.0,15.92,1,0,0,0.3633009921537187
1.0,129.99,18.79,1,0,0,0.3406480559472733
1.0,339.9,20.26,1,0,0,0.3016601782851985
1.0,69.9,13.83,1,0,0,0.3799484259316304
1.0,39.99,22.34,1,0,0,0.38378236515090886
2.0,428.8,138.72,1,0,0,0.4003122564841584
2.0,83.95,31.26,1,0,1,0.5269518582397525
1.0,44.9,23.46,1,0,0,0.37647127135724284
1.0,29.9,8.11,1,0,0,0.44443325336362116
1.0,145.0,15.77,1,0,0,0.34365987163992634
1.0,49.0,12.69,1,0,0,0.39976844245492893
1.0,119.9,15.59,1,0,0,0.35181946946770615
1.0,49.99,14.1,1,0,0,0.3940138131502646
1.0,59.99,18.0,1,0,0,0.37496890246971504
1.0,79.0,14.64,1,0,0,0.3720826000612571
1.0,149.99,15.81,1,0,0,0.3422071822082997
1.0,159.99,27.97,1,0,0,0.31672349738989125
1.0,107.5,27.05,1,0,0,0.33353595186977747
1.0,49.0,7.6,1,0,0,0.42423814635257023
1.0,159.9,13.7,1,0,0,0.3458192448931297
1.0,122.99,18.74,1,0,0,0.3429807155109525
1.0,48.9,7.87,1,0,0,0.42262780569045993
1.0,29.99,34.15,1,0,0,0.3793215834487746
1.0,35.0,15.23,11,1,1,0.9999999999999616
1.0,180.0,10.01,1,0,0,0.3550035931386588
1.0,49.9,14.1,1,0,0,0.3940955107542911
1.0,27.9,7.78,1,0,0,0.44983040220961795
1.0,116.9,22.75,1,0,0,0.33706350721996403
1.0,56.29,17.64,1,1,0,0.37866461055472667
1.0,49.0,7.78,1,0,0,0.4230943201432321
1.0,40.0,11.85,1,0,0,0.41232588659872477
1.0,63.49,8.6,1,1,0,0.4063840207710383
2.0,434.16,139.84,1,0,0,0.3995657064293937
1.0,245.9,18.97,1,0,0,0.31582546281787033
1.0,129.2,15.65,1,0,0,0.34861796185181515
2.0,147.6,36.92,1,0,0,0.4944743945755756
1.0,27.5,15.29,1,0,0,0.4181106217113834
2.0,65.8,28.19,1,0,1,0.5426505453246178
1.0,370.47,37.11,1,0,0,0.2768417239082912
2.0,217.8,27.0,1,0,0,0.49106921277460414
1.0,64.9,17.29,1,0,0,0.373276023932838
1.0,115.0,27.88,1,0,0,0.3296649080008549
1.0,16.9,14.1,1,0,0,0.4454938433046622
1.0,146.0,19.95,1,0,0,0.33357847465015994
1.0,79.9,11.76,1,0,0,0.3814914038292546
1.0,69.36,16.74,1,0,0,0.37179497703049935
1.0,59.0,20.9,1,0,0,0.3692661182600335
1.0,77.98,16.52,1,0,0,0.36731701684636037
1.0,28.9,15.23,1,0,0,0.4159296248437418
1.0,79.0,17.8,1,0,0,0.36352408503321076
1.0,110.32,8.03,1,0,0,0.38539034268234384
1.0,69.9,14.58,1,0,0,0.37757544220608114
1.0,22.32,15.26,1,1,0,0.42822237933106017
2.0,33.8,25.58,1,0,1,0.5781182513873907
1.0,139.0,19.21,1,0,0,0.3370662713533817
1.0,12.25,21.15,1,0,0,0.4426373505010402
1.0,99.9,22.0,1,0,0,0.3447978111158576
1.0,15.99,11.85,1,0,0,0.45651895038495094
1.0,149.9,21.1,1,0,0,0.33027264214425983
1.0,120.0,50.71,1,0,0,0.3061936107590767
1.0,32.49,15.1,1,0,0,0.41078910609920083
1.0,84.99,22.91,1,0,0,0.34982052819623377
1.0,13.99,7.78,6,1,1,0.9999999999999711
1.0,59.9,7.68,2,1,1,0.9999999999989784
1.0,117.87,9.17,1,0,0,0.3763559365951608
1.0,26.0,18.28,1,0,0,0.41264541258937704
1.0,12.25,7.39,1,0,0,0.4930455524033214
1.0,47.9,8.88,1,0,0,0.4177233300967124
1.0,39.9,8.64,1,0,0,0.42758450151856836
1.0,31.9,16.79,1,0,0,0.4068139538768292
1.0,25.0,7.39,1,0,0,0.45772052951049463
1.0,312.0,32.93,1,0,0,0.28670933855033875
1.0,68.0,15.23,1,0,0,0.3768331999488097
1.0,529.9,25.42,1,0,0,0.2783529104984416
1.0,89.7,15.38,1,0,0,0.3644791005863286
1.0,196.0,16.12,1,0,0,0.3309687531370032
1.0,59.9,16.99,1,0,0,0.37756441528621176
1.0,69.9,16.25,1,0,0,0.37276242766936796
2.0,220.64,34.96,1,0,0,0.47933067568886856
1.0,29.5,20.84,1,0,0,0.400853197217114
1.0,76.9,15.29,1,0,0,0.3713170396835692
1.0,89.56,12.76,1,1,0,0.3728567511300841
1.0,179.0,45.71,1,0,0,0.294893502217308
1.0,19.9,12.48,1,0,0,0.44327326623148017
1.0,250.0,15.92,1,0,0,0.3223282343600716
1.0,23.99,7.43,1,0,0,0.4594670710896902
1.0,1180.0,19.47,1,0,0,0.2634029849792954
1.0,29.9,7.47,1,0,0,0.4484963751725127
1.0,18.75,9.09,1,0,0,0.46158638673142344
1.0,59.9,16.18,1,0,0,0.3797225687387746
1.0,49.99,22.06,1,0,0,0.37428159960968316
1.0,25.9,12.69,1,0,0,0.42968961142874146
,,,1,0,0,0.3610559326759919
1.0,548.06,48.71,1,0,0,0.2556848895058586
1.0,11.9,8.72,1,0,0,0.4862340282344107
1.0,45.05,7.58,1,0,0,0.4282841322622624
1.0,439.0,10.33,1,0,0,0.32014573529576584
1.0,199.99,22.7,1,0,0,0.3163760668081053
1.0,129.9,15.66,1,0,0,0.34837207389695235
1.0,169.9,20.38,1,0,0,0.32682730026741513
,,,1,0,0,0.3610559326759919
1.0,49.0,22.06,1,0,0,0.37517198362757614
1.0,129.0,28.28,1,0,0,0.32459109508230916
2.0,279.8,25.36,1,0,0,0.4832248393278302
1.0,99.0,44.49,1,0,0,0.31820234760960936
1.0,39.9,15.1,1,0,0,0.4012083821585167
2.0,94.99,24.53,2,1,1,0.9999999999993636
1.0,27.9,19.32,1,0,0,0.4068248391326283
1.0,21.99,7.78,1,0,0,0.46144391665852635
1.0,64.9,17.7,1,0,0,0.37225337133669095
4.0,119.96,18.0,1,0,1,0.5358419358219574
1.0,189.9,90.0,1,0,0,0.271537250442871
2.0,17.78,30.46,1,0,1,0.6012601418637561
1.0,74.9,34.6,1,0,0,0.3387479370937629
1.0,105.0,47.0,1,0,0,0.3139605532758993
1.0,90.9,27.5,1,0,0,0.3396868773240686
1.0,104.9,16.98,1,0,0,0.35364099557670853
1.0,39.9,28.75,1,0,0,0.37331926052653364
1.0,129.9,11.77,1,0,0,0.3609058082724695
1.0,84.94,9.41,1,0,0,0.3891882807709595
1.0,139.9,16.74,1,0,0,0.342555000461997
1.0,23.99,16.79,1,0,0,0.4203463444744092
1.0,315.0,17.65,1,0,0,0.3097533024441702
1.0,199.7,57.95,2,1,1,0.9999999999981695
1.0,95.9,22.95,1,0,0,0.3447471560485687
1.0,169.9,21.68,1,0,0,0.3243494933495546
1.0,699.99,105.96,1,0,0,0.22701633354514913
2.0,299.8,31.6,1,0,0,0.47071588744019544
1.0,85.0,11.8,1,0,0,0.3786553456334722
1.0,34.9,7.82,1,0,0,0.4388133644005753
3.0,120.7,37.44,1,0,1,0.503149101958085
2.0,98.0,35.34,1,0,1,0.5146521291560546
1.0,858.9,13.27,1,0,0,0.2874336762116507
1.0,24.75,12.69,1,0,0,0.4318786310896102
1.0,31.9,12.48,1,0,0,0.42052306715968873
1.0,99.9,18.58,1,0,0,0.35183047749935725
1.0,28.9,7.39,1,0,0,0.4506744252171822
1.0,223.9,15.74,1,0,0,0.3269142417893007
1.0,229.0,60.61,1,0,0,0.2770307279541454
1.0,139.99,23.7,1,0,0,0.3282947906820114
1.0,79.0,14.64,1,0,0,0.3720826000612571
1.0,45.0,16.79,1,0,0,0.3909067093377019
1.0,19.9,15.1,1,0,0,0.4342819700939666
1.0,18.98,15.1,1,0,0,0.436589963904098
1.0,256.0,17.76,1,0,0,0.31699534274189695
2.0,135.8,74.78,1,0,0,0.4700025479283482
1.0,44.9,13.08,1,0,0,0.4023667463521196
1.0,146.99,20.52,1,0,0,0.33216648467422083
1.0,79.99,20.05,1,0,0,0.3579190189470224
1.0,99.9,17.95,1,0,0,0.3532925326036303
1.0,13.9,11.85,1,0,0,0.4634581800861056
1.0,16.0,14.1,1,0,0,0.44818742385148924
1.0,399.0,144.29,1,0,0,0.23538492597589253
2.0,339.98,47.0,1,0,0,0.44899323604709124
1.0,38.0,7.53,1,0,0,0.4366268064874829
1.0,30.5,7.78,1,0,0,0.4455261377980483
1.0,295.89,15.09,1,0,0,0.3183537228886461
2.0,151.8,26.18,1,0,1,0.5081062340095364
1.0,29.98,7.39,1,0,0,0.44890119740750056
1.0,146.0,15.77,1,0,0,0.34338618363683054
1.0,55.0,15.14,1,0,0,0.38648712151323655
2.0,220.64,26.86,1,0,0,0.4907442022113528
1.0,799.9,28.75,1,0,0,0.2613144859041975
1.0,53.98,19.57,1,0,0,0.3760025999033642
1.0,15.9,14.1,1,0,0,0.44849638693460464
1.0,6.3,7.78,4,1,1,0.9999999999999709
1.0,120.0,14.18,1,0,0,0.35590445410690624
1.0,149.9,9.24,1,0,0,0.3660313420232592
,,,1,0,0,0.3610559326759919
1.0,152.4,23.65,1,0,0,0.32508015829307707
1.0,239.0,39.22,1,0,0,0.289842263746229
1.0,59.9,11.81,1,0,0,0.3940175938875925
1.0,37.5,15.1,1,0,0,0.40408297131522086
1.0,69.9,14.25,1,0,0,0.37860185109468353
1.0,39.99,8.4,1,0,0,0.42885159084242136
1.0,520.0,37.72,1,0,0,0.26542735221778785
1.0,119.0,14.58,1,0,0,0.35503236491524465
3.0,104.7,54.03,1,0,0,0.494533117950777
1.0,45.0,18.23,1,0,0,0.3872565927193663
1.0,29.99,16.05,1,0,0,0.4117712154439888
1.0,89.9,20.12,1,0,0,0.35286259313828217
2.0,77.98,17.44,1,0,1,0.5563847561064638
1.0,39.0,18.23,1,0,0,0.3937896522753558
1.0,159.9,17.09,1,0,0,0.33640581951695847
1.0,269.99,33.33,1,0,0,0.29126393414846696
1.0,250.0,23.32,1,0,0,0.30714552890206553
1.0,104.0,13.75,1,0,0,0.3631920760745734
1.0,47.9,13.37,1,1,0,0.39839298332872536
1.0,99.9,0.0,1,0,1,0.5394449364552412
1.0,28.9,27.41,1,0,0,0.3900573879542872
2.0,210.0,33.86,1,0,0,0.4828071267666317
1.0,85.0,21.39,1,0,0,0.35265137003369107
2.0,135.8,25.22,1,1,1,0.5146842282604132
1.0,113.9,19.77,1,0,0,0.3438582118245838
1.0,69.0,23.28,1,0,0,0.3579656998884812
1.0,889.99,22.8,1,0,0,0.26612632978517614
1.0,31.9,14.1,1,0,0,0.4148157311633416
1.0,29.9,16.95,1,0,0,0.40943226613227746
1.0,129.99,17.16,1,0,0,0.34445023500011174
,,,1,0,0,0.3610559326759919
1.0,119.99,16.05,1,0,0,0.3505380729548974
1.0,27.99,22.85,1,0,0,0.3993051250382352
1.0,299.99,35.9,1,0,0,0.28504100251836534
1.0,179.49,10.07,1,0,0,0.3548470291402413
1.0,52.0,14.11,1,0,0,0.3921979716832693
1.0,34.9,14.52,1,0,0,0.40923178049802084
1.0,15.0,16.32,1,0,0,0.4445146569850347
1.0,37.99,14.1,1,0,0,0.40662437897832937
1.0,129.95,37.6,1,0,0,0.313672747527484
2.0,80.0,15.56,1,1,1,0.5605072625223695
1.0,45.9,17.92,1,0,0,0.3871160398087244
1.0,49.9,12.69,1,0,0,0.39893898799935257
1.0,49.9,16.11,1,0,0,0.38807333433950336
1.0,29.9,7.39,1,0,0,0.449030196100274
1.0,53.9,17.63,1,0,0,0.3806181616057507
1.0,91.9,14.95,1,0,0,0.3646997081020535
,,,1,0,0,0.3610559326759919
1.0,31.9,14.1,1,0,0,0.4148157311633416
1.0,129.0,15.65,1,0,0,0.348680630384666
1.0,159.9,28.5,1,0,0,0.316032661810973
1.0,210.0,24.05,1,0,0,0.31232302802267553
2.0,49.98,30.56,1,0,1,0.5519884800435263
1.0,24.99,37.09,1,0,0,0.38444912381410185
1.0,152.25,8.81,1,0,0,0.3675910697914726
1.0,63.3,15.54,1,0,0,0.37907946574623363
1.0,210.0,23.79,1,0,0,0.3127420990472179
1.0,49.9,17.6,1,0,0,0.38414305322384035
1.0,349.9,20.02,1,0,0,0.30111096932099585
1.0,59.9,22.13,1,0,0,0.36618568640306
1.0,24.95,12.84,1,0,0,0.43093400598687437
1.0,115.0,18.69,1,0,0,0.3458100801583619
1.0,899.0,185.71,1,0,0,0.20748943186293767
1.0,139.99,37.89,1,0,0,0.31055821679367795
1.0,59.9,16.99,1,0,0,0.37756441528621176
1.0,45.99,19.04,1,0,0,0.38436388844936037
1.0,129.97,8.49,1,0,0,0.37585063685508713
1.0,179.49,17.23,1,0,0,0.33157789930106896
1.0,34.9,16.6,1,0,0,0.40312391874413056
1.0,119.5,14.18,1,0,0,0.356075901561264
1.0,199.0,16.14,1,0,0,0.3303368010092796
1.0,39.9,9.44,1,0,0,0.4232903341964316
1.0,109.9,16.53,1,0,0,0.3528716825027831
1.0,59.9,13.44,1,0,0,0.3880689520143738
1.0,35.9,12.91,1,0,0,0.413361941836043
1.0,129.0,18.47,1,0,0,0.3416692682953255
1.0,194.9,30.15,1,0,0,0.3065414921889084
1.0,99.99,16.95,1,0,0,0.35570394456271076
1.0,49.0,12.69,1,0,0,0.39976844245492893
2.0,178.0,36.1,1,0,0,0.4872243480038013
1.0,1050.0,321.88,1,0,0,0.19286031412787827
1.0,62.9,13.8,1,0,0,0.38469494635242935
1.0,174.9,31.97,1,0,0,0.3083809908574729
2.0,80.0,17.58,1,0,1,0.55485203003088
1.0,57.5,25.24,1,0,0,0.36249282647034237
1.0,57.0,22.72,1,0,0,0.3672471327075693
1.0,22.9,8.27,1,0,0,0.4564268097752503
1.0,225.0,67.24,1,0,0,0.27442157014292595
1.0,89.9,16.88,1,0,0,0.36033409852887116
1.0,69.9,17.62,1,0,0,0.3692238100646715
1.0,135.9,21.44,1,0,0,0.333471177889536
1.0,88.9,11.83,1,0,0,0.3766078673692035
1.0,39.0,12.93,1,0,0,0.4094190048739358
1.0,70.0,11.73,1,0,0,0.3874022339359424
1.0,95.0,14.42,1,0,0,0.36489008864765715
1.0,53.99,16.35,1,0,0,0.3838768606669493
1.0,59.9,17.67,1,0,0,0.3758428703844311
1.0,90.0,16.6,1,0,0,0.36101073953230817
1.0,99.0,12.85,1,0,0,0.36828217112546735
1.0,62.78,14.19,1,0,0,0.3835186079175279
1.0,179.0,34.79,1,0,0,0.30444706419019946
1.0,84.99,15.34,1,0,0,0.3668847607149845
1.0,29.9,26.89,1,0,0,0.38928075179364957
1.0,14.98,11.85,1,0,0,0.4597477588497859
1.0,207.06,17.15,1,0,0,0.32631615738828523
1.0,89.8,24.94,1,0,0,0.344084312725463
,,,1,0,0,0.3610559326759919
1.0,169.99,43.0,1,0,0,0.2988649503216259
2.0,179.8,39.0,1,0,0,0.4835388944269684
1.0,299.9,157.01,1,0,0,0.24190365590656324
1.0,210.0,16.57,1,0,0,0.3272015814879761
1.0,32.99,22.93,1,0,0,0.39149265592095245
1.0,81.18,9.32,1,0,0,0.39162109458198524
1.0,329.0,39.6,1,0,0,0.27859027290086213
1.0,74.9,16.28,1,0,0,0.3696903488199481
1.0,84.9,11.8,1,0,0,0.3787061638711832
1.0,99.0,33.08,1,0,0,0.329082637510107
1.0,19.9,11.15,1,0,0,0.4486854912143577
1.0,23.9,10.96,1,0,0,0.4405768495064889
1.0,17.89,18.23,1,0,0,0.43078877232795876
2.0,278.99,50.59,1,1,0,0.4542145734903719
1.0,41.8,18.39,1,0,0,0.3902268254424564
1.0,549.9,15.35,1,0,0,0.2961231472839035
1.0,29.9,7.71,1,0,0,0.4469306458942668
1.0,112.99,32.31,1,0,0,0.32471731932740056
2.0,50.0,41.6,1,0,1,0.5390030462698643
1.0,89.99,10.81,1,0,0,0.38022160124227516
1.0,149.9,13.39,1,0,0,0.3493893784856793
2.0,100.0,57.94,1,0,0,0.4935239277523011
1.0,210.0,18.72,1,0,0,0.32221329902846635
1.0,337.69,17.57,1,0,0,0.3074692311058997
1.0,49.9,15.23,1,0,0,0.39059720094726513
1.0,39.9,8.88,1,0,0,0.42625212472887436
1.0,69.9,21.13,1,0,0,0.361455337309868
2.0,34.98,28.2,1,0,1,0.5722843527618392
1.0,84.99,27.13,1,0,0,0.3429902751058738
1.0,349.9,28.19,1,0,0,0.28833749982766566
2.0,119.8,41.82,1,0,0,0.49854006090442654
1.0,19.89,17.06,1,0,0,0.4286643255929806
1.0,258.9,19.69,1,0,0,0.31246497051836325
1.0,50.0,18.15,1,0,0,0.3826989523025053
1.0,119.99,7.7,1,0,0,0.38380388005473637
2.0,118.0,35.32,1,0,1,0.5063001448103976
1.0,29.99,18.31,1,0,0,0.40581553003059073
1.0,289.9,17.79,1,0,0,0.3124108349877747
1.0,93.6,18.23,1,0,0,0.3553441838915913
2.0,71.8,27.18,1,0,1,0.540211780587728
1.0,13.65,14.1,1,0,0,0.4560355176824037
1.0,49.9,50.85,1,0,0,0.34153900421412414
1.0,39.9,9.26,1,0,0,0.4242208812215044
1.0,92.0,13.7,1,0,0,0.36852227095889384
1.0,49.4,9.34,1,0,0,0.41386639839266853
1.0,105.9,15.5,1,0,0,0.35718095665504496
1.0,129.9,14.51,1,0,0,0.3516649266725101
1.0,169.9,18.62,1,0,0,0.33049863106149024
1.0,59.0,18.29,1,0,0,0.3750054211750048
1.0,99.9,17.95,1,0,0,0.3532925326036303
1.0,69.9,16.25,1,0,0,0.37276242766936796
1.0,44.99,23.47,1,0,0,0.3763634744984308
1.0,59.9,11.3,1,1,0,0.3960721214415146
1.0,136.9,43.37,1,1,0,0.3066078733500576
1.0,159.77,9.93,1,1,0,0.3601481286799822
1.0,21.52,8.9,1,0,0,0.4558480321737851
1.0,250.0,10.5,1,0,0,0.34008669707828154
1.0,725.0,29.56,1,0,0,0.26333111578712565
1.0,334.9,25.14,1,0,0,0.29401326196197297
1.0,80.0,34.36,1,0,0,0.3362935711403151
1.0,89.9,25.47,1,0,0,0.3431933079171058
2.0,49.98,15.56,1,0,1,0.5820587922155123
1.0,92.99,13.31,1,0,0,0.36935829945588633
1.0,29.99,18.31,1,0,0,0.40581553003059073
1.0,19.9,16.79,1,0,0,0.42937203698751164
1.0,39.9,15.1,1,0,0,0.4012083821585167
1.0,69.0,15.23,1,0,0,0.3761952553949376
1.0,53.49,8.72,3,1,1,0.9999999999999267
1.0,108.0,15.52,1,0,0,0.3563113714113479
1.0,47.71,15.2,1,0,0,0.3927194561434559
1.0,59.99,14.17,1,0,0,0.385599360591509
1.0,119.9,13.86,1,0,0,0.3569398774431695
1.0,39.9,15.1,3,1,1,0.999999999999923
1.0,155.0,12.59,1,0,0,0.3507504705804665
1.0,98.9,15.44,1,0,0,0.36019899465083344
1.0,45.0,19.51,1,0,0,0.38428255892472823
2.0,31.0,30.2,1,0,1,0.5750970982799284
2.0,70.0,38.88,1,0,1,0.5260688100974455
1.0,66.9,13.05,1,0,0,0.3845091404116078
1.0,59.9,37.97,1,0,0,0.3445815290375542
1.0,89.98,30.47,1,0,0,0.3360921288207374
5.0,625.0,134.75,1,0,0,0.3871664404945646
1.0,59.99,15.28,1,0,0,0.3822056333476209
1.0,149.9,39.1,1,0,0,0.3068551969017876
1.0,29.99,17.14,1,0,0,0.40878606587961047
1.0,119.99,24.23,1,0,0,0.33349453936097595
1.0,257.0,20.99,1,0,0,0.310219921653434
1.0,269.99,28.33,1,0,0,0.29711307918651
1.0,48.9,16.11,1,0,0,0.3889871148120914
2.0,125.89,32.99,1,0,1,0.5063179334143715
1.0,154.69,21.57,1,0,0,0.3281640503192498
1.0,22.99,7.39,1,0,0,0.4618211899972853
1.0,155.0,21.36,1,0,0,0.32847911819761455
3.0,42.0,54.69,1,0,1,0.536565882501725
1.0,78.0,7.81,1,0,0,0.4018033475613814
1.0,120.99,11.46,1,1,0,0.3650400941937626
1.0,98.67,27.23,1,0,0,0.33673276043993483
1.0,58.99,16.66,1,0,0,0.37910563398918457
1.0,199.0,18.52,1,0,0,0.3246755150545346
1.0,46.99,15.23,1,0,0,0.39332124221401144
1.0,49.9,15.23,1,0,0,0.39059720094726513
1.0,53.9,21.35,1,0,0,0.37233509454978375
1.0,230.0,61.37,1,0,0,0.2764927854793746
1.0,30.0,15.1,1,0,0,0.41455296189424473
1.0,13.65,14.1,1,0,0,0.4560355176824037
1.0,99.0,17.94,1,0,0,0.3536915838642762
1.0,67.1,19.44,1,0,0,0.3667556243202664
1.0,69.9,13.83,1,0,0,0.3799484259316304
1.0,19.69,15.23,1,0,0,0.4343992628399507
1.0,26.99,24.84,1,0,0,0.39742003312806184
2.0,170.0,35.68,1,0,0,0.48972197402168643
1.0,110.0,7.79,1,0,0,0.38695195500797225
1.0,159.77,14.48,1,0,0,0.34346115300161634
1.0,79.99,7.82,1,0,0,0.40062586689093466
1.0,43.99,7.78,1,0,0,0.4281224086093488
1.0,59.9,11.73,1,0,0,0.3943331797348695
1.0,29.99,14.1,1,0,0,0.41773896059385945
1.0,148.9,17.69,1,0,0,0.3377659511579517
1.0,119.9,11.46,1,0,0,0.3654157126710247
2.0,58.9,25.73,1,0,1,0.5517859742121746
1.0,120.0,13.28,1,0,0,0.35879016561675736
1.0,67.0,18.35,1,0,0,0.3693021856380356
1.0,69.9,12.62,1,0,0,0.38410602659104226
1.0,59.9,14.13,1,0,0,0.38579410088756616
1.0,84.9,17.16,1,0,0,0.3620413422584661
1.0,129.97,8.49,1,0,0,0.37585063685508713
1.0,45.9,16.11,1,1,0,0.3918570742726627
1.0,18.9,12.48,1,0,0,0.4457985314368986
1.0,199.7,18.65,1,0,0,0.3242586770359603
1.0,39.6,17.6,2,1,1,0.9999999999988909
1.0,249.9,26.59,1,0,0,0.3021985581606145
1.0,250.0,50.49,1,0,0,0.2798485785561709
1.0,14.95,8.29,1,0,0,0.4773757655646974
1.0,16.5,15.1,1,0,0,0.44344954350208504
1.0,205.0,48.87,1,0,0,0.28780741434480334
1.0,889.0,20.31,1,0,0,0.2702894982359209
1.0,69.9,35.81,1,0,0,0.34031175405589104
1.0,3.0,15.23,1,0,1,0.5255515424422786
1.0,184.9,21.78,1,0,0,0.32094929362794855
1.0,49.9,15.1,1,0,0,0.39098424435258994
1.0,39.9,15.1,1,0,0,0.4012083821585167
1.0,106.5,7.93,1,0,0,0.38749116144374995
1.0,59.9,13.44,1,0,0,0.3880689520143738
1.0,114.9,23.6,1,0,0,0.33627919746149876
1.0,110.32,8.03,1,0,0,0.38539034268234384
1.0,179.0,18.53,1,0,0,0.3286884557473167
1.0,35.0,14.1,1,0,0,0.41045242240648877
4.0,123.78,91.72,1,0,0,0.4668971197348898
1.0,32.9,8.72,1,0,0,0.43628464280458257
1.0,13.9,14.52,1,0,0,0.45374836784460293
1.0,45.0,10.96,1,0,0,0.41054510736090655
1.0,109.9,14.86,1,0,0,0.35748086137758495
1.0,48.99,10.96,1,0,0,0.40663301702281773
1.0,89.9,18.2,1,0,0,0.3571024762104817
1.0,148.7,37.44,1,0,0,0.308708075586972
1.0,39.99,15.1,1,0,0,0.40110428588692054
1.0,214.0,24.08,1,0,0,0.31157978984512225
1.0,56.97,19.37,1,0,0,0.3740621921118942
1.0,99.9,19.89,1,0,0,0.3489687671200503
1.0,105.0,19.7,1,0,0,0.3473228068400309
1.0,299.0,17.79,1,0,0,0.31130047037008257
1.0,86.9,21.1,1,0,0,0.3522941148647638
1.0,39.99,11.81,1,0,0,0.41249677773293203
1.0,129.9,9.72,1,0,0,0.3696004358070167
1.0,29.9,12.76,1,0,0,0.42255429744533074
1.0,99.9,14.43,1,0,0,0.36274383915213443
1.0,40.8,15.11,1,0,0,0.40014863547307944
1.0,179.99,81.43,1,0,0,0.2763225636257941
1.0,159.9,21.61,5,1,1,0.9999999999999418
1.0,78.0,26.99,1,0,0,0.34676472043849915
1.0,59.99,23.0,1,0,0,0.3645035376829635
1.0,75.9,12.66,1,0,0,0.38035658709176046
1.0,24.99,7.44,1,0,0,0.457404605167079
1.0,326.16,19.02,1,0,0,0.3055645918580106
2.0,59.8,15.42,1,0,1,0.5742145466129828
1.0,48.9,19.53,1,0,0,0.3804971129307521
1.0,287.7,10.37,1,0,0,0.3353369161752378
1.0,61.9,15.18,1,0,0,0.38111206791316754
1.0,75.0,44.45,1,0,0,0.3293760961686673
1.0,22.99,7.78,1,0,0,0.45926266274590605
1.0,99.0,9.44,1,0,0,0.3824145345012326
2.0,68.0,17.44,1,0,1,0.5626420372254465
1.0,89.99,45.09,1,0,0,0.3215061334886136
1.0,149.9,14.07,1,0,0,0.3472346790854269
1.0,117.3,25.66,1,0,0,0.33212482810403715
1.0,24.99,15.23,1,0,0,0.4228698615298023
1.0,229.04,19.32,1,0,0,0.3177113917931852
1.0,57.99,17.98,1,0,0,0.3765121895163737
1.0,119.9,15.59,1,0,0,0.35181946946770615
1.0,89.0,8.21,1,0,0,0.39360788620666237
1.0,99.99,17.95,1,0,0,0.3532552067806012
1.0,49.99,14.1,1,0,0,0.3940138131502646
1.0,29.1,21.5,1,0,0,0.400128599388279
1.0,31.0,8.72,1,0,0,0.439132957916797
1.0,67.9,15.23,1,0,0,0.3768975671933535
1.0,79.0,12.05,1,0,0,0.38086779474679533
1.0,299.08,10.25,1,0,0,0.3343996440737499
1.0,129.99,16.67,1,0,0,0.34567689231789
1.0,29.9,15.1,1,0,0,0.4147111026348986
1.0,68.9,15.23,1,0,0,0.3762585859429182
1.0,265.0,54.45,1,0,0,0.2754515465723034
1.0,112.49,18.89,1,0,0,0.3462620897446467
2.0,75.8,30.2,1,0,1,0.5331287059046794
1.0,90.0,20.36,1,0,0,0.3523198916156233
1.0,75.0,16.78,1,0,0,0.36830974864840843
1.0,25.5,7.44,1,0,0,0.4564191083548174
2.0,296.0,34.57,1,0,0,0.4674105839576425
1.0,34.99,7.78,1,0,0,0.4389430905035692
1.0,99.0,15.57,1,0,0,0.3597912484383486
1.0,109.99,16.53,1,1,0,0.35283799808360705
2.0,114.8,15.56,1,0,1,0.5442603154197326
1.0,59.99,35.65,1,0,0,0.3469251974966441
1.0,19.95,8.3,1,0,0,0.4630215533429455
1.0,99.0,41.08,1,1,0,0.3210637624738535
1.0,144.99,20.25,1,0,0,0.33324213281960535
1.0,44.99,14.1,1,0,0,0.39881613755856826
1.0,89.9,42.69,1,0,0,0.3235101693623827
1.0,9.9,15.1,1,0,0,0.4687292211177814
1.0,120.0,26.46,1,0,0,0.33001557526012637
1.0,178.9,23.75,1,0,0,0.31879279501413416
1.0,89.9,17.07,1,0,0,0.3598510731053059
1.0,29.9,7.47,1,0,0,0.4484963751725127
,,,1,0,0,0.3610559326759919
1.0,69.99,11.99,1,0,0,0.3863980937744961
1.0,39.9,7.78,1,0,0,0.43271134172083686
1.0,72.0,13.52,1,0,0,0.37967717089995306
1.0,145.9,14.77,1,0,0,0.34621829333980825
2.0,179.8,27.3,1,0,0,0.4988529488465244
1.0,18.9,16.79,1,0,0,0.4318795429127589
1.0,29.99,60.49,1,0,0,0.3575819007026281
1.0,105.99,21.23,1,0,0,0.343841641036581
1.0,195.9,8.63,1,0,0,0.3583780978855875
1.0,99.9,21.19,1,0,0,0.3463406738926236
1.0,99.9,19.94,1,0,0,0.3488639745150619
1.0,109.95,14.85,1,0,0,0.35749142243580123
1.0,21.5,9.34,1,0,0,0.4535214181253457
2.0,2078.5,69.9,1,0,0,0.3666695760870385
1.0,27.3,8.11,1,0,0,0.44883006753280663
1.0,69.0,34.24,1,0,0,0.34256796182127247
1.0,45.0,15.1,1,0,0,0.3956817888103463
1.0,79.9,18.44,1,0,0,0.3615243408707702
1.0,103.0,18.82,1,0,0,0.3500276723158393
1.0,249.0,14.76,1,0,0,0.3256157236770772
1.0,12.9,7.78,1,0,0,0.48789174904307975
1.0,37.0,50.85,1,0,0,0.3545366968777861
1.0,7.99,7.39,1,0,1,0.5143198198879763
1.0,83.9,15.47,1,0,0,0.3670640237451826
1.0,138.5,14.7,1,0,0,0.34851039326235606
1.0,14.4,21.15,1,0,0,0.4346881538765615
1.0,114.9,23.6,1,0,0,0.33627919746149876
1.0,169.99,15.5,1,0,0,0.33812024461368606
2.0,255.0,34.79,1,0,0,0.4733926853215928
1.0,35.9,22.41,1,0,0,0.3885807233733714
1.0,93.24,13.67,1,0,0,0.3680519171890092
1.0,44.9,15.56,1,0,0,0.3944248572674754
1.0,45.9,9.34,1,0,0,0.4172647592386058
1.0,88.0,17.87,1,0,0,0.3587824014486757
2.0,351.0,37.6,1,0,0,0.4568329942848687
1.0,750.0,70.24,1,0,0,0.23587817684052603
1.0,29.99,22.93,1,0,0,0.39592338567811325
1.0,109.9,12.1,1,0,0,0.3665944458135497
1.0,79.99,8.72,1,0,0,0.395421058190916
1.0,347.42,30.83,1,0,0,0.2853850499695823
1.0,119.9,13.5,1,0,0,0.3580986672445535
2.0,33.8,15.56,1,0,1,0.6002078143463826
1.0,15.0,7.87,1,0,0,0.47979989153012415
1.0,79.0,13.57,1,0,0,0.3754775926803514
1.0,129.0,25.74,1,0,0,0.328243685856091
1.0,39.9,16.11,1,0,0,0.398271131634533
1.0,64.9,13.47,1,0,0,0.3844081192098149
1.0,129.0,23.77,1,0,0,0.33138755028304134
1.0,12.9,7.39,1,0,0,0.49046510414549344
2.0,211.8,33.0,1,0,0,0.4835410556674132
1.0,106.9,21.55,1,0,0,0.34287931851763237
2.0,39.98,18.54,1,0,1,0.584453240166316
1.0,42.9,15.56,1,0,0,0.39650894520281227
,,,1,0,0,0.3610559326759919
1.0,58.99,11.73,1,0,0,0.3950202191651169
1.0,205.0,22.27,1,0,0,0.31620249688080615
1.0,69.9,16.74,1,0,0,0.3714582208935441
1.0,49.99,21.18,1,0,0,0.3760168017765298
1.0,84.99,15.35,1,0,0,0.3668560905881338
1.0,129.9,32.23,1,0,0,0.3193615138647087
1.0,55.0,13.05,1,0,0,0.3932416170685765
1.0,68.9,23.28,1,0,0,0.3580277229272176
1.0,330.0,18.77,1,0,0,0.3056714866909319
1.0,35.0,13.83,1,0,0,0.4113477029260258
1.0,110.0,14.52,1,0,0,0.3584554666090592
1.0,109.99,11.97,1,0,0,0.36704702328547195
1.0,99.0,12.85,1,0,0,0.36828217112546735
1.0,85.0,8.76,1,0,0,0.39253710242650974
1.0,49.9,19.54,1,0,0,0.37956868424512424
1.0,82.0,14.32,1,0,0,0.3714632150213064
1.0,69.99,13.07,1,0,0,0.38245210443809474
1.0,17.9,16.05,1,1,0,0.4366141861438877
1.0,16.0,18.23,1,0,0,0.4362456907146528
1.0,134.9,43.52,1,0,0,0.307042488655493
1.0,34.9,8.72,1,0,0,0.4334712328004833
1.0,120.0,16.28,1,0,0,0.3499248960371713
1.0,25.77,7.39,1,0,0,0.45624105467661324
1.0,29.9,25.38,1,0,0,0.3917197537445134
1.0,249.99,68.45,1,0,0,0.27032680631846384
1.0,440.0,30.06,1,0,0,0.27844268380484605
1.0,150.4,23.76,1,0,0,0.325407627573803
1.0,83.9,8.96,1,0,0,0.39203816451832074
1.0,129.9,18.49,1,0,0,0.34134569016817556
1.0,199.0,36.9,1,0,0,0.29848287018777203
1.0,29.99,15.31,1,0,0,0.41393336457394697
1.0,159.0,34.65,1,0,0,0.3089932501701091
6.0,230.4,90.66,1,0,0,0.44043113600001094
1.0,59.9,7.39,1,0,0,0.41635989425273107
1.0,49.0,14.52,1,0,0,0.3935839364910412
1.0,29.99,8.11,1,0,0,0.44428844325752576
1.0,161.14,16.01,1,0,0,0.3388451016702255
1.0,69.9,14.24,1,1,0,0.37863338003547603
1.0,49.0,19.66,1,1,0,0.3801177372428074
1.0,69.9,16.12,1,0,0,0.37311611566776604
1.0,79.9,16.32,1,0,0,0.3668069504019955
1.0,199.0,13.73,1,0,0,0.33716939387367395
1.0,196.8,15.72,1,1,0,0.3318632000802269
1.0,169.99,25.69,1,0,0,0.3176801114400274
1.0,163.99,37.84,1,0,0,0.3046722842142252
2.0,57.8,18.54,1,0,1,0.5673236186363386
1.0,13.99,7.78,1,0,0,0.4838464244794147
1.0,45.0,12.69,1,0,0,0.40366875780839073
1.0,95.0,22.38,1,0,0,0.3461629730221761
1.0,49.9,9.34,1,0,0,0.41340245790210367
1.0,105.4,19.93,1,0,0,0.34668351561858307
1.0,45.9,8.27,1,0,0,0.4231550751528657
1.0,149.9,39.1,1,0,0,0.3068551969017876
1.0,29.0,8.72,1,0,0,0.44234060944870707
1.0,129.9,40.1,1,0,0,0.31137167474669164
1.0,159.9,19.0,1,0,0,0.33202165529897604
1.0,54.9,22.31,1,0,0,0.3696607422059946
1.0,8.9,11.85,1,0,0,0.4856310597624814
1.0,88.34,16.3,1,0,0,0.36258831427671645
2.0,107.8,0.0,1,0,1,0.7160055483241267
1.0,599.0,22.07,1,0,0,0.2795372310163076
1.0,49.0,24.69,1,0,0,0.3704308982894387
1.0,110.0,13.67,1,0,0,0.3611110083754666
1.0,39.0,7.39,1,0,0,0.4363205890737652
1.0,85.0,13.26,1,0,0,0.3733634320901248
1.0,399.0,16.54,1,0,0,0.3040419724671631
1.0,159.49,19.7,1,0,0,0.3306434149347171
1.0,198.0,16.14,1,0,0,0.3305291047939854
2.0,1458.0,59.7,1,0,0,0.3844754870360004
1.0,69.9,12.74,1,0,0,0.38367377005731745
1.0,10.0,15.1,1,0,0,0.4682303739251998
1.0,229.99,36.93,1,0,0,0.2932815391656523
1.0,24.99,7.78,1,0,0,0.4551850182188862
1.0,49.0,18.44,1,0,0,0.3829104862854151
1.0,59.9,16.99,1,0,0,0.37756441528621176
1.0,49.0,7.39,1,0,0,0.42560994813339087
1.0,49.99,15.05,1,0,0,0.39105264782737736
1.0,14.99,7.39,1,0,0,0.4829782674774456
1.0,99.88,15.01,1,0,0,0.36102091507823597
1.0,45.0,12.69,1,0,0,0.40366875780839073
1.0,78.0,18.65,1,0,0,0.36206445207573584
1.0,109.9,15.62,1,0,0,0.3553121814067256
1.0,24.9,11.85,1,0,0,0.4348444995472962
2.0,234.89,46.63,10,1,1,0.9999999999999696
1.0,19.9,7.71,1,0,0,0.4668093051620878
1.0,77.68,16.3,1,0,0,0.3680684301941698
1.0,187.2,18.15,1,1,0,0.32782190509006826
1.0,22.4,10.96,1,0,0,0.4437300963164031
1.0,29.9,14.52,1,0,0,0.41651981592196397
1.0,130.0,9.66,1,0,0,0.36985342495178936
1.0,14.49,22.06,1,0,0,0.43250143373883476
1.0,69.0,14.23,1,0,0,0.3792321520694239
1.0,37.47,12.79,1,0,0,0.4117942486035557
1.0,94.9,7.92,1,1,0,0.3925264407312541
1.0,72.0,13.62,1,0,0,0.37934425682302236
1.0,599.0,17.94,1,0,0,0.28726791904897553
1.0,31.2,15.1,1,0,0,0.4126985093650332
1.0,85.5,18.48,1,0,0,0.3585625674207902
3.0,197.7,24.0,1,0,1,0.5007963806574875
2.0,441.82,37.6,1,0,0,0.44750428526496006
1.0,72.9,12.85,1,0,0,0.3814392370661002
1.0,159.9,18.37,1,0,0,0.33340794127992646
1.0,53.24,15.22,1,0,0,0.38770804316055985
2.0,279.8,55.66,1,0,0,0.4503197144744114
1.0,63.8,17.02,1,0,0,0.37471332164485954
1.0,37.99,14.12,1,0,0,0.40655902788620757
1.0,22.99,10.96,1,0,0,0.4424638787767956
1.0,84.9,19.56,1,0,0,0.3564486278384834
1.0,44.9,12.79,1,0,0,0.40340637694010023
1.0,35.9,15.1,1,0,0,0.40611312077021094
1.0,19.9,15.1,1,0,0,0.4342819700939666
1.0,589.99,29.41,1,0,0,0.26983944988225067
1.0,239.0,18.11,1,0,0,0.3187357890014945
1.0,95.15,13.22,1,0,0,0.36868790594868844
1.0,45.9,15.03,1,0,0,0.39498876883057094
1.0,29.99,7.39,1,0,0,0.44888509837695273
1.0,128.0,23.48,1,0,0,0.33218414576225547
2.0,61.0,101.87,1,0,0,0.49513018693345573
1.0,89.99,15.39,1,0,0,0.3643139521676712
1.0,129.99,23.71,1,0,0,0.33118649197177413
1.0,45.62,11.15,1,0,0,0.4091004758972706
1.0,250.0,10.56,1,0,0,0.33983578659877056
1.0,53.9,17.63,1,1,0,0.3806181616057507
1.0,46.99,7.39,1,0,0,0.4275599645234396
1.0,164.9,19.25,1,0,0,0.3302925217274044
2.0,34.0,21.92,1,0,1,0.584592068172086
1.0,79.9,17.81,1,0,0,0.36301693110662725
1.0,139.9,16.74,1,0,0,0.342555000461997
1.0,119.9,17.28,1,0,0,0.34741995633220796
1.0,49.9,11.37,1,0,0,0.4040611312739547
2.0,186.0,31.9,1,0,0,0.4905965035414482
1.0,148.0,18.29,1,0,0,0.3366181803848553
1.0,28.8,18.23,1,0,0,0.40792009058587814
1.0,33.99,7.5,1,0,0,0.442136547878614
1.0,87.0,12.74,1,0,0,0.3741694701599464
1.0,229.99,18.86,1,0,0,0.31852360395820584
1.0,169.0,84.1,1,0,0,0.2775619454376592
1.0,99.7,34.5,1,0,0,0.32721661210860054
1.0,29.9,18.23,1,0,0,0.4061530390540158
1.0,12.99,18.23,1,0,0,0.44649705607913526
2.0,31.8,45.86,1,0,1,0.5565874745950685
1.0,18.9,15.1,1,0,0,0.43679620098271676
1.0,155.0,18.34,1,0,0,0.3346909064436905
1.0,48.89,16.79,1,0,0,0.3871510344824435
1.0,33.9,16.79,1,0,0,0.40396631396866517
1.0,55.0,16.15,1,0,0,0.38359682102045783
2.0,78.0,30.74,1,0,1,0.5310471795064726
1.0,65.0,13.8,1,0,0,0.3832424518217887
1.0,54.4,19.35,1,0,0,0.3761477764483575
1.0,19.94,7.4,1,0,0,0.4687564440141589
1.0,59.9,15.86,1,0,0,0.38060990622836866
1.0,89.0,12.08,1,0,0,0.37560683691603075
1.0,89.0,12.12,1,0,0,0.3754564798040945
1.0,148.0,15.92,1,0,0,0.34244265185228623
1.0,48.9,19.53,1,0,0,0.3804971129307521
1.0,169.8,8.45,1,0,0,0.3650787646483916
1.0,24.9,11.85,1,0,0,0.4348444995472962
2.0,87.96,35.2,1,0,1,0.5197422591356975
1.0,159.9,16.75,1,0,0,0.33724678877953673
1.0,149.0,8.3,1,0,0,0.3712412209801658
1.0,279.99,19.4,1,0,0,0.3102205337405497
1.0,105.0,8.9,1,0,0,0.3826542097863691
1.0,53.99,7.78,1,1,0,0.41861418638039694
1.0,14.9,16.79,1,0,0,0.44352756552180395
1.0,57.17,9.39,1,0,0,0.40692455299335
1.0,269.0,20.76,1,0,0,0.30900280215149095
1.0,174.99,18.8,1,0,0,0.32896740844852573
1.0,103.0,23.87,1,0,0,0.3402352288628788
1.0,218.99,124.92,1,0,0,0.25768392507218946
1.0,49.99,15.1,1,0,0,0.3909027756153556
1.0,92.0,24.25,1,0,0,0.344218720967332
1.0,139.0,23.55,1,0,0,0.3288238716084619
1.0,279.9,118.73,1,0,0,0.2511267956442624
1.0,104.9,43.14,1,0,0,0.31702708250231765
1.0,88.9,16.06,1,0,0,0.36296675662267724
1.0,116.8,15.92,1,0,0,0.3519881633376705
1.0,166.9,27.47,1,0,0,0.31580874070112747
1.0,27.9,12.94,1,0,0,0.4251991456036585
2.0,339.8,44.54,1,1,0,0.4511875738530295
2.0,148.29000000000002,38.86,1,0,0,0.4921173951391533
1.0,34.99,8.4,1,0,0,0.43517689001748966
1.0,69.99,9.34,1,0,0,0.39807481318579463
1.0,48.9,16.11,1,0,0,0.3889871148120914
1.0,45.9,15.1,1,0,0,0.39477805578051167
1.0,649.17,18.71,1,0,0,0.28308993427398477
1.0,99.9,22.0,1,0,0,0.3447978111158576
1.0,980.9,262.72,1,0,0,0.19830246405583352
1.0,104.49,37.42,1,0,0,0.322334263925828
1.0,31.9,21.15,1,0,0,0.39655208501733896
1.0,12.5,11.85,1,0,0,0.46873283308707786
1.0,449.9,17.9,1,0,0,0.2968306419758905
1.0,55.0,13.05,1,0,0,0.3932416170685765
1.0,19.99,16.05,1,0,0,0.431230072327912
1.0,150.0,23.59,1,0,0,0.3257939692280805
3.0,149.7,48.33,1,0,0,0.4830548407057097
1.0,20.99,14.52,1,0,0,0.43351694755562387
1.0,80.0,12.69,1,0,0,0.3779633446977869
1.0,44.9,24.48,1,0,0,0.37468071181879636
1.0,219.9,24.41,1,0,0,0.31005913482378533
1.0,90.0,67.22,1,0,0,0.30784635488242756
1.0,55.9,16.15,1,0,0,0.3828729819965471
1.0,339.0,90.82,1,0,0,0.2523165199642515
1.0,122.0,10.16,1,0,0,0.37017632030592446
1.0,9.9,8.88,1,0,0,0.4945069900308899
1.0,279.0,99.88,1,0,0,0.25586409644301883
1.0,40.0,8.27,1,0,0,0.4296014668832434
1.0,42.99,11.85,1,0,0,0.4089774835239655
1.0,69.9,15.37,1,1,0,0.37522331521923424
1.0,220.0,23.25,1,0,0,0.31191549158746296
2.0,220.64,16.06,1,0,1,0.5142294097531936
1.0,99.99,17.95,1,0,0,0.3532552067806012
1.0,31.9,12.48,1,0,0,0.42052306715968873
1.0,79.9,19.75,1,0,0,0.3586035878732971
1.0,50.0,9.34,1,1,0,0.41331027935879056
2.0,28.0,30.2,1,0,1,0.5799467659643925
1.0,149.9,18.62,1,0,0,0.33537666770455205
1.0,27.9,7.87,1,0,0,0.44926127740582267
1.0,233.99,49.5,1,1,0,0.28276736399907004
1.0,19.95,15.24,1,0,0,0.43372987590165685
1.0,69.99,9.34,1,0,0,0.39807481318579463
1.0,109.9,18.02,1,0,0,0.34919668652121977
1.0,69.9,17.74,1,0,0,0.36892921266983464
1.0,169.0,23.76,1,0,0,0.32093450581022986
1.0,56.9,8.88,1,0,0,0.40981472315457523
1.0,345.5,71.3,1,0,0,0.2585794189532254
1.0,9.98,12.48,1,0,0,0.4774310521733297
1.0,192.99,37.45,1,0,0,0.29907000961296
1.0,39.0,13.61,1,0,0,0.4070382688942701
1.0,27.99,15.1,1,0,0,0.41784609428066566
1.0,49.9,16.79,1,0,0,0.38622962332862837
1.0,99.99,44.5,1,0,0,0.3178027163537761
2.0,60.0,25.38,3,1,1,0.999999999999958
1.0,67.9,17.73,2,1,1,0.9999999999987699
1.0,118.75,43.24,1,0,0,0.31213151490732005
5.0,249.5,77.25,1,0,0,0.4429368959660489
1.0,11.99,7.78,1,0,0,0.49154237547731555
1.0,14.9,17.06,1,0,0,0.442790046463641
1.0,65.0,14.2,1,0,0,0.3819516475053404
1.0,82.99,14.33,1,0,0,0.37091714456479696
1.0,95.0,15.42,1,0,0,0.3619431167139076
1.0,399.9,67.61,1,0,0,0.25553869199168455
1.0,159.0,18.99,1,0,0,0.33226283450732325
1.0,125.0,11.5,1,0,0,0.3635330606514043
6.0,239.4,109.38,1,0,0,0.4321854617385423
1.0,85.0,15.34,1,0,0,0.3668797465691227
1.0,84.9,12.72,1,0,0,0.37529014600344984
1.0,219.99,26.38,1,0,0,0.30709633046329937
1.0,78.9,31.2,1,0,0,0.3405744380433168
1.0,6.0,7.78,1,0,1,0.5258108960166012
1.0,99.9,0.0,1,0,1,0.5394449364552412
1.0,24.9,18.27,1,0,0,0.4147305815717216
1.0,115.0,16.78,1,0,0,0.3503687428808332
3.0,245.7,50.28,1,0,0,0.4601102800487833
2.0,279.8,35.38,1,0,0,0.4687799191413736
1.0,99.97,19.67,1,0,0,0.3494046859213366
1.0,65.0,11.95,1,0,0,0.3898251786015241
1.0,57.17,26.14,1,0,0,0.36130511294177
1.0,25.0,14.1,1,0,0,0.42643570062038444
1.0,149.99,40.38,1,0,0,0.30569073041467903
1.0,29.99,12.87,1,0,0,0.42200722492948944
2.0,133.98,46.38,1,0,0,0.48930340450369075
1.0,59.9,13.44,1,0,0,0.3880689520143738
1.0,119.9,18.0,1,0,0,0.34569635721034286
1.0,99.0,22.83,1,0,0,0.34365556455755814
1.0,19.99,15.1,1,0,0,0.4340622554278978
1.0,132.9,15.68,1,0,0,0.3473958693219769
1.0,149.9,14.8,1,0,0,0.34505213550082525
1.0,50.0,9.34,1,0,0,0.41331027935879056
1.0,139.0,16.73,1,0,0,0.3428377619330025
1.0,49.0,16.79,1,0,0,0.3870496691163404
1.0,54.9,8.72,1,0,0,0.4123229440454056
1.0,69.9,12.83,1,0,0,0.38335261144194743
1.0,175.99,20.42,1,0,0,0.3253991398068852
1.0,39.97,14.1,1,0,0,0.40426579867738405
1.0,149.9,25.4,1,0,0,0.3229215938015575
1.0,55.0,17.1,1,0,0,0.3810627691650629
1.0,25.5,7.44,1,0,0,0.4564191083548174
1.0,180.0,12.28,1,0,0,0.3459127129396791
1.0,591.07,47.94,1,0,0,0.2538941530186217
2.0,107.8,16.22,1,0,1,0.5451257283669535
2.0,119.8,35.34,1,0,1,0.5055979941849877
1.0,88.9,17.87,1,0,0,0.35835418664418534
1.0,162.0,86.29,1,0,0,0.27828501675682166
1.0,52.9,14.46,1,0,0,0.39031047721865963
1.0,52.9,15.12,1,0,0,0.3882926879567535
2.0,78.0,30.2,1,0,1,0.5318129989756719
1.0,95.9,52.8,1,0,0,0.3134639438565823
1.0,120.0,23.71,1,0,0,0.3343568453096697
,,,1,0,0,0.3610559326759919
1.0,44.9,22.24,1,0,0,0.37873721994877363
1.0,99.0,19.88,1,0,0,0.34936301022138505
1.0,93.0,21.14,1,0,0,0.3493914838443589
1.0,12.25,7.78,1,0,0,0.4904716907667358
2.0,72.0,46.3,1,0,1,0.5175639641041218
1.0,129.0,15.57,1,0,0,0.3489006968707747
1.0,23.9,9.34,1,1,0,0.44834991464069607
1.0,199.9,34.94,1,0,0,0.3002591022047636
1.0,100.0,16.67,1,1,0,0.35641584013664296
1.0,49.9,20.99,1,0,0,0.37648287573659356
1.0,17.99,8.64,1,0,0,0.4661384268795377
1.0,145.0,7.88,1,0,0,0.37478869544985205
1.0,102.0,18.59,1,0,0,0.3509481612154416
1.0,19.9,15.1,1,0,0,0.4342819700939666
1.0,70.97,17.75,1,0,0,0.3682478434991192
1.0,29.9,7.87,1,0,0,0.44591542008677915
1.0,169.99,25.54,1,0,0,0.31790583257844246
1.0,22.0,7.41,1,0,0,0.46384709301015287
1.0,44.9,12.79,1,0,0,0.40340637694010023
1.0,599.0,64.93,1,0,0,0.24451756586848764
1.0,139.2,23.77,1,0,0,0.32839901425979195
1.0,189.0,13.98,1,0,0,0.3383899211622907
1.0,629.0,82.57,1,0,0,0.2364604830837338
1.0,449.99,18.25,1,0,0,0.2960730335107992
4.0,576.56,66.08,1,0,0,0.4150791364483162
1.0,24.99,15.1,1,0,0,0.4232666726178202
1.0,34.9,23.39,1,0,0,0.38804465636208774
1.0,55.3,8.11,1,0,0,0.4154954382649641
1.0,146.0,39.05,1,0,0,0.30789057208015963
1.0,117.9,16.27,1,0,0,0.35067121354302183
1.0,144.0,13.45,1,0,0,0.35080616516744656
1.0,39.15,8.43,1,0,0,0.4296783724245142
1.0,24.9,12.48,1,0,0,0.43237828948736784
1.0,64.02,21.25,1,0,0,0.36500560736699583
1.0,49.0,7.78,4,1,1,0.9999999999999563
1.0,49.9,46.88,1,0,0,0.34449995383663734
1.0,113.85,19.77,1,0,0,0.34387601915108906
1.0,469.0,29.82,1,0,0,0.2766510834398418
1.0,19.9,16.79,1,0,0,0.42937203698751164
1.0,389.0,43.48,1,0,0,0.27000802511486555
1.0,49.89,9.34,1,1,0,0.4134116868562216
1.0,49.0,10.66,12,1,1,0.9999999999999618
1.0,99.9,31.57,1,0,0,0.3304964614064417
1.0,86.9,16.24,1,0,0,0.36344460767335385
1.0,119.9,39.83,1,0,0,0.31468997309796565
1.0,59.99,16.99,1,0,0,0.3774981710958142
1.0,100.0,7.57,1,0,0,0.39241395774861343
1.0,89.9,17.88,1,0,0,0.35786012266933126
1.0,89.0,13.64,1,0,0,0.37012895706586735
1.0,59.0,14.58,1,0,0,0.38505120095435447
1.0,114.9,18.05,1,1,0,0.34730955766629323
1.0,110.65,51.5,1,0,0,0.3087676462174726
1.0,179.49,9.45,1,0,0,0.35772339952185545
1.0,13.99,15.56,1,0,0,0.450176755367012
1.0,27.9,18.23,1,0,0,0.4094210012174294
1.0,86.0,7.86,1,0,0,0.3971887840447827
1.0,89.99,16.39,1,0,0,0.36156743217274595
1.0,119.0,22.65,1,0,0,0.3365282394075387
1.0,7.0,11.85,1,0,0,0.4975115359145951
1.0,119.9,30.7,1,0,0,0.32431716274987693
1.0,99.99,18.27,1,0,0,0.35250521304181953
1.0,149.9,25.18,1,0,0,0.3232604381390499
1.0,119.9,16.6,1,0,0,0.349126983127562
1.0,88.0,37.53,1,0,0,0.32908897299071166
2.0,329.98,86.1,1,0,0,0.42712335225847947
1.0,56.99,11.9,1,0,0,0.3959030931197526
1.0,134.9,18.82,1,0,0,0.33910279151889955
1.0,39.99,17.63,1,0,0,0.3941247972633101
1.0,899.99,70.74,1,0,0,0.23065013845336987
2.0,95.03,16.98,1,0,1,0.5486585290891547
1.0,24.99,7.44,1,0,0,0.457404605167079
1.0,70.97,28.9,1,0,0,0.3480057065829641
2.0,14.0,15.42,1,0,1,0.6415291206570164
1.0,55.0,12.83,1,0,0,0.3940237824570393
1.0,89.9,17.88,1,0,0,0.35786012266933126
1.0,69.0,18.36,1,0,0,0.3680036668641952
1.0,89.0,12.12,1,0,0,0.3754564798040945
1.0,598.0,22.29,1,0,0,0.27922858152540264
1.0,37.9,15.1,1,0,0,0.4035901670396811
1.0,9.0,11.85,1,1,0,0.4850760698160782
1.0,349.0,18.2,1,0,0,0.30491843977201644
1.0,199.8,19.28,1,0,0,0.32289571156499347
1.0,53.9,14.47,1,0,0,0.38943671486659437
1.0,18.15,15.23,1,0,0,0.4383752081433958
1.0,34.23,16.11,1,0,0,0.40538576416619154
1.0,79.0,17.68,1,0,0,0.36381574795875404
1.0,89.9,8.39,4,1,1,0.9999999999999503
1.0,138.0,23.29,1,0,0,0.3295475712580111
1.0,209.0,34.83,1,1,0,0.29876380622705895
1.0,155.0,15.87,1,0,0,0.34074625971840233
2.0,230.0,18.0,1,0,1,0.5071196545120715
1.0,309.99,21.41,5,1,1,0.9999999999999349
1.0,132.68,24.75,1,0,0,0.3286807577542912
1.0,20.3,8.11,1,0,0,0.4633133730035963
1.0,949.9,99.63,1,0,0,0.2203560519592586
1.0,189.9,23.26,1,0,0,0.3173605446304704
1.0,189.9,32.08,1,0,0,0.3052164408115994
1.0,147.9,14.81,1,0,0,0.34555838924797466
1.0,129.99,46.4,1,1,0,0.306213330880692
1.0,129.0,18.48,1,0,0,0.3416466934771866
1.0,419.0,24.86,1,1,0,0.28683957878583827
2.0,119.8,26.88,1,0,1,0.5174418764795025
1.0,129.6,21.36,1,0,0,0.3355011044843148
1.0,109.9,16.53,1,0,0,0.3528716825027831
1.0,45.89,14.52,1,1,0,0.3965686858313683
1.0,67.99,16.45,1,0,0,0.373430046313455
1.0,75.0,13.08,1,0,0,0.3793937071850533
2.0,59.98,30.2,1,0,1,0.5439680897972587
1.0,65.0,9.94,1,0,0,0.39843035515476766
1.0,33.0,15.1,1,1,0,0.4100567664844437
1.0,35.0,7.39,1,0,0,0.4414671931521264
1.0,99.9,21.19,1,0,0,0.3463406738926236
1.0,41.99,11.15,1,0,0,0.41294113244594144
1.0,29.0,15.1,1,1,0,0.41616058115434545
2.0,309.98,58.89,1,0,0,0.4438833184207494
2.0,64.0,14.96,1,0,1,0.5725080623075607
2.0,159.8,30.64,1,0,0,0.4989556193627697
1.0,85.9,21.09,1,0,0,0.3527980325814762
2.0,767.3,41.57,1,0,0,0.42186514338740067
1.0,30.0,35.67,1,1,0,0.377563553761789
1.0,59.9,17.26,1,0,0,0.3768714347617156
1.0,79.9,16.53,1,0,0,0.36624889741055044
1.0,74.9,23.1,1,0,0,0.35479443822327145
1.0,24.9,21.15,1,0,0,0.40820757462077883
1.0,195.9,16.12,1,0,0,0.33098826904586376
2.0,55.78,18.54,1,0,1,0.5689679445054169
1.0,250.0,30.12,1,0,0,0.2975949782531425
1.0,34.99,17.63,1,0,0,0.4002968788460911
1.0,44.0,22.24,1,0,0,0.3796484647831052
1.0,56.0,16.15,1,0,0,0.38279335201450826
1.0,231.2,61.68,1,0,0,0.2761583202888023
4.0,109.96,63.8,1,0,0,0.48580570261688905
1.0,79.99,23.14,1,0,0,0.3519492163983437
1.0,28.99,22.92,1,0,0,0.3975272272693203
2.0,39.98,48.96,8,1,1,0.9999999999999776
1.0,32.4,11.85,1,0,0,0.42223397282671526
1.0,49.0,7.6,1,0,0,0.42423814635257023
1.0,169.9,31.84,1,0,0,0.30961083682772556
1.0,149.0,34.84,1,0,0,0.31123788857412416
1.0,39.9,25.63,1,0,0,0.37807143590279385
1.0,155.97,16.19,1,0,0,0.3396555303702552
1.0,47.88,25.63,1,0,0,0.36990370883813706
2.0,63.8,30.2,1,0,1,0.5410967516514091
1.0,49.9,17.6,1,0,0,0.38414305322384035
1.0,149.9,9.79,1,0,0,0.3633826807317135
,,,1,0,0,0.3610559326759919
1.0,10.19,7.87,1,0,0,0.4990831874513476
1.0,139.94,30.82,2,1,1,0.9999999999984504
1.0,169.9,18.99,1,0,0,0.3296935571807745
1.0,189.0,9.89,1,0,0,0.35361090026543524
1.0,27.99,11.85,1,0,0,0.4292121893228003
1.0,719.99,32.05,1,0,0,0.26083015958541717
1.0,59.9,14.13,1,0,0,0.38579410088756616
2.0,89.98,30.84,1,0,1,0.524367045081349
1.0,59.9,12.76,1,0,0,0.3904452271070602
1.0,24.9,11.85,1,0,0,0.4348444995472962
1.0,130.0,12.41,1,0,0,0.35850878923594254
1.0,78.0,7.81,1,0,0,0.4018033475613814
4.0,736.0,72.88,1,0,0,0.40218424938731845
1.0,74.67,15.62,1,0,0,0.371643936348466
1.0,57.89,17.99,1,0,0,0.37656414423798756
1.0,19.69,7.4,1,0,0,0.4693793364209795
3.0,47.7,26.64,1,0,1,0.5604367255953829
1.0,64.9,14.62,1,0,0,0.3807082833686813
2.0,33.4,30.200000000000003,1,0,1,0.5715495712314481
1.0,45.0,12.48,1,0,0,0.40444526021425914
1.0,59.9,19.12,1,0,0,0.37241657615550083
1.0,125.0,17.12,1,0,0,0.34612667331025665
1.0,23.99,7.78,1,0,0,0.45717901542871275
1.0,15.99,7.39,1,0,0,0.4797644004812336
1.0,59.9,13.44,1,0,0,0.3880689520143738
1.0,89.9,16.26,1,0,0,0.36195552973508976
1.0,99.9,29.49,1,0,0,0.33311810660135266
1.0,149.97,18.88,1,0,0,0.33478647856426924
1.0,46.9,16.11,1,0,0,0.3908780457386753
1.0,115.0,16.78,1,0,0,0.3503687428808332
1.0,279.9,13.46,1,0,0,0.3251484606646743
1.0,285.15,13.5,1,0,0,0.32433919580334897
1.0,58.0,7.87,1,0,0,0.4147715701071266
2.0,242.89,86.33,1,0,0,0.4396610071360289
1.0,18.99,7.78,1,0,0,0.4686704826575943
3.0,33.81,38.37,1,0,1,0.5612479099624633
1.0,18.9,12.48,1,0,0,0.4457985314368986
1.0,125.9,8.14,1,0,0,0.3791555021159538
1.0,24.75,12.69,1,0,0,0.4318786310896102
2.0,29.98,15.56,1,0,1,0.605794118999541
1.0,116.9,16.58,1,0,0,0.3502113311725612
1.0,99.0,11.3,1,0,0,0.3741029861347531
1.0,49.9,9.1,1,0,0,0.4146537376933304
1.0,59.9,17.99,1,1,0,0.3750591978473973
1.0,15.3,8.72,1,0,0,0.47371377017514527
1.0,99.0,16.94,1,0,0,0.35614325298614563
2.0,106.6,25.34,1,0,1,0.5252919493824536
1.0,39.99,14.1,1,0,0,0.4042426295457632
1.0,326.16,40.02,1,0,0,0.2785258631420914
1.0,56.99,15.15,1,0,0,0.38486957180892645
1.0,49.9,15.79,1,0,0,0.3889723148576069
2.0,229.98,16.46,1,0,1,0.5113026295630503
1.0,144.99,23.59,1,0,0,0.32711162057651294
1.0,29.9,18.23,1,0,0,0.4061530390540158
1.0,22.5,7.39,1,0,0,0.4628781220046593
1.0,121.9,13.87,1,0,0,0.35622887999634856
1.0,179.9,19.36,3,1,1,0.9999999999998936
1.0,235.9,26.93,1,0,0,0.30379307315947823
1.0,177.99,17.69,1,0,0,0.33081173588901025
1.0,89.0,7.88,1,0,0,0.3955649649597663
1.0,44.99,7.39,1,0,0,0.4295923471745409
1.0,52.99,16.13,1,0,0,0.3853170766855524
1.0,415.7,20.79,1,0,0,0.29375873495613963
1.0,49.0,17.67,1,0,0,0.38478623269646794
,,,1,0,0,0.3610559326759919
1.0,32.8,21.15,1,0,0,0.3952583153966535
1.0,229.0,24.19,1,0,0,0.3089243497227656
1.0,59.0,7.67,1,0,0,0.4152412300404618
1.0,179.49,15.01,1,0,0,0.33736318407414234
1.0,15.48,11.85,1,0,0,0.4581221612898051
1.0,269.0,72.09,1,0,0,0.2663435732154696
1.0,56.7,14.49,1,0,0,0.3871043018945373
1.0,228.0,34.68,1,0,0,0.295803688927641
1.0,122.99,18.14,1,0,0,0.34434202658279456
3.0,105.0,56.86,1,0,0,0.4923822416020228
1.0,99.0,17.94,1,0,0,0.3536915838642762
1.0,152.0,18.31,1,0,0,0.33552453893410694
1.0,94.0,21.5,1,0,0,0.3482499914684533
1.0,156.0,18.97,1,0,0,0.3330483998117778
1.0,67.89,19.72,1,0,0,0.3656383354683746
1.0,34.9,12.69,1,0,0,0.41549369845767936
1.0,50.0,17.6,1,0,0,0.38405312737505864
1.0,49.0,15.1,1,0,0,0.39180794088939863
1.0,12.9,7.39,1,0,0,0.49046510414549344
1.0,114.99,19.77,1,0,0,0.3434721884540318
1.0,21.9,15.1,1,0,0,0.4296311972594255
1.0,115.0,0.0,8,1,1,0.9999999999999767
1.0,39.9,17.06,1,0,0,0.3956954748009192
1.0,45.99,15.1,1,0,0,0.39468875421414984
1.0,139.99,12.18,1,0,0,0.35632163876533374
1.0,49.9,7.78,1,0,0,0.4222505148598961
1.0,23.99,15.1,1,0,0,0.42522997928022427
1.0,58.99,13.43,1,0,0,0.3887860484799642
1.0,179.0,23.83,1,0,0,0.31864057665582185
1.0,59.9,16.85,2,1,1,0.9999999999988096
1.0,169.0,15.93,4,1,1,0.9999999999999369
1.0,104.99,16.49,1,0,0,0.3548620737668341
1.0,50.9,11.75,1,0,0,0.40161524891582473
1.0,179.5,133.73,1,0,0,0.2624822856050726
1.0,259.99,118.87,1,0,0,0.25344170831386875
1.0,99.99,16.95,1,0,0,0.35570394456271076
1.0,79.99,8.91,1,1,0,0.3943976854447045
1.0,18.9,11.85,1,0,0,0.44828083522835355
1.0,152.0,17.61,1,0,0,0.33714338213220163
1.0,34.9,14.1,1,0,0,0.41058652837203025
1.0,79.0,17.8,1,0,0,0.36352408503321076
1.0,129.9,34.27,1,0,0,0.31707981982760486
1.0,325.0,17.02,1,0,0,0.3100938667942897
1.0,69.9,16.25,1,0,0,0.37276242766936796
1.0,119.8,18.73,1,1,0,0.3440633984348274
1.0,33.9,18.23,1,0,0,0.4002743902897667
3.0,148.8,42.56,1,0,0,0.4885129795373795
1.0,143.75,19.11,1,0,0,0.3359538224908171
2.0,217.66,46.68000000000001,1,0,0,0.4679154617180875
2.0,237.0,61.28,1,0,0,0.4535319576893565
1.0,19.99,16.11,1,0,0,0.4310576292595526
1.0,229.04,19.32,1,0,0,0.3177113917931852
1.0,879.77,28.09,1,0,0,0.25927325390017397
1.0,169.9,13.32,1,0,0,0.34464058843982626
1.0,1880.0,109.96,1,0,0,0.20115909647828153
1.0,499.99,21.38,1,1,0,0.28655536464301823
1.0,199.0,38.94,1,0,0,0.29659283680195286
3.0,332.0,106.76,1,0,0,0.41959395619607015
1.0,29.7,8.72,1,0,0,0.44119174088852425
1.0,410.0,49.92,1,0,0,0.26392513031466946
1.0,8.0,8.29,1,0,1,0.5085163593630706
1.0,139.0,15.82,1,0,0,0.3452129339773545
1.0,36.0,14.1,1,0,0,0.4091338147138986
1.0,11.0,7.87,1,1,0,0.49526821777409674
2.0,269.8,27.92,1,0,0,0.4805074357046552
1.0,44.9,8.47,1,0,0,0.4230193611635061
1.0,84.99,15.35,1,0,0,0.3668560905881338
1.0,109.9,23.49,1,0,0,0.3382562388787539
1.0,24.99,15.1,1,0,0,0.4232666726178202
1.0,37.87,15.1,1,0,0,0.4036269302404829
1.0,23.99,7.78,1,0,0,0.45717901542871275
1.0,229.0,10.42,1,1,0,0.3437827519107313
1.0,1009.0,26.55,1,0,0,0.25716696557034247
1.0,57.0,16.84,1,0,0,0.3801515137243123
2.0,182.9,39.02,1,0,0,0.4827759415257059
5.0,129.5,128.15,1,0,0,0.45311636496805363
1.0,10.8,8.27,1,0,0,0.49370929230948585
1.0,18.99,15.1,1,0,0,0.43656424858804865
1.0,98.99,17.97,1,0,0,0.35362471570584014
1.0,39.0,16.11,1,0,0,0.39932384781162783
1.0,36.9,11.85,1,0,0,0.416098148625319
1.0,219.0,27.79,1,0,0,0.3053086216262074
1.0,35.9,7.94,1,0,0,0.43671827296108284
1.0,120.0,50.71,1,0,0,0.3061936107590767
1.0,69.9,18.0,1,0,0,0.36829881835108347
1.0,231.54,19.5,1,0,0,0.31693991573808716
1.0,69.99,16.74,1,0,0,0.3714023765721794
1.0,11.87,12.79,1,0,0,0.4676237222882279
1.0,145.0,22.72,1,0,0,0.32860130016988975
1.0,35.0,16.52,1,0,0,0.40320888821986717
1.0,39.99,10.96,1,0,0,0.4160310679395916
1.0,14.99,7.39,1,0,0,0.4829782674774456
1.0,107.0,12.25,1,0,0,0.36716016333248325
1.0,207.0,28.22,1,0,0,0.3067899205465526
1.0,84.99,9.41,1,0,0,0.38916261339236236
1.0,35.0,7.39,1,0,0,0.4414671931521264
1.0,59.9,17.67,1,0,0,0.3758428703844311
2.0,59.8,30.2,1,0,1,0.5441080773182533
1.0,890.0,176.86,1,0,0,0.2087881100374321
1.0,99.9,13.72,1,0,0,0.364976113123363
1.0,40.0,14.08,1,0,0,0.4042963836416524
1.0,28.99,12.79,1,0,0,0.4239171168784347
1.0,24.99,12.79,1,0,0,0.43104133746886647
1.0,379.9,68.61,1,0,0,0.2567111349252865
1.0,999.99,15.81,1,0,0,0.2759751006800784
1.0,129.0,38.95,1,0,0,0.31268057233276686
1.0,57.6,38.95,1,0,0,0.3452791999153672
1.0,27.0,8.72,1,0,0,0.4457936096876216
1.0,104.0,27.05,1,0,0,0.3348668573404819
1.0,119.9,15.72,5,1,1,0.9999999999999478
1.0,18.9,15.1,1,0,0,0.43679620098271676
1.0,65.5,50.96,1,0,0,0.3300376328890743
1.0,79.99,8.91,1,0,0,0.3943976854447045
1.0,22.99,18.23,1,0,0,0.41865070769768625
2.0,179.98,18.76,1,0,1,0.5157545817563809
1.0,47.9,8.88,1,0,0,0.4177233300967124
1.0,181.0,18.52,1,0,0,0.32828453234826294
1.0,109.0,13.78,1,0,0,0.36113647100496915
1.0,66.99,27.75,1,0,0,0.352068668643807
1.0,89.9,23.21,1,0,0,0.346953168694459
1.0,157.77,18.98,1,0,0,0.3325868533020613
1.0,898.0,79.01,1,0,0,0.22776262549937157
1.0,188.9,23.99,1,0,0,0.3163561401381656
1.0,24.99,7.44,1,0,0,0.457404605167079
1.0,79.99,19.1,1,0,0,0.35997563427827217
1.0,22.5,9.34,1,0,0,0.4512960958467911
1.0,49.9,15.56,1,0,0,0.38963152574534915
1.0,19.89,17.63,1,0,0,0.4271612908562508
1.0,49.0,10.96,1,0,0,0.40662365567330966
1.0,177.99,17.01,1,0,0,0.3324347819839601
1.0,95.0,8.43,1,0,0,0.3895156993022198
1.0,179.9,18.17,1,0,0,0.32929971702182703
1.0,89.99,16.07,1,0,0,0.3624246253650766
1.0,79.9,15.31,1,0,0,0.36961266597182507
1.0,499.9,14.7,1,0,0,0.3010379775716045
1.0,18.99,11.85,1,0,0,0.44804763585569685
2.0,21.0,30.46,1,1,1,0.5933183535097426
1.0,12.9,7.39,1,0,0,0.49046510414549344
1.0,199.9,34.94,1,0,0,0.3002591022047636
2.0,399.98,46.38,1,0,0,0.44292145114094195
1.0,144.9,16.12,1,0,0,0.34275406244820683
1.0,29.0,18.23,1,0,0,0.4075934362806563
1.0,89.0,18.5,1,0,0,0.35682830925107045
1.0,212.99,27.79,1,0,0,0.30632133033371484
1.0,18.9,8.29,1,0,0,0.4657488047547904
1.0,24.87,7.91,1,0,0,0.4545981926354303
1.0,249.9,69.02,1,0,0,0.2700886513665201
1.0,99.0,33.17,1,0,0,0.32897980079783296
1.0,89.0,7.88,1,0,0,0.3955649649597663
1.0,159.99,16.0,1,0,0,0.3391528331188805
1.0,29.99,15.1,1,0,0,0.41456875034417173
1.0,99.0,20.51,1,0,0,0.3480634242609016
1.0,24.9,18.27,1,0,0,0.4147305815717216
1.0,25.9,15.11,1,0,0,0.4215211170470588
1.0,49.9,8.51,1,0,0,0.41789022998862796
1.0,18.99,15.23,1,0,0,0.43616439901927145
1.0,34.99,14.52,1,0,0,0.40911118823954945
1.0,21.9,15.1,1,0,0,0.4296311972594255
1.0,99.0,13.71,1,0,0,0.3653892628273493
1.0,98.0,13.13,1,0,0,0.3677450564234838
1.0,18.75,15.1,1,1,0,0.4371853818813514
1.0,409.9,22.36,1,0,0,0.2914918768555023
1.0,166.99,16.8,1,0,0,0.3354266145782027
1.0,24.99,22.9,1,0,0,0.404557319606342
1.0,290.0,17.79,1,0,0,0.3123984182130887
1.0,69.99,11.51,1,0,0,0.3882835300702641
1.0,29.99,14.1,1,0,0,0.41773896059385945
1.0,889.9,23.8,1,0,0,0.2646224562277323
1.0,134.9,19.02,1,0,0,0.33866490716998704
1.0,249.0,20.65,1,0,0,0.3120073517072981
1.0,29.5,13.08,1,0,0,0.422030875658985
2.0,129.8,93.2,1,0,0,0.4638816062731671
1.0,49.9,7.61,1,0,0,0.42332946153985784
1.0,292.9,16.22,1,0,0,0.31576655808167087
1.0,46.99,19.04,1,0,0,0.38339376928321395
1.0,15.5,7.39,1,0,0,0.4813126846007839
1.0,29.8,16.79,1,0,0,0.4100202853334861
1.0,50.0,13.93,1,0,0,0.3945587037371427
1.0,16.9,12.79,1,0,0,0.4501242976333995
3.0,82.8,45.09,1,0,1,0.5125233020317989
1.0,89.9,21.03,1,1,0,0.3510163958095618
1.0,99.9,12.65,1,0,0,0.36860451468240557
1.0,149.9,17.49,1,0,0,0.3379764659062245
1.0,89.0,8.99,1,1,0,0.38930582328779845
1.0,56.99,8.72,1,0,0,0.4106168107434582
3.0,115.2,58.38,1,0,0,0.48716957187640214
1.0,30.0,8.29,1,0,0,0.44319139374443844
1.0,69.9,26.79,1,0,0,0.3516786957174996
1.0,93.9,37.8,1,0,0,0.3262125263134642
2.0,83.8,24.96,1,0,1,0.5368773118021658
1.0,89.5,16.39,1,1,0,0.3617978448126607
1.0,30.0,16.11,1,0,0,0.41158516771643183
2.0,156.0,32.62,1,0,0,0.49730950512778893
1.0,54.9,16.63,1,1,0,0.3823766335536982
2.0,79.98,68.9,1,0,0,0.4970162744157416
1.0,399.9,10.05,1,0,0,0.3246457041916781
1.0,119.0,47.49,1,0,0,0.30876892070683387
1.0,98.0,13.13,1,0,0,0.3677450564234838
1.0,119.9,14.57,1,0,0,0.35475327119467426
1.0,178.9,19.13,1,0,0,0.3274103392836894
1.0,146.65,18.91,1,0,0,0.3356006979775235
1.0,179.9,28.24,1,0,0,0.31194686532490057
1.0,49.9,18.45,1,0,0,0.38207000464266344
1.0,139.0,19.94,1,0,0,0.33553346911982235
1.0,29.9,15.1,1,0,0,0.4147111026348986
1.0,49.0,8.72,1,0,0,0.4175516320614715
1.0,38.9,18.37,1,0,0,0.3935686849210432
1.0,60.2,12.86,1,0,0,0.38986372837202005
1.0,149.99,40.38,1,0,0,0.30569073041467903
1.0,38.99,14.1,1,0,0,0.4054168505084727
1.0,55.0,14.48,1,0,0,0.38849847492960976
1.0,249.9,14.19,1,0,0,0.3271314523578253
1.0,129.9,20.99,1,0,0,0.33611984373128
1.0,174.9,18.47,1,0,0,0.3297117347463232
1.0,72.99,49.02,1,0,0,0.3269732610761708
1.0,159.9,13.56,1,0,0,0.34626497847080706
1.0,49.9,20.99,1,0,0,0.37648287573659356
1.0,44.9,16.79,1,0,0,0.3910079140249194
1.0,38.0,12.93,1,0,0,0.4106298896209183
1.0,31.9,14.1,1,1,0,0.4148157311633416
1.0,29.9,11.85,1,0,0,0.4260543314122988
1.0,54.99,12.82,1,0,0,0.39406789289940425
1.0,159.9,13.02,1,0,0,0.3480355448214926
1.0,91.89,16.4,1,0,0,0.3606606523775597
1.0,69.9,17.74,1,0,0,0.36892921266983464
1.0,229.9,34.77,1,0,0,0.295416879649117
1.0,23.0,11.89,1,0,0,0.4385296403557155
1.0,24.9,7.39,1,0,0,0.4579161942608656
4.0,99.6,60.4,1,0,0,0.4924058261278117
1.0,14.9,19.04,1,0,0,0.43775783428107645
1.0,80.0,14.65,1,0,0,0.3715107423090172
1.0,163.9,57.92,1,0,0,0.29022098075203834
,,,1,0,0,0.3610559326759919
1.0,97.9,23.01,1,0,0,0.343793626552856
1.0,50.99,22.07,1,0,0,0.37338260120552047
2.0,205.8,19.28,1,0,1,0.5087000333557815
1.0,154.88,16.84,1,0,0,0.33827463145025055
1.0,200.0,35.57,1,0,0,0.2996035592370623
1.0,17.9,22.06,1,0,0,0.42219978114498424
1.0,74.9,52.87,1,0,0,0.3232597269192186
1.0,39.99,15.1,1,0,0,0.40110428588692054
1.0,16.9,11.85,1,0,0,0.45378560325391726
1.0,59.9,7.39,1,0,0,0.41635989425273107
1.0,249.9,50.46,1,0,0,0.27988150853759153
1.0,53.9,52.95,1,1,0,0.3368128358581777
1.0,12.5,7.78,1,0,0,0.4894634715891238
1.0,96.9,14.77,1,0,0,0.3629989034545262
1.0,81.49,13.01,1,0,0,0.37603719383068523
1.0,69.9,14.58,1,0,0,0.37757544220608114
2.0,330.0,38.06,5,1,1,0.9999999999999667
1.0,119.9,44.45,1,0,0,0.31078841970129567
1.0,119.9,15.59,1,0,0,0.35181946946770615
1.0,650.0,64.91,1,0,0,0.24215185260427363
1.0,24.9,9.09,1,0,0,0.44768396849855757
1.0,154.9,23.01,1,0,0,0.3255361605512509
1.0,119.99,27.39,1,0,0,0.32867156952544246
1.0,79.9,14.87,1,0,0,0.37090281949394344
1.0,69.9,18.29,1,0,0,0.3676081095565188
2.0,61.9,30.200000000000003,1,1,1,0.5425016898012026
5.0,57.9,36.95,1,0,1,0.537364960902072
1.0,49.9,9.34,1,0,0,0.41340245790210367
1.0,105.0,19.93,1,0,0,0.3468392099913522
1.0,44.9,10.96,1,0,0,0.4106479685449597
1.0,48.9,56.24,1,0,0,0.338799465109563
1.0,209.0,26.74,1,0,0,0.308458230620299
1.0,149.0,8.81,1,0,0,0.3684750014544803
1.0,349.9,22.18,1,0,0,0.29719217313901397
1.0,250.0,62.49,1,0,0,0.2731059623256424
1.0,16.0,12.79,1,0,0,0.45282301216363896
1.0,45.9,16.11,1,0,0,0.3918570742726627
1.0,84.99,15.35,1,0,0,0.3668560905881338
2.0,159.8,35.68,1,0,0,0.49242748424920363
1.0,129.99,12.11,1,0,0,0.3596029007292042
1.0,65.99,15.56,1,0,0,0.37719365422539053
1.0,79.9,11.76,1,0,0,0.3814914038292546
1.0,24.5,15.1,1,0,0,0.42421799285144646
1.0,49.0,14.1,1,0,0,0.3949215114989168
1.0,169.99,56.47,1,0,0,0.2897308290196794
1.0,103.9,11.75,1,0,0,0.37027976398685764
1.0,45.0,8.82,1,0,0,0.42095111157590764
1.0,453.96,21.06,1,0,0,0.29031533272007753
2.0,299.82,71.14,1,0,0,0.4380571373882926
1.0,84.9,23.09,1,0,0,0.34954372132281636
2.0,178.2,18.32,1,0,1,0.5172846892922163
1.0,349.9,31.98,1,0,0,0.28385738085233103
1.0,95.0,15.77,1,0,0,0.3609636850378955
1.0,72.0,14.25,1,0,0,0.3773093896120317
1.0,119.9,13.86,1,0,0,0.3569398774431695
1.0,18.99,15.1,1,1,0,0.43656424858804865
1.0,78.0,7.41,1,0,0,0.40433599967073136
1.0,93.5,17.9,1,0,0,0.3561672722833113
2.0,38.98,14.8,1,0,1,0.5958648702742526
1.0,15.9,15.1,1,0,0,0.4452712601013628
1.0,69.9,11.99,1,0,0,0.38645480665708365
1.0,119.99,16.14,1,0,0,0.35029825405546544
1.0,189.9,23.87,1,0,0,0.31635302796086506
2.0,449.8,54.31,1,0,0,0.43197057221532037
2.0,198.0,33.92,1,0,0,0.485261796252356
1.0,378.0,20.75,1,0,0,0.29706880356007137
1.0,89.9,11.24,1,0,0,0.3784689944080609
1.0,60.0,34.22,1,0,0,0.3484976483189847
1.0,6.0,14.52,1,0,0,0.4952869199041482
3.0,364.7000000000001,48.45,1,0,0,0.4452327739074686
1.0,49.99,8.72,1,0,0,0.4166277341315324
1.0,13.65,15.1,1,0,0,0.4528006881897807
1.0,35.9,19.32,1,0,0,0.3950405822707137
1.0,45.95,12.79,1,0,0,0.40234458160813996
1.0,244.9,51.37,1,0,0,0.2799942110786274
1.0,10.89,7.39,1,0,0,0.4989191093246913
1.0,179.9,13.56,1,0,0,0.3416223277795567
1.0,170.0,21.68,1,0,0,0.3243269849641593
1.0,35.0,15.1,1,0,0,0.4072988283241071
2.0,74.0,36.46,1,0,1,0.5261934770528462
2.0,176.0,36.4,1,0,0,0.48736583926209753
2.0,373.8,36.62,1,0,0,0.45536566475745716
1.0,39.9,21.15,1,0,0,0.38624004295571895
1.0,155.0,23.02,1,0,0,0.32549405045724944
1.0,109.9,15.52,1,0,0,0.35559044171500137
1.0,177.0,12.63,1,0,0,0.34534431701518015
3.0,142.99,40.81,1,1,0,0.49200835736015053
1.0,43.56,17.6,1,1,0,0.39028976837243234
1.0,17.5,27.08,1,0,0,0.41436749566847686
1.0,109.9,29.8,1,0,0,0.3288947740251051
1.0,209.99,24.01,1,0,0,0.3123889027871066
1.0,21.9,12.81,1,0,0,0.43735991249085654
1.0,50.0,22.85,1,0,0,0.3727828862560614
1.0,39.99,18.23,1,0,0,0.3926386465007287
1.0,13.9,9.34,1,0,0,0.4750895364073001
1.0,79.0,13.57,1,0,0,0.3754775926803514
1.0,138.9,17.71,1,0,0,0.3404723613133887
1.0,389.9,201.46,1,0,0,0.2282612514535689
1.0,179.9,17.02,1,0,0,0.3319986171883812
1.0,54.9,12.72,1,0,0,0.3945026614167671
1.0,105.9,13.76,1,0,0,0.36240317540287
1.0,59.9,15.17,1,0,0,0.38259566891030244
2.0,156.0,32.62,1,0,0,0.49730950512778893
1.0,35.0,12.79,1,0,0,0.4149912382538113
1.0,35.0,15.35,1,0,0,0.4065475909488136
1.0,83.99,12.93,1,0,0,0.3750133818933602
1.0,38.99,8.72,1,0,0,0.42822275532819426
1.0,89.0,13.64,1,0,0,0.37012895706586735
1.0,49.9,14.1,1,0,0,0.3940955107542911
1.0,79.0,13.57,1,0,0,0.3754775926803514
1.0,159.0,13.02,1,0,0,0.3482602085619072
1.0,129.6,15.08,1,0,0,0.3500899432263015
1.0,39.9,18.38,1,0,0,0.3923792589299293
1.0,29.99,11.85,1,0,0,0.4259109188587888
1.0,39.9,17.63,1,0,0,0.3942282745229646
1.0,109.9,21.57,1,0,0,0.341717352832584
1.0,9.9,11.85,1,0,0,0.4803373907136833
1.0,169.9,17.44,1,0,0,0.33319828487627967
1.0,248.0,16.49,1,0,0,0.3211801506080355
1.0,14.5,12.79,1,0,0,0.4576905477255103
1.0,24.99,7.39,1,1,0,0.45774005876077
1.0,47.49,16.11,1,0,0,0.3903111290580159
1.0,35.9,15.35,1,0,0,0.4053625746416484
1.0,59.0,11.15,1,0,0,0.3973771561090181
1.0,122.99,62.89,1,0,0,0.29809644998150164
1.0,149.65,22.98,1,0,0,0.3269217024496581
1.0,59.9,14.59,1,0,0,0.38434712637936236
1.0,69.99,9.34,1,0,0,0.39807481318579463
1.0,55.0,22.97,1,0,0,0.36835376437298156
1.0,320.0,27.08,1,0,0,0.292846722613317
1.0,47.99,15.36,1,0,0,0.39198082382111094
1.0,75.0,21.37,1,0,0,0.3579730674946838
2.0,518.0,18.0,1,0,0,0.4735801261840214
5.0,573.0,49.5,1,0,0,0.42641685921455685
1.0,111.9,15.53,1,0,0,0.35481864591208045
1.0,24.99,18.23,1,0,0,0.414657137352748
1.0,68.99,15.28,1,0,0,0.37605581743342775
3.0,258.79,59.57,1,1,0,0.45125387999858746
1.0,385.9,19.41,1,0,0,0.2989223514454787
1.0,49.9,11.85,1,0,0,0.4021243766796013
1.0,1299.9,34.38,1,0,0,0.24163451495026708
1.0,113.1,8.21,1,0,0,0.38328334401796005
1.0,98.0,17.94,1,0,0,0.3541131732013754
1.0,550.0,78.37,1,0,0,0.24174810985702258
1.0,184.9,22.59,1,0,0,0.3195087346322347
,,,1,0,0,0.3610559326759919
1.0,49.3,11.89,1,0,0,0.40251948687930955
1.0,12.1,8.72,1,1,0,0.4854026154345681
1.0,100.0,20.65,2,1,1,0.9999999999986413
1.0,49.99,11.37,1,0,0,0.40397874517665794
1.0,56.99,12.74,1,0,0,0.3927486423640211
1.0,171.9,28.48,1,0,0,0.31333003988858643
1.0,249.0,14.18,1,0,0,0.3272957655935492
1.0,119.99,44.64,1,0,0,0.310609864210573
2.0,200.0,25.66,1,0,0,0.4969860202611883
1.0,34.0,8.4,1,0,0,0.4365446977557396
1.0,420.0,20.19,1,0,0,0.2945238386716657
1.0,42.9,17.78,1,0,0,0.3905341567526032
1.0,12.25,7.78,1,0,0,0.4904716907667358
1.0,115.0,57.58,1,0,0,0.30352850799467895
1.0,188.99,19.6,1,0,0,0.3243357023847167
3.0,150.60000000000002,55.35,1,0,0,0.47736905222618686
1.0,39.0,17.2,1,0,0,0.39637998051301354
1.0,45.0,15.1,1,0,0,0.3956817888103463
1.0,112.0,13.44,1,0,0,0.36111351344829645
1.0,82.99,13.94,1,0,0,0.3721480873794962
1.0,99.0,16.66,1,0,0,0.35686018024316285
1.0,175.39,12.43,1,0,0,0.3464023904267036
1.0,82.99,13.6,1,0,0,0.37325399609914767
1.0,15.99,15.1,1,0,0,0.4449934893059014
1.0,149.9,12.71,1,0,0,0.3516745004438527
1.0,69.9,15.25,1,0,0,0.3755714939884943
1.0,122.9,28.24,1,0,0,0.32654373068108544
1.0,47.9,21.82,1,0,0,0.37665096373306717
1.0,177.0,11.85,1,0,0,0.34814202305736996
1.0,39.99,50.85,1,0,0,0.351117084662385
1.0,99.99,13.53,1,0,0,0.3655582514553097
1.0,149.9,18.62,1,0,0,0.33537666770455205
1.0,109.0,36.84,1,0,0,0.32124358143753334
1.0,155.97,16.19,1,0,0,0.3396555303702552
1.0,69.9,26.11,1,0,0,0.35271704900411094
1.0,105.9,13.08,1,0,0,0.36465537789186153
1.0,139.99,57.65,1,0,0,0.2961260176945984
3.0,96.0,35.55,1,0,1,0.5156630565900212
1.0,28.9,11.85,1,0,0,0.42767973449031127
1.0,129.0,14.99,4,1,1,0.9999999999999407
1.0,49.95,8.27,1,0,0,0.4192311788414933
1.0,198.0,18.64,1,0,0,0.32460369397041766
1.0,69.9,20.98,1,0,0,0.36175539539516155
2.0,108.8,25.44,1,0,1,0.5241977152986506
1.0,69.5,11.73,1,0,0,0.3877185873601542
1.0,67.9,34.28,1,0,0,0.343197139062446
1.0,113.0,21.28,1,0,0,0.3411453697770927
1.0,95.0,57.99,1,0,0,0.31064291059624527
1.0,89.99,12.13,1,0,0,0.3749448728589535
1.0,199.99,27.48,1,0,0,0.3090494795498491
1.0,26.9,12.48,1,0,0,0.42865849909205644
1.0,170.0,27.49,1,0,0,0.3150869012562301
1.0,106.0,11.37,1,0,0,0.3709291923699671
1.0,69.99,18.59,1,0,0,0.36685136381733957
1.0,99.9,17.95,1,1,0,0.3532925326036303
1.0,1690.0,38.81,1,0,0,0.23096386238805514
3.0,149.7,108.36,1,0,0,0.4525600483557448
1.0,179.9,25.39,1,0,0,0.31599605202105924
1.0,56.99,14.15,1,0,0,0.3879514848140964
1.0,129.9,42.79,1,0,0,0.30906807288367527
2.0,84.9,23.44,1,0,1,0.5390804281399637
1.0,20.9,18.25,1,0,0,0.4231917083157657
1.0,49.7,17.6,1,0,0,0.3843235031506218
1.0,430.0,17.18,1,0,0,0.2999709256308847
1.0,79.9,21.01,1,0,0,0.35600162929753415
1.0,272.25,15.51,1,0,0,0.3202615030711018
1.0,149.99,16.26,1,0,0,0.34101736038406943
1.0,79.9,18.45,1,0,0,0.36150113234985376
1.0,9.99,7.39,1,0,1,0.5032207233782235
1.0,281.0,28.05,1,0,0,0.29607351147292843
1.0,299.99,13.12,1,0,0,0.3236800677452444
1.0,399.0,33.54,1,0,0,0.2778471717603588
1.0,20.3,8.11,1,0,0,0.4633133730035963
1.0,45.0,18.23,1,0,0,0.3872565927193663
1.0,29.0,7.78,1,0,0,0.44795927739046315
1.0,26.99,19.32,1,0,0,0.40839343315549237
1.0,243.89,10.52,1,0,0,0.3409457023003881
1.0,439.9,16.1,1,0,0,0.3017570600637651
1.0,25.99,14.1,1,0,0,0.42457018868141627
1.0,200.0,26.24,1,0,0,0.31079200806045626
,,,1,0,0,0.3610559326759919
1.0,79.99,18.36,1,0,0,0.3616626555220155
1.0,196.99,70.26,1,0,0,0.27764172325363295
1.0,122.99,15.61,1,0,0,0.3507267612462076
1.0,109.9,14.37,1,0,0,0.3589485289932903
1.0,759.0,44.24,1,0,0,0.24897339012971817
1.0,120.0,17.68,1,0,0,0.3464184117168765
1.0,128.56,13.24,1,0,0,0.3560964225602737
1.0,52.11,15.11,1,0,0,0.3889992812329145
1.0,44.9,16.11,1,0,0,0.39285983479375525
1.0,99.0,21.18,1,0,0,0.346732088750381
1.0,45.99,8.29,1,0,0,0.4229462884838739
1.0,181.62,18.85,1,0,0,0.32743292710886585
1.0,310.53,20.05,1,0,0,0.3052375461597965
1.0,99.0,16.45,1,0,0,0.35740717213907663
1.0,195.0,48.72,1,0,0,0.28968051886153356
1.0,98.0,26.77,1,1,0,0.3376814752725468
1.0,50.9,18.46,1,0,0,0.38115770114784786
1.0,399.0,13.4,1,0,0,0.3125718032449588
1.0,69.9,13.64,1,0,0,0.38057309366538433
1.0,57.39,18.94,1,0,0,0.3747089466433272
1.0,129.99,18.16,1,0,0,0.34206982818084214
1.0,115.9,13.25,1,0,0,0.3603256632147168
1.0,714.3,43.99,1,0,0,0.25092036532230894
1.0,79.8,12.69,1,0,0,0.3780717822122815
1.0,39.9,13.86,1,0,0,0.4051381210931747
1.0,46.33,15.1,1,0,0,0.39435311645176185
3.0,179.7,53.0,1,0,0,0.4713813457561398
1.0,39.9,18.28,1,1,0,0.39262069402475425
1.0,119.9,14.57,1,0,0,0.35475327119467426
1.0,128.89,15.65,2,1,1,0.9999999999986495
1.0,52.9,20.86,1,0,0,0.37415424972950295
1.0,39.9,15.11,1,1,0,0.4011782069874495
1.0,24.99,7.78,1,0,0,0.4551850182188862
2.0,45.8,24.96,1,0,1,0.5648696088016588
3.0,339.99,33.8,1,0,0,0.46295410938049114
1.0,287.0,61.24,1,0,0,0.26912813053118245
2.0,76.5,32.22,1,0,1,0.5299173973650584
1.0,24.99,18.28,1,0,0,0.41453369687659675
1.0,139.0,16.67,1,0,0,0.34298965730547065
1.0,79.9,13.14,1,0,0,0.37643936262205413
1.0,112.8,17.04,1,0,0,0.3505033102503372
1.0,184.0,20.78,1,0,0,0.32300367865084095
6.0,479.88,196.92,1,0,0,0.38526382391610053
1.0,67.77,23.27,1,0,0,0.3587534595785935
1.0,169.9,26.81,1,0,0,0.31606326667734713
2.0,36.8,28.2,1,0,1,0.5698812695433346
1.0,16.9,15.23,1,0,0,0.44187201514952945
1.0,34.9,15.1,1,0,0,0.4074326160034307
2.0,116.0,50.5,1,0,0,0.4922921734789074
1.0,44.99,16.11,1,0,0,0.3927685862579451
1.0,69.0,35.8,1,0,0,0.3408636726778406
1.0,131.99,11.82,1,0,0,0.3600610501727405
4.0,160.0,70.52,1,0,0,0.4653425630473553
1.0,24.9,10.96,1,0,0,0.43858917164748923
1.0,39.0,15.37,1,0,0,0.40145617474479484
1.0,15.0,12.79,1,0,0,0.4560125066130675
1.0,79.9,9.31,1,0,0,0.3923692906406731
1.0,55.0,15.14,1,0,0,0.38648712151323655
1.0,194.0,19.16,1,0,0,0.324261030137202
1.0,129.9,19.01,1,0,0,0.34019243850507136
1.0,113.0,36.11,1,0,0,0.3205664239460907
1.0,44.9,7.78,1,0,0,0.4271642937076438
1.0,18.9,12.48,1,0,0,0.4457985314368986
1.0,40.99,11.85,1,0,0,0.4111878482808123
1.0,220.0,8.89,1,0,0,0.3524561534739342
1.0,164.9,24.14,1,0,0,0.3212497393720672
1.0,29.9,11.85,1,0,0,0.4260543314122988
1.0,69.9,118.6,1,0,0,0.3001013167227215
1.0,99.0,17.94,1,0,0,0.3536915838642762
1.0,149.9,38.6,1,0,0,0.30731371224225545
1.0,130.0,12.61,1,0,0,0.35779815789813013
1.0,199.9,20.74,1,0,0,0.319953202400811
1.0,120.0,18.92,1,0,0,0.34357473461812077
1.0,58.0,37.55,1,0,0,0.3463743877272803
1.0,27.0,12.48,1,0,0,0.4284803422178099
4.0,532.0,74.04,1,0,0,0.41397816630647105
1.0,129.0,34.44,1,0,0,0.31716522634738015
1.0,84.0,15.34,1,0,0,0.3673844507456808
1.0,49.9,13.01,1,0,0,0.3977877977388199
1.0,195.0,26.21,1,0,0,0.3117722983221952
1.0,14.9,7.39,1,0,0,0.48327819096867725
2.0,69.8,39.71,1,0,1,0.5253211295713229
1.0,79.9,15.31,1,0,0,0.36961266597182507
3.0,521.81,31.9,1,1,0,0.44812079296769447
1.0,50.9,9.34,1,0,0,0.4124896298297096
1.0,59.0,25.69,1,0,0,0.3606488250367685
1.0,99.9,21.19,1,0,0,0.3463406738926236
1.0,159.9,13.56,1,0,0,0.34626497847080706
1.0,24.99,18.28,1,0,0,0.41453369687659675
1.0,56.9,17.11,5,1,1,0.9999999999999538
1.0,125.0,18.12,1,0,0,0.34373470983303916
1.0,1599.0,39.72,1,0,0,0.23171263682949106
1.0,56.97,18.02,1,0,0,0.3771996259970287
1.0,29.9,9.34,1,0,0,0.43751242840286164
1.0,15.9,18.23,1,0,0,0.43655293430656816
1.0,89.18,15.38,1,0,0,0.3647253612293395
1.0,367.52,14.91,1,0,0,0.31108676280006325
1.0,39.99,13.08,1,0,0,0.40771638902019475
1.0,69.9,9.18,1,0,0,0.39895251500327517
5.0,149.5,38.56,1,0,0,0.49241340103799836
1.0,20.3,18.23,1,0,0,0.4246499532480772
1.0,39.9,7.87,1,0,0,0.4321468632221055
2.0,1015.0,21.74,1,0,0,0.4389544404044129
1.0,49.0,17.67,1,0,0,0.38478623269646794
1.0,104.49,15.94,1,0,0,0.35652345897887766
3.0,319.5,18.0,1,0,0,0.4936029193237596
1.0,143.0,38.55,1,0,0,0.30913345981859397
1.0,159.0,27.88,1,0,0,0.3170817316002844
1.0,99.0,34.05,1,0,0,0.32799167157410747
1.0,199.9,18.31,1,0,0,0.3249687630255055
2.0,270.0,32.1,1,0,0,0.47442112523909286
1.0,79.99,12.95,1,0,0,0.3770493248870695
1.0,120.0,17.09,1,0,0,0.3478550171464829
1.0,229.89,13.11,1,0,0,0.3336295484144281
1.0,189.89,16.21,1,0,0,0.3319498198996449
2.0,98.0,35.28,1,0,1,0.5147242163322475
1.0,159.0,13.41,1,0,0,0.3469727807508925
1.0,44.79,15.11,1,0,0,0.3958654753693333
1.0,33.9,7.87,1,0,0,0.43988756341048235
1.0,16.9,15.23,1,0,0,0.44187201514952945
1.0,19.9,7.39,1,0,0,0.46892306322588573
1.0,172.39,51.93,1,0,0,0.29197508781654247
1.0,80.99,18.14,1,0,0,0.36165124415616573
1.0,49.9,18.45,1,0,0,0.38207000464266344
1.0,99.99,9.26,1,0,0,0.38288817254426255
1.0,31.9,14.1,1,0,0,0.4148157311633416
1.0,65.0,12.7,1,0,0,0.38702530380988964
1.0,29.9,14.52,1,0,0,0.41651981592196397
1.0,144.0,18.26,1,0,0,0.33776731951122835
1.0,39.99,15.1,1,0,0,0.40110428588692054
1.0,89.9,21.08,1,0,0,0.3509177017131101
1.0,55.0,15.49,1,0,0,0.3854609960926047
1.0,199.99,17.84,1,0,0,0.32601311297664454
1.0,2300.0,37.4,1,0,0,0.22425729287244262
3.0,119.7,48.150000000000006,1,0,0,0.4931331111738791
1.0,159.0,27.19,1,0,0,0.31803775180892274
1.0,99.9,17.18,1,0,0,0.35516343630775216
1.0,649.9,76.92,1,0,0,0.23744297206637724
1.0,89.9,12.02,1,0,0,0.37540200261086537
1.0,66.9,42.5,1,0,0,0.3357265071567444
1.0,185.81,19.4,1,0,0,0.3253950279087052
1.0,494.0,10.64,1,0,0,0.31475719550703896
1.0,149.99,23.85,1,0,0,0.32536417414813024
1.0,178.0,17.69,1,0,0,0.3308095723953276
1.0,229.99,14.16,1,0,0,0.33033652560787335
1.0,229.99,18.74,1,0,0,0.3187800304732665
1.0,49.9,20.99,1,0,0,0.37648287573659356
1.0,239.99,14.02,1,0,0,0.329153940105616
1.0,69.9,0.0,1,0,1,0.5556933290254915
1.0,58.9,14.13,1,0,0,0.3865438037241413
1.0,246.62,20.27,1,0,0,0.31308816926236255
1.0,18.0,14.1,1,0,0,0.44239785780303537
2.0,139.76,35.48,1,0,0,0.4985689215044367
1.0,79.99,35.69,1,0,0,0.334858803134169
1.0,82.49,16.55,1,0,0,0.3648345153802709
1.0,119.99,20.08,1,0,0,0.34111009257062247
2.0,52.98,30.2,1,0,1,0.5497639868633142
1.0,79.9,17.81,1,0,0,0.36301693110662725
1.0,34.9,11.26,1,0,0,0.42114193108766024
1.0,124.9,12.26,1,0,0,0.36069427267175513
1.0,24.99,18.23,1,0,0,0.414657137352748
1.0,83.16,42.61,1,0,0,0.3267116943807972
1.0,228.0,26.58,1,0,0,0.30551316030475206
1.0,25.0,14.1,1,0,0,0.42643570062038444
1.0,325.0,10.47,1,0,0,0.33039977204948096
2.0,146.9,27.26,1,0,1,0.5077655601458078
1.0,180.0,9.46,1,0,0,0.35756203315065044
1.0,145.0,15.76,1,0,0,0.3436868913334612
1.0,119.99,23.83,1,0,0,0.3341584097695911
1.0,39.9,25.63,1,0,0,0.37807143590279385
1.0,39.9,13.71,1,0,0,0.40564053455703053
1.0,5.99,18.23,1,0,0,0.4846690968239061
1.0,40.0,9.03,1,0,0,0.42532150203662256
1.0,59.99,14.51,1,0,0,0.3845282643758092
1.0,82.0,17.01,1,1,0,0.36389754147698594
1.0,429.9,36.55,1,0,0,0.27250709883399715
1.0,38.33,16.79,1,0,0,0.39826122090154065
1.0,89.9,16.26,1,1,0,0.36195552973508976
1.0,529.9,16.97,1,0,0,0.2934242650452909
1.0,44.0,14.44,1,0,0,0.3987455603660344
1.0,68.99,34.14,1,0,0,0.34268645516932617
1.0,89.0,17.87,1,0,0,0.35830690733830733
1.0,199.0,28.34,1,0,0,0.30807692206289444
1.0,89.9,15.7,1,0,0,0.3634831660427353
1.0,79.0,23.35,1,0,0,0.35210161212075985
1.0,169.97,23.69,1,0,0,0.3208322542808797
1.0,215.0,36.64,3,1,1,0.9999999999998772
1.0,78.0,18.43,1,0,0,0.3625726061153615
1.0,47.99,11.73,1,0,0,0.40438595890270884
1.0,21.99,15.25,1,0,0,0.42897339833514336
1.0,39.99,16.32,1,0,0,0.3975831845234966
1.0,22.5,17.19,1,0,0,0.4223544176933164
1.0,92.9,24.86,12,1,1,0.9999999999999494
1.0,41.9,11.85,1,0,0,0.4101678772504145
1.0,195.0,14.39,1,0,0,0.33594804685498186
1.0,249.0,24.06,1,1,0,0.3060966740172669
1.0,119.99,11.7,1,0,0,0.3644493017827252
1.0,39.9,7.78,1,0,0,0.43271134172083686
1.0,39.0,20.4,12,1,1,0.9999999999999585
2.0,198.0,75.98,1,0,0,0.45300630486065335
1.0,112.0,15.53,1,0,0,0.3547818450289474
1.0,100.0,16.67,1,1,0,0.35641584013664296
1.0,238.99,10.42,1,0,0,0.3421432642787274
1.0,129.9,56.84,1,0,0,0.29936970093258664
1.0,148.9,23.91,1,0,0,0.32554735857814615
1.0,229.9,66.42,1,0,0,0.27406472190201786
1.0,25.0,7.39,1,0,0,0.45772052951049463
1.0,34.9,11.26,1,0,0,0.42114193108766024
1.0,14.9,15.11,1,0,0,0.44844108295220225
1.0,42.49,7.39,1,0,0,0.43227516460188115
1.0,99.9,14.87,1,0,0,0.3614232530869162
1.0,109.9,15.52,1,0,0,0.35559044171500137
1.0,45.9,14.52,1,0,0,0.39655873611907105
1.0,70.0,17.06,1,0,0,0.37056822552826324
1.0,150.0,12.55,1,0,0,0.3522058886505054
1.0,45.0,60.41,1,0,0,0.3398306916069557
3.0,105.0,43.47,1,0,1,0.5032013084382692
1.0,99.9,0.0,1,0,1,0.5394449364552412
1.0,69.0,24.97,1,0,0,0.35508380444387355
1.0,129.0,26.98,1,0,0,0.3264089873858145
2.0,26.4,28.22,1,0,1,0.585629168452516
1.0,38.9,16.11,1,0,0,0.39944245266700945
1.0,160.55,20.0,1,0,0,0.3297721180356842
1.0,189.88,63.35,1,0,0,0.2821304873828511
1.0,39.7,11.74,1,0,0,0.41311628866336497
1.0,59.9,18.04,1,0,0,0.3749382162763422
1.0,29.98,15.1,1,0,0,0.414584544478056
1.0,82.99,17.83,1,0,0,0.36135570752025165
1.0,167.9,13.31,1,0,0,0.34514044371258196
1.0,35.9,18.35,1,0,0,0.3973202488354611
5.0,398.05,50.0,1,0,0,0.4404395851669276
1.0,59.9,17.67,1,0,0,0.3758428703844311
1.0,124.9,22.62,1,0,0,0.3346517181014775
1.0,79.9,16.32,1,0,0,0.3668069504019955
1.0,99.99,28.06,1,0,0,0.3350163812916617
1.0,113.0,20.09,1,0,0,0.3435145726997458
1.0,229.96,34.65,1,0,0,0.29553015305682234
1.0,99.9,23.28,1,0,0,0.3424921526388607
1.0,215.0,27.59,1,0,0,0.30624889477944234
7.0,635.38,92.18,1,0,0,0.3993312677707452
1.0,45.9,12.69,1,0,0,0.402758940442576
3.0,48.0,22.17,1,1,1,0.5682289264804976
1.0,67.9,11.98,1,0,0,0.3877748398293938
3.0,112.5,52.8,1,1,0,0.4922108699582791
1.0,79.9,12.06,1,0,0,0.3803376250585967
1.0,60.0,9.17,1,0,0,0.4058656496828729
1.0,49.9,11.37,1,0,0,0.4040611312739547
1.0,149.0,40.37,1,0,0,0.305947237191825
1.0,230.0,59.41,1,0,0,0.27750851343337113
1.0,205.0,22.27,1,0,0,0.31620249688080615
1.0,119.8,20.0,1,0,0,0.3413386352124833
1.0,99.9,17.95,1,0,0,0.3532925326036303
1.0,139.9,24.59,1,0,0,0.32686455643219936
1.0,47.9,23.49,1,0,0,0.3735265049515151
1.0,69.9,14.22,1,0,0,0.37869651434367635
1.0,149.0,34.84,1,0,0,0.31123788857412416
1.0,157.9,18.36,1,0,0,0.33392134463937817
1.0,69.9,20.98,1,0,0,0.36175539539516155
1.0,48.9,17.6,1,0,0,0.3850534025786643
2.0,79.8,18.68,1,0,1,0.5521784229201254
1.0,27.3,8.27,1,0,0,0.4478660208983419
2.0,95.8,29.28,1,0,1,0.5237673949166156
1.0,187.43,17.75,1,0,0,0.3286892913258947
1.0,143.8,15.76,1,0,0,0.3440181555943778
1.0,78.99,55.68,1,0,0,0.3193231075660947
1.0,78.9,11.76,1,0,0,0.38203933486689035
1.0,19.99,37.05,1,0,0,0.39497609361618974
1.0,194.99,35.53,1,0,0,0.3005633263418689
1.0,129.0,23.48,1,0,0,0.33187659072510317
1.0,49.9,12.23,1,0,0,0.40065276457069837
1.0,89.99,17.91,1,0,0,0.3577464018472687
2.0,227.78,114.7,1,0,0,0.4322994156108646
1.0,369.9,26.9,1,0,0,0.2881495387586774
1.0,250.0,30.0,1,0,0,0.2977400821596554
1.0,599.0,24.59,1,0,0,0.27563307957552013
1.0,114.9,20.04,1,0,0,0.342942064559661
1.0,279.99,28.1,1,0,0,0.29613445514909015
1.0,45.95,15.1,1,1,0,0.3947284200849459
1.0,124.9,14.21,1,0,0,0.35417326866953336
1.0,160.0,47.56,1,0,0,0.2976318940271476
1.0,179.9,47.0,1,0,0,0.29377047214927754
,,,1,0,0,0.3610559326759919
1.0,14.9,7.39,1,0,0,0.48327819096867725
1.0,75.0,29.94,1,0,0,0.34429297137662557
1.0,129.9,20.99,1,0,0,0.33611984373128
1.0,29.9,19.32,1,0,0,0.4035634390028023
1.0,115.0,18.39,1,0,0,0.34648888791934174
1.0,128.9,21.39,1,0,0,0.3356592057077554
2.0,92.89,33.56,1,0,1,0.5192860224135968
1.0,52.9,27.43,1,0,0,0.3627234083325748
1.0,79.9,20.64,1,0,0,0.3567462205613344
1.0,129.9,15.66,1,0,0,0.34837207389695235
1.0,19.99,7.78,1,0,0,0.4661367140656194
1.0,149.9,14.8,1,0,0,0.34505213550082525
1.0,12.1,7.78,3,1,1,0.9999999999999465
1.0,219.0,43.59,1,0,0,0.28930647398076115
1.0,379.9,69.01,1,0,0,0.25654149886341826
1.0,95.9,16.43,1,0,0,0.3587888317722573
1.0,199.9,23.47,1,0,0,0.3150934959738512
1.0,198.99,10.21,1,0,0,0.3501503978765788
1.0,186.0,23.88,1,0,0,0.31711476482396217
1.0,359.0,17.95,1,1,0,0.3044755145203439
1.0,69.9,14.24,1,0,0,0.37863338003547603
1.0,149.9,23.37,1,0,0,0.3261901212190885
20.0,1974.0,288.8,1,0,0,0.32515541852665836
1.0,69.9,17.74,1,0,0,0.36892921266983464
1.0,399.0,17.54,1,0,0,0.3017216400487118
1.0,114.9,13.82,1,0,0,0.35882275376682
3.0,114.0,48.33,1,0,0,0.4951702985233664
2.0,89.8,17.64,1,0,1,0.5494511142402895
1.0,110.0,14.52,1,0,0,0.3584554666090592
1.0,89.15,21.04,1,0,0,0.3513456122170575
1.0,57.0,8.77,1,0,0,0.4103337867957779
1.0,79.9,11.17,1,0,0,0.383861057988016
1.0,132.97,15.68,1,0,0,0.347374649428348
1.0,114.08,13.46,1,0,0,0.360284543392047
1.0,25.0,17.93,1,0,0,0.4153869492628281
1.0,149.9,15.8,1,0,0,0.3422578776818765
1.0,89.8,13.65,1,0,0,0.3697148486545716
1.0,34.99,12.96,1,0,0,0.4143866559296291
1.0,80.0,14.87,1,0,0,0.37084905022185566
1.0,19.9,14.1,1,0,0,0.4374902747878757
1.0,19.99,18.23,1,0,0,0.4253950985610521
1.0,39.9,15.11,1,0,0,0.4011782069874495
1.0,987.0,53.35,1,0,0,0.23599286837211975
2.0,79.0,33.58,1,0,1,0.5266700383823356
1.0,96.0,57.22,1,0,0,0.3106854713974929
1.0,55.73,44.85,1,0,0,0.34141593400544645
1.0,49.9,41.33,1,0,0,0.3491888061466622
1.0,35.0,11.85,1,0,0,0.41858431138513186
1.0,623.0,20.84,1,0,0,0.28038938677004216
1.0,59.9,14.17,1,0,0,0.38566614564611224
2.0,89.76,62.2,1,0,0,0.49566785693290966
1.0,139.0,22.27,1,0,0,0.33105367996281265
1.0,21.99,15.1,1,1,0,0.4294326229204268
1.0,48.0,18.44,1,0,0,0.3838376286585451
1.0,125.0,18.12,1,0,0,0.34373470983303916
1.0,29.5,13.08,1,0,0,0.422030875658985
1.0,37.9,9.34,1,0,0,0.42622532143072395
1.0,15.99,9.34,3,1,1,0.9999999999999414
1.0,49.9,16.79,1,0,0,0.38622962332862837
1.0,492.04,12.26,1,0,0,0.3089659926628683
1.0,140.2,14.1,1,0,0,0.34982516591203244
1.0,84.99,9.41,1,0,0,0.38916261339236236
1.0,95.0,13.11,1,0,0,0.3691290908090898
1.0,105.3,18.62,1,0,0,0.3495688945179536
1.0,134.4,23.44,1,0,0,0.3303290195462925
1.0,49.0,7.6,1,0,0,0.42423814635257023
2.0,88.0,23.7,1,0,1,0.5369538748935324
1.0,39.0,14.1,2,1,1,0.9999999999989393
1.0,18.9,12.48,1,0,0,0.4457985314368986
2.0,153.96,26.74,1,0,1,0.5065485510176073
1.0,73.35,12.85,1,0,0,0.381170156044244
1.0,149.0,17.48,1,0,0,0.3382378593220446
1.0,789.89,132.95,1,0,0,0.2182792890900246
1.0,49.9,11.85,1,0,0,0.4021243766796013
1.0,58.99,11.15,1,0,0,0.3973847849820311
1.0,119.9,73.56,1,0,0,0.2940396921435763
1.0,22.99,15.1,1,0,0,0.4272826334829208
1.0,210.0,51.97,1,0,0,0.28493915752149046
,,,1,0,0,0.3610559326759919
1.0,100.0,21.19,1,0,0,0.3462995821500326
1.0,179.0,15.0,1,1,0,0.33749773372516834
1.0,60.0,18.52,1,0,0,0.37372301076265685
1.0,46.0,27.27,1,0,0,0.36912420772550714
1.0,124.99,13.86,1,0,0,0.3552352209583581
1.0,29.9,11.73,1,0,0,0.4265382489482696
1.0,385.0,22.74,1,0,0,0.29298146498205613
,,,1,0,0,0.3610559326759919
1.0,54.9,12.72,1,0,0,0.3945026614167671
1.0,179.0,83.1,1,0,0,0.2759115592377347
1.0,39.9,17.21,1,0,0,0.3953039377540406
1.0,816.0,56.43,1,0,0,0.23966637892267784
1.0,89.9,14.38,1,0,0,0.36734902972484124
1.0,146.39,22.62,1,0,0,0.3284055638692159
1.0,54.4,27.14,1,0,0,0.36193488739721846
1.0,49.9,26.89,1,0,0,0.36609876944965386
1.0,329.0,25.45,1,0,0,0.29417213172259
1.0,34.9,12.69,1,0,0,0.41549369845767936
1.0,109.9,17.02,1,0,0,0.35162169684733646
3.0,154.7,63.55,2,1,1,0.9999999999991871
1.0,104.9,13.07,1,0,0,0.365086908028534
1.0,84.9,17.03,1,0,0,0.3623700800874025
1.0,599.0,67.68,1,0,0,0.243340170792478
1.0,149.0,19.58,1,0,0,0.3335461965329497
1.0,19.9,15.1,1,0,0,0.4342819700939666
1.0,32.99,17.6,1,0,0,0.40311690732538197
2.0,138.0,46.06,1,0,0,0.4882745303459369
1.0,179.99,14.38,1,0,0,0.3390812088849307
1.0,42.99,14.1,1,0,0,0.4009035385084224
1.0,57.49,17.98,1,0,0,0.3768948403200099
1.0,160.0,16.88,1,0,0,0.33689840045245995
2.0,49.98,30.2,1,0,1,0.5524971642739588
1.0,280.0,76.76,1,0,0,0.26318516548339826
1.0,109.9,17.02,1,0,0,0.35162169684733646
1.0,35.0,17.06,4,1,1,0.9999999999999523
1.0,46.99,35.67,1,0,0,0.35744414432562116
2.0,58.0,25.38,1,0,1,0.553104187678997
1.0,415.9,104.12,1,0,0,0.24239088955585977
4.0,172.0,73.6,1,0,0,0.4605846147138027
1.0,49.9,14.1,1,0,0,0.3940955107542911
1.0,75.0,35.66,1,0,0,0.33754478750988354
1.0,64.9,18.0,1,0,0,0.37152241855633084
1.0,97.9,14.86,1,0,0,0.3623006362997583
2.0,204.89,54.44,1,0,0,0.4643446588655253
1.0,92.99,14.8,1,0,0,0.3646453816280826
1.0,39.99,7.71,1,0,0,0.43304885690225564
1.0,797.0,18.65,1,0,0,0.27675654110252823
1.0,269.9,27.17,1,0,0,0.2986624336594951
1.0,166.6,13.61,1,0,0,0.34448051316831657
1.0,74.99,7.39,1,0,0,0.40621941328187816
1.0,85.0,21.08,1,0,0,0.35325900737362415
1.0,129.9,15.67,1,0,0,0.34834468860666246
1.0,20.0,14.1,1,0,0,0.43724580239628164
1.0,42.99,10.96,1,0,0,0.4126620507937126
1.0,42.0,7.39,1,0,0,0.4328210132979422
1.0,123.78,16.08,1,0,0,0.34919275570751335
1.0,59.9,14.51,1,0,0,0.3845949800430265
2.0,90.0,18.88,1,0,1,0.5462255160604369
1.0,65.99,35.78,1,0,0,0.34275473795201866
1.0,31.9,14.1,1,0,0,0.4148157311633416
1.0,59.9,17.99,1,0,0,0.3750591978473973
1.0,49.77,15.1,1,0,0,0.391102207513453
1.0,11.87,15.23,1,0,0,0.45931860460320917
1.0,99.0,45.99,1,0,0,0.3170267813935384
1.0,69.9,15.7,1,0,0,0.3742818010876977
1.0,19.9,12.8,1,0,0,0.4420666721208872
1.0,89.9,44.48,1,0,0,0.3220330194214963
1.0,75.0,16.16,1,0,0,0.36995739181284937
1.0,80.9,25.85,1,0,0,0.34697130986824387
1.0,67.9,17.73,1,0,0,0.3702122374132821
1.0,14.9,7.87,1,0,0,0.4801328714853857
1.0,169.79,49.72,1,0,0,0.2939712267249383
1.0,890.0,43.14,1,0,0,0.24517026878934317
1.0,38.0,8.94,1,0,0,0.4282242781893332
1.0,25.99,7.44,1,0,0,0.4554916945198947
1.0,104.9,11.3,1,0,0,0.37165051323792403
1.0,69.99,19.03,1,0,0,0.3658466180985326
2.0,189.8,48.17999999999999,1,0,0,0.4725122544251513
5.0,399.95,65.0,1,0,0,0.4300777969883427
1.0,599.65,16.2,1,0,0,0.29115826469731243
1.0,45.99,15.1,1,0,0,0.39468875421414984
1.0,229.99,74.33,1,0,0,0.2706522356803222
1.0,159.0,15.86,1,0,0,0.33976865057155575
1.0,399.0,16.54,1,0,0,0.3040419724671631
1.0,24.5,15.1,1,0,0,0.42421799285144646
1.0,299.99,13.12,1,0,0,0.3236800677452444
1.0,99.9,7.88,1,0,0,0.390544208762435
2.0,350.0,70.58,1,0,0,0.43203267856077276
1.0,35.9,8.76,1,0,0,0.43190566395924834
1.0,16.9,11.85,1,0,0,0.45378560325391726
1.0,78.45,12.99,1,0,0,0.37775179613369203
1.0,170.0,19.07,1,0,0,0.3294992363824696
1.0,169.0,13.62,1,0,0,0.3438846258511783
1.0,220.0,18.79,1,0,0,0.32032304168979375
1.0,399.0,203.38,1,0,0,0.22738470135365638
1.0,229.04,22.61,1,1,0,0.3115193734651754
1.0,20.0,14.1,1,0,0,0.43724580239628164
1.0,129.9,15.66,1,1,0,0.34837207389695235
1.0,199.7,18.65,1,0,0,0.3242586770359603
1.0,229.9,16.36,1,0,0,0.3243234964306131
1.0,89.9,8.37,1,0,0,0.3922511245572128
1.0,359.9,23.82,1,0,0,0.2935463803126021
1.0,12.49,15.11,1,0,0,0.457166886661659
1.0,26.0,11.74,1,0,0,0.43320300430753306
2.0,295.8,31.58,1,0,0,0.47130288218461697
2.0,59.8,46.56,1,0,1,0.5259838358425334
1.0,74.67,37.43,1,0,0,0.3358988055709049
1.0,14.49,7.87,1,0,0,0.4815223537116683
1.0,54.9,17.63,1,0,0,0.3797998853536411
1.0,99.0,30.49,1,0,0,0.33219514242908127
1.0,99.98,9.51,1,0,0,0.3816475605376618
1.0,38.9,12.79,1,0,0,0.41004636088558477
1.0,79.99,15.38,1,0,0,0.36936305765092686
1.0,129.0,25.74,1,0,0,0.328243685856091
1.0,99.99,9.69,1,0,0,0.38076933618703723
1.0,18.9,12.48,1,0,0,0.4457985314368986
1.0,75.0,11.73,1,0,0,0.38437001741939963
1.0,42.0,14.12,1,0,0,0.40191139391972885
1.0,53.99,15.13,1,0,0,0.3873472500155414
1.0,139.0,16.73,1,0,0,0.3428377619330025
1.0,79.9,19.53,1,0,0,0.35907792243455283
1.0,135.0,23.75,1,0,0,0.3296319309262533
1.0,119.9,14.31,1,0,0,0.3555393881825311
1.0,99.9,38.97,1,0,0,0.3226235885739316
1.0,890.0,186.45,1,0,0,0.20765876160085733
1.0,95.81,25.16,1,0,0,0.3410707444452316
1.0,179.9,25.39,1,0,0,0.31599605202105924
1.0,35.9,15.56,1,0,0,0.40474284569575464
1.0,129.9,20.99,1,1,0,0.33611984373128
1.0,189.0,26.6,1,0,0,0.3123713824359801
1.0,18.9,7.78,1,0,0,0.46890529703760747
1.0,467.0,15.71,1,0,0,0.3006940758175747
1.0,449.0,52.36,1,0,0,0.2595910359565761
,,,1,0,0,0.3610559326759919
1.0,89.9,14.38,1,0,0,0.36734902972484124
1.0,73.02,27.49,1,0,0,0.34879860881400715
1.0,49.9,13.37,1,0,0,0.39653054581094427
1.0,149.9,16.81,1,0,0,0.3396382182843394
1.0,89.9,12.13,1,0,0,0.37498773258280577
1.0,129.9,13.93,1,0,0,0.35344285930787284
1.0,134.9,12.44,1,0,0,0.3568900337535546
1.0,69.99,11.73,1,0,0,0.3874085364488595
1.0,29.98,14.1,1,0,0,0.41775478932036836
1.0,11.49,18.23,1,0,0,0.45256022203265067
1.0,298.5,17.76,1,0,0,0.31142788782228925
1.0,59.9,7.39,1,0,0,0.41635989425273107
2.0,209.8,27.51,1,1,0,0.49184941996433135
1.0,299.99,22.9,1,0,0,0.3013433319027722
1.0,124.99,14.62,1,0,0,0.35290433732349236
1.0,105.0,9.85,1,0,0,0.37792372221992837
1.0,44.0,15.1,1,0,0,0.3967094953991162
1.0,99.99,14.57,1,0,0,0.3622809072861143
1.0,29.9,12.79,1,0,0,0.42244372599017566
1.0,110.0,29.49,1,0,0,0.32926080262325774
1.0,21.99,25.63,1,0,0,0.4057710066044237
1.0,199.9,16.5,1,1,0,0.329247536741461
1.0,119.9,22.77,1,1,0,0.3360139101995723
1.0,19.99,20.8,1,0,0,0.41946688781879293
1.0,45.0,7.39,1,0,0,0.4295819430773514
1.0,139.9,17.23,1,0,0,0.34133924902847257
1.0,69.0,8.47,1,0,0,0.4033734429305244
1.0,32.0,8.72,1,0,0,0.4376112218065984
1.0,10.5,18.23,1,0,0,0.4570192984215148
1.0,10.9,15.1,1,0,0,0.4639525711076663
2.0,159.8,32.64,1,1,0,0.4962271815436346
1.0,29.9,18.23,1,0,0,0.4061530390540158
3.0,83.97,66.17999999999999,1,0,0,0.49664884693294165
2.0,199.89,43.68,1,0,0,0.47427088077905866
1.0,79.9,13.14,1,0,0,0.37643936262205413
1.0,24.9,11.85,1,0,0,0.4348444995472962
1.0,149.9,63.08,1,0,0,0.29070476115140065
1.0,179.9,18.54,1,0,0,0.3284740378537225
2.0,27.98,15.56,1,0,1,0.6090117346754393
1.0,79.9,9.71,1,0,0,0.390388062543289
1.0,795.0,63.65,1,0,0,0.2369792413452517
1.0,21.9,15.1,1,0,0,0.4296311972594255
1.0,349.9,17.66,1,0,0,0.30601729521632626
1.0,49.0,16.79,1,0,0,0.3870496691163404
1.0,124.98,22.18,1,0,0,0.3354183672248655
1.0,264.9,19.65,1,0,0,0.31171443116956116
1.0,209.99,51.97,1,0,0,0.2849408244044826
1.0,218.99,18.78,1,0,0,0.3205160521704313
1.0,47.9,16.11,1,0,0,0.3899217155274748
1.0,79.0,25.1,1,0,0,0.34915363275272426
1.0,78.0,13.21,1,0,0,0.3772414707823658
1.0,88.9,14.93,1,0,0,0.3661647794538119
1.0,149.9,13.75,1,0,0,0.3482332669861065
1.0,110.32,7.64,1,0,0,0.3877509957363656
1.0,49.99,11.37,1,0,0,0.40397874517665794
1.0,118.0,18.08,1,0,0,0.3461574039178994
1.0,189.9,20.21,1,0,0,0.322920977865375
4.0,215.6,78.03999999999999,1,0,0,0.4487115310368696
1.0,190.83,16.09,1,0,0,0.33207064084557547
1.0,220.0,27.84,1,0,0,0.30507620743516545
1.0,15.0,18.23,1,0,0,0.4394121889248052
1.0,27.0,15.1,1,0,0,0.4195629729124175
1.0,29.8,16.11,1,0,0,0.4119013486628592
1.0,27.95,20.84,1,0,0,0.40339021053774704
1.0,139.99,14.37,1,0,0,0.3490622663682351
1.0,52.9,24.72,1,0,0,0.36699964301655497
1.0,148.9,18.92,1,0,0,0.3349803777914017
1.0,34.84,19.8,1,0,0,0.39534708119880857
1.0,69.9,17.74,7,1,1,0.9999999999999543
1.0,109.9,16.14,1,0,0,0.35389792970236883
3.0,207.36,48.72,1,0,0,0.46858431409157164
1.0,99.9,22.17,1,1,0,0.34448254303867865
1.0,44.99,17.6,1,0,0,0.38882096790096055
1.0,59.9,18.3,1,0,0,0.37431534941181155
1.0,399.99,193.78,1,1,0,0.22840008390154856
1.0,101.0,32.63,1,0,0,0.32880065576297673
1.0,122.99,14.61,1,0,0,0.35359249345177846
1.0,290.0,28.98,1,0,0,0.29378529633306755
1.0,13.65,34.15,1,0,0,0.4166161983932365
1.0,67.9,14.23,1,0,0,0.3799366802922469
1.0,125.46,18.98,1,0,0,0.34165114726498397
1.0,52.64,11.87,1,0,0,0.399611754526854
1.0,89.9,38.38,1,0,0,0.327397748122801
1.0,54.9,34.18,1,0,0,0.3523498746765743
2.0,91.8,25.38,1,0,1,0.5319839122898921
2.0,203.98,47.98,1,0,0,0.4695807733165126
1.0,34.9,14.1,1,0,0,0.41058652837203025
1.0,69.9,20.98,1,0,0,0.36175539539516155
1.0,499.99,63.78,1,0,0,0.2503976304193853
1.0,24.9,18.23,1,0,0,0.4148293770299645
1.0,49.9,28.75,1,0,0,0.3633745403377988
2.0,107.7,18.73,1,0,1,0.5384987416260847
1.0,29.9,12.76,1,0,0,0.42255429744533074
1.0,49.99,11.85,1,0,0,0.40204211906666487
1.0,59.99,15.3,1,0,0,0.3821471124369037
1.0,167.68,14.92,1,0,0,0.3402764816578916
1.0,629.0,19.15,1,0,0,0.28322688226722165
1.0,44.9,18.41,1,0,0,0.3869247554069193
1.0,94.89,19.63,1,0,0,0.3516478818060003
1.0,99.97,18.58,1,0,0,0.3518014978328686
1.0,98.0,16.45,1,0,0,0.3578307382859429
1.0,99.9,19.89,1,0,0,0.3489687671200503
1.0,219.9,65.78,1,0,0,0.2758771912298841
1.0,79.0,17.8,1,0,0,0.36352408503321076
1.0,175.0,15.98,1,0,0,0.3357018915793097
1.0,399.0,36.65,1,0,0,0.2748323044111437
1.0,230.0,14.63,1,0,0,0.32895887225184234
1.0,498.0,37.03,1,0,0,0.2673900522934741
1.0,60.0,9.44,1,0,0,0.40448083808573787
1.0,1200.0,37.81,1,0,0,0.2408729720806979
1.0,160.0,14.46,1,0,0,0.3434636740178304
1.0,33.6,7.98,1,0,0,0.43962907090651643
1.0,29.9,16.05,1,0,0,0.4119132830186591
1.0,85.0,12.09,1,0,0,0.3775467866529481
1.0,248.8,21.82,1,0,0,0.30988440252474403
1.0,119.5,27.38,1,1,0,0.3288474997696471
1.0,349.9,17.89,1,0,0,0.30550563967941097
1.0,42.99,17.6,1,0,0,0.39089006921426417
1.0,39.9,15.11,1,0,0,0.4011782069874495
1.0,117.3,22.29,1,0,0,0.3377525247037676
2.0,107.98,25.44,1,0,1,0.5245380755463274
1.0,159.9,18.37,1,0,0,0.33340794127992646
1.0,178.9,36.57,1,0,0,0.30267864048620446
1.0,154.99,14.83,1,0,0,0.34363853845238024
1.0,155.97,16.19,1,0,0,0.3396555303702552
1.0,59.5,24.62,1,0,0,0.3620327853466214
1.0,120.0,18.72,1,0,0,0.3440182937163413
1.0,238.0,62.65,1,0,0,0.27468853784710145
1.0,18.95,13.47,1,1,0,0.4420377926896739
1.0,59.9,13.44,1,0,0,0.3880689520143738
1.0,36.9,9.94,1,0,0,0.4244806321440076
1.0,23.99,7.78,1,0,0,0.45717901542871275
1.0,121.0,20.58,1,0,0,0.339761068820335
1.0,179.9,9.45,9,1,1,0.9999999999999525
1.0,99.9,9.51,1,0,0,0.3816818337039008
1.0,79.99,13.11,1,0,0,0.37649394658466956
1.0,60.5,23.0,1,0,0,0.36413555811387716
1.0,17.5,14.1,1,0,0,0.4437798923412983
1.0,220.0,12.15,1,0,0,0.3385847232230449
1.0,76.0,13.55,1,0,0,0.3772216956375436
1.0,89.9,11.83,1,0,0,0.3761278256734027
1.0,38.9,10.96,1,0,0,0.41732376930482806
1.0,29.99,18.23,1,0,0,0.40601158657025216
4.0,599.6,77.32,1,0,0,0.40779202254887487
1.0,119.9,18.41,1,0,0,0.344750690140216
2.0,119.9,23.84,1,0,1,0.5227389603120934
1.0,159.0,36.24,1,0,0,0.3073694883756949
1.0,139.9,14.0,1,0,0,0.35022102426422397
1.0,18.99,15.1,1,0,0,0.43656424858804865
1.0,169.9,12.39,1,0,0,0.3478003076769552
1.0,45.0,7.58,1,0,0,0.4283360776020869
2.0,34.0,23.7,1,0,1,0.5811640283544098
1.0,169.97,8.77,1,0,0,0.3633258133693476
1.0,79.99,18.17,1,0,0,0.36210868996369133
2.0,144.0,43.16,1,0,0,0.4890562082263004
1.0,29.99,15.23,1,0,0,0.4141742376341628
1.0,89.18,17.87,1,0,0,0.35822195444395627
1.0,129.99,11.09,1,0,0,0.3635572482843539
1.0,219.0,75.8,1,0,0,0.271722757874781
1.0,59.9,28.82,1,0,0,0.3553363199737851
3.0,234.0,124.59,1,0,0,0.428665213518562
1.0,29.9,15.1,1,0,0,0.4147111026348986
2.0,363.56,32.96,1,0,0,0.46095030624259214
1.0,17.9,7.78,1,0,0,0.471595289002523
1.0,89.9,38.2,1,0,0,0.32757147301261835
1.0,56.99,16.16,1,0,0,0.38198588048313586
1.0,59.9,21.22,7,1,1,0.999999999999954
1.0,90.0,18.51,1,0,0,0.3563366492648083
1.0,37.0,18.36,1,0,0,0.39590019168296514
1.0,589.0,20.56,1,0,0,0.28268547921428594
1.0,69.0,11.09,1,0,0,0.3906381276774018
1.0,35.9,18.23,1,0,0,0.3976119512606818
1.0,21.99,15.1,1,0,0,0.4294326229204268
1.0,80.0,16.32,1,0,0,0.36675342874269934
1.0,572.0,37.27,1,0,0,0.2628648448568936
1.0,26.9,11.74,1,0,0,0.4315642948583051
1.0,129.9,18.16,1,0,0,0.3420975819468727
1.0,119.88,17.03,1,0,0,0.34804501985226693
1.0,127.99,15.07,1,0,0,0.3506255106675685
1.0,49.9,18.23,1,0,0,0.3825957468085743
2.0,458.0,100.68,1,0,0,0.40852559878508093
1.0,379.0,20.68,1,0,0,0.2971072442385618
1.0,44.99,8.48,1,0,0,0.4228686401417168
1.0,59.9,18.24,1,0,0,0.37445816823870376
1.0,109.9,18.02,1,0,0,0.34919668652121977
4.0,55.96,72.92,1,0,1,0.5118303134480445
1.0,365.0,28.69,1,0,0,0.28628004229368703
1.0,89.9,14.8,1,0,0,0.3660758666194116
1.0,176.96,53.65,1,0,0,0.2899615071684336
2.0,149.8,30.56,1,0,1,0.5019087787671794
1.0,132.0,19.89,1,0,0,0.33768466626040305
1.0,206.99,34.81,1,0,0,0.29913249158436905
1.0,20.89,15.79,1,0,0,0.42984701250898294
2.0,59.94,44.28,1,0,1,0.5279203957089819
4.0,62.7,31.480000000000004,1,0,1,0.540446451718236
1.0,135.9,16.71,1,0,0,0.34379001404660137
1.0,139.0,14.7,1,0,0,0.34836542410324317
1.0,56.0,19.58,1,0,0,0.3743548384606048
2.0,453.8,52.86,1,0,0,0.43267660139484304
1.0,189.0,23.03,1,0,0,0.3179270145119476
1.0,57.99,13.43,1,0,0,0.3895503229174686
3.0,209.7,40.83,1,0,0,0.4753211804255852
1.0,135.9,10.52,1,0,0,0.36411983542083154
1.0,2990.0,194.55,1,0,0,0.17920390914859866
1.0,229.9,20.58,1,0,0,0.3150628548712584
1.0,118.6,8.09,1,0,0,0.3819636523868222
1.0,125.9,21.49,1,0,0,0.3364066118737068
1.0,139.99,18.23,1,0,0,0.33895414898801135
2.0,109.8,15.56,1,0,1,0.5462470693470278
1.0,49.99,14.1,1,0,0,0.3940138131502646
1.0,18.74,15.1,1,0,0,0.4372114435598997
1.0,105.0,21.57,1,0,0,0.34357169397718196
1.0,25.5,19.37,1,0,0,0.41097375044041606
1.0,83.3,21.07,1,1,0,0.3541267090552822
1.0,5.49,7.87,1,0,1,0.529539391759069
1.0,59.9,17.67,1,0,0,0.3758428703844311
1.0,23.99,15.1,1,0,0,0.42522997928022427
1.0,599.99,47.78,1,0,0,0.2535475089764591
1.0,58.99,11.73,1,0,0,0.3950202191651169
1.0,99.99,12.2,1,0,0,0.37019897006735375
1.0,12.49,13.47,1,0,0,0.46261380169808614
1.0,81.99,13.59,1,0,0,0.37380856260415474
1.0,66.0,15.21,1,0,0,0.3781995323926599
1.0,319.0,11.36,1,0,0,0.3275592903450868
1.0,79.99,16.75,1,0,0,0.3656249402161219
1.0,32.9,24.9,1,0,0,0.3881005779663063
1.0,82.9,17.25,1,1,0,0.36282691632504704
1.0,284.0,69.13,1,0,0,0.2658081668240285
1.0,85.9,8.76,1,0,0,0.3920765644754492
1.0,54.9,15.13,1,0,0,0.38659830422756536
1.0,39.9,9.09,1,1,0,0.4251181121114126
1.0,189.0,13.9,1,0,0,0.3386357882397736
1.0,119.48,13.28,1,0,0,0.3589691277736151
1.0,21.9,11.85,1,0,0,0.4410749800699189
1.0,292.9,16.22,1,0,0,0.31576655808167087
1.0,84.99,15.34,1,0,0,0.3668847607149845
1.0,24.9,9.09,1,0,0,0.44768396849855757
2.0,117.98,57.62,1,0,0,0.48628953520947255
1.0,24.79,16.05,1,0,0,0.4208377683903661
1.0,21.99,18.23,1,0,0,0.4207891751636636
1.0,55.0,13.97,1,0,0,0.39012612873576824
1.0,16.0,25.63,1,0,0,0.4210769126590859
1.0,190.83,12.84,1,0,0,0.3416822701351348
1.0,24.5,15.1,1,0,0,0.42421799285144646
1.0,69.9,16.12,1,0,0,0.37311611566776604
1.0,189.0,22.12,1,0,0,0.3195099260101677
1.0,57.75,11.9,1,0,0,0.39530673800684163
1.0,29.9,14.1,1,0,0,0.4178816244315502
1.0,145.9,37.71,1,0,0,0.309165916417689
1.0,117.99,23.7,1,0,0,0.3350477165400149
1.0,295.0,48.9,1,0,0,0.27529199768928486
1.0,19.9,15.1,1,0,0,0.4342819700939666
1.0,143.8,16.71,1,0,0,0.34153602220596524
2.0,77.8,30.2,1,0,1,0.531930980345509
1.0,28.0,15.1,1,0,0,0.41782908694124493
1.0,149.0,51.33,1,0,0,0.2976769347250797
1.0,19.9,7.39,1,0,0,0.46892306322588573
1.0,27.9,7.87,1,0,0,0.44926127740582267
1.0,174.99,24.03,1,0,0,0.31917127612947277
1.0,17.9,16.05,1,1,0,0.4366141861438877
1.0,57.49,16.16,1,0,0,0.38159765592390377
1.0,99.0,21.14,1,0,0,0.34681016534184184
1.0,59.99,13.44,1,0,0,0.38800201366485576
1.0,169.0,48.26,1,1,0,0.2951409213655139
1.0,89.9,21.28,1,0,0,0.35052567371498006
1.0,228.09,13.1,1,0,0,0.3339605478290016
1.0,110.32,7.64,1,0,0,0.3877509957363656
1.0,20.3,15.1,2,1,1,0.9999999999990543
1.0,149.9,12.54,1,0,0,0.3522678560248364
2.0,113.78,18.52,1,0,1,0.5365590361159398
1.0,258.64,17.57,1,0,0,0.3170537144982123
1.0,29.99,19.32,1,0,0,0.40342227572169226
1.0,292.9,16.22,1,0,0,0.31576655808167087
1.0,56.99,12.74,1,0,0,0.3927486423640211
1.0,26.1,8.29,1,0,0,0.4499279527975288
2.0,209.9,31.67,1,0,0,0.48569538518479105
1.0,29.99,28.75,1,1,0,0.38635013519319233
1.0,23.0,22.22,1,0,0,0.40981857577012215
1.0,199.0,21.79,1,0,0,0.318167038497406
1.0,97.9,25.97,1,0,0,0.33892573231669215
1.0,99.99,38.25,1,0,0,0.3232712087570857
1.0,65.9,38.51,1,0,0,0.3400249830460537
1.0,194.87,67.03,1,0,0,0.2794646137084103
1.0,59.99,17.99,1,0,0,0.3749931283928314
2.0,351.6,36.96,1,0,0,0.45748077070364296
1.0,150.0,17.86,1,0,0,0.3370776507996636
1.0,799.0,18.61,1,0,0,0.2767585066577209
1.0,97.99,18.26,1,0,0,0.3533661253838895
1.0,80.0,12.9,1,0,0,0.37721908116541336
1.0,23.4,16.79,1,0,0,0.4215424412995895
1.0,458.0,18.97,1,0,0,0.2939881502488638
1.0,89.0,17.87,1,0,0,0.35830690733830733
1.0,299.9,24.82,1,0,0,0.2983195911535171
1.0,59.8,19.39,1,0,0,0.371885390247934
1.0,119.5,22.77,1,0,0,0.3361474601006024
2.0,226.62,41.78,1,0,0,0.47073139820913235
1.0,54.0,8.54,1,0,0,0.41408605482132715
1.0,12.0,7.39,1,1,0,0.4940747923646597
1.0,25.99,17.63,1,0,0,0.41429738839521624
1.0,56.9,14.71,1,0,0,0.3862664978550228
1.0,22.9,7.39,1,0,0,0.46201353544774965
1.0,69.9,16.25,1,0,0,0.37276242766936796
1.0,1799.0,68.85,1,0,0,0.21352724273197254
1.0,70.0,60.77,1,0,0,0.3211993856461083
1.0,174.9,9.97,1,0,0,0.35633046673240765
1.0,135.0,27.9,1,0,0,0.32334039853755836
1.0,49.8,14.43,1,0,0,0.3931324530304795
1.0,37.19,23.06,1,1,0,0.38573658982107556
1.0,189.99,17.03,1,0,0,0.3298783879652769
1.0,250.0,54.35,1,0,0,0.27748150811655176
2.0,193.8,35.86,1,0,0,0.4838230457275654
2.0,109.8,32.28,1,0,1,0.5133807335061498
1.0,550.0,41.4,1,1,0,0.26067662543828113
1.0,77.08,11.15,1,0,0,0.38551289292963475
1.0,30.0,8.72,1,0,0,0.44070819694566254
1.0,179.9,24.25,1,0,0,0.3177717077741889
1.0,99.0,22.83,1,0,0,0.34365556455755814
1.0,135.99,18.52,1,0,0,0.3394496408241775
1.0,35.9,19.44,1,0,0,0.39476781747123174
1.0,38.5,22.28,1,0,0,0.38562791905485044
,,,1,0,0,0.3610559326759919
1.0,120.0,23.16,1,0,0,0.33529739398615543
1.0,149.0,16.14,1,0,0,0.34159326661231115
1.0,39.9,12.48,1,0,0,0.4100112095114891
1.0,450.0,16.9,1,0,0,0.29906877439093776
1.0,199.0,38.94,1,0,0,0.29659283680195286
1.0,29.9,15.1,1,0,0,0.4147111026348986
1.0,108.0,15.52,1,0,0,0.3563113714113479
1.0,199.9,17.65,1,0,0,0.3264686773406235
1.0,23.9,15.56,1,0,0,0.42402204868375243
2.0,229.8,25.01,1,0,0,0.49217278933662095
1.0,35.0,15.1,1,0,0,0.4072988283241071
1.0,120.0,51.45,1,0,0,0.30569990368905064
1.0,49.0,17.67,1,0,0,0.38478623269646794
1.0,86.9,16.24,1,0,0,0.36344460767335385
1.0,39.99,15.79,1,0,0,0.39907440470545913
1.0,89.99,16.39,1,0,0,0.36156743217274595
1.0,115.0,11.42,1,0,0,0.36731122438455277
1.0,59.9,22.29,1,0,0,0.36588276952717913
1.0,69.9,24.94,1,0,0,0.3545811637419471
4.0,692.0,73.84,1,0,0,0.4040237482135795
1.0,119.9,31.71,1,0,0,0.323091666439482
1.0,49.9,7.39,1,0,0,0.424764819750523
2.0,298.0,25.08,1,0,0,0.4810807441883718
2.0,305.0,83.54,1,0,0,0.4314260594099687
1.0,37.8,37.87,1,0,0,0.3647397842453615
2.0,299.98,47.86,1,0,0,0.4534202649144388
1.0,858.9,28.55,1,0,0,0.2594350728765828
2.0,299.72,77.2,1,0,0,0.43503222213095355
1.0,88.9,27.35,1,0,0,0.3408159162216709
1.0,133.4,15.68,1,0,0,0.34724457429538363
3.0,125.28,118.12,1,1,0,0.45738226734840837
1.0,14.9,7.78,1,0,0,0.48070696927210266
1.0,139.99,14.37,1,0,0,0.3490622663682351
1.0,21.9,15.1,1,0,0,0.4296311972594255
1.0,20.0,8.29,1,0,0,0.4629579685028615
2.0,134.0,33.82,1,0,1,0.5024755138082215
1.0,214.0,17.0,1,0,0,0.3254333510911311
1.0,54.99,14.13,1,0,0,0.38961642590225964
1.0,401.7,50.89,1,1,0,0.26397256214681325
1.0,45.0,10.96,1,0,0,0.41054510736090655
1.0,119.9,29.24,1,0,0,0.3261772132584532
1.0,19.9,7.4,1,0,0,0.4688555583978764
1.0,185.0,12.79,1,0,0,0.3430620347773794
1.0,84.9,29.62,1,0,0,0.3395732426330164
1.0,110.0,18.65,1,0,0,0.34771150280797103
1.0,297.0,66.31,1,0,0,0.26559103870635864
1.0,68.9,14.79,1,0,0,0.37756571983481607
1.0,14.99,11.85,1,0,0,0.4597147021812365
1.0,69.99,7.78,1,1,0,0.40682232991887607
1.0,112.0,15.53,1,1,0,0.3547818450289474
1.0,149.99,40.38,1,0,0,0.30569073041467903
1.0,49.9,17.6,1,0,0,0.38414305322384035
1.0,79.99,8.72,1,0,0,0.395421058190916
1.0,144.99,17.26,1,1,0,0.3398467294937216
1.0,28.9,16.11,1,0,0,0.4133530988542952
3.0,116.1,45.3,1,0,0,0.49698424430158034
1.0,10.0,7.87,1,0,1,0.5000213597177708
1.0,19.99,16.11,6,1,1,0.9999999999999643
1.0,41.79,15.1,1,0,0,0.3990745307602692
1.0,109.99,17.02,1,0,0,0.3515880669215119
1.0,120.0,18.41,1,0,0,0.3447169649383319
1.0,99.99,11.32,2,1,1,0.9999999999987876
1.0,159.0,14.86,1,0,0,0.34254108447921905
1.0,116.99,39.75,1,0,0,0.31571297380872687
2.0,71.98,23.7,1,0,1,0.5461481414049849
1.0,13.65,7.39,1,0,0,0.48764563951258233
1.0,144.9,21.09,1,0,0,0.3316169293011301
1.0,19.9,13.37,1,0,0,0.43999872713645577
1.0,39.9,8.88,1,1,0,0.42625212472887436
1.0,529.0,17.45,1,0,0,0.2924003595457714
1.0,53.9,17.63,1,0,0,0.3806181616057507
1.0,69.99,14.8,1,0,0,0.37684974532017235
1.0,105.0,19.97,1,0,0,0.34675577872865454
1.0,159.99,32.15,2,1,1,0.9999999999984017
1.0,55.9,15.14,1,0,0,0.38576124176943244
1.0,100.0,12.2,1,0,0,0.37019474007098874
1.0,78.0,12.99,1,0,0,0.3780013256346615
1.0,19.9,34.15,1,0,0,0.39849963280801287
1.0,115.0,8.97,1,0,0,0.37842305664761766
1.0,139.9,20.47,1,0,0,0.3342072517509807
1.0,38.0,14.1,1,1,0,0.4066121329538776
1.0,138.0,12.17,1,1,0,0.35694019491776113
1.0,99.99,17.95,1,0,0,0.3532552067806012
1.0,157.77,15.98,1,0,0,0.3397553704858952
1.0,69.9,15.7,1,0,0,0.3742818010876977
1.0,19.99,14.52,1,0,0,0.435892511443767
1.0,61.99,21.23,1,0,0,0.3664443713171109
1.0,49.9,13.34,1,0,0,0.39663383801053115
1.0,649.9,23.52,1,0,0,0.27465689556782924
1.0,89.0,14.37,1,0,0,0.36780751063902517
1.0,199.9,15.16,1,0,0,0.3327882722202602
1.0,29.9,8.72,1,1,0,0.44086880166918
1.0,151.3,12.08,1,0,0,0.35354663446728535
2.0,73.3,36.72,1,0,1,0.5263331707674634
1.0,129.0,18.15,1,0,0,0.3423993637199527
2.0,173.8,32.21,1,0,0,0.4931274338641326
1.0,73.98,19.71,1,0,0,0.36196706297481157
2.0,27.98,14.78,1,0,1,0.6113316465369655
1.0,329.9,35.08,1,0,0,0.28262059524748545
1.0,30.97,10.96,1,0,0,0.4281014459004627
1.0,299.99,39.68,1,0,0,0.28162272694965423
1.0,69.0,24.97,1,0,0,0.35508380444387355
1.0,120.0,49.37,1,0,0,0.3071103942258568
1.0,150.24,12.55,1,0,0,0.3521416304265043
1.0,399.0,10.05,1,0,0,0.324726465257469
1.0,119.39,8.09,1,0,0,0.3816828644928505
1.0,24.99,11.85,1,0,0,0.43467012251154236
1.0,319.99,59.1,1,0,0,0.2666543999181734
1.0,34.65,11.74,1,0,0,0.41949963626620373
1.0,109.9,18.34,1,0,0,0.34845387920030185
1.0,27.95,19.32,1,0,0,0.4067402594894945
1.0,130.0,21.71,1,0,0,0.33472002543905666
1.0,99.9,14.43,1,0,0,0.36274383915213443
1.0,199.97,33.83,1,0,0,0.3014042412723639
4.0,311.92,35.6,1,0,0,0.4643196926786571
1.0,88.0,15.37,1,0,0,0.36531874813264564
1.0,18.0,22.06,1,0,0,0.4219296829702175
1.0,49.98,7.93,1,0,0,0.4212452287703692
1.0,151.98,27.36,1,0,0,0.31952225861887007
1.0,49.9,17.6,1,1,0,0.38414305322384035
1.0,149.9,12.55,1,0,0,0.35223269708422184
1.0,19.99,14.1,1,1,0,0.43727019157756175
1.0,19.9,12.8,1,0,0,0.4420666721208872
1.0,99.9,13.36,1,0,0,0.3661594611429411
1.0,199.7,19.28,1,0,0,0.32291458719608584
1.0,64.9,29.38,1,0,0,0.3511381238096163
1.0,84.0,18.69,1,0,0,0.35882811321428015
1.0,62.0,8.59,1,0,0,0.40751286092086925
1.0,29.99,7.78,6,1,1,0.9999999999999662
1.0,27.5,26.61,1,0,0,0.39361864322936063
1.0,709.9,20.94,1,0,0,0.2760960171695958
1.0,88.0,23.17,1,0,0,0.34790944601166063
1.0,19.99,10.96,1,0,0,0.44929541056352246
1.0,49.9,15.1,1,0,0,0.39098424435258994
1.0,199.9,19.5,1,0,0,0.3224197482773675
1.0,45.0,35.67,1,0,0,0.3593426863853597
1.0,40.49,17.63,1,0,0,0.39355453070969626
1.0,169.9,22.66,1,0,0,0.32259589607647554
1.0,79.9,18.44,1,0,0,0.3615243408707702
1.0,1100.0,37.11,1,0,0,0.24385250497704325
1.0,349.9,20.69,1,0,0,0.29984314207704355
1.0,248.0,19.62,3,1,1,0.9999999999998872
1.0,89.9,17.76,12,1,1,0.9999999999999527
1.0,165.05,21.79,1,0,0,0.32525772923323704
1.0,795.95,23.45,1,0,0,0.268504812638432
1.0,89.9,32.65,1,0,0,0.3334711082083577
1.0,66.99,18.99,1,0,0,0.3678311027505711
1.0,359.0,9.38,1,0,0,0.3315526469431447
1.0,159.9,19.22,1,0,0,0.33155031974161947
2.0,139.8,35.48,1,0,0,0.4985562516154582
1.0,56.99,16.16,1,0,0,0.38198588048313586
1.0,256.0,20.76,1,0,0,0.3107919892886118
1.0,89.99,9.44,1,0,0,0.38652781495501715
1.0,89.0,24.82,1,0,0,0.34464809834794896
1.0,157.77,14.85,1,0,0,0.3428768742462307
1.0,72.99,11.73,1,0,0,0.3855612274483337
1.0,34.9,10.96,1,0,0,0.42242879017124163
1.0,29.9,11.85,1,0,0,0.4260543314122988
1.0,117.3,21.66,1,0,0,0.3389171663786997
1.0,109.9,34.31,1,0,0,0.3235568453316206
1.0,169.99,18.4,1,0,0,0.3309658831744257
1.0,18.9,12.48,1,0,0,0.4457985314368986
1.0,138.0,34.51,1,0,0,0.3145007836654121
1.0,114.9,13.38,1,0,0,0.36025180986281735
1.0,49.0,7.78,1,0,0,0.4230943201432321
1.0,39.9,22.67,1,0,0,0.3832576714827338
1.0,99.9,15.45,1,0,0,0.35975008336107744
1.0,289.99,10.22,1,0,0,0.3356791713166945
1.0,49.9,16.79,1,0,0,0.38622962332862837
1.0,119.9,27.14,1,0,0,0.3290579635343936
1.0,13.07,12.48,10,1,1,0.9999999999999696
1.0,158.9,25.56,1,0,0,0.32044100848202
1.0,59.9,17.67,1,0,0,0.3758428703844311
1.0,64.9,7.78,1,0,0,0.41022204922855604
1.0,40.8,15.23,1,0,0,0.3997886146071333
1.0,13.65,25.63,1,0,0,0.42881919511121613
,,,1,0,0,0.3610559326759919
1.0,69.9,9.34,1,0,0,0.39813212788926844
1.0,19.9,15.79,1,0,0,0.43220535645096625
1.0,339.0,28.63,1,0,0,0.2888547523524747
1.0,147.9,34.7,1,0,0,0.3116650563682199
1.0,375.0,31.67,1,0,0,0.281883100663611
3.0,58.89,48.33,1,0,1,0.5255169185155738
1.0,18.99,18.23,1,0,0,0.42788490498426335
1.0,19.0,10.96,1,0,0,0.4517892310120344
1.0,35.0,7.51,1,0,0,0.44067142558604594
1.0,94.9,23.24,1,0,0,0.34466678573911236
1.0,101.34,13.73,1,0,0,0.3643424942090328
1.0,89.99,12.97,1,0,0,0.3719164003130658
1.0,179.0,18.82,1,0,0,0.3280542291413701
1.0,92.9,16.41,1,0,0,0.36017454967913737
1.0,31.9,14.1,1,0,0,0.4148157311633416
1.0,37.99,34.15,1,0,0,0.36858211284247683
1.0,20.0,7.39,1,0,0,0.46867566078571726
1.0,77.67,15.42,1,0,0,0.3705135913406833
1.0,329.99,10.5,1,0,0,0.3297161814078563
1.0,20.3,8.11,1,0,0,0.4633133730035963
1.0,120.0,9.86,1,0,0,0.3722450139630776
1.0,189.99,28.28,1,0,0,0.3098657113654778
1.0,55.9,16.15,1,0,0,0.3828729819965471
1.0,39.9,15.11,1,0,0,0.4011782069874495
1.0,379.9,68.61,1,0,0,0.2567111349252865
1.0,99.81,15.91,1,0,0,0.3585117637886338
1.0,129.9,9.72,1,0,0,0.3696004358070167
1.0,109.9,15.98,1,0,0,0.3543273596396638
1.0,69.9,50.15,1,0,0,0.32793240867824325
1.0,1221.03,25.39,1,0,0,0.253208919605639
1.0,395.0,70.23,1,0,0,0.2548167997057081
,,,1,0,0,0.3610559326759919
1.0,49.0,38.63,1,0,0,0.3525416817673025
1.0,24.9,7.78,1,0,0,0.4553609961637777
1.0,53.9,16.14,1,0,0,0.384527115894737
1.0,68.9,13.5,1,0,0,0.3816720647248172
1.0,169.0,16.89,1,0,0,0.3347377472687336
1.0,349.9,31.98,1,0,0,0.28385738085233103
1.0,109.9,18.02,1,0,0,0.34919668652121977
1.0,49.99,15.23,1,0,0,0.3905157611444189
,,,1,0,0,0.3610559326759919
1.0,13.65,22.85,1,0,0,0.43386463237575296
1.0,49.99,15.1,1,0,0,0.3909027756153556
4.0,599.52,73.2,1,1,0,0.4097919721498065
1.0,349.0,15.78,1,0,0,0.3106118957022497
1.0,49.0,9.09,1,0,0,0.4155462315954452
1.0,67.9,11.73,1,0,0,0.38874811367440537
1.0,145.9,14.04,1,0,0,0.34840932600818125
1.0,45.99,7.39,1,0,0,0.4285641650660445
1.0,29.9,15.11,1,0,0,0.41468061521195904
1.0,55.0,15.14,1,0,0,0.38648712151323655
1.0,149.9,23.63,1,0,0,0.3257528869024265
1.0,93.0,19.62,1,0,0,0.35250553900121384
3.0,147.3,52.49,1,0,0,0.48045049166332315
1.0,29.99,10.96,2,1,1,0.9999999999990401
1.0,149.99,14.07,1,0,0,0.34721070944616006
1.0,73.0,15.26,1,0,0,0.3736551877796028
1.0,129.9,14.66,1,0,0,0.35121851350099464
1.0,21.9,15.1,1,0,0,0.4296311972594255
1.0,125.0,21.95,1,0,0,0.33583352600791955
1.0,16.99,8.4,1,0,0,0.47036690246381596
1.0,12.88,7.87,1,0,0,0.487394531692141
1.0,13.99,11.85,1,0,0,0.46313787312624594
1.0,207.9,30.71,1,0,0,0.30350529185087666
1.0,69.0,12.92,1,0,0,0.38360373332851094
1.0,399.0,86.34,1,0,0,0.24867583819072153
1.0,123.0,13.3,1,0,0,0.3577079386129682
2.0,18.0,44.12,1,0,1,0.5855748521482381
1.0,14.9,8.29,1,0,0,0.47754246632030234
1.0,169.0,13.52,1,0,0,0.34420367869342694
2.0,144.0,40.77,1,0,0,0.49141212975943155
1.0,105.0,23.27,1,0,0,0.34048171327626425
1.0,89.99,8.39,1,0,0,0.392094167363904
1.0,32.0,8.97,1,0,0,0.4362298134685499
1.0,46.9,19.32,1,0,0,0.38284324988745616
1.0,4.2,11.85,1,0,1,0.5221579379827705
1.0,89.0,8.99,1,0,0,0.38930582328779845
1.0,69.99,9.42,1,0,0,0.39767045084610075
1.0,38.9,7.78,1,0,0,0.43391091158474976
1.0,53.0,16.13,3,1,1,0.9999999999999176
1.0,549.9,21.95,1,0,0,0.2824823968451547
1.0,54.0,16.63,1,0,0,0.38311423724157273
1.0,150.0,16.49,1,0,0,0.34042139850917424
1.0,39.99,15.1,1,0,0,0.40110428588692054
1.0,48.9,18.23,1,0,0,0.38350471272941705
1.0,12.99,11.85,1,0,0,0.4668212000369558
1.0,59.9,15.17,1,0,0,0.38259566891030244
1.0,1999.0,24.0,1,0,0,0.24162040642374374
1.0,99.99,28.89,1,0,0,0.33387952229183226
1.0,149.94,21.49,1,0,0,0.3295246213896999
1.0,29.0,9.27,1,0,0,0.4393487109512405
1.0,108.0,15.52,1,0,0,0.3563113714113479
1.0,49.9,16.05,1,0,0,0.38824031586902624
2.0,43.98,15.56,1,0,1,0.5879759000086325
2.0,991.9,42.7,1,0,0,0.4111985611657632
1.0,27.9,22.13,1,0,0,0.40084664460385344
1.0,109.97,17.25,1,0,0,0.3510232709672907
1.0,210.0,40.4,1,0,0,0.29338897405268677
1.0,155.0,15.84,1,1,0,0.34082648271859883
1.0,69.9,12.83,1,0,0,0.38335261144194743
,,,1,0,0,0.3610559326759919
1.0,599.0,17.55,1,0,0,0.28810708443830757
3.0,72.78999999999999,57.24,1,0,1,0.5088905413870878
4.0,477.99,58.52,1,0,0,0.42699686306226003
1.0,380.0,39.35,1,0,0,0.2740457365976905
1.0,51.5,39.33,1,0,0,0.34970503464511404
1.0,195.0,72.74,1,0,0,0.2769363887311166
1.0,189.15,26.16,1,0,0,0.31297661499060925
1.0,60.0,22.35,1,0,0,0.3656971861734327
1.0,94.9,35.98,1,0,0,0.32762018630466433
1.0,172.0,8.46,1,0,0,0.3645036989502626
1.0,50.0,16.6,1,0,0,0.38664581621029237
1.0,139.9,23.78,1,0,0,0.32818643477776666
1.0,69.9,19.18,10,1,1,0.9999999999999543
2.0,139.99,25.66,1,0,1,0.5125695273180949
1.0,115.0,11.42,1,0,0,0.36731122438455277
1.0,336.0,17.1,1,0,0,0.308726287814359
1.0,39.9,15.79,1,0,0,0.39917832530076025
1.0,49.99,23.07,1,0,0,0.37238764124331236
3.0,149.7,48.150000000000006,1,0,0,0.48320573119264776
3.0,539.97,70.71000000000001,1,0,0,0.4150927221464259
1.0,99.0,11.54,1,0,0,0.37314416460108785
1.0,199.9,48.32,1,0,0,0.28907393538607445
1.0,75.0,8.88,1,0,0,0.3974022263145501
1.0,118.0,15.71,1,0,0,0.3521417831832963
1.0,98.99,23.49,1,0,0,0.34250217554965967
1.0,69.99,18.59,1,0,0,0.36685136381733957
1.0,199.0,19.27,1,0,0,0.3230679482084484
1.0,19.9,7.78,1,0,0,0.4663592854216036
1.0,119.9,28.22,1,0,0,0.32754426953623966
1.0,50.7,17.6,1,0,0,0.38342915355147256
1.0,29.5,19.32,1,0,0,0.4041964511080854
1.0,79.0,24.63,1,0,0,0.34992082700288935
1.0,399.99,18.56,1,0,0,0.2994268380158454
1.0,149.94,43.25,1,0,0,0.3032954444805215
1.0,36.9,14.08,1,0,0,0.4080461920054464
1.0,110.89,18.88,1,0,0,0.34686821807775753
1.0,37.99,14.1,1,0,0,0.40662437897832937
1.0,59.0,22.12,1,0,0,0.36686502192676074
1.0,7.09,9.44,1,0,1,0.5080309114813137
1.0,299.9,22.94,1,0,0,0.3012875896261651
1.0,129.99,17.16,1,0,0,0.34445023500011174
1.0,55.0,23.26,1,0,0,0.3678277301716037
1.0,143.88,20.2,1,0,0,0.3336446711353177
1.0,349.9,93.45,1,0,0,0.2505484257961952
1.0,150.0,49.56,1,0,0,0.2986110864358941
1.0,104.9,14.48,1,0,0,0.3605495898273794
2.0,110.0,15.56,1,0,1,0.5461657817143046
1.0,45.0,12.98,1,0,0,0.4026200303272627
1.0,27.9,7.78,1,0,0,0.44983040220961795
1.0,219.99,17.17,1,1,0,0.3239876797253999
1.0,16.9,7.39,1,0,0,0.4770140319325921
1.0,295.49,16.82,1,0,0,0.31397650316477016
1.0,135.9,15.26,1,0,0,0.34766192569902643
1.0,658.9,31.16,1,1,0,0.26446050030829776
1.0,24.99,7.78,1,0,0,0.4551850182188862
1.0,30.5,18.23,1,0,0,0.4052186093481052
1.0,330.0,25.02,1,0,0,0.29469817129015613
1.0,38.97,11.85,1,0,0,0.4135429146990362
1.0,24.99,15.1,1,0,0,0.4232666726178202
1.0,650.0,87.62,1,0,0,0.2339527571149901
2.0,195.9,27.89,1,0,0,0.49419780926786405
1.0,70.0,18.06,1,0,0,0.36809303592889275
1.0,49.0,13.37,1,0,0,0.3973583031934783
1.0,48.0,16.11,1,0,0,0.3898272930818157
1.0,115.0,8.92,1,0,0,0.37868409250940793
1.0,99.99,23.5,1,0,0,0.3420742758777449
1.0,105.0,23.89,1,0,0,0.3394209464380537
1.0,35.4,26.9,1,0,0,0.3814915478749265
2.0,199.8,35.9,1,0,0,0.4824613733424443
1.0,380.0,79.63,1,0,0,0.25242976686176727
1.0,54.7,8.88,1,0,0,0.4116146365123226
1.0,25.9,17.63,1,0,0,0.41446268618390464
1.0,108.0,27.61,1,0,0,0.3325478909004366
1.0,49.99,16.83,1,0,0,0.3860427710123882
1.0,60.0,34.22,1,0,0,0.3484976483189847
1.0,39.99,23.43,1,0,0,0.3817508500539211
1.0,31.8,15.1,1,0,0,0.4117999895863349
1.0,109.9,26.85,1,0,0,0.3329422809469954
1.0,97.1,8.84,1,0,0,0.386328084908618
1.0,84.99,35.91,1,0,0,0.3321494185022854
1.0,25.5,7.87,1,1,0,0.4536302055291566
1.0,141.64,13.7,1,0,0,0.35066700067898554
1.0,129.0,23.62,1,0,0,0.3316396077428015
1.0,74.9,16.28,1,0,0,0.3696903488199481
1.0,195.0,39.42,1,0,0,0.2968968381101516
1.0,75.6,12.97,1,0,0,0.37942966981651866
1.0,119.9,21.33,1,0,0,0.33866278343703093
,,,1,0,0,0.3610559326759919
1.0,1999.99,64.89,1,0,0,0.21248969999386616
1.0,499.0,18.24,1,0,0,0.2926306516708739
1.0,24.5,16.11,1,0,0,0.42123079046211964
1.0,49.0,21.15,1,0,0,0.37696952316345506
1.0,299.9,20.79,1,0,0,0.30506293731642353
1.0,19.99,18.28,1,0,0,0.4252707839156392
1.0,35.99,15.2,11,1,1,0.9999999999999614
1.0,44.5,11.85,1,0,0,0.40738173882417245
1.0,27.9,16.11,2,1,1,0.9999999999989808
1.0,55.0,37.08,1,0,0,0.34912582986101154
1.0,59.9,56.9,1,0,0,0.3298577421901774
1.0,89.99,15.39,1,0,0,0.3643139521676712
1.0,55.0,7.65,1,0,0,0.41858280444603746
1.0,49.9,18.23,1,0,0,0.3825957468085743
,,,1,0,0,0.3610559326759919
1.0,25.99,17.63,1,0,0,0.41429738839521624
1.0,230.0,19.95,1,0,0,0.3162781513696878
1.0,557.0,60.81,1,0,0,0.2485523499181976
1.0,29.9,15.1,1,0,0,0.4147111026348986
1.0,45.62,13.37,1,0,0,0.4006231884761316
1.0,22.5,14.13,1,0,0,0.43142166837832785
1.0,99.9,26.96,1,0,0,0.33662319779464794
2.0,439.8,52.76,1,0,0,0.43399775759123244
1.0,44.9,8.47,1,0,0,0.4230193611635061
2.0,69.8,21.92,1,0,1,0.5510542031446778
1.0,55.0,23.32,1,0,0,0.36771986114204275
1.0,52.3,9.34,1,0,0,0.4112440919290336
1.0,29.9,14.08,1,0,0,0.4179476168664418
1.0,140.9,13.43,1,0,0,0.35174837662419095
1.0,27.9,7.94,1,0,0,0.4488234085805184
1.0,72.9,12.01,1,0,0,0.38453014828667265
1.0,27.99,18.23,1,0,0,0.409268574466647
1.0,61.9,9.54,1,0,0,0.402571919446781
1.0,30.0,7.78,1,0,0,0.4463227251227178
2.0,274.98,23.5,1,0,0,0.4873596413623645
1.0,59.9,18.3,1,0,0,0.37431534941181155
1.0,32.9,18.33,1,0,0,0.4014264694720695
1.0,15.3,8.72,1,0,0,0.47371377017514527
1.0,25.53,12.69,1,0,0,0.4303823919895991
1.0,35.9,13.37,1,0,0,0.41172894393375503
1.0,81.0,9.38,1,0,0,0.3914158219409864
1.0,36.9,31.67,1,0,0,0.3729114161007292
1.0,119.0,57.09,1,0,0,0.30251737825507063
2.0,142.8,25.26,1,0,1,0.5123893636442587
1.0,78.0,18.35,1,0,0,0.36275915329488795
1.0,134.9,17.38,1,0,0,0.34242686929514976
1.0,139.9,30.82,1,0,0,0.31817926676258895
2.0,219.98,32.8,1,0,0,0.4821793312958873
1.0,104.9,15.49,1,0,0,0.3576028410792124
1.0,790.0,21.29,1,0,0,0.2721852359147752
1.0,299.0,19.97,1,1,0,0.306734966579914
1.0,113.89,23.38,1,0,0,0.337009705777337
1.0,95.0,32.0,2,1,1,0.9999999999985449
1.0,241.89,32.72,1,0,0,0.295777858763338
1.0,128.3,23.22,1,0,0,0.33253635501377443
1.0,65.0,38.0,1,0,0,0.3411040197568617
1.0,26.9,14.52,1,0,0,0.4215549942962849
2.0,89.98,44.5,1,0,1,0.5089279044828122
1.0,97.9,38.24,1,0,0,0.32412037564907237
1.0,89.9,12.13,1,0,0,0.37498773258280577
1.0,29.99,22.93,1,0,0,0.39592338567811325
1.0,34.99,7.78,1,0,0,0.4389430905035692
1.0,59.99,9.34,1,0,0,0.40499611386070056
1.0,185.81,20.27,1,0,0,0.32362730212234514
1.0,179.0,22.96,1,0,0,0.32009557300802655
1.0,149.0,44.84,1,0,0,0.30227753964556964
1.0,84.9,15.35,1,0,0,0.3669012461009348
1.0,387.9,77.37,1,0,0,0.25260634480323485
1.0,42.0,21.15,1,0,0,0.38390729201318324
1.0,99.9,22.0,1,0,0,0.3447978111158576
2.0,211.2,31.34,1,0,0,0.48588233787914564
2.0,25.98,14.78,1,0,1,0.6147806836133426
1.0,24.9,8.88,1,0,0,0.4488311796824358
1.0,200.0,14.76,1,0,0,0.33389768077487986
1.0,122.99,30.11,1,0,0,0.32405769847212335
1.0,199.9,39.67,1,0,0,0.29578348967333884
1.0,149.9,20.96,1,0,0,0.3305413989541201
1.0,129.0,25.74,1,0,0,0.328243685856091
1.0,29.99,8.11,1,0,0,0.44428844325752576
1.0,89.5,16.88,1,0,0,0.3605220070010503
1.0,24.9,22.1,1,0,0,0.40627898722756334
1.0,179.49,15.01,1,0,0,0.33736318407414234
1.0,49.0,8.72,1,0,0,0.4175516320614715
1.0,59.0,24.9,1,0,0,0.36193248634344233
1.0,49.0,18.44,1,0,0,0.3829104862854151
1.0,125.0,16.63,1,0,0,0.3473593896012392
1.0,19.9,42.76,4,1,1,0.9999999999999498
1.0,143.8,18.9,3,1,1,0.9999999999998981
1.0,24.9,15.1,1,0,0,0.4234399014588768
1.0,99.0,13.03,1,0,0,0.36765862587695713
1.0,34.9,13.37,1,0,0,0.41305399498365447
1.0,199.7,28.13,1,0,0,0.3082259485432284
1.0,265.99,96.82,1,0,0,0.2582565413584453
1.0,48.9,11.36,1,0,0,0.40502899407206056
1.0,55.0,19.88,1,1,0,0.37449594287055876
1.0,70.0,24.36,1,0,0,0.35548328397390355
1.0,89.9,17.88,1,0,0,0.35786012266933126
1.0,199.0,37.56,1,0,0,0.29785773574676266
1.0,55.0,17.97,1,0,0,0.3788813835120101
1.0,24.99,50.85,1,0,0,0.3722341623675773
1.0,79.0,13.57,1,0,0,0.3754775926803514
5.0,424.0,213.09,6,1,1,0.9999999999999571
1.0,75.77,12.03,1,0,0,0.38276327460194903
1.0,151.24,82.73,1,0,0,0.2819753650199076
1.0,22.5,14.08,1,0,0,0.43158784246042586
1.0,99.0,8.46,1,0,0,0.3875661754201692
1.0,40.0,15.1,1,0,0,0.40109273543838614
1.0,119.99,27.38,1,0,0,0.32868576354809154
1.0,45.0,16.79,1,0,0,0.3909067093377019
1.0,99.9,14.87,1,0,0,0.3614232530869162
1.0,144.99,12.22,1,0,0,0.3547539526351379
1.0,84.99,27.13,1,0,0,0.3429902751058738
1.0,58.67,15.29,1,0,0,0.38316384885796223
1.0,60.0,18.3,1,0,0,0.3742420041007725
1.0,29.99,15.31,1,0,0,0.41393336457394697
1.0,387.2,38.81,1,0,0,0.27389322799250315
1.0,64.9,17.02,1,0,0,0.3739650137133947
1.0,375.0,24.56,1,0,0,0.2910135797194888
1.0,69.0,13.5,1,0,0,0.3816083804624465
2.0,55.98,101.7,1,0,0,0.4992273720062359
2.0,170.0,28.4,1,0,0,0.49955792428163776
2.0,99.8,35.2,1,0,1,0.5139951114095496
1.0,90.9,27.5,1,0,0,0.3396868773240686
1.0,104.9,23.6,1,0,0,0.33995163590187055
1.0,149.0,45.12,1,0,0,0.3020626432123499
1.0,389.0,42.05,1,0,0,0.2710969957283421
1.0,12.0,7.39,1,0,0,0.4940747923646597
1.0,949.9,37.3,1,0,0,0.2478203022340493
2.0,69.98,23.7,1,0,1,0.547444980844644
1.0,24.9,15.27,1,0,0,0.4229217124124849
2.0,31.8,15.56,1,0,1,0.6030482461306651
1.0,49.0,14.1,1,0,0,0.3949215114989168
1.0,69.9,23.64,1,0,0,0.3567781670888555
1.0,50.7,28.75,1,0,0,0.3626765078510747
1.0,24.0,19.32,1,0,0,0.41397965110194324
1.0,99.9,11.9,1,0,0,0.37136410778733675
1.0,56.99,15.15,1,0,0,0.38486957180892645
1.0,96.9,16.44,1,0,0,0.3583285765287886
7.0,541.0,200.31,1,0,0,0.38020662496701535
,,,1,0,0,0.3610559326759919
3.0,339.95000000000005,198.45,1,0,0,0.3984422152385929
1.0,179.9,49.12,1,0,0,0.2922894671263945
1.0,519.99,14.26,1,1,0,0.3009270530584121
1.0,66.99,17.21,1,0,0,0.37209588764115564
1.0,69.0,18.06,1,0,0,0.3687156683278907
1.0,219.97,60.75,1,0,0,0.278337773562515
1.0,59.99,13.44,1,0,0,0.38800201366485576
1.0,136.0,23.53,1,0,0,0.32971205185015107
1.0,69.9,17.74,1,1,0,0.36892921266983464
1.0,79.9,15.67,1,0,0,0.3685886074166643
2.0,258.0,29.12,1,0,0,0.4805520334142999
1.0,122.1,8.11,1,0,0,0.3806189511395456
1.0,219.9,24.12,1,0,0,0.31051722239111595
1.0,219.98,24.83,1,0,0,0.3093938664140057
1.0,12.3,7.39,1,0,0,0.4928422309899293
1.0,150.0,12.55,1,0,0,0.3522058886505054
1.0,299.0,13.11,1,0,0,0.3238331947910633
1.0,34.9,15.23,1,0,0,0.40704017259925
1.0,11.5,22.06,1,0,0,0.44386019399360077
1.0,19.9,16.79,1,0,0,0.42937203698751164
1.0,269.99,22.38,1,0,0,0.3059605419462213
2.0,99.8,23.48,1,0,1,0.5316651351110144
1.0,149.0,23.84,1,0,0,0.32563692573737474
1.0,59.5,13.44,1,0,0,0.3883678067137413
,,,1,0,0,0.3610559326759919
1.0,44.9,20.8,1,0,0,0.38160728666192145
1.0,79.99,13.92,1,0,0,0.3737967146461805
1.0,289.9,27.26,1,0,0,0.2960304584142305
1.0,49.95,14.52,1,0,0,0.39271356405480023
1.0,79.9,15.44,1,0,0,0.36923967883247183
1.0,299.0,40.31,1,0,0,0.2812034891478173
1.0,79.9,11.17,1,0,0,0.383861057988016
2.0,235.8,25.66,1,0,0,0.48993299980380456
1.0,29.99,11.85,1,0,0,0.4259109188587888
1.0,29.9,23.01,1,0,0,0.3959133837903519
1.0,47.4,11.85,1,0,0,0.40447667114403174
1.0,148.9,23.91,1,0,0,0.32554735857814615
1.0,360.0,37.04,1,0,0,0.27785144594178995
1.0,42.9,9.44,1,0,0,0.41989703415767954
1.0,79.9,17.81,1,0,0,0.36301693110662725
2.0,190.0,49.5,1,0,0,0.4713781146360002
1.0,34.9,22.06,1,0,0,0.3905592650629779
1.0,57.99,27.26,1,0,0,0.3589782402397847
1.0,34.49,15.1,1,0,0,0.40798553453026404
1.0,129.2,18.15,1,0,0,0.3423372307473296
1.0,179.9,15.01,1,0,0,0.3372745259331684
1.0,96.0,8.79,9,1,1,0.999999999999958
1.0,55.0,15.83,1,0,0,0.38448945837478327
2.0,69.00999999999999,37.78,1,0,1,0.5279293663151093
1.0,205.99,65.02,1,0,0,0.2784831894380786
1.0,68.5,18.36,1,0,0,0.3683185121836275
